{
  "feedback_source": "self_play",
  "summary": {
    "games": 16,
    "wins_a": 2,
    "losses_a": 0,
    "draws": 14,
    "score_a": 9.0,
    "mean_score_a": 0.5625,
    "game_scores_a": [
      0.5,
      0.5,
      0.5,
      0.5,
      1.0,
      0.5,
      0.5,
      1.0,
      0.5,
      0.5,
      0.5,
      0.5,
      0.5,
      0.5,
      0.5,
      0.5
    ],
    "player_a_moves": 140,
    "player_b_moves": 140,
    "player_a_timeouts": 0,
    "player_b_timeouts": 0,
    "player_a_crashes": 0,
    "player_b_crashes": 0,
    "results": [
      {
        "opening_name": "startpos",
        "opening_fen": "rnbqkbnr/pppppppp/8/8/8/8/PPPPPPPP/RNBQKBNR w KQkq - 0 1",
        "result": "draw",
        "score_a": 0.5,
        "plies": 13,
        "adjudicated": false,
        "player_a_color": "white",
        "player_a_timeouts": 0,
        "player_b_timeouts": 0,
        "player_a_moves": 7,
        "player_b_moves": 6,
        "player_a_crashes": 0,
        "player_b_crashes": 0,
        "response_times_ms": [
          196.27775000000725,
          196.4889170000106,
          196.32974999998964,
          196.05687500001068,
          196.70054099998424,
          196.64862499999458,
          196.11566699998662,
          196.31058299998472,
          196.2510420000001,
          196.0669590000066,
          196.45320899999774,
          196.22149999997873,
          196.19779199999243
        ],
        "error": ""
      },
      {
        "opening_name": "startpos",
        "opening_fen": "rnbqkbnr/pppppppp/8/8/8/8/PPPPPPPP/RNBQKBNR w KQkq - 0 1",
        "result": "draw",
        "score_a": 0.5,
        "plies": 13,
        "adjudicated": false,
        "player_a_color": "black",
        "player_a_timeouts": 0,
        "player_b_timeouts": 0,
        "player_a_moves": 6,
        "player_b_moves": 7,
        "player_a_crashes": 0,
        "player_b_crashes": 0,
        "response_times_ms": [
          196.86041699998214,
          196.25504100000057,
          196.7904159999989,
          196.39574999999354,
          196.0727919999954,
          196.7782909999869,
          196.56775000001403,
          196.09383300002037,
          196.46137499998417,
          196.07812499998545,
          196.35162500000547,
          196.16483300001164,
          196.39845800000444
        ],
        "error": ""
      },
      {
        "opening_name": "queens_pawn",
        "opening_fen": "rnbqkbnr/ppp1pppp/8/3p4/3P4/8/PPP1PPPP/RNBQKBNR w KQkq - 0 2",
        "result": "draw",
        "score_a": 0.5,
        "plies": 20,
        "adjudicated": true,
        "player_a_color": "white",
        "player_a_timeouts": 0,
        "player_b_timeouts": 0,
        "player_a_moves": 10,
        "player_b_moves": 10,
        "player_a_crashes": 0,
        "player_b_crashes": 0,
        "response_times_ms": [
          197.04354099999932,
          196.47337500001072,
          196.26487500002554,
          196.2696669999957,
          196.76599999999667,
          196.43033299999502,
          196.66158300000802,
          196.12508300002673,
          196.04854100001035,
          196.5299580000135,
          196.10300000002212,
          196.20837500002608,
          196.39275000000112,
          196.5476249999938,
          196.05237499999362,
          196.45154200000547,
          196.45079199997895,
          196.9422090000137,
          196.7634579999924,
          196.69975000002182
        ],
        "error": ""
      },
      {
        "opening_name": "queens_pawn",
        "opening_fen": "rnbqkbnr/ppp1pppp/8/3p4/3P4/8/PPP1PPPP/RNBQKBNR w KQkq - 0 2",
        "result": "draw",
        "score_a": 0.5,
        "plies": 20,
        "adjudicated": true,
        "player_a_color": "black",
        "player_a_timeouts": 0,
        "player_b_timeouts": 0,
        "player_a_moves": 10,
        "player_b_moves": 10,
        "player_a_crashes": 0,
        "player_b_crashes": 0,
        "response_times_ms": [
          196.49541600000475,
          196.5480839999998,
          196.28641700001026,
          196.63879199998746,
          196.3929579999899,
          196.06579100002364,
          196.55287500000895,
          196.48416699999416,
          196.09329099998263,
          196.46525000001702,
          196.39779199999907,
          196.6306250000116,
          196.18258300002367,
          196.28791699997805,
          196.17191700001513,
          196.3831250000112,
          196.24012500000276,
          196.18083299999967,
          196.6805830000169,
          196.6348329999903
        ],
        "error": ""
      },
      {
        "opening_name": "ruy_lopez",
        "opening_fen": "r1bqkbnr/pppp1ppp/2n5/1B2p3/4P3/5N2/PPPP1PPP/RNBQK2R b KQkq - 3 3",
        "result": "win",
        "score_a": 1.0,
        "plies": 20,
        "adjudicated": true,
        "player_a_color": "white",
        "player_a_timeouts": 0,
        "player_b_timeouts": 0,
        "player_a_moves": 10,
        "player_b_moves": 10,
        "player_a_crashes": 0,
        "player_b_crashes": 0,
        "response_times_ms": [
          196.13154199998917,
          196.42504199998712,
          209.71587500000055,
          197.90249999999787,
          197.04666600000564,
          211.726375000012,
          196.46629100000723,
          196.74045799999362,
          196.37962500002004,
          245.27633400001037,
          243.8618340000005,
          197.681541999998,
          259.0572920000227,
          196.2566670000001,
          196.5458749999982,
          196.43379199999345,
          199.73125000001346,
          196.32325000000606,
          261.20449999999096,
          196.44112499997846
        ],
        "error": ""
      },
      {
        "opening_name": "ruy_lopez",
        "opening_fen": "r1bqkbnr/pppp1ppp/2n5/1B2p3/4P3/5N2/PPPP1PPP/RNBQK2R b KQkq - 3 3",
        "result": "draw",
        "score_a": 0.5,
        "plies": 17,
        "adjudicated": false,
        "player_a_color": "black",
        "player_a_timeouts": 0,
        "player_b_timeouts": 0,
        "player_a_moves": 9,
        "player_b_moves": 8,
        "player_a_crashes": 0,
        "player_b_crashes": 0,
        "response_times_ms": [
          196.77470900001026,
          196.39724999998975,
          197.3415829999965,
          196.51170800000273,
          196.16750000000138,
          196.41612500001315,
          196.6112080000073,
          196.80287500000304,
          196.16637499999,
          196.21287500001472,
          196.15587500001652,
          196.41841699998963,
          197.1190829999898,
          196.05258300001083,
          196.37525000001688,
          196.189167,
          197.62654100000532
        ],
        "error": ""
      },
      {
        "opening_name": "italian_game",
        "opening_fen": "r1bqk1nr/pppp1ppp/2n5/2b1p3/2B1P3/5N2/PPPP1PPP/RNBQK2R w KQkq - 4 4",
        "result": "draw",
        "score_a": 0.5,
        "plies": 20,
        "adjudicated": true,
        "player_a_color": "white",
        "player_a_timeouts": 0,
        "player_b_timeouts": 0,
        "player_a_moves": 10,
        "player_b_moves": 10,
        "player_a_crashes": 0,
        "player_b_crashes": 0,
        "response_times_ms": [
          196.0335419999808,
          413.3230410000124,
          196.34604200001604,
          196.6427499999952,
          196.96874999999636,
          196.35270799997784,
          196.78658299997664,
          197.53995800002144,
          196.40920800000572,
          196.3629580000088,
          227.47812500000464,
          196.24983400001383,
          196.2955409999836,
          196.37287499998024,
          196.7566249999777,
          196.8000000000245,
          198.1265409999935,
          196.16133399998148,
          196.31745800001,
          196.25054200000136
        ],
        "error": ""
      },
      {
        "opening_name": "italian_game",