{
  "feedback_source": "self_play",
  "summary": {
    "games": 16,
    "wins_a": 1,
    "losses_a": 1,
    "draws": 14,
    "score_a": 8.0,
    "mean_score_a": 0.5,
    "game_scores_a": [
      0.5,
      0.5,
      0.0,
      1.0,
      0.5,
      0.5,
      0.5,
      0.5,
      0.5,
      0.5,
      0.5,
      0.5,
      0.5,
      0.5,
      0.5,
      0.5
    ],
    "player_a_moves": 121,
    "player_b_moves": 122,
    "player_a_timeouts": 0,
    "player_b_timeouts": 0,
    "player_a_crashes": 0,
    "player_b_crashes": 0,
    "results": [
      {
        "opening_name": "startpos",
        "opening_fen": "rnbqkbnr/pppppppp/8/8/8/8/PPPPPPPP/RNBQKBNR w KQkq - 0 1",
        "result": "draw",
        "score_a": 0.5,
        "plies": 13,
        "adjudicated": false,
        "player_a_color": "white",
        "player_a_timeouts": 0,
        "player_b_timeouts": 0,
        "player_a_moves": 7,
        "player_b_moves": 6,
        "player_a_crashes": 0,
        "player_b_crashes": 0,
        "response_times_ms": [
          196.18116699999996,
          238.89387500000004,
          196.32354100000003,
          196.591167,
          196.44308299999992,
          196.33037500000006,
          196.04233300000007,
          196.4539999999999,
          196.07633299999995,
          196.17541599999998,
          196.38700000000009,
          196.22508399999992,
          196.47329099999976
        ],
        "error": ""
      },
      {
        "opening_name": "startpos",
        "opening_fen": "rnbqkbnr/pppppppp/8/8/8/8/PPPPPPPP/RNBQKBNR w KQkq - 0 1",
        "result": "draw",
        "score_a": 0.5,
        "plies": 13,
        "adjudicated": false,
        "player_a_color": "black",
        "player_a_timeouts": 0,
        "player_b_timeouts": 0,
        "player_a_moves": 6,
        "player_b_moves": 7,
        "player_a_crashes": 0,
        "player_b_crashes": 0,
        "response_times_ms": [
          196.0424169999997,
          196.39562500000008,
          196.08295899999996,
          196.3145420000001,
          196.5942909999998,
          196.29258299999998,
          196.45825000000005,
          196.6057499999998,
          196.3538749999998,
          196.28412500000002,
          196.4921669999997,
          196.30650000000037,
          196.1068750000008
        ],
        "error": ""
      },
      {
        "opening_name": "queens_pawn",
        "opening_fen": "rnbqkbnr/ppp1pppp/8/3p4/3P4/8/PPP1PPPP/RNBQKBNR w KQkq - 0 2",
        "result": "loss",
        "score_a": 0.0,
        "plies": 20,
        "adjudicated": true,
        "player_a_color": "white",
        "player_a_timeouts": 0,
        "player_b_timeouts": 0,
        "player_a_moves": 10,
        "player_b_moves": 10,
        "player_a_crashes": 0,
        "player_b_crashes": 0,
        "response_times_ms": [
          196.23720799999944,
          196.21620800000005,
          196.1657920000004,
          196.57137499999953,
          196.27575000000076,
          196.65645899999973,
          196.50762499999973,
          196.2075830000005,
          196.44550000000027,
          196.0779170000002,
          196.0669579999994,
          196.0747500000002,
          196.06220799999986,
          196.07841699999983,
          196.22620800000055,
          196.1473749999989,
          196.42104100000068,
          196.2312499999985,
          196.329875,
          196.13587499999952
        ],
        "error": ""
      },
      {
        "opening_name": "queens_pawn",
        "opening_fen": "rnbqkbnr/ppp1pppp/8/3p4/3P4/8/PPP1PPPP/RNBQKBNR w KQkq - 0 2",
        "result": "win",
        "score_a": 1.0,
        "plies": 20,
        "adjudicated": true,
        "player_a_color": "black",
        "player_a_timeouts": 0,
        "player_b_timeouts": 0,
        "player_a_moves": 10,
        "player_b_moves": 10,
        "player_a_crashes": 0,
        "player_b_crashes": 0,
        "response_times_ms": [
          196.04587500000116,
          196.13254100000077,
          196.24291700000106,
          196.2811250000005,
          196.2533749999995,
          196.06112499999995,
          196.23733299999913,
          196.04320800000073,
          196.5607079999998,
          196.12629200000066,
          196.29604200000017,
          196.12016600000004,
          196.03795799999978,
          196.05854200000118,
          196.19924999999938,
          196.29716700000088,
          196.14504099999942,
          196.1706250000006,
          196.20808300000016,
          196.1434579999999
        ],
        "error": ""
      },
      {
        "opening_name": "ruy_lopez",
        "opening_fen": "r1bqkbnr/pppp1ppp/2n5/1B2p3/4P3/5N2/PPPP1PPP/RNBQK2R b KQkq - 3 3",
        "result": "draw",
        "score_a": 0.5,
        "plies": 17,
        "adjudicated": false,
        "player_a_color": "white",
        "player_a_timeouts": 0,
        "player_b_timeouts": 0,
        "player_a_moves": 8,
        "player_b_moves": 9,
        "player_a_crashes": 0,
        "player_b_crashes": 0,
        "response_times_ms": [
          196.26349999999883,
          196.29025000000055,
          196.2898750000015,
          196.2147079999994,
          196.26937499999997,
          196.44158400000043,
          196.4677090000002,
          196.04041700000073,
          196.04799999999932,
          196.0286249999985,
          196.46041699999904,
          196.20962499999985,
          196.76054199999982,
          196.04191699999873,
          196.59250000000128,
          196.17549999999895,
          196.2658750000017
        ],
        "error": ""
      },
      {
        "opening_name": "ruy_lopez",
        "opening_fen": "r1bqkbnr/pppp1ppp/2n5/1B2p3/4P3/5N2/PPPP1PPP/RNBQK2R b KQkq - 3 3",
        "result": "draw",
        "score_a": 0.5,
        "plies": 17,
        "adjudicated": false,
        "player_a_color": "black",
        "player_a_timeouts": 0,
        "player_b_timeouts": 0,
        "player_a_moves": 9,
        "player_b_moves": 8,
        "player_a_crashes": 0,
        "player_b_crashes": 0,
        "response_times_ms": [
          196.56824999999856,
          196.20920799999908,
          196.19325000000032,
          196.40812499999782,
          196.65479100000027,
          196.1470409999997,
          196.38595799999692,
          196.17716700000187,
          196.1100000000009,
          196.20179100000001,
          196.4247090000022,
          196.16800000000012,
          196.07637500000052,
          196.07137499999894,
          196.25641700000074,
          196.2195840000014,
          196.6442079999986
        ],
        "error": ""
      },
      {
        "opening_name": "italian_game",
        "opening_fen": "r1bqk1nr/pppp1ppp/2n5/2b1p3/2B1P3/5N2/PPPP1PPP/RNBQK2R w KQkq - 4 4",
        "result": "draw",
        "score_a": 0.5,
        "plies": 12,
        "adjudicated": false,
        "player_a_color": "white",
        "player_a_timeouts": 0,
        "player_b_timeouts": 0,
        "player_a_moves": 6,
        "player_b_moves": 6,
        "player_a_crashes": 0,
        "player_b_crashes": 0,
        "response_times_ms": [
          197.0458750000006,
          196.90200000000146,
          223.17066700000154,
          196.76587500000053,
          196.59091600000167,
          196.06454099999837,
          196.23487499999825,
          196.12237500000163,
          196.34420900000293,
          196.19374999999906,
          196.08316600000109,
          196.14149999999952
        ],
        "error": ""
      },
      {
        "opening_name": "italian_game",
        "opening_fen": "r1bqk1nr/pppp1ppp/2n5/2b1p3/2B1P3/5N2/PPPP1PPP/RNBQK2R w KQkq - 4 4",
        "result": "draw",
        "score_a": 0.5,
        "plies": 11,
        "adjudicated": false,
        "player_a_color": "black",
        "player_a_timeouts": 0,
        "player_b_timeouts": 0,
        "player_a_moves": 5,
        "player_b_moves": 6,
        "player_a_crashes": 0,
        "player_b_crashes": 0,