{
  "feedback_source": "self_play",
  "summary": {
    "games": 16,
    "wins_a": 3,
    "losses_a": 3,
    "draws": 10,
    "score_a": 8.0,
    "mean_score_a": 0.5,
    "game_scores_a": [
      0.5,
      0.5,
      0.0,
      1.0,
      0.5,
      0.5,
      0.0,
      1.0,
      1.0,
      0.0,
      0.5,
      0.5,
      0.5,
      0.5,
      0.5,
      0.5
    ],
    "player_a_moves": 118,
    "player_b_moves": 118,
    "player_a_timeouts": 0,
    "player_b_timeouts": 0,
    "player_a_crashes": 0,
    "player_b_crashes": 0,
    "results": [
      {
        "opening_name": "startpos",
        "opening_fen": "rnbqkbnr/pppppppp/8/8/8/8/PPPPPPPP/RNBQKBNR w KQkq - 0 1",
        "result": "draw",
        "score_a": 0.5,
        "plies": 13,
        "adjudicated": false,
        "player_a_color": "white",
        "player_a_timeouts": 0,
        "player_b_timeouts": 0,
        "player_a_moves": 7,
        "player_b_moves": 6,
        "player_a_crashes": 0,
        "player_b_crashes": 0,
        "response_times_ms": [
          196.1721670000003,
          196.10450000000412,
          196.10991700000113,
          196.2412919999963,
          196.25641700000074,
          196.10087499999906,
          196.033749999998,
          196.17200000000423,
          196.2442080000102,
          196.1769170000025,
          196.62166700000228,
          196.24824999999646,
          196.19549999998753
        ],
        "error": ""
      },
      {
        "opening_name": "startpos",
        "opening_fen": "rnbqkbnr/pppppppp/8/8/8/8/PPPPPPPP/RNBQKBNR w KQkq - 0 1",
        "result": "draw",
        "score_a": 0.5,
        "plies": 13,
        "adjudicated": false,
        "player_a_color": "black",
        "player_a_timeouts": 0,
        "player_b_timeouts": 0,
        "player_a_moves": 6,
        "player_b_moves": 7,
        "player_a_crashes": 0,
        "player_b_crashes": 0,
        "response_times_ms": [
          196.02712500000052,
          196.19225000000995,
          196.06012500000247,
          196.31662500000857,
          196.11212499999908,
          196.0824999999886,
          196.80583400000273,
          196.3872079999902,
          196.27624999999682,
          196.50895799999546,
          196.35474999999758,
          196.2282499999901,
          196.55566699999838
        ],
        "error": ""
      },
      {
        "opening_name": "queens_pawn",
        "opening_fen": "rnbqkbnr/ppp1pppp/8/3p4/3P4/8/PPP1PPPP/RNBQKBNR w KQkq - 0 2",
        "result": "loss",
        "score_a": 0.0,
        "plies": 20,
        "adjudicated": true,
        "player_a_color": "white",
        "player_a_timeouts": 0,
        "player_b_timeouts": 0,
        "player_a_moves": 10,
        "player_b_moves": 10,
        "player_a_crashes": 0,
        "player_b_crashes": 0,
        "response_times_ms": [
          196.3817080000041,
          196.22800000000495,
          196.05970799999284,
          196.38675000000205,
          196.5702499999935,
          196.35154099999852,
          196.56195800000376,
          196.22833399999706,
          196.13516700000844,
          196.06120799998905,
          196.1664999999897,
          196.41354200000194,
          196.16125000000295,
          196.02279200000794,
          196.4049999999986,
          196.40766700000256,
          196.17687500000613,
          196.17170900001213,
          196.217125000004,
          196.0633329999979
        ],
        "error": ""
      },
      {
        "opening_name": "queens_pawn",
        "opening_fen": "rnbqkbnr/ppp1pppp/8/3p4/3P4/8/PPP1PPPP/RNBQKBNR w KQkq - 0 2",
        "result": "win",
        "score_a": 1.0,
        "plies": 20,
        "adjudicated": true,
        "player_a_color": "black",
        "player_a_timeouts": 0,
        "player_b_timeouts": 0,
        "player_a_moves": 10,
        "player_b_moves": 10,
        "player_a_crashes": 0,
        "player_b_crashes": 0,
        "response_times_ms": [
          196.49091699999133,
          196.1272919999999,
          196.6927909999896,
          196.07908300000076,
          196.04520900000466,
          196.42308400000275,
          196.09224999999242,
          196.08420800000204,
          196.37629200001072,
          196.03183400001,
          196.50404200000082,
          196.1723329999927,
          196.4698339999984,
          196.17845800000566,
          196.3552920000069,
          196.19779199999243,
          196.21370800000193,
          196.23862500000655,
          196.0912910000019,
          196.10808400000224
        ],
        "error": ""
      },
      {
        "opening_name": "ruy_lopez",
        "opening_fen": "r1bqkbnr/pppp1ppp/2n5/1B2p3/4P3/5N2/PPPP1PPP/RNBQK2R b KQkq - 3 3",
        "result": "draw",
        "score_a": 0.5,
        "plies": 15,
        "adjudicated": false,
        "player_a_color": "white",
        "player_a_timeouts": 0,
        "player_b_timeouts": 0,
        "player_a_moves": 7,
        "player_b_moves": 8,
        "player_a_crashes": 0,
        "player_b_crashes": 0,
        "response_times_ms": [
          196.07454100000155,
          196.43741600000908,
          196.25958400000343,
          196.36570800000186,
          196.12354200000937,
          196.51891600000226,
          196.50604199999577,
          196.20362500000965,
          196.52050000000543,
          196.0965000000101,
          196.2544999999949,
          196.37333299999682,
          196.1291249999988,
          196.07154199999854,
          196.20483299999592
        ],
        "error": ""
      },
      {
        "opening_name": "ruy_lopez",
        "opening_fen": "r1bqkbnr/pppp1ppp/2n5/1B2p3/4P3/5N2/PPPP1PPP/RNBQK2R b KQkq - 3 3",
        "result": "draw",
        "score_a": 0.5,
        "plies": 15,
        "adjudicated": false,
        "player_a_color": "black",
        "player_a_timeouts": 0,
        "player_b_timeouts": 0,
        "player_a_moves": 8,
        "player_b_moves": 7,
        "player_a_crashes": 0,
        "player_b_crashes": 0,
        "response_times_ms": [
          196.5714580000082,
          196.0369999999898,
          196.57816699999842,
          196.42229100000463,
          196.03595799999596,
          196.33720800000276,
          196.22970800000417,
          196.06274999999584,
          196.11458400000004,
          196.15449999999157,
          196.03195800000606,
          196.26529199999254,
          196.29483299999606,
          196.19995800000822,
          196.26562499999523
        ],
        "error": ""
      },
      {
        "opening_name": "italian_game",
        "opening_fen": "r1bqk1nr/pppp1ppp/2n5/2b1p3/2B1P3/5N2/PPPP1PPP/RNBQK2R w KQkq - 4 4",
        "result": "loss",
        "score_a": 0.0,
        "plies": 10,
        "adjudicated": false,
        "player_a_color": "white",
        "player_a_timeouts": 0,
        "player_b_timeouts": 0,
        "player_a_moves": 5,
        "player_b_moves": 5,
        "player_a_crashes": 0,
        "player_b_crashes": 0,
        "response_times_ms": [
          196.2388749999917,
          196.09408399999495,
          196.0959580000008,
          196.1510829999895,
          196.25737500000184,
          196.2611250000066,
          196.13612500000954,
          196.1179580000021,
          196.1064580000027,
          26.669499999997015
        ],
        "error": ""
      },
      {
        "opening_name": "italian_game",
        "opening_fen": "r1bqk1nr/pppp1ppp/2n5/2b1p3/2B1P3/5N2/PPPP1PPP/RNBQK2R w KQkq - 4 4",
        "result": "win",
        "score_a": 1.0,
        "plies": 10,
        "adjudicated": false,
        "player_a_color": "black",
        "player_a_timeouts": 0,
        "player_b_timeouts": 0,
        "player_a_moves": 5,
        "player_b_moves": 5,
        "player_a_crashes": 0,
        "player_b_crashes": 0,