{
  "feedback_source": "self_play",
  "summary": {
    "games": 16,
    "wins_a": 2,
    "losses_a": 2,
    "draws": 12,
    "score_a": 8.0,
    "mean_score_a": 0.5,
    "game_scores_a": [
      0.5,
      0.5,
      0.0,
      1.0,
      0.5,
      0.5,
      0.5,
      0.5,
      1.0,
      0.0,
      0.5,
      0.5,
      0.5,
      0.5,
      0.5,
      0.5
    ],
    "player_a_moves": 120,
    "player_b_moves": 120,
    "player_a_timeouts": 0,
    "player_b_timeouts": 0,
    "player_a_crashes": 0,
    "player_b_crashes": 0,
    "results": [
      {
        "opening_name": "startpos",
        "opening_fen": "rnbqkbnr/pppppppp/8/8/8/8/PPPPPPPP/RNBQKBNR w KQkq - 0 1",
        "result": "draw",
        "score_a": 0.5,
        "plies": 13,
        "adjudicated": false,
        "player_a_color": "white",
        "player_a_timeouts": 0,
        "player_b_timeouts": 0,
        "player_a_moves": 7,
        "player_b_moves": 6,
        "player_a_crashes": 0,
        "player_b_crashes": 0,
        "response_times_ms": [
          196.24420799999598,
          196.56795800000282,
          196.11012499998992,
          196.2748750000003,
          196.21275000000082,
          196.2033329999997,
          196.82449999999108,
          196.22562500001095,
          196.29400000002306,
          196.23079100000496,
          196.40024999998218,
          196.09404099998073,
          196.46666700000992
        ],
        "error": ""
      },
      {
        "opening_name": "startpos",
        "opening_fen": "rnbqkbnr/pppppppp/8/8/8/8/PPPPPPPP/RNBQKBNR w KQkq - 0 1",
        "result": "draw",
        "score_a": 0.5,
        "plies": 13,
        "adjudicated": false,
        "player_a_color": "black",
        "player_a_timeouts": 0,
        "player_b_timeouts": 0,
        "player_a_moves": 6,
        "player_b_moves": 7,
        "player_a_crashes": 0,
        "player_b_crashes": 0,
        "response_times_ms": [
          196.3731669999902,
          196.42924999999423,
          196.16879099999096,
          196.2530830000162,
          196.28412499997694,
          196.2291250000021,
          196.55387500000643,
          196.452665999999,
          196.5706659999853,
          196.3629580000088,
          196.07837500001324,
          196.13754100001302,
          196.684375000018
        ],
        "error": ""
      },
      {
        "opening_name": "queens_pawn",
        "opening_fen": "rnbqkbnr/ppp1pppp/8/3p4/3P4/8/PPP1PPPP/RNBQKBNR w KQkq - 0 2",
        "result": "loss",
        "score_a": 0.0,
        "plies": 20,
        "adjudicated": true,
        "player_a_color": "white",
        "player_a_timeouts": 0,
        "player_b_timeouts": 0,
        "player_a_moves": 10,
        "player_b_moves": 10,
        "player_a_crashes": 0,
        "player_b_crashes": 0,
        "response_times_ms": [
          196.11929100000225,
          196.07174999998733,
          196.45883399999775,
          196.25887499998385,
          196.24133300001745,
          196.10970900001234,
          196.16470799999774,
          196.09141600000157,
          196.03245900000843,
          196.11575000001835,
          196.50316700000303,
          196.122416999998,
          196.12875000001395,
          196.44741600001225,
          196.04087499999423,
          196.52266700001064,
          196.71600000000922,
          196.1277910000092,
          196.4353750000214,
          196.18737500002226
        ],
        "error": ""
      },
      {
        "opening_name": "queens_pawn",
        "opening_fen": "rnbqkbnr/ppp1pppp/8/3p4/3P4/8/PPP1PPPP/RNBQKBNR w KQkq - 0 2",
        "result": "win",
        "score_a": 1.0,
        "plies": 20,
        "adjudicated": true,
        "player_a_color": "black",
        "player_a_timeouts": 0,
        "player_b_timeouts": 0,
        "player_a_moves": 10,
        "player_b_moves": 10,
        "player_a_crashes": 0,
        "player_b_crashes": 0,
        "response_times_ms": [
          196.55679199999554,
          196.55558299999143,
          196.46187500001133,
          196.2015000000008,
          196.20241699999497,
          196.79616700000224,
          196.26066700001843,
          196.0793750000107,
          196.20233399999165,
          196.4583330000096,
          196.3096670000084,
          196.22633299999848,
          196.5061250000133,
          196.12624999999184,
          196.4444159999914,
          196.04237499999044,
          196.3507500000219,
          196.19420800000853,
          196.17558300001292,
          196.1200420000182
        ],
        "error": ""
      },
      {
        "opening_name": "ruy_lopez",
        "opening_fen": "r1bqkbnr/pppp1ppp/2n5/1B2p3/4P3/5N2/PPPP1PPP/RNBQK2R b KQkq - 3 3",
        "result": "draw",
        "score_a": 0.5,
        "plies": 12,
        "adjudicated": false,
        "player_a_color": "white",
        "player_a_timeouts": 0,
        "player_b_timeouts": 0,
        "player_a_moves": 6,
        "player_b_moves": 6,
        "player_a_crashes": 0,
        "player_b_crashes": 0,
        "response_times_ms": [
          196.16633399999728,
          196.42154199999595,
          196.1399580000034,
          196.122833000004,
          196.62945799998965,
          196.13654200000497,
          196.39541600000143,
          196.34012500000608,
          196.1067919999948,
          196.54604199999426,
          196.02949999998032,
          196.65362500001038
        ],
        "error": ""
      },
      {
        "opening_name": "ruy_lopez",
        "opening_fen": "r1bqkbnr/pppp1ppp/2n5/1B2p3/4P3/5N2/PPPP1PPP/RNBQK2R b KQkq - 3 3",
        "result": "draw",
        "score_a": 0.5,
        "plies": 20,
        "adjudicated": true,
        "player_a_color": "black",
        "player_a_timeouts": 0,
        "player_b_timeouts": 0,
        "player_a_moves": 10,
        "player_b_moves": 10,
        "player_a_crashes": 0,
        "player_b_crashes": 0,
        "response_times_ms": [
          196.19762499999638,
          196.0479580000083,
          196.13966699998286,
          196.06854200000612,
          196.68908399998486,
          196.38087499998846,
          196.1327080000217,
          196.34654199998636,
          196.66100000000597,
          196.22799999999074,
          196.4073340000141,
          196.19604199999685,
          196.4389160000053,
          196.26312500000154,
          196.4083750000043,
          196.159917000017,
          196.31812500000478,
          196.0474169999884,
          196.1387499999887,
          196.33912499998019
        ],
        "error": ""
      },
      {
        "opening_name": "italian_game",
        "opening_fen": "r1bqk1nr/pppp1ppp/2n5/2b1p3/2B1P3/5N2/PPPP1PPP/RNBQK2R w KQkq - 4 4",
        "result": "draw",
        "score_a": 0.5,
        "plies": 11,
        "adjudicated": false,
        "player_a_color": "white",
        "player_a_timeouts": 0,
        "player_b_timeouts": 0,
        "player_a_moves": 6,
        "player_b_moves": 5,
        "player_a_crashes": 0,
        "player_b_crashes": 0,
        "response_times_ms": [
          196.63824999997814,
          196.08591700000488,
          196.2291250000021,
          196.46562500000186,
          196.41770799998426,
          196.70641600001204,
          196.27479199999698,
          196.5042920000144,
          196.06762500001196,
          196.3917910000248,
          196.19474999998943
        ],
        "error": ""
      },
      {
        "opening_name": "italian_game",
        "opening_fen": "r1bqk1nr/pppp1ppp/2n5/2b1p3/2B1P3/5N2/PPPP1PPP/RNBQK2R w KQkq - 4 4",
        "result": "draw",
        "score_a": 0.5,
        "plies": 11,
        "adjudicated": false,
        "player_a_color": "black",
        "player_a_timeouts": 0,
        "player_b_timeouts": 0,
        "player_a_moves": 5,
        "player_b_moves": 6,
        "player_a_crashes": 0,
        "player_b_crashes": 0,