{
  "feedback_source": "self_play",
  "summary": {
    "games": 16,
    "wins_a": 2,
    "losses_a": 2,
    "draws": 12,
    "score_a": 8.0,
    "mean_score_a": 0.5,
    "game_scores_a": [
      0.5,
      0.5,
      0.5,
      0.5,
      1.0,
      0.0,
      0.5,
      0.5,
      0.5,
      0.5,
      0.5,
      0.5,
      1.0,
      0.0,
      0.5,
      0.5
    ],
    "player_a_moves": 137,
    "player_b_moves": 138,
    "player_a_timeouts": 0,
    "player_b_timeouts": 0,
    "player_a_crashes": 0,
    "player_b_crashes": 0,
    "results": [
      {
        "opening_name": "startpos",
        "opening_fen": "rnbqkbnr/pppppppp/8/8/8/8/PPPPPPPP/RNBQKBNR w KQkq - 0 1",
        "result": "draw",
        "score_a": 0.5,
        "plies": 20,
        "adjudicated": true,
        "player_a_color": "white",
        "player_a_timeouts": 0,
        "player_b_timeouts": 0,
        "player_a_moves": 10,
        "player_b_moves": 10,
        "player_a_crashes": 0,
        "player_b_crashes": 0,
        "response_times_ms": [
          196.45179199999995,
          204.04029199999997,
          218.37300000000005,
          226.65899999999993,
          250.32708400000004,
          207.74116700000002,
          256.04487499999993,
          199.91400000000016,
          197.08491699999973,
          196.97279199999994,
          196.2147500000002,
          263.008208,
          197.28166599999986,
          376.06208299999986,
          196.02808299999987,
          196.68858299999937,
          196.04433399999976,
          196.13875000000024,
          222.95195800000033,
          196.8429580000004
        ],
        "error": ""
      },
      {
        "opening_name": "startpos",
        "opening_fen": "rnbqkbnr/pppppppp/8/8/8/8/PPPPPPPP/RNBQKBNR w KQkq - 0 1",
        "result": "draw",
        "score_a": 0.5,
        "plies": 13,
        "adjudicated": false,
        "player_a_color": "black",
        "player_a_timeouts": 0,
        "player_b_timeouts": 0,
        "player_a_moves": 6,
        "player_b_moves": 7,
        "player_a_crashes": 0,
        "player_b_crashes": 0,
        "response_times_ms": [
          214.3369169999998,
          196.43208400000046,
          196.35058299999918,
          196.55595899999946,
          196.2716250000005,
          196.02916699999983,
          196.3476670000004,
          196.87383399999982,
          196.10400000000004,
          196.0647910000004,
          196.10979200000057,
          196.37641599999967,
          196.2839169999997
        ],
        "error": ""
      },
      {
        "opening_name": "queens_pawn",
        "opening_fen": "rnbqkbnr/ppp1pppp/8/3p4/3P4/8/PPP1PPPP/RNBQKBNR w KQkq - 0 2",
        "result": "draw",
        "score_a": 0.5,
        "plies": 15,
        "adjudicated": false,
        "player_a_color": "white",
        "player_a_timeouts": 0,
        "player_b_timeouts": 0,
        "player_a_moves": 8,
        "player_b_moves": 7,
        "player_a_crashes": 0,
        "player_b_crashes": 0,
        "response_times_ms": [
          196.47491599999967,
          196.3800419999995,
          196.18916599999991,
          196.4946249999997,
          196.16370800000027,
          196.35883300000145,
          196.49595799999986,
          196.0663329999992,
          196.28045800000038,
          197.01429199999865,
          196.24441600000074,
          196.52229100000085,
          196.29112500000014,
          196.13141700000014,
          196.68816699999957
        ],
        "error": ""
      },
      {
        "opening_name": "queens_pawn",
        "opening_fen": "rnbqkbnr/ppp1pppp/8/3p4/3P4/8/PPP1PPPP/RNBQKBNR w KQkq - 0 2",
        "result": "draw",
        "score_a": 0.5,
        "plies": 19,
        "adjudicated": false,
        "player_a_color": "black",
        "player_a_timeouts": 0,
        "player_b_timeouts": 0,
        "player_a_moves": 9,
        "player_b_moves": 10,
        "player_a_crashes": 0,
        "player_b_crashes": 0,
        "response_times_ms": [
          196.18816700000076,
          196.0342079999986,
          196.5516669999996,
          196.15537500000002,
          196.70908400000008,
          196.50249999999937,
          196.33245800000054,
          196.60566599999996,
          196.19066700000155,
          196.16974999999925,
          196.13262500000062,
          196.10725000000073,
          196.69804199999953,
          196.72587500000026,
          199.8269999999991,
          196.3051670000002,
          196.67045799999983,
          196.29654200000067,
          196.3514170000007
        ],
        "error": ""
      },
      {
        "opening_name": "ruy_lopez",
        "opening_fen": "r1bqkbnr/pppp1ppp/2n5/1B2p3/4P3/5N2/PPPP1PPP/RNBQK2R b KQkq - 3 3",
        "result": "win",
        "score_a": 1.0,
        "plies": 20,
        "adjudicated": true,
        "player_a_color": "white",
        "player_a_timeouts": 0,
        "player_b_timeouts": 0,
        "player_a_moves": 10,
        "player_b_moves": 10,
        "player_a_crashes": 0,
        "player_b_crashes": 0,
        "response_times_ms": [
          196.76658300000048,
          196.06854200000078,
          196.26291600000025,
          196.28179200000062,
          196.29649999999899,
          196.4919579999993,
          196.21775000000065,
          196.04024999999936,
          196.5584999999983,
          196.09416699999827,
          196.54291700000215,
          196.55408299999877,
          196.55949999999933,
          196.58416699999748,
          197.28425000000271,
          196.5893329999986,
          196.38720799999732,
          196.27075000000005,
          196.32820899999714,
          196.07587499999823
        ],
        "error": ""
      },
      {
        "opening_name": "ruy_lopez",
        "opening_fen": "r1bqkbnr/pppp1ppp/2n5/1B2p3/4P3/5N2/PPPP1PPP/RNBQK2R b KQkq - 3 3",
        "result": "loss",
        "score_a": 0.0,
        "plies": 20,
        "adjudicated": true,
        "player_a_color": "black",
        "player_a_timeouts": 0,
        "player_b_timeouts": 0,
        "player_a_moves": 10,
        "player_b_moves": 10,
        "player_a_crashes": 0,
        "player_b_crashes": 0,
        "response_times_ms": [
          196.444249999999,
          196.0729999999984,
          196.5555419999987,
          196.66137500000147,
          196.04033300000268,
          196.1584159999994,
          196.294709,
          196.39300000000048,
          196.53620800000127,
          196.3168330000009,
          196.38995899999756,
          196.5582500000025,
          196.9676249999992,
          196.72650000000047,
          196.38095799999888,
          196.13716599999975,
          196.65183300000066,
          196.2796250000025,
          196.39679199999804,
          196.1757920000018
        ],
        "error": ""
      },
      {
        "opening_name": "italian_game",
        "opening_fen": "r1bqk1nr/pppp1ppp/2n5/2b1p3/2B1P3/5N2/PPPP1PPP/RNBQK2R w KQkq - 4 4",
        "result": "draw",
        "score_a": 0.5,
        "plies": 11,
        "adjudicated": false,
        "player_a_color": "white",
        "player_a_timeouts": 0,
        "player_b_timeouts": 0,
        "player_a_moves": 6,
        "player_b_moves": 5,
        "player_a_crashes": 0,
        "player_b_crashes": 0,
        "response_times_ms": [
          196.64666699999955,
          196.41049999999893,
          196.3192919999983,
          196.75449999999728,
          196.47070799999966,
          196.33200000000173,
          196.07495799999697,
          196.2379580000011,
          196.025542000001,
          196.68825000000112,
          196.21012500000035
        ],
        "error": ""
      },
      {
        "opening_name": "italian_game",
        "opening_fen": "r1bqk1nr/pppp1ppp/2n5/2b1p3/2B1P3/5N2/PPPP1PPP/RNBQK2R w KQkq - 4 4",
        "result": "draw",
        "score_a": 0.5,
        "plies": 11,
        "adjudicated": false,
        "player_a_color": "black",