{
  "feedback_source": "self_play",
  "summary": {
    "games": 16,
    "wins_a": 2,
    "losses_a": 2,
    "draws": 12,
    "score_a": 8.0,
    "mean_score_a": 0.5,
    "game_scores_a": [
      0.5,
      0.5,
      0.0,
      1.0,
      0.5,
      0.5,
      0.5,
      0.5,
      1.0,
      0.0,
      0.5,
      0.5,
      0.5,
      0.5,
      0.5,
      0.5
    ],
    "player_a_moves": 122,
    "player_b_moves": 122,
    "player_a_timeouts": 0,
    "player_b_timeouts": 0,
    "player_a_crashes": 0,
    "player_b_crashes": 0,
    "results": [
      {
        "opening_name": "startpos",
        "opening_fen": "rnbqkbnr/pppppppp/8/8/8/8/PPPPPPPP/RNBQKBNR w KQkq - 0 1",
        "result": "draw",
        "score_a": 0.5,
        "plies": 13,
        "adjudicated": false,
        "player_a_color": "white",
        "player_a_timeouts": 0,
        "player_b_timeouts": 0,
        "player_a_moves": 7,
        "player_b_moves": 6,
        "player_a_crashes": 0,
        "player_b_crashes": 0,
        "response_times_ms": [
          196.217666,
          196.43550000000005,
          196.24695800000003,
          196.32158299999992,
          196.348792,
          196.47062500000013,
          196.22074999999995,
          196.29120799999987,
          196.18012500000015,
          196.2779170000002,
          196.0813749999999,
          196.18220899999983,
          196.22983299999984
        ],
        "error": ""
      },
      {
        "opening_name": "startpos",
        "opening_fen": "rnbqkbnr/pppppppp/8/8/8/8/PPPPPPPP/RNBQKBNR w KQkq - 0 1",
        "result": "draw",
        "score_a": 0.5,
        "plies": 13,
        "adjudicated": false,
        "player_a_color": "black",
        "player_a_timeouts": 0,
        "player_b_timeouts": 0,
        "player_a_moves": 6,
        "player_b_moves": 7,
        "player_a_crashes": 0,
        "player_b_crashes": 0,
        "response_times_ms": [
          196.03983300000039,
          196.23554200000015,
          196.0893330000002,
          196.09275000000002,
          196.11462499999988,
          196.2582500000001,
          196.29124999999982,
          196.11416700000018,
          196.20891699999987,
          196.41004200000012,
          196.0356249999995,
          196.32687499999957,
          197.40691599999937
        ],
        "error": ""
      },
      {
        "opening_name": "queens_pawn",
        "opening_fen": "rnbqkbnr/ppp1pppp/8/3p4/3P4/8/PPP1PPPP/RNBQKBNR w KQkq - 0 2",
        "result": "loss",
        "score_a": 0.0,
        "plies": 20,
        "adjudicated": true,
        "player_a_color": "white",
        "player_a_timeouts": 0,
        "player_b_timeouts": 0,
        "player_a_moves": 10,
        "player_b_moves": 10,
        "player_a_crashes": 0,
        "player_b_crashes": 0,
        "response_times_ms": [
          196.25049999999965,
          196.50091699999984,
          196.04058300000025,
          196.54162500000007,
          196.23083299999956,
          196.32104100000004,
          196.04966599999952,
          196.13020799999958,
          196.38687499999997,
          196.08816700000008,
          196.06379200000035,
          196.06366699999978,
          196.09337500000024,
          196.10237500000062,
          196.20316700000018,
          196.0335829999984,
          196.48712500000087,
          196.1283339999991,
          196.2603749999996,
          196.21783300000038
        ],
        "error": ""
      },
      {
        "opening_name": "queens_pawn",
        "opening_fen": "rnbqkbnr/ppp1pppp/8/3p4/3P4/8/PPP1PPPP/RNBQKBNR w KQkq - 0 2",
        "result": "win",
        "score_a": 1.0,
        "plies": 20,
        "adjudicated": true,
        "player_a_color": "black",
        "player_a_timeouts": 0,
        "player_b_timeouts": 0,
        "player_a_moves": 10,
        "player_b_moves": 10,
        "player_a_crashes": 0,
        "player_b_crashes": 0,
        "response_times_ms": [
          197.5022080000013,
          196.0844589999997,
          196.07920900000053,
          196.62154199999904,
          196.56937499999927,
          196.40704099999874,
          196.4439579999997,
          196.08416700000043,
          196.33920799999947,
          196.05020800000085,
          196.28191600000022,
          196.38508299999913,
          196.03183299999927,
          196.14470900000038,
          196.5379589999987,
          196.13466599999896,
          196.10883399999858,
          196.1470839999997,
          196.1796669999991,
          196.12366600000007
        ],
        "error": ""
      },
      {
        "opening_name": "ruy_lopez",
        "opening_fen": "r1bqkbnr/pppp1ppp/2n5/1B2p3/4P3/5N2/PPPP1PPP/RNBQK2R b KQkq - 3 3",
        "result": "draw",
        "score_a": 0.5,
        "plies": 17,
        "adjudicated": false,
        "player_a_color": "white",
        "player_a_timeouts": 0,
        "player_b_timeouts": 0,
        "player_a_moves": 8,
        "player_b_moves": 9,
        "player_a_crashes": 0,
        "player_b_crashes": 0,
        "response_times_ms": [
          196.01841699999943,
          196.67662500000029,
          196.04524999999916,
          196.04037499999905,
          196.21412499999911,
          196.36049999999904,
          196.3834999999996,
          196.27933399999975,
          196.19404200000014,
          196.02416699999912,
          196.4999160000005,
          196.1246249999995,
          196.25187499999976,
          196.138165999999,
          196.57312500000046,
          196.21158400000027,
          196.22045800000265
        ],
        "error": ""
      },
      {
        "opening_name": "ruy_lopez",
        "opening_fen": "r1bqkbnr/pppp1ppp/2n5/1B2p3/4P3/5N2/PPPP1PPP/RNBQK2R b KQkq - 3 3",
        "result": "draw",
        "score_a": 0.5,
        "plies": 17,
        "adjudicated": false,
        "player_a_color": "black",
        "player_a_timeouts": 0,
        "player_b_timeouts": 0,
        "player_a_moves": 9,
        "player_b_moves": 8,
        "player_a_crashes": 0,
        "player_b_crashes": 0,
        "response_times_ms": [
          196.20312500000026,
          196.41845800000013,
          196.27679099999895,
          196.0744589999983,
          196.6461250000009,
          196.18816700000252,
          198.9999580000017,
          196.2437919999971,
          196.19458300000048,
          196.1801670000014,
          196.16679199999965,
          198.247582999997,
          196.22412500000053,
          196.07179200000147,
          196.2278330000018,
          196.03945800000133,
          196.19845800000135
        ],
        "error": ""
      },
      {
        "opening_name": "italian_game",
        "opening_fen": "r1bqk1nr/pppp1ppp/2n5/2b1p3/2B1P3/5N2/PPPP1PPP/RNBQK2R w KQkq - 4 4",
        "result": "draw",
        "score_a": 0.5,
        "plies": 11,
        "adjudicated": false,
        "player_a_color": "white",
        "player_a_timeouts": 0,
        "player_b_timeouts": 0,
        "player_a_moves": 6,
        "player_b_moves": 5,
        "player_a_crashes": 0,
        "player_b_crashes": 0,
        "response_times_ms": [
          196.2858749999974,
          196.21370899999846,
          196.28441599999746,
          196.0356670000003,
          196.03816599999746,
          196.10000000000127,
          196.04233300000118,
          196.15437500000255,
          196.0996669999986,
          196.35616699999758,
          196.1026249999982
        ],
        "error": ""
      },
      {
        "opening_name": "italian_game",
        "opening_fen": "r1bqk1nr/pppp1ppp/2n5/2b1p3/2B1P3/5N2/PPPP1PPP/RNBQK2R w KQkq - 4 4",
        "result": "draw",
        "score_a": 0.5,
        "plies": 11,
        "adjudicated": false,
        "player_a_color": "black",
        "player_a_timeouts": 0,
        "player_b_timeouts": 0,
        "player_a_moves": 5,
        "player_b_moves": 6,
        "player_a_crashes": 0,
        "player_b_crashes": 0,