{
  "feedback_source": "self_play",
  "summary": {
    "games": 16,
    "wins_a": 2,
    "losses_a": 2,
    "draws": 12,
    "score_a": 8.0,
    "mean_score_a": 0.5,
    "game_scores_a": [
      0.5,
      0.5,
      0.0,
      1.0,
      0.5,
      0.5,
      0.5,
      0.5,
      1.0,
      0.0,
      0.5,
      0.5,
      0.5,
      0.5,
      0.5,
      0.5
    ],
    "player_a_moves": 121,
    "player_b_moves": 121,
    "player_a_timeouts": 0,
    "player_b_timeouts": 0,
    "player_a_crashes": 0,
    "player_b_crashes": 0,
    "results": [
      {
        "opening_name": "startpos",
        "opening_fen": "rnbqkbnr/pppppppp/8/8/8/8/PPPPPPPP/RNBQKBNR w KQkq - 0 1",
        "result": "draw",
        "score_a": 0.5,
        "plies": 13,
        "adjudicated": false,
        "player_a_color": "white",
        "player_a_timeouts": 0,
        "player_b_timeouts": 0,
        "player_a_moves": 7,
        "player_b_moves": 6,
        "player_a_crashes": 0,
        "player_b_crashes": 0,
        "response_times_ms": [
          196.206167,
          196.46691700000002,
          196.07258399999995,
          196.07279199999994,
          196.035167,
          196.156,
          196.39408299999994,
          196.17916600000007,
          196.26841699999997,
          196.32783299999977,
          196.2908750000003,
          196.41516600000043,
          196.56391699999975
        ],
        "error": ""
      },
      {
        "opening_name": "startpos",
        "opening_fen": "rnbqkbnr/pppppppp/8/8/8/8/PPPPPPPP/RNBQKBNR w KQkq - 0 1",
        "result": "draw",
        "score_a": 0.5,
        "plies": 13,
        "adjudicated": false,
        "player_a_color": "black",
        "player_a_timeouts": 0,
        "player_b_timeouts": 0,
        "player_a_moves": 6,
        "player_b_moves": 7,
        "player_a_crashes": 0,
        "player_b_crashes": 0,
        "response_times_ms": [
          196.387208,
          196.33320900000007,
          196.0605420000001,
          196.32891700000022,
          196.12270799999988,
          196.29224999999994,
          196.27054099999964,
          196.06849999999997,
          196.1868339999997,
          196.3082500000004,
          196.22120799999988,
          196.1112500000004,
          196.7405419999997
        ],
        "error": ""
      },
      {
        "opening_name": "queens_pawn",
        "opening_fen": "rnbqkbnr/ppp1pppp/8/3p4/3P4/8/PPP1PPPP/RNBQKBNR w KQkq - 0 2",
        "result": "loss",
        "score_a": 0.0,
        "plies": 20,
        "adjudicated": true,
        "player_a_color": "white",
        "player_a_timeouts": 0,
        "player_b_timeouts": 0,
        "player_a_moves": 10,
        "player_b_moves": 10,
        "player_a_crashes": 0,
        "player_b_crashes": 0,
        "response_times_ms": [
          196.7424590000002,
          196.06391700000003,
          196.33108300000046,
          196.282042,
          196.08529200000024,
          196.2802909999999,
          196.4553750000002,
          196.36395800000005,
          196.15879099999933,
          196.07808399999982,
          196.43724999999978,
          196.09679099999954,
          196.0409590000003,
          196.26620900000003,
          196.42904100000004,
          196.09745800000056,
          196.29033300000032,
          196.30054199999947,
          196.03937499999978,
          196.07783300000037
        ],
        "error": ""
      },
      {
        "opening_name": "queens_pawn",
        "opening_fen": "rnbqkbnr/ppp1pppp/8/3p4/3P4/8/PPP1PPPP/RNBQKBNR w KQkq - 0 2",
        "result": "win",
        "score_a": 1.0,
        "plies": 20,
        "adjudicated": true,
        "player_a_color": "black",
        "player_a_timeouts": 0,
        "player_b_timeouts": 0,
        "player_a_moves": 10,
        "player_b_moves": 10,
        "player_a_crashes": 0,
        "player_b_crashes": 0,
        "response_times_ms": [
          196.27120800000063,
          196.06516700000043,
          196.65924999999973,
          196.62124999999975,
          196.341125,
          196.2224999999993,
          196.64433300000007,
          196.15270800000138,
          196.30208300000083,
          196.23325000000057,
          196.49858300000034,
          196.16316699999993,
          196.1731250000014,
          196.20499999999907,
          196.5956250000005,
          196.22608400000098,
          196.07070799999883,
          196.21979199999907,
          196.22616600000066,
          196.18304099999938
        ],
        "error": ""
      },
      {
        "opening_name": "ruy_lopez",
        "opening_fen": "r1bqkbnr/pppp1ppp/2n5/1B2p3/4P3/5N2/PPPP1PPP/RNBQK2R b KQkq - 3 3",
        "result": "draw",
        "score_a": 0.5,
        "plies": 17,
        "adjudicated": false,
        "player_a_color": "white",
        "player_a_timeouts": 0,
        "player_b_timeouts": 0,
        "player_a_moves": 8,
        "player_b_moves": 9,
        "player_a_crashes": 0,
        "player_b_crashes": 0,
        "response_times_ms": [
          196.19929100000098,
          196.17354200000037,
          196.24774999999948,
          196.557541999999,
          196.57925000000097,
          196.29725000000064,
          196.06875000000025,
          196.03812500000117,
          196.1512919999997,
          196.37391699999895,
          196.4658330000013,
          196.2083330000013,
          196.1118749999997,
          196.03087499999992,
          196.2597499999994,
          196.22333299999895,
          196.15124999999978
        ],
        "error": ""
      },
      {
        "opening_name": "ruy_lopez",
        "opening_fen": "r1bqkbnr/pppp1ppp/2n5/1B2p3/4P3/5N2/PPPP1PPP/RNBQK2R b KQkq - 3 3",
        "result": "draw",
        "score_a": 0.5,
        "plies": 17,
        "adjudicated": false,
        "player_a_color": "black",
        "player_a_timeouts": 0,
        "player_b_timeouts": 0,
        "player_a_moves": 9,
        "player_b_moves": 8,
        "player_a_crashes": 0,
        "player_b_crashes": 0,
        "response_times_ms": [
          196.58187499999968,
          196.39062499999937,
          196.35241699999995,
          196.1565830000005,
          196.2114580000005,
          196.0865829999996,
          196.49245899999812,
          196.02512499999847,
          196.20579200000066,
          196.06833299999948,
          196.11420900000098,
          196.30991600000058,
          196.11745899999988,
          196.0419170000023,
          196.2525829999997,
          196.14033400000253,
          196.1612499999994
        ],
        "error": ""
      },
      {
        "opening_name": "italian_game",
        "opening_fen": "r1bqk1nr/pppp1ppp/2n5/2b1p3/2B1P3/5N2/PPPP1PPP/RNBQK2R w KQkq - 4 4",
        "result": "draw",
        "score_a": 0.5,
        "plies": 11,
        "adjudicated": false,
        "player_a_color": "white",
        "player_a_timeouts": 0,
        "player_b_timeouts": 0,
        "player_a_moves": 6,
        "player_b_moves": 5,
        "player_a_crashes": 0,
        "player_b_crashes": 0,
        "response_times_ms": [
          196.22620899999887,
          196.2867079999988,
          196.36316700000123,
          196.10349999999954,
          196.23137499999999,
          196.09283400000166,
          196.3273749999992,
          196.24883300000207,
          196.06112499999995,
          196.03541600000085,
          196.28583399999755
        ],
        "error": ""
      },
      {
        "opening_name": "italian_game",
        "opening_fen": "r1bqk1nr/pppp1ppp/2n5/2b1p3/2B1P3/5N2/PPPP1PPP/RNBQK2R w KQkq - 4 4",
        "result": "draw",
        "score_a": 0.5,
        "plies": 11,
        "adjudicated": false,
        "player_a_color": "black",
        "player_a_timeouts": 0,
        "player_b_timeouts": 0,
        "player_a_moves": 5,
        "player_b_moves": 6,
        "player_a_crashes": 0,
        "player_b_crashes": 0,