{
  "feedback_source": "self_play",
  "summary": {
    "games": 16,
    "wins_a": 3,
    "losses_a": 3,
    "draws": 10,
    "score_a": 8.0,
    "mean_score_a": 0.5,
    "game_scores_a": [
      0.5,
      0.5,
      0.0,
      1.0,
      0.5,
      0.5,
      0.0,
      1.0,
      1.0,
      0.0,
      0.5,
      0.5,
      0.5,
      0.5,
      0.5,
      0.5
    ],
    "player_a_moves": 123,
    "player_b_moves": 122,
    "player_a_timeouts": 0,
    "player_b_timeouts": 0,
    "player_a_crashes": 0,
    "player_b_crashes": 0,
    "results": [
      {
        "opening_name": "startpos",
        "opening_fen": "rnbqkbnr/pppppppp/8/8/8/8/PPPPPPPP/RNBQKBNR w KQkq - 0 1",
        "result": "draw",
        "score_a": 0.5,
        "plies": 13,
        "adjudicated": false,
        "player_a_color": "white",
        "player_a_timeouts": 0,
        "player_b_timeouts": 0,
        "player_a_moves": 7,
        "player_b_moves": 6,
        "player_a_crashes": 0,
        "player_b_crashes": 0,
        "response_times_ms": [
          196.03445900000338,
          196.19795799999906,
          196.16895800000123,
          196.12924999999848,
          196.16754199999775,
          196.3856250000049,
          196.0709589999965,
          196.0979169999888,
          196.1463330000015,
          196.11416600000098,
          196.4506249999971,
          196.45987500000217,
          196.31433300000367
        ],
        "error": ""
      },
      {
        "opening_name": "startpos",
        "opening_fen": "rnbqkbnr/pppppppp/8/8/8/8/PPPPPPPP/RNBQKBNR w KQkq - 0 1",
        "result": "draw",
        "score_a": 0.5,
        "plies": 13,
        "adjudicated": false,
        "player_a_color": "black",
        "player_a_timeouts": 0,
        "player_b_timeouts": 0,
        "player_a_moves": 6,
        "player_b_moves": 7,
        "player_a_crashes": 0,
        "player_b_crashes": 0,
        "response_times_ms": [
          196.3936249999989,
          196.2417910000056,
          196.31966599999373,
          196.5795830000019,
          196.20483400001376,
          196.04783399999803,
          196.38187500000015,
          196.1271670000002,
          196.5698330000123,
          196.14749999999503,
          196.21499999999514,
          196.38979100000142,
          196.2523339999933
        ],
        "error": ""
      },
      {
        "opening_name": "queens_pawn",
        "opening_fen": "rnbqkbnr/ppp1pppp/8/3p4/3P4/8/PPP1PPPP/RNBQKBNR w KQkq - 0 2",
        "result": "loss",
        "score_a": 0.0,
        "plies": 20,
        "adjudicated": true,
        "player_a_color": "white",
        "player_a_timeouts": 0,
        "player_b_timeouts": 0,
        "player_a_moves": 10,
        "player_b_moves": 10,
        "player_a_crashes": 0,
        "player_b_crashes": 0,
        "response_times_ms": [
          196.34016599999882,
          196.16766699999744,
          196.2346669999988,
          196.16679199999965,
          196.11508400001298,
          196.2208340000018,
          196.37908400000015,
          196.52416600000322,
          196.42420800001048,
          196.13133299999674,
          196.31745799999578,
          196.07470900000123,
          196.15008399999567,
          196.03337499999895,
          196.24687499999993,
          196.25504199999,
          196.1356250000108,
          196.06416599999932,
          198.1958340000034,
          196.61912500001222
        ],
        "error": ""
      },
      {
        "opening_name": "queens_pawn",
        "opening_fen": "rnbqkbnr/ppp1pppp/8/3p4/3P4/8/PPP1PPPP/RNBQKBNR w KQkq - 0 2",
        "result": "win",
        "score_a": 1.0,
        "plies": 20,
        "adjudicated": true,
        "player_a_color": "black",
        "player_a_timeouts": 0,
        "player_b_timeouts": 0,
        "player_a_moves": 10,
        "player_b_moves": 10,
        "player_a_crashes": 0,
        "player_b_crashes": 0,
        "response_times_ms": [
          196.73383399999977,
          196.23850000000687,
          196.12908300000242,
          196.14470899999503,
          196.44999999999868,
          196.1236659999912,
          196.16037500000516,
          196.5958330000035,
          196.41733400000305,
          196.35424999999884,
          196.14174999999534,
          196.12137500000415,
          196.21187500000303,
          196.08183299999382,
          196.07924999999682,
          196.15137499999946,
          196.10816600000192,
          196.21100000000524,
          196.05449999998825,
          196.09224999999242
        ],
        "error": ""
      },
      {
        "opening_name": "ruy_lopez",
        "opening_fen": "r1bqkbnr/pppp1ppp/2n5/1B2p3/4P3/5N2/PPPP1PPP/RNBQK2R b KQkq - 3 3",
        "result": "draw",
        "score_a": 0.5,
        "plies": 15,
        "adjudicated": false,
        "player_a_color": "white",
        "player_a_timeouts": 0,
        "player_b_timeouts": 0,
        "player_a_moves": 7,
        "player_b_moves": 8,
        "player_a_crashes": 0,
        "player_b_crashes": 0,
        "response_times_ms": [
          196.3844590000008,
          196.21558399998662,
          196.36649999999634,
          196.19429200000127,
          196.37600000000077,
          196.2682500000028,
          196.1415829999993,
          196.19320799999684,
          196.28012500000125,
          196.53100000000734,
          196.21312499999988,
          196.06095799998968,
          196.23295800001017,
          196.29287499999748,
          196.2157910000002
        ],
        "error": ""
      },
      {
        "opening_name": "ruy_lopez",
        "opening_fen": "r1bqkbnr/pppp1ppp/2n5/1B2p3/4P3/5N2/PPPP1PPP/RNBQK2R b KQkq - 3 3",
        "result": "draw",
        "score_a": 0.5,
        "plies": 15,
        "adjudicated": false,
        "player_a_color": "black",
        "player_a_timeouts": 0,
        "player_b_timeouts": 0,
        "player_a_moves": 8,
        "player_b_moves": 7,
        "player_a_crashes": 0,
        "player_b_crashes": 0,
        "response_times_ms": [
          196.10420799999417,
          196.25683300000674,
          196.11395799999798,
          196.53974999999946,
          196.34395799999993,
          196.1141670000046,
          196.15245800000025,
          196.08791699999983,
          196.28775000001042,
          196.0843749999981,
          196.2429999999955,
          196.22320799999216,
          196.35424999999884,
          196.21470899998883,
          196.08941700001026
        ],
        "error": ""
      },
      {
        "opening_name": "italian_game",
        "opening_fen": "r1bqk1nr/pppp1ppp/2n5/2b1p3/2B1P3/5N2/PPPP1PPP/RNBQK2R w KQkq - 4 4",
        "result": "loss",
        "score_a": 0.0,
        "plies": 10,
        "adjudicated": false,
        "player_a_color": "white",
        "player_a_timeouts": 0,
        "player_b_timeouts": 0,
        "player_a_moves": 5,
        "player_b_moves": 5,
        "player_a_crashes": 0,
        "player_b_crashes": 0,
        "response_times_ms": [
          196.04958400000783,
          196.32479199999864,
          196.0688749999946,
          196.27183400000092,
          196.33537500000386,
          196.06695800000296,
          196.59929200000192,
          196.25933400000406,
          196.2267499999939,
          26.9108330000023
        ],
        "error": ""
      },
      {
        "opening_name": "italian_game",
        "opening_fen": "r1bqk1nr/pppp1ppp/2n5/2b1p3/2B1P3/5N2/PPPP1PPP/RNBQK2R w KQkq - 4 4",
        "result": "win",
        "score_a": 1.0,
        "plies": 10,
        "adjudicated": false,
        "player_a_color": "black",
        "player_a_timeouts": 0,
        "player_b_timeouts": 0,
        "player_a_moves": 5,
        "player_b_moves": 5,
        "player_a_crashes": 0,
        "player_b_crashes": 0,