{
  "feedback_source": "self_play",
  "summary": {
    "games": 16,
    "wins_a": 1,
    "losses_a": 0,
    "draws": 15,
    "score_a": 8.5,
    "mean_score_a": 0.53125,
    "game_scores_a": [
      0.5,
      0.5,
      0.5,
      0.5,
      0.5,
      0.5,
      0.5,
      0.5,
      0.5,
      0.5,
      0.5,
      0.5,
      0.5,
      0.5,
      1.0,
      0.5
    ],
    "player_a_moves": 139,
    "player_b_moves": 138,
    "player_a_timeouts": 0,
    "player_b_timeouts": 0,
    "player_a_crashes": 0,
    "player_b_crashes": 0,
    "results": [
      {
        "opening_name": "startpos",
        "opening_fen": "rnbqkbnr/pppppppp/8/8/8/8/PPPPPPPP/RNBQKBNR w KQkq - 0 1",
        "result": "draw",
        "score_a": 0.5,
        "plies": 13,
        "adjudicated": false,
        "player_a_color": "white",
        "player_a_timeouts": 0,
        "player_b_timeouts": 0,
        "player_a_moves": 7,
        "player_b_moves": 6,
        "player_a_crashes": 0,
        "player_b_crashes": 0,
        "response_times_ms": [
          196.87258400006158,
          196.2416659999917,
          196.4950830000589,
          196.33866600008787,
          196.98379099997965,
          196.33616700002676,
          196.3762500000712,
          196.36100000002443,
          196.22325000000274,
          196.2038339999026,
          196.38995900004375,
          196.11333399996056,
          196.66012499999397
        ],
        "error": ""
      },
      {
        "opening_name": "startpos",
        "opening_fen": "rnbqkbnr/pppppppp/8/8/8/8/PPPPPPPP/RNBQKBNR w KQkq - 0 1",
        "result": "draw",
        "score_a": 0.5,
        "plies": 13,
        "adjudicated": false,
        "player_a_color": "black",
        "player_a_timeouts": 0,
        "player_b_timeouts": 0,
        "player_a_moves": 6,
        "player_b_moves": 7,
        "player_a_crashes": 0,
        "player_b_crashes": 0,
        "response_times_ms": [
          196.48704200005795,
          196.67274999994788,
          196.4087499999323,
          196.84158299992305,
          196.20662499994523,
          196.1799580000161,
          196.61537499996484,
          196.58870900002512,
          196.7039170000362,
          196.61050000001978,
          196.95324999997865,
          196.05887499994878,
          196.44112499997846
        ],
        "error": ""
      },
      {
        "opening_name": "queens_pawn",
        "opening_fen": "rnbqkbnr/ppp1pppp/8/3p4/3P4/8/PPP1PPPP/RNBQKBNR w KQkq - 0 2",
        "result": "draw",
        "score_a": 0.5,
        "plies": 19,
        "adjudicated": false,
        "player_a_color": "white",
        "player_a_timeouts": 0,
        "player_b_timeouts": 0,
        "player_a_moves": 10,
        "player_b_moves": 9,
        "player_a_crashes": 0,
        "player_b_crashes": 0,
        "response_times_ms": [
          196.04879100006656,
          196.57820800000536,
          196.2704580000718,
          196.6855000000578,
          196.13541699993675,
          196.26958300000297,
          196.04020899998886,
          196.4090420000275,
          196.61491700003353,
          196.28879200001847,
          196.25183300001936,
          196.92354199992224,
          196.39487499989627,
          196.75604199994723,
          196.44766700002947,
          196.25045899999805,
          196.62629200001902,
          196.3709579999886,
          196.43629099994087
        ],
        "error": ""
      },
      {
        "opening_name": "queens_pawn",
        "opening_fen": "rnbqkbnr/ppp1pppp/8/3p4/3P4/8/PPP1PPPP/RNBQKBNR w KQkq - 0 2",
        "result": "draw",
        "score_a": 0.5,
        "plies": 20,
        "adjudicated": true,
        "player_a_color": "black",
        "player_a_timeouts": 0,
        "player_b_timeouts": 0,
        "player_a_moves": 10,
        "player_b_moves": 10,
        "player_a_crashes": 0,
        "player_b_crashes": 0,
        "response_times_ms": [
          196.32162499999595,
          196.43812499998603,
          196.43304199996692,
          196.46587500005808,
          196.3162499999953,
          196.13491699999486,
          196.07762499992987,
          196.1252500000228,
          196.36687499996697,
          196.51237499999752,
          205.63304200004495,
          196.90287499997794,
          196.29366699996353,
          196.44225000001825,
          196.47212500001388,
          196.6615420000153,
          196.04804100004003,
          196.50120899996182,
          196.3162499999953,
          196.3082919999124
        ],
        "error": ""
      },
      {
        "opening_name": "ruy_lopez",
        "opening_fen": "r1bqkbnr/pppp1ppp/2n5/1B2p3/4P3/5N2/PPPP1PPP/RNBQK2R b KQkq - 3 3",
        "result": "draw",
        "score_a": 0.5,
        "plies": 17,
        "adjudicated": false,
        "player_a_color": "white",
        "player_a_timeouts": 0,
        "player_b_timeouts": 0,
        "player_a_moves": 8,
        "player_b_moves": 9,
        "player_a_crashes": 0,
        "player_b_crashes": 0,
        "response_times_ms": [
          196.0703330000797,
          196.4883750000581,
          196.51679200001126,
          196.17766699991535,
          196.53083299999707,
          197.12683300008393,
          196.3381670000217,
          196.1772080001083,
          196.3890839999749,
          196.1247500000809,
          196.4024999999765,
          196.49174999995012,
          196.4210410000078,
          196.21570800006793,
          196.66183399999682,
          197.35691699997915,
          196.71020800001315
        ],
        "error": ""
      },
      {
        "opening_name": "ruy_lopez",
        "opening_fen": "r1bqkbnr/pppp1ppp/2n5/1B2p3/4P3/5N2/PPPP1PPP/RNBQK2R b KQkq - 3 3",
        "result": "draw",
        "score_a": 0.5,
        "plies": 17,
        "adjudicated": false,
        "player_a_color": "black",
        "player_a_timeouts": 0,
        "player_b_timeouts": 0,
        "player_a_moves": 9,
        "player_b_moves": 8,
        "player_a_crashes": 0,
        "player_b_crashes": 0,
        "response_times_ms": [
          196.40804200003004,
          196.18275000004815,
          196.68229199999132,
          196.58862500000396,
          196.18129100001624,
          196.45391599999584,
          196.20237500009807,
          196.87533299997995,
          196.19012499993005,
          196.26087500000722,
          196.62845899995318,
          196.0414169999467,
          196.95512500004497,
          196.4605409999649,
          196.1734169999545,
          196.6780000000199,
          196.35812499996064
        ],
        "error": ""
      },
      {
        "opening_name": "italian_game",
        "opening_fen": "r1bqk1nr/pppp1ppp/2n5/2b1p3/2B1P3/5N2/PPPP1PPP/RNBQK2R w KQkq - 4 4",
        "result": "draw",
        "score_a": 0.5,
        "plies": 11,
        "adjudicated": false,
        "player_a_color": "white",
        "player_a_timeouts": 0,
        "player_b_timeouts": 0,
        "player_a_moves": 6,
        "player_b_moves": 5,
        "player_a_crashes": 0,
        "player_b_crashes": 0,
        "response_times_ms": [
          196.34979099998873,
          196.18916700005684,
          196.1220419999563,
          196.59987500006082,
          196.41041699992456,
          196.97416700000758,
          196.70874999997068,
          196.31695800001125,
          196.06620800004748,
          196.63187499998003,
          196.06450000003406
        ],
        "error": ""
      },
      {
        "opening_name": "italian_game",
        "opening_fen": "r1bqk1nr/pppp1ppp/2n5/2b1p3/2B1P3/5N2/PPPP1PPP/RNBQK2R w KQkq - 4 4",
        "result": "draw",
        "score_a": 0.5,
        "plies": 11,
        "adjudicated": false,
        "player_a_color": "black",
        "player_a_timeouts": 0,
        "player_b_timeouts": 0,
        "player_a_moves": 5,
        "player_b_moves": 6,
        "player_a_crashes": 0,
        "player_b_crashes": 0,