{
  "feedback_source": "self_play",
  "summary": {
    "games": 16,
    "wins_a": 1,
    "losses_a": 1,
    "draws": 14,
    "score_a": 8.0,
    "mean_score_a": 0.5,
    "game_scores_a": [
      0.5,
      0.5,
      0.0,
      1.0,
      0.5,
      0.5,
      0.5,
      0.5,
      0.5,
      0.5,
      0.5,
      0.5,
      0.5,
      0.5,
      0.5,
      0.5
    ],
    "player_a_moves": 120,
    "player_b_moves": 120,
    "player_a_timeouts": 0,
    "player_b_timeouts": 0,
    "player_a_crashes": 0,
    "player_b_crashes": 0,
    "results": [
      {
        "opening_name": "startpos",
        "opening_fen": "rnbqkbnr/pppppppp/8/8/8/8/PPPPPPPP/RNBQKBNR w KQkq - 0 1",
        "result": "draw",
        "score_a": 0.5,
        "plies": 13,
        "adjudicated": false,
        "player_a_color": "white",
        "player_a_timeouts": 0,
        "player_b_timeouts": 0,
        "player_a_moves": 7,
        "player_b_moves": 6,
        "player_a_crashes": 0,
        "player_b_crashes": 0,
        "response_times_ms": [
          196.2539159999892,
          196.05874999999173,
          196.55925000000707,
          196.27383299999224,
          196.76179199998955,
          196.16979200000628,
          196.2494999999933,
          196.17858300000535,
          196.56775000001403,
          196.26579100000185,
          196.36608399997613,
          196.22474999999895,
          196.50875000002088
        ],
        "error": ""
      },
      {
        "opening_name": "startpos",
        "opening_fen": "rnbqkbnr/pppppppp/8/8/8/8/PPPPPPPP/RNBQKBNR w KQkq - 0 1",
        "result": "draw",
        "score_a": 0.5,
        "plies": 13,
        "adjudicated": false,
        "player_a_color": "black",
        "player_a_timeouts": 0,
        "player_b_timeouts": 0,
        "player_a_moves": 6,
        "player_b_moves": 7,
        "player_a_crashes": 0,
        "player_b_crashes": 0,
        "response_times_ms": [
          196.45750000000817,
          196.23949999999013,
          196.07429200002002,
          196.07391600001733,
          196.25745799999095,
          196.0284159999901,
          196.52300000001333,
          196.58225000000584,
          196.2415000000135,
          196.0424590000116,
          196.228375000004,
          196.13883299999202,
          196.25058400001194
        ],
        "error": ""
      },
      {
        "opening_name": "queens_pawn",
        "opening_fen": "rnbqkbnr/ppp1pppp/8/3p4/3P4/8/PPP1PPPP/RNBQKBNR w KQkq - 0 2",
        "result": "loss",
        "score_a": 0.0,
        "plies": 20,
        "adjudicated": true,
        "player_a_color": "white",
        "player_a_timeouts": 0,
        "player_b_timeouts": 0,
        "player_a_moves": 10,
        "player_b_moves": 10,
        "player_a_crashes": 0,
        "player_b_crashes": 0,
        "response_times_ms": [
          196.2763749999965,
          196.0274580000032,
          196.15087500000072,
          196.15616600000862,
          196.2027080000155,
          196.05187499999488,
          196.25895800001558,
          196.08575000000883,
          196.16216700001132,
          196.1158340000111,
          196.22345899998095,
          196.17845799999145,
          196.08341599999335,
          196.17241599999602,
          196.09858299997995,
          196.05158300001335,
          196.24650000000088,
          196.0710419999998,
          196.0627910000028,
          196.4033749999885
        ],
        "error": ""
      },
      {
        "opening_name": "queens_pawn",
        "opening_fen": "rnbqkbnr/ppp1pppp/8/3p4/3P4/8/PPP1PPPP/RNBQKBNR w KQkq - 0 2",
        "result": "win",
        "score_a": 1.0,
        "plies": 20,
        "adjudicated": true,
        "player_a_color": "black",
        "player_a_timeouts": 0,
        "player_b_timeouts": 0,
        "player_a_moves": 10,
        "player_b_moves": 10,
        "player_a_crashes": 0,
        "player_b_crashes": 0,
        "response_times_ms": [
          196.5191250000089,
          196.40479099999197,
          196.5247499999805,
          196.31858299999294,
          196.58712500000775,
          196.09099999999557,
          196.0262919999991,
          196.18658300001357,
          196.28104099999177,
          196.05354099999772,
          196.34283300001698,
          196.1055829999907,
          196.30308399999308,
          196.03495900000212,
          196.2268329999972,
          196.15008299999204,
          196.13316699999928,
          196.17574999998055,
          196.1476669999911,
          196.03125000000432
        ],
        "error": ""
      },
      {
        "opening_name": "ruy_lopez",
        "opening_fen": "r1bqkbnr/pppp1ppp/2n5/1B2p3/4P3/5N2/PPPP1PPP/RNBQK2R b KQkq - 3 3",
        "result": "draw",
        "score_a": 0.5,
        "plies": 20,
        "adjudicated": true,
        "player_a_color": "white",
        "player_a_timeouts": 0,
        "player_b_timeouts": 0,
        "player_a_moves": 10,
        "player_b_moves": 10,
        "player_a_crashes": 0,
        "player_b_crashes": 0,
        "response_times_ms": [
          196.02729199999658,
          196.50945899999783,
          196.44645900001478,
          196.03270799998995,
          196.13712500000702,
          196.39195799999243,
          196.20283300000096,
          196.2341249999895,
          196.12779199999864,
          196.05666600000404,
          196.18404199999873,
          196.27391599999555,
          196.34512499999346,
          196.43908300000135,
          196.47608399998262,
          196.26637499999333,
          196.28020799999035,
          196.23279200001775,
          196.2125409999942,
          196.131500000007
        ],
        "error": ""
      },
      {
        "opening_name": "ruy_lopez",
        "opening_fen": "r1bqkbnr/pppp1ppp/2n5/1B2p3/4P3/5N2/PPPP1PPP/RNBQK2R b KQkq - 3 3",
        "result": "draw",
        "score_a": 0.5,
        "plies": 20,
        "adjudicated": true,
        "player_a_color": "black",
        "player_a_timeouts": 0,
        "player_b_timeouts": 0,
        "player_a_moves": 10,
        "player_b_moves": 10,
        "player_a_crashes": 0,
        "player_b_crashes": 0,
        "response_times_ms": [
          196.13245899998333,
          196.1549170000012,
          196.3481670000249,
          196.23079199999438,
          196.03820900002233,
          196.3544170000091,
          196.13841699998602,
          196.46220800001402,
          196.3423750000004,
          196.2919579999891,
          196.15962499997863,
          196.55216600000358,
          196.094875,
          196.62349999998696,
          196.1544579999952,
          196.25670799999284,
          196.1843750000014,
          196.17124999999191,
          196.08266699998467,
          196.41883300002405
        ],
        "error": ""
      },
      {
        "opening_name": "italian_game",
        "opening_fen": "r1bqk1nr/pppp1ppp/2n5/2b1p3/2B1P3/5N2/PPPP1PPP/RNBQK2R w KQkq - 4 4",
        "result": "draw",
        "score_a": 0.5,
        "plies": 11,
        "adjudicated": false,
        "player_a_color": "white",
        "player_a_timeouts": 0,
        "player_b_timeouts": 0,
        "player_a_moves": 6,
        "player_b_moves": 5,
        "player_a_crashes": 0,
        "player_b_crashes": 0,
        "response_times_ms": [
          196.09679199999164,
          196.27724999998009,
          196.06125000001384,
          196.86466699999983,
          196.2769169999774,
          196.14841700001762,
          196.33358400000134,
          196.46529099998133,
          196.0624580000001,
          196.2487499999952,
          196.19299999999384
        ],
        "error": ""
      },
      {
        "opening_name": "italian_game",
        "opening_fen": "r1bqk1nr/pppp1ppp/2n5/2b1p3/2B1P3/5N2/PPPP1PPP/RNBQK2R w KQkq - 4 4",
        "result": "draw",
        "score_a": 0.5,
        "plies": 11,
        "adjudicated": false,
        "player_a_color": "black",
        "player_a_timeouts": 0,