{
  "feedback_source": "self_play",
  "summary": {
    "games": 16,
    "wins_a": 3,
    "losses_a": 3,
    "draws": 10,
    "score_a": 8.0,
    "mean_score_a": 0.5,
    "game_scores_a": [
      0.5,
      0.5,
      0.0,
      1.0,
      0.5,
      0.5,
      0.0,
      1.0,
      1.0,
      0.0,
      0.5,
      0.5,
      0.5,
      0.5,
      0.5,
      0.5
    ],
    "player_a_moves": 118,
    "player_b_moves": 119,
    "player_a_timeouts": 0,
    "player_b_timeouts": 0,
    "player_a_crashes": 0,
    "player_b_crashes": 0,
    "results": [
      {
        "opening_name": "startpos",
        "opening_fen": "rnbqkbnr/pppppppp/8/8/8/8/PPPPPPPP/RNBQKBNR w KQkq - 0 1",
        "result": "draw",
        "score_a": 0.5,
        "plies": 13,
        "adjudicated": false,
        "player_a_color": "white",
        "player_a_timeouts": 0,
        "player_b_timeouts": 0,
        "player_a_moves": 7,
        "player_b_moves": 6,
        "player_a_crashes": 0,
        "player_b_crashes": 0,
        "response_times_ms": [
          196.21366699999498,
          196.27704100000187,
          196.53474999999787,
          196.19762499999638,
          196.47700000000157,
          196.35912500000074,
          196.2905830000068,
          196.10145800000112,
          196.25949999999648,
          196.27612500001135,
          196.62358400000812,
          196.33933400000103,
          196.29487500000664
        ],
        "error": ""
      },
      {
        "opening_name": "startpos",
        "opening_fen": "rnbqkbnr/pppppppp/8/8/8/8/PPPPPPPP/RNBQKBNR w KQkq - 0 1",
        "result": "draw",
        "score_a": 0.5,
        "plies": 13,
        "adjudicated": false,
        "player_a_color": "black",
        "player_a_timeouts": 0,
        "player_b_timeouts": 0,
        "player_a_moves": 6,
        "player_b_moves": 7,
        "player_a_crashes": 0,
        "player_b_crashes": 0,
        "response_times_ms": [
          196.18308399999762,
          196.36883400001182,
          196.38283300000126,
          196.24412500000687,
          196.06508299999348,
          196.0258329999931,
          196.32724999999596,
          196.091832999997,
          196.14979199999993,
          196.3628750000055,
          196.31345800000588,
          196.0292910000021,
          196.53712499999187
        ],
        "error": ""
      },
      {
        "opening_name": "queens_pawn",
        "opening_fen": "rnbqkbnr/ppp1pppp/8/3p4/3P4/8/PPP1PPPP/RNBQKBNR w KQkq - 0 2",
        "result": "loss",
        "score_a": 0.0,
        "plies": 20,
        "adjudicated": true,
        "player_a_color": "white",
        "player_a_timeouts": 0,
        "player_b_timeouts": 0,
        "player_a_moves": 10,
        "player_b_moves": 10,
        "player_a_crashes": 0,
        "player_b_crashes": 0,
        "response_times_ms": [
          196.59012500000017,
          196.23904099999834,
          196.64579100000878,
          196.3143340000073,
          196.03316699999596,
          196.4417499999911,
          196.52279099999248,
          196.5640000000093,
          197.2798339999997,
          196.03195899999548,
          196.68475000000285,
          196.14541699999677,
          196.11491599999908,
          196.16654199998607,
          196.0883750000022,
          196.56662500000266,
          196.15691699999616,
          196.22966699999722,
          196.4043750000002,
          196.08758300000773
        ],
        "error": ""
      },
      {
        "opening_name": "queens_pawn",
        "opening_fen": "rnbqkbnr/ppp1pppp/8/3p4/3P4/8/PPP1PPPP/RNBQKBNR w KQkq - 0 2",
        "result": "win",
        "score_a": 1.0,
        "plies": 20,
        "adjudicated": true,
        "player_a_color": "black",
        "player_a_timeouts": 0,
        "player_b_timeouts": 0,
        "player_a_moves": 10,
        "player_b_moves": 10,
        "player_a_crashes": 0,
        "player_b_crashes": 0,
        "response_times_ms": [
          196.291207999991,
          196.31433300000367,
          196.59716699999308,
          196.5956250000005,
          196.04325000000244,
          196.35329199999774,
          196.15529200000026,
          196.0895410000063,
          196.0684590000028,
          196.10633300000302,
          196.46425000000534,
          196.4292920000048,
          196.19687499999827,
          196.1877500000071,
          196.28220900000315,
          196.4012079999975,
          196.14012499999944,
          196.2480830000004,
          196.09145799999794,
          196.04062499999486
        ],
        "error": ""
      },
      {
        "opening_name": "ruy_lopez",
        "opening_fen": "r1bqkbnr/pppp1ppp/2n5/1B2p3/4P3/5N2/PPPP1PPP/RNBQK2R b KQkq - 3 3",
        "result": "draw",
        "score_a": 0.5,
        "plies": 15,
        "adjudicated": false,
        "player_a_color": "white",
        "player_a_timeouts": 0,
        "player_b_timeouts": 0,
        "player_a_moves": 7,
        "player_b_moves": 8,
        "player_a_crashes": 0,
        "player_b_crashes": 0,
        "response_times_ms": [
          196.1468749999966,
          196.2272089999999,
          196.05454199999883,
          196.23091699999407,
          196.47595800000772,
          196.16449999999475,
          196.21720899999673,
          196.4812089999981,
          196.5742920000082,
          196.09158299999763,
          196.11324999999624,
          196.38212499999952,
          196.16695800000628,
          196.164416000002,
          196.20433299999718
        ],
        "error": ""
      },
      {
        "opening_name": "ruy_lopez",
        "opening_fen": "r1bqkbnr/pppp1ppp/2n5/1B2p3/4P3/5N2/PPPP1PPP/RNBQK2R b KQkq - 3 3",
        "result": "draw",
        "score_a": 0.5,
        "plies": 15,
        "adjudicated": false,
        "player_a_color": "black",
        "player_a_timeouts": 0,
        "player_b_timeouts": 0,
        "player_a_moves": 8,
        "player_b_moves": 7,
        "player_a_crashes": 0,
        "player_b_crashes": 0,
        "response_times_ms": [
          196.36887500000455,
          196.40062500000965,
          196.4206250000018,
          196.05104200000767,
          196.49533300000144,
          196.33820800000024,
          196.32649999999785,
          196.39170800000727,
          196.34175000000198,
          196.29337499999622,
          196.14312500000608,
          196.18574999999794,
          196.44916699999726,
          196.09612499999685,
          196.23537500000054
        ],
        "error": ""
      },
      {
        "opening_name": "italian_game",
        "opening_fen": "r1bqk1nr/pppp1ppp/2n5/2b1p3/2B1P3/5N2/PPPP1PPP/RNBQK2R w KQkq - 4 4",
        "result": "loss",
        "score_a": 0.0,
        "plies": 10,
        "adjudicated": false,
        "player_a_color": "white",
        "player_a_timeouts": 0,
        "player_b_timeouts": 0,
        "player_a_moves": 5,
        "player_b_moves": 5,
        "player_a_crashes": 0,
        "player_b_crashes": 0,
        "response_times_ms": [
          196.5418750000083,
          196.30395899999087,
          196.51916700000527,
          196.03912499999865,
          196.3360000000023,
          196.34654099999693,
          196.39837500000112,
          196.23595899999202,
          196.07933399998956,
          26.745125000005032
        ],
        "error": ""
      },
      {
        "opening_name": "italian_game",
        "opening_fen": "r1bqk1nr/pppp1ppp/2n5/2b1p3/2B1P3/5N2/PPPP1PPP/RNBQK2R w KQkq - 4 4",
        "result": "win",
        "score_a": 1.0,
        "plies": 10,
        "adjudicated": false,
        "player_a_color": "black",
        "player_a_timeouts": 0,
        "player_b_timeouts": 0,
        "player_a_moves": 5,
        "player_b_moves": 5,
        "player_a_crashes": 0,
        "player_b_crashes": 0,