{
  "feedback_source": "self_play",
  "summary": {
    "games": 16,
    "wins_a": 2,
    "losses_a": 2,
    "draws": 12,
    "score_a": 8.0,
    "mean_score_a": 0.5,
    "game_scores_a": [
      0.5,
      0.5,
      0.0,
      1.0,
      0.5,
      0.5,
      0.5,
      0.5,
      1.0,
      0.0,
      0.5,
      0.5,
      0.5,
      0.5,
      0.5,
      0.5
    ],
    "player_a_moves": 121,
    "player_b_moves": 121,
    "player_a_timeouts": 0,
    "player_b_timeouts": 0,
    "player_a_crashes": 0,
    "player_b_crashes": 0,
    "results": [
      {
        "opening_name": "startpos",
        "opening_fen": "rnbqkbnr/pppppppp/8/8/8/8/PPPPPPPP/RNBQKBNR w KQkq - 0 1",
        "result": "draw",
        "score_a": 0.5,
        "plies": 13,
        "adjudicated": false,
        "player_a_color": "white",
        "player_a_timeouts": 0,
        "player_b_timeouts": 0,
        "player_a_moves": 7,
        "player_b_moves": 6,
        "player_a_crashes": 0,
        "player_b_crashes": 0,
        "response_times_ms": [
          196.2012919999978,
          196.3225419999901,
          196.3132080000065,
          196.14637499999787,
          196.1013749999978,
          196.2969579999907,
          196.5027499999934,
          196.65191699999696,
          196.23383299999375,
          196.3081250000016,
          196.78820800000096,
          196.49733400000002,
          196.04954199999725
        ],
        "error": ""
      },
      {
        "opening_name": "startpos",
        "opening_fen": "rnbqkbnr/pppppppp/8/8/8/8/PPPPPPPP/RNBQKBNR w KQkq - 0 1",
        "result": "draw",
        "score_a": 0.5,
        "plies": 13,
        "adjudicated": false,
        "player_a_color": "black",
        "player_a_timeouts": 0,
        "player_b_timeouts": 0,
        "player_a_moves": 6,
        "player_b_moves": 7,
        "player_a_crashes": 0,
        "player_b_crashes": 0,
        "response_times_ms": [
          196.3077080000062,
          196.35312500000168,
          196.0378750000018,
          196.08916599999304,
          196.10104199999512,
          196.44970800000294,
          196.52974999999628,
          196.45995799999127,
          196.31383299999072,
          196.49425000000065,
          196.25583299999505,
          196.40604199999245,
          196.2413749999996
        ],
        "error": ""
      },
      {
        "opening_name": "queens_pawn",
        "opening_fen": "rnbqkbnr/ppp1pppp/8/3p4/3P4/8/PPP1PPPP/RNBQKBNR w KQkq - 0 2",
        "result": "loss",
        "score_a": 0.0,
        "plies": 20,
        "adjudicated": true,
        "player_a_color": "white",
        "player_a_timeouts": 0,
        "player_b_timeouts": 0,
        "player_a_moves": 10,
        "player_b_moves": 10,
        "player_a_crashes": 0,
        "player_b_crashes": 0,
        "response_times_ms": [
          196.09245799999542,
          196.30562500000792,
          196.08433399999114,
          196.32312500000637,
          196.18895800000757,
          196.08650000000694,
          196.3054590000013,
          196.2008329999918,
          196.11508299999514,
          196.23987499998918,
          196.5045000000032,
          196.25583300000926,
          196.03395899999043,
          196.12583300001063,
          196.26854199999855,
          196.03725000000338,
          196.64912500000753,
          196.1912080000019,
          196.26283399999522,
          196.31533300000115
        ],
        "error": ""
      },
      {
        "opening_name": "queens_pawn",
        "opening_fen": "rnbqkbnr/ppp1pppp/8/3p4/3P4/8/PPP1PPPP/RNBQKBNR w KQkq - 0 2",
        "result": "win",
        "score_a": 1.0,
        "plies": 20,
        "adjudicated": true,
        "player_a_color": "black",
        "player_a_timeouts": 0,
        "player_b_timeouts": 0,
        "player_a_moves": 10,
        "player_b_moves": 10,
        "player_a_crashes": 0,
        "player_b_crashes": 0,
        "response_times_ms": [
          196.14833299999646,
          196.10316700000396,
          196.33304199999202,
          196.08808299999225,
          196.48154099999715,
          196.11670800000525,
          196.3099580000005,
          196.16050000000484,
          196.21037500000682,
          196.23329099999864,
          196.125459000001,
          196.18595800000094,
          196.24124999999992,
          196.13391699999738,
          196.34745899999473,
          196.17149999999128,
          196.29029100001105,
          196.1129580000005,
          196.14674999999693,
          196.2511250000034
        ],
        "error": ""
      },
      {
        "opening_name": "ruy_lopez",
        "opening_fen": "r1bqkbnr/pppp1ppp/2n5/1B2p3/4P3/5N2/PPPP1PPP/RNBQK2R b KQkq - 3 3",
        "result": "draw",
        "score_a": 0.5,
        "plies": 17,
        "adjudicated": false,
        "player_a_color": "white",
        "player_a_timeouts": 0,
        "player_b_timeouts": 0,
        "player_a_moves": 8,
        "player_b_moves": 9,
        "player_a_crashes": 0,
        "player_b_crashes": 0,
        "response_times_ms": [
          196.5395830000034,
          196.0854160000025,
          196.12937499999816,
          196.20804199999498,
          196.1822909999995,
          196.07141699999886,
          196.17579200000534,
          196.24120800000355,
          196.05829200000358,
          196.37774999999635,
          196.46420800000897,
          196.3387910000023,
          196.54170900000167,
          196.385707999994,
          196.15941700000405,
          196.2802919999973,
          196.17170799999428
        ],
        "error": ""
      },
      {
        "opening_name": "ruy_lopez",
        "opening_fen": "r1bqkbnr/pppp1ppp/2n5/1B2p3/4P3/5N2/PPPP1PPP/RNBQK2R b KQkq - 3 3",
        "result": "draw",
        "score_a": 0.5,
        "plies": 17,
        "adjudicated": false,
        "player_a_color": "black",
        "player_a_timeouts": 0,
        "player_b_timeouts": 0,
        "player_a_moves": 9,
        "player_b_moves": 8,
        "player_a_crashes": 0,
        "player_b_crashes": 0,
        "response_times_ms": [
          196.09670900000253,
          196.38774999999953,
          196.1537079999971,
          196.20604200000002,
          196.14208299999802,
          196.30070899999907,
          196.4318750000018,
          196.07100000000344,
          196.11062500000287,
          196.25220899999363,
          196.21841599999357,
          196.26795799999286,
          196.18583300000125,
          196.23395899999707,
          196.63900000000467,
          196.10383300000933,
          196.0742919999916
        ],
        "error": ""
      },
      {
        "opening_name": "italian_game",
        "opening_fen": "r1bqk1nr/pppp1ppp/2n5/2b1p3/2B1P3/5N2/PPPP1PPP/RNBQK2R w KQkq - 4 4",
        "result": "draw",
        "score_a": 0.5,
        "plies": 11,
        "adjudicated": false,
        "player_a_color": "white",
        "player_a_timeouts": 0,
        "player_b_timeouts": 0,
        "player_a_moves": 6,
        "player_b_moves": 5,
        "player_a_crashes": 0,
        "player_b_crashes": 0,
        "response_times_ms": [
          196.07495800001118,
          196.22795799999437,
          196.04333300000576,
          196.56533299999523,
          196.24533300000735,
          196.20175000000017,
          196.0402499999958,
          196.66016700000455,
          196.11345799999924,
          196.7492919999927,
          196.0883750000022
        ],
        "error": ""
      },
      {
        "opening_name": "italian_game",
        "opening_fen": "r1bqk1nr/pppp1ppp/2n5/2b1p3/2B1P3/5N2/PPPP1PPP/RNBQK2R w KQkq - 4 4",
        "result": "draw",
        "score_a": 0.5,
        "plies": 11,
        "adjudicated": false,
        "player_a_color": "black",
        "player_a_timeouts": 0,
        "player_b_timeouts": 0,
        "player_a_moves": 5,
        "player_b_moves": 6,
        "player_a_crashes": 0,
        "player_b_crashes": 0,