{
  "feedback_source": "self_play",
  "summary": {
    "games": 16,
    "wins_a": 2,
    "losses_a": 2,
    "draws": 12,
    "score_a": 8.0,
    "mean_score_a": 0.5,
    "game_scores_a": [
      0.5,
      0.5,
      0.0,
      1.0,
      0.5,
      0.5,
      0.5,
      0.5,
      1.0,
      0.0,
      0.5,
      0.5,
      0.5,
      0.5,
      0.5,
      0.5
    ],
    "player_a_moves": 122,
    "player_b_moves": 123,
    "player_a_timeouts": 0,
    "player_b_timeouts": 0,
    "player_a_crashes": 0,
    "player_b_crashes": 0,
    "results": [
      {
        "opening_name": "startpos",
        "opening_fen": "rnbqkbnr/pppppppp/8/8/8/8/PPPPPPPP/RNBQKBNR w KQkq - 0 1",
        "result": "draw",
        "score_a": 0.5,
        "plies": 13,
        "adjudicated": false,
        "player_a_color": "white",
        "player_a_timeouts": 0,
        "player_b_timeouts": 0,
        "player_a_moves": 7,
        "player_b_moves": 6,
        "player_a_crashes": 0,
        "player_b_crashes": 0,
        "response_times_ms": [
          196.10287500000823,
          196.2498330000102,
          196.10779099998865,
          196.18837500000552,
          196.54037499999788,
          196.19487500000332,
          196.55783399998938,
          196.2220000000059,
          196.16537499999254,
          196.43466700000545,
          196.52795900000797,
          196.38575000000458,
          196.0882919999989
        ],
        "error": ""
      },
      {
        "opening_name": "startpos",
        "opening_fen": "rnbqkbnr/pppppppp/8/8/8/8/PPPPPPPP/RNBQKBNR w KQkq - 0 1",
        "result": "draw",
        "score_a": 0.5,
        "plies": 13,
        "adjudicated": false,
        "player_a_color": "black",
        "player_a_timeouts": 0,
        "player_b_timeouts": 0,
        "player_a_moves": 6,
        "player_b_moves": 7,
        "player_a_crashes": 0,
        "player_b_crashes": 0,
        "response_times_ms": [
          196.0485000000034,
          196.16949999999633,
          196.12620800000968,
          196.32624999999848,
          196.1034589999997,
          196.47458400000062,
          196.30266699999765,
          196.058917000002,
          196.53025000000923,
          196.29279199999417,
          196.3284170000037,
          196.4785830000011,
          196.21337499999925
        ],
        "error": ""
      },
      {
        "opening_name": "queens_pawn",
        "opening_fen": "rnbqkbnr/ppp1pppp/8/3p4/3P4/8/PPP1PPPP/RNBQKBNR w KQkq - 0 2",
        "result": "loss",
        "score_a": 0.0,
        "plies": 20,
        "adjudicated": true,
        "player_a_color": "white",
        "player_a_timeouts": 0,
        "player_b_timeouts": 0,
        "player_a_moves": 10,
        "player_b_moves": 10,
        "player_a_crashes": 0,
        "player_b_crashes": 0,
        "response_times_ms": [
          196.58041700000695,
          196.67920800000616,
          196.27279200000203,
          196.29400000000885,
          196.2398750000034,
          196.39349999999922,
          196.5610410000096,
          196.53691599999945,
          196.31074999999498,
          196.05608399999142,
          196.385915999997,
          196.2398750000034,
          196.16450000000896,
          196.13004200000717,
          196.2543749999952,
          196.1269589999972,
          196.34579099999883,
          196.14533300000403,
          196.28237499999557,
          196.0605419999979
        ],
        "error": ""
      },
      {
        "opening_name": "queens_pawn",
        "opening_fen": "rnbqkbnr/ppp1pppp/8/3p4/3P4/8/PPP1PPPP/RNBQKBNR w KQkq - 0 2",
        "result": "win",
        "score_a": 1.0,
        "plies": 20,
        "adjudicated": true,
        "player_a_color": "black",
        "player_a_timeouts": 0,
        "player_b_timeouts": 0,
        "player_a_moves": 10,
        "player_b_moves": 10,
        "player_a_crashes": 0,
        "player_b_crashes": 0,
        "response_times_ms": [
          196.63329200000135,
          196.08237500000314,
          196.1746249999976,
          196.06954099999996,
          196.0812080000096,
          196.56170799999018,
          196.19295800001169,
          196.26958300000297,
          196.487999999988,
          196.2049580000098,
          196.1878329999962,
          196.20483300001013,
          196.1271670000002,
          196.19420799999432,
          196.0772079999913,
          196.22233300000858,
          196.50154199999292,
          196.08700000000567,
          196.1102920000002,
          196.0459169999922
        ],
        "error": ""
      },
      {
        "opening_name": "ruy_lopez",
        "opening_fen": "r1bqkbnr/pppp1ppp/2n5/1B2p3/4P3/5N2/PPPP1PPP/RNBQK2R b KQkq - 3 3",
        "result": "draw",
        "score_a": 0.5,
        "plies": 17,
        "adjudicated": false,
        "player_a_color": "white",
        "player_a_timeouts": 0,
        "player_b_timeouts": 0,
        "player_a_moves": 8,
        "player_b_moves": 9,
        "player_a_crashes": 0,
        "player_b_crashes": 0,
        "response_times_ms": [
          196.34295800000245,
          196.05083399999046,
          196.0318339999958,
          196.3845420000041,
          196.17945899999256,
          196.2744589999943,
          196.39437500001122,
          196.24174999999866,
          196.17533299999934,
          196.56912499999635,
          196.26933399999302,
          196.16716599999506,
          196.60987499999294,
          196.04412500000024,
          196.59220900000207,
          196.22312500000305,
          196.40270800000792
        ],
        "error": ""
      },
      {
        "opening_name": "ruy_lopez",
        "opening_fen": "r1bqkbnr/pppp1ppp/2n5/1B2p3/4P3/5N2/PPPP1PPP/RNBQK2R b KQkq - 3 3",
        "result": "draw",
        "score_a": 0.5,
        "plies": 17,
        "adjudicated": false,
        "player_a_color": "black",
        "player_a_timeouts": 0,
        "player_b_timeouts": 0,
        "player_a_moves": 9,
        "player_b_moves": 8,
        "player_a_crashes": 0,
        "player_b_crashes": 0,
        "response_times_ms": [
          196.09800000000632,
          196.39866700001107,
          196.54454199999805,
          196.10841600000128,
          196.26612500000817,
          196.29641699999922,
          196.3279579999977,
          196.02795899999137,
          196.18804200000284,
          196.2047499999926,
          196.52654100001143,
          196.04287499998918,
          196.092500000006,
          196.07562499999176,
          196.48037499999305,
          196.32783400000164,
          196.22337500000242
        ],
        "error": ""
      },
      {
        "opening_name": "italian_game",
        "opening_fen": "r1bqk1nr/pppp1ppp/2n5/2b1p3/2B1P3/5N2/PPPP1PPP/RNBQK2R w KQkq - 4 4",
        "result": "draw",
        "score_a": 0.5,
        "plies": 11,
        "adjudicated": false,
        "player_a_color": "white",
        "player_a_timeouts": 0,
        "player_b_timeouts": 0,
        "player_a_moves": 6,
        "player_b_moves": 5,
        "player_a_crashes": 0,
        "player_b_crashes": 0,
        "response_times_ms": [
          196.4342499999958,
          196.3098749999972,
          196.10112499999843,
          196.49979199999734,
          196.3510419999892,
          196.35999999999854,
          196.0858749999943,
          196.06904100000122,
          196.24945900000057,
          196.2098329999975,
          196.62208300000827
        ],
        "error": ""
      },
      {
        "opening_name": "italian_game",
        "opening_fen": "r1bqk1nr/pppp1ppp/2n5/2b1p3/2B1P3/5N2/PPPP1PPP/RNBQK2R w KQkq - 4 4",
        "result": "draw",
        "score_a": 0.5,
        "plies": 11,
        "adjudicated": false,
        "player_a_color": "black",
        "player_a_timeouts": 0,
        "player_b_timeouts": 0,
        "player_a_moves": 5,
        "player_b_moves": 6,
        "player_a_crashes": 0,
        "player_b_crashes": 0,