{
  "feedback_source": "self_play",
  "summary": {
    "games": 16,
    "wins_a": 2,
    "losses_a": 2,
    "draws": 12,
    "score_a": 8.0,
    "mean_score_a": 0.5,
    "game_scores_a": [
      0.5,
      0.5,
      0.0,
      1.0,
      0.5,
      0.5,
      0.5,
      0.5,
      1.0,
      0.0,
      0.5,
      0.5,
      0.5,
      0.5,
      0.5,
      0.5
    ],
    "player_a_moves": 121,
    "player_b_moves": 121,
    "player_a_timeouts": 0,
    "player_b_timeouts": 0,
    "player_a_crashes": 0,
    "player_b_crashes": 0,
    "results": [
      {
        "opening_name": "startpos",
        "opening_fen": "rnbqkbnr/pppppppp/8/8/8/8/PPPPPPPP/RNBQKBNR w KQkq - 0 1",
        "result": "draw",
        "score_a": 0.5,
        "plies": 13,
        "adjudicated": false,
        "player_a_color": "white",
        "player_a_timeouts": 0,
        "player_b_timeouts": 0,
        "player_a_moves": 7,
        "player_b_moves": 6,
        "player_a_crashes": 0,
        "player_b_crashes": 0,
        "response_times_ms": [
          196.463167,
          196.07637499999996,
          196.21462499999998,
          196.1060000000001,
          196.53549999999998,
          196.04654199999993,
          196.47770899999983,
          196.24137500000006,
          196.74191600000012,
          196.36245899999994,
          196.4024590000002,
          196.4654170000002,
          196.29116700000003
        ],
        "error": ""
      },
      {
        "opening_name": "startpos",
        "opening_fen": "rnbqkbnr/pppppppp/8/8/8/8/PPPPPPPP/RNBQKBNR w KQkq - 0 1",
        "result": "draw",
        "score_a": 0.5,
        "plies": 13,
        "adjudicated": false,
        "player_a_color": "black",
        "player_a_timeouts": 0,
        "player_b_timeouts": 0,
        "player_a_moves": 6,
        "player_b_moves": 7,
        "player_a_crashes": 0,
        "player_b_crashes": 0,
        "response_times_ms": [
          196.2490830000001,
          196.32300000000004,
          196.3076250000002,
          196.22975000000008,
          196.26074999999997,
          196.05183299999985,
          196.22520900000006,
          196.21787499999942,
          196.49304200000017,
          196.1699999999995,
          196.28583399999934,
          196.41570799999997,
          196.33449999999985
        ],
        "error": ""
      },
      {
        "opening_name": "queens_pawn",
        "opening_fen": "rnbqkbnr/ppp1pppp/8/3p4/3P4/8/PPP1PPPP/RNBQKBNR w KQkq - 0 2",
        "result": "loss",
        "score_a": 0.0,
        "plies": 20,
        "adjudicated": true,
        "player_a_color": "white",
        "player_a_timeouts": 0,
        "player_b_timeouts": 0,
        "player_a_moves": 10,
        "player_b_moves": 10,
        "player_a_crashes": 0,
        "player_b_crashes": 0,
        "response_times_ms": [
          196.16195899999946,
          196.22408299999972,
          196.50720800000076,
          196.22466700000007,
          196.4207499999997,
          196.2181249999997,
          196.36441699999983,
          196.21508300000022,
          196.23879199999993,
          196.24095800000063,
          196.17179200000035,
          196.08908400000047,
          196.20579199999978,
          196.2017920000001,
          196.0576669999998,
          196.08212500000022,
          196.1564160000009,
          196.08399999999904,
          196.25395799999978,
          196.14579200000117
        ],
        "error": ""
      },
      {
        "opening_name": "queens_pawn",
        "opening_fen": "rnbqkbnr/ppp1pppp/8/3p4/3P4/8/PPP1PPPP/RNBQKBNR w KQkq - 0 2",
        "result": "win",
        "score_a": 1.0,
        "plies": 20,
        "adjudicated": true,
        "player_a_color": "black",
        "player_a_timeouts": 0,
        "player_b_timeouts": 0,
        "player_a_moves": 10,
        "player_b_moves": 10,
        "player_a_crashes": 0,
        "player_b_crashes": 0,
        "response_times_ms": [
          196.20129100000128,
          196.37066700000005,
          196.06116600000155,
          196.30241700000005,
          196.25166700000028,
          196.0386249999999,
          196.0881669999992,
          196.32675000000077,
          196.3998750000009,
          196.21899999999926,
          196.17537499999926,
          196.10041700000025,
          196.05133299999977,
          196.18862500000134,
          196.46558300000015,
          196.11987499999907,
          196.6280420000004,
          196.0439160000007,
          196.27904200000046,
          196.1217909999995
        ],
        "error": ""
      },
      {
        "opening_name": "ruy_lopez",
        "opening_fen": "r1bqkbnr/pppp1ppp/2n5/1B2p3/4P3/5N2/PPPP1PPP/RNBQK2R b KQkq - 3 3",
        "result": "draw",
        "score_a": 0.5,
        "plies": 17,
        "adjudicated": false,
        "player_a_color": "white",
        "player_a_timeouts": 0,
        "player_b_timeouts": 0,
        "player_a_moves": 8,
        "player_b_moves": 9,
        "player_a_crashes": 0,
        "player_b_crashes": 0,
        "response_times_ms": [
          196.1908329999993,
          196.19879100000048,
          196.04570799999976,
          196.04700000000008,
          196.2552079999984,
          196.4693749999995,
          196.14325000000042,
          196.21358400000054,
          196.04691700000032,
          196.29308300000048,
          196.26029099999977,
          196.13299999999967,
          196.26420799999877,
          196.02450000000005,
          196.12920799999856,
          196.20145799999733,
          196.13387499999746
        ],
        "error": ""
      },
      {
        "opening_name": "ruy_lopez",
        "opening_fen": "r1bqkbnr/pppp1ppp/2n5/1B2p3/4P3/5N2/PPPP1PPP/RNBQK2R b KQkq - 3 3",
        "result": "draw",
        "score_a": 0.5,
        "plies": 17,
        "adjudicated": false,
        "player_a_color": "black",
        "player_a_timeouts": 0,
        "player_b_timeouts": 0,
        "player_a_moves": 9,
        "player_b_moves": 8,
        "player_a_crashes": 0,
        "player_b_crashes": 0,
        "response_times_ms": [
          196.28258299999857,
          196.2646250000013,
          196.03766599999872,
          196.14087499999755,
          196.18004200000172,
          196.62937500000055,
          196.37908300000007,
          196.2382920000003,
          196.09229199999945,
          196.1693750000002,
          196.12024999999988,
          196.32491700000188,
          196.40945900000162,
          196.35970899999933,
          196.13583399999968,
          196.48083299999897,
          196.07237499999997
        ],
        "error": ""
      },
      {
        "opening_name": "italian_game",
        "opening_fen": "r1bqk1nr/pppp1ppp/2n5/2b1p3/2B1P3/5N2/PPPP1PPP/RNBQK2R w KQkq - 4 4",
        "result": "draw",
        "score_a": 0.5,
        "plies": 11,
        "adjudicated": false,
        "player_a_color": "white",
        "player_a_timeouts": 0,
        "player_b_timeouts": 0,
        "player_a_moves": 6,
        "player_b_moves": 5,
        "player_a_crashes": 0,
        "player_b_crashes": 0,
        "response_times_ms": [
          196.11695800000106,
          196.17850000000203,
          196.577290999997,
          196.26391699999957,
          196.07495800000052,
          196.30070900000263,
          196.50324999999924,
          196.54004199999875,
          196.12275000000068,
          196.49649999999852,
          196.16137500000264
        ],
        "error": ""
      },
      {
        "opening_name": "italian_game",
        "opening_fen": "r1bqk1nr/pppp1ppp/2n5/2b1p3/2B1P3/5N2/PPPP1PPP/RNBQK2R w KQkq - 4 4",
        "result": "draw",
        "score_a": 0.5,
        "plies": 11,
        "adjudicated": false,
        "player_a_color": "black",
        "player_a_timeouts": 0,
        "player_b_timeouts": 0,
        "player_a_moves": 5,
        "player_b_moves": 6,
        "player_a_crashes": 0,
        "player_b_crashes": 0,