{
  "feedback_source": "self_play",
  "summary": {
    "games": 16,
    "wins_a": 2,
    "losses_a": 2,
    "draws": 12,
    "score_a": 8.0,
    "mean_score_a": 0.5,
    "game_scores_a": [
      0.5,
      0.5,
      0.0,
      1.0,
      0.5,
      0.5,
      0.5,
      0.5,
      1.0,
      0.0,
      0.5,
      0.5,
      0.5,
      0.5,
      0.5,
      0.5
    ],
    "player_a_moves": 116,
    "player_b_moves": 116,
    "player_a_timeouts": 0,
    "player_b_timeouts": 0,
    "player_a_crashes": 0,
    "player_b_crashes": 0,
    "results": [
      {
        "opening_name": "startpos",
        "opening_fen": "rnbqkbnr/pppppppp/8/8/8/8/PPPPPPPP/RNBQKBNR w KQkq - 0 1",
        "result": "draw",
        "score_a": 0.5,
        "plies": 13,
        "adjudicated": false,
        "player_a_color": "white",
        "player_a_timeouts": 0,
        "player_b_timeouts": 0,
        "player_a_moves": 7,
        "player_b_moves": 6,
        "player_a_crashes": 0,
        "player_b_crashes": 0,
        "response_times_ms": [
          196.16962499999602,
          196.1205409999991,
          196.6737500000022,
          196.17141700000218,
          196.31037499999593,
          196.4562499999971,
          196.87033300000678,
          196.0635410000009,
          197.25937500000157,
          196.2028339999904,
          196.34483299999772,
          196.38941600000237,
          196.55916700000375
        ],
        "error": ""
      },
      {
        "opening_name": "startpos",
        "opening_fen": "rnbqkbnr/pppppppp/8/8/8/8/PPPPPPPP/RNBQKBNR w KQkq - 0 1",
        "result": "draw",
        "score_a": 0.5,
        "plies": 13,
        "adjudicated": false,
        "player_a_color": "black",
        "player_a_timeouts": 0,
        "player_b_timeouts": 0,
        "player_a_moves": 6,
        "player_b_moves": 7,
        "player_a_crashes": 0,
        "player_b_crashes": 0,
        "response_times_ms": [
          196.44387499999993,
          196.12320800000305,
          196.7967500000043,
          196.35012500000926,
          196.06445800000927,
          196.34191700001224,
          196.29083300000616,
          196.13808300000812,
          196.2647919999938,
          196.07424999999523,
          196.5288749999985,
          196.22616600000242,
          196.56687500000203
        ],
        "error": ""
      },
      {
        "opening_name": "queens_pawn",
        "opening_fen": "rnbqkbnr/ppp1pppp/8/3p4/3P4/8/PPP1PPPP/RNBQKBNR w KQkq - 0 2",
        "result": "loss",
        "score_a": 0.0,
        "plies": 20,
        "adjudicated": true,
        "player_a_color": "white",
        "player_a_timeouts": 0,
        "player_b_timeouts": 0,
        "player_a_moves": 10,
        "player_b_moves": 10,
        "player_a_crashes": 0,
        "player_b_crashes": 0,
        "response_times_ms": [
          196.08250000000282,
          196.1289169999958,
          196.11637500000256,
          196.31470800000272,
          196.2326250000075,
          196.13100000000827,
          196.08787499998925,
          196.12762500000258,
          196.3275419999917,
          196.35258300000658,
          196.57070799999588,
          196.04162500000655,
          196.64720900000532,
          196.46312500000818,
          196.3890829999997,
          196.18454199999746,
          196.13987500000007,
          196.47450000000788,
          196.27933299999256,
          196.2382500000075
        ],
        "error": ""
      },
      {
        "opening_name": "queens_pawn",
        "opening_fen": "rnbqkbnr/ppp1pppp/8/3p4/3P4/8/PPP1PPPP/RNBQKBNR w KQkq - 0 2",
        "result": "win",
        "score_a": 1.0,
        "plies": 20,
        "adjudicated": true,
        "player_a_color": "black",
        "player_a_timeouts": 0,
        "player_b_timeouts": 0,
        "player_a_moves": 10,
        "player_b_moves": 10,
        "player_a_crashes": 0,
        "player_b_crashes": 0,
        "response_times_ms": [
          196.20666699999845,
          196.08866700001215,
          196.32695800000022,
          196.35149999999157,
          196.05320799999504,
          196.21062499999198,
          196.5644170000047,
          196.15558300000657,
          196.2750830000033,
          196.3913750000046,
          196.46508300000676,
          196.04783399999803,
          196.05845899999963,
          196.15333299999804,
          196.2005419999997,
          196.12345800000242,
          196.66058299999634,
          196.18137500000898,
          196.33458299999518,
          196.1177079999885
        ],
        "error": ""
      },
      {
        "opening_name": "ruy_lopez",
        "opening_fen": "r1bqkbnr/pppp1ppp/2n5/1B2p3/4P3/5N2/PPPP1PPP/RNBQK2R b KQkq - 3 3",
        "result": "draw",
        "score_a": 0.5,
        "plies": 12,
        "adjudicated": false,
        "player_a_color": "white",
        "player_a_timeouts": 0,
        "player_b_timeouts": 0,
        "player_a_moves": 6,
        "player_b_moves": 6,
        "player_a_crashes": 0,
        "player_b_crashes": 0,
        "response_times_ms": [
          196.3739999999916,
          196.36845899999855,
          196.05320899999867,
          196.24616599999456,
          196.28470900001105,
          196.25608399999805,
          196.02904199999216,
          196.24095800000418,
          196.14675000001114,
          196.3643750000017,
          196.3639159999957,
          196.0443749999996
        ],
        "error": ""
      },
      {
        "opening_name": "ruy_lopez",
        "opening_fen": "r1bqkbnr/pppp1ppp/2n5/1B2p3/4P3/5N2/PPPP1PPP/RNBQK2R b KQkq - 3 3",
        "result": "draw",
        "score_a": 0.5,
        "plies": 12,
        "adjudicated": false,
        "player_a_color": "black",
        "player_a_timeouts": 0,
        "player_b_timeouts": 0,
        "player_a_moves": 6,
        "player_b_moves": 6,
        "player_a_crashes": 0,
        "player_b_crashes": 0,
        "response_times_ms": [
          196.55579199999806,
          196.37924999999257,
          196.4757920000011,
          196.72850000000608,
          196.23245799999722,
          196.34962500001052,
          196.11916600000256,
          196.1763750000074,
          196.42554200000006,
          196.05037499999867,
          196.39879100000712,
          196.18404199999873
        ],
        "error": ""
      },
      {
        "opening_name": "italian_game",
        "opening_fen": "r1bqk1nr/pppp1ppp/2n5/2b1p3/2B1P3/5N2/PPPP1PPP/RNBQK2R w KQkq - 4 4",
        "result": "draw",
        "score_a": 0.5,
        "plies": 11,
        "adjudicated": false,
        "player_a_color": "white",
        "player_a_timeouts": 0,
        "player_b_timeouts": 0,
        "player_a_moves": 6,
        "player_b_moves": 5,
        "player_a_crashes": 0,
        "player_b_crashes": 0,
        "response_times_ms": [
          196.08591699999067,
          196.13525000001175,
          196.4963750000095,
          196.7145830000021,
          196.0824999999886,
          196.2727910000126,
          196.24529099999677,
          196.67887500000347,
          196.2775410000006,
          196.2113750000043,
          196.20700000000113
        ],
        "error": ""
      },
      {
        "opening_name": "italian_game",
        "opening_fen": "r1bqk1nr/pppp1ppp/2n5/2b1p3/2B1P3/5N2/PPPP1PPP/RNBQK2R w KQkq - 4 4",
        "result": "draw",
        "score_a": 0.5,
        "plies": 11,
        "adjudicated": false,
        "player_a_color": "black",
        "player_a_timeouts": 0,
        "player_b_timeouts": 0,
        "player_a_moves": 5,
        "player_b_moves": 6,
        "player_a_crashes": 0,
        "player_b_crashes": 0,