{
  "feedback_source": "self_play",
  "summary": {
    "games": 16,
    "wins_a": 2,
    "losses_a": 2,
    "draws": 12,
    "score_a": 8.0,
    "mean_score_a": 0.5,
    "game_scores_a": [
      0.5,
      0.5,
      0.0,
      1.0,
      0.5,
      0.5,
      0.5,
      0.5,
      1.0,
      0.0,
      0.5,
      0.5,
      0.5,
      0.5,
      0.5,
      0.5
    ],
    "player_a_moves": 122,
    "player_b_moves": 122,
    "player_a_timeouts": 0,
    "player_b_timeouts": 0,
    "player_a_crashes": 0,
    "player_b_crashes": 0,
    "results": [
      {
        "opening_name": "startpos",
        "opening_fen": "rnbqkbnr/pppppppp/8/8/8/8/PPPPPPPP/RNBQKBNR w KQkq - 0 1",
        "result": "draw",
        "score_a": 0.5,
        "plies": 13,
        "adjudicated": false,
        "player_a_color": "white",
        "player_a_timeouts": 0,
        "player_b_timeouts": 0,
        "player_a_moves": 7,
        "player_b_moves": 6,
        "player_a_crashes": 0,
        "player_b_crashes": 0,
        "response_times_ms": [
          196.544792,
          196.68654200000003,
          196.13291700000002,
          196.39379200000008,
          196.42416699999998,
          196.11533300000005,
          196.18225000000012,
          196.6833750000001,
          196.1210830000002,
          196.05979200000024,
          196.3187089999998,
          196.29491599999983,
          196.24237499999975
        ],
        "error": ""
      },
      {
        "opening_name": "startpos",
        "opening_fen": "rnbqkbnr/pppppppp/8/8/8/8/PPPPPPPP/RNBQKBNR w KQkq - 0 1",
        "result": "draw",
        "score_a": 0.5,
        "plies": 13,
        "adjudicated": false,
        "player_a_color": "black",
        "player_a_timeouts": 0,
        "player_b_timeouts": 0,
        "player_a_moves": 6,
        "player_b_moves": 7,
        "player_a_crashes": 0,
        "player_b_crashes": 0,
        "response_times_ms": [
          196.1447920000001,
          196.2124169999999,
          196.33954200000002,
          196.14633299999974,
          196.69625000000002,
          196.45016700000008,
          196.46474999999964,
          196.13087499999972,
          196.7024999999998,
          196.22500000000008,
          196.3458339999997,
          196.55970799999966,
          196.1799589999993
        ],
        "error": ""
      },
      {
        "opening_name": "queens_pawn",
        "opening_fen": "rnbqkbnr/ppp1pppp/8/3p4/3P4/8/PPP1PPPP/RNBQKBNR w KQkq - 0 2",
        "result": "loss",
        "score_a": 0.0,
        "plies": 20,
        "adjudicated": true,
        "player_a_color": "white",
        "player_a_timeouts": 0,
        "player_b_timeouts": 0,
        "player_a_moves": 10,
        "player_b_moves": 10,
        "player_a_crashes": 0,
        "player_b_crashes": 0,
        "response_times_ms": [
          196.39654199999956,
          196.58370799999946,
          196.32766699999937,
          196.1581670000001,
          196.26725,
          196.518792,
          196.20375000000047,
          196.4805829999996,
          196.23504200000053,
          196.03566699999942,
          196.18366600000047,
          196.51562499999997,
          196.04804199999927,
          196.16737499999994,
          196.10695799999968,
          196.51804099999913,
          196.19770800000146,
          196.2488340000004,
          196.0940409999985,
          196.190541
        ],
        "error": ""
      },
      {
        "opening_name": "queens_pawn",
        "opening_fen": "rnbqkbnr/ppp1pppp/8/3p4/3P4/8/PPP1PPPP/RNBQKBNR w KQkq - 0 2",
        "result": "win",
        "score_a": 1.0,
        "plies": 20,
        "adjudicated": true,
        "player_a_color": "black",
        "player_a_timeouts": 0,
        "player_b_timeouts": 0,
        "player_a_moves": 10,
        "player_b_moves": 10,
        "player_a_crashes": 0,
        "player_b_crashes": 0,
        "response_times_ms": [
          196.40900000000096,
          196.3255419999985,
          196.2483749999997,
          196.73408299999906,
          196.51420799999997,
          196.10712499999926,
          196.28304100000094,
          196.14741699999882,
          196.24408299999985,
          196.29975000000144,
          196.22666700000124,
          196.27845800000011,
          196.11499999999893,
          196.16458299999982,
          196.0309999999996,
          196.07504200000037,
          196.22229199999987,
          196.21945799999986,
          196.1602090000003,
          196.18787499999968
        ],
        "error": ""
      },
      {
        "opening_name": "ruy_lopez",
        "opening_fen": "r1bqkbnr/pppp1ppp/2n5/1B2p3/4P3/5N2/PPPP1PPP/RNBQK2R b KQkq - 3 3",
        "result": "draw",
        "score_a": 0.5,
        "plies": 17,
        "adjudicated": false,
        "player_a_color": "white",
        "player_a_timeouts": 0,
        "player_b_timeouts": 0,
        "player_a_moves": 8,
        "player_b_moves": 9,
        "player_a_crashes": 0,
        "player_b_crashes": 0,
        "response_times_ms": [
          196.10233300000067,
          196.65424999999993,
          196.24658300000064,
          196.06608299999982,
          196.4655420000003,
          196.12887499999943,
          196.23491700000173,
          196.05741700000044,
          196.23400000000046,
          196.086459,
          196.2611670000012,
          196.15412499999962,
          196.1862080000003,
          196.13000000000014,
          196.54804199999987,
          196.18933400000316,
          196.58966700000136
        ],
        "error": ""
      },
      {
        "opening_name": "ruy_lopez",
        "opening_fen": "r1bqkbnr/pppp1ppp/2n5/1B2p3/4P3/5N2/PPPP1PPP/RNBQK2R b KQkq - 3 3",
        "result": "draw",
        "score_a": 0.5,
        "plies": 17,
        "adjudicated": false,
        "player_a_color": "black",
        "player_a_timeouts": 0,
        "player_b_timeouts": 0,
        "player_a_moves": 9,
        "player_b_moves": 8,
        "player_a_crashes": 0,
        "player_b_crashes": 0,
        "response_times_ms": [
          196.10916699999947,
          196.15383400000042,
          196.4569580000024,
          196.15183299999828,
          196.08962499999905,
          196.46875000000108,
          196.03770799999864,
          196.07112499999957,
          196.08329200000085,
          196.1550410000008,
          196.67283400000102,
          196.21912499999894,
          196.6214579999992,
          196.25387500000002,
          196.27354100000005,
          196.0702079999983,
          196.11224999999877
        ],
        "error": ""
      },
      {
        "opening_name": "italian_game",
        "opening_fen": "r1bqk1nr/pppp1ppp/2n5/2b1p3/2B1P3/5N2/PPPP1PPP/RNBQK2R w KQkq - 4 4",
        "result": "draw",
        "score_a": 0.5,
        "plies": 11,
        "adjudicated": false,
        "player_a_color": "white",
        "player_a_timeouts": 0,
        "player_b_timeouts": 0,
        "player_a_moves": 6,
        "player_b_moves": 5,
        "player_a_crashes": 0,
        "player_b_crashes": 0,
        "response_times_ms": [
          196.03449999999967,
          196.05083400000112,
          196.22558300000037,
          196.5192920000014,
          196.17025000000154,
          196.12920799999856,
          196.1179580000021,
          196.16308400000193,
          196.58058299999936,
          196.24520900000064,
          196.55254199999916
        ],
        "error": ""
      },
      {
        "opening_name": "italian_game",
        "opening_fen": "r1bqk1nr/pppp1ppp/2n5/2b1p3/2B1P3/5N2/PPPP1PPP/RNBQK2R w KQkq - 4 4",
        "result": "draw",
        "score_a": 0.5,
        "plies": 11,
        "adjudicated": false,
        "player_a_color": "black",
        "player_a_timeouts": 0,
        "player_b_timeouts": 0,
        "player_a_moves": 5,
        "player_b_moves": 6,
        "player_a_crashes": 0,
        "player_b_crashes": 0,