{
  "feedback_source": "self_play",
  "summary": {
    "games": 16,
    "wins_a": 2,
    "losses_a": 2,
    "draws": 12,
    "score_a": 8.0,
    "mean_score_a": 0.5,
    "game_scores_a": [
      0.5,
      0.5,
      0.0,
      1.0,
      0.5,
      0.5,
      0.5,
      0.5,
      1.0,
      0.0,
      0.5,
      0.5,
      0.5,
      0.5,
      0.5,
      0.5
    ],
    "player_a_moves": 121,
    "player_b_moves": 121,
    "player_a_timeouts": 0,
    "player_b_timeouts": 0,
    "player_a_crashes": 0,
    "player_b_crashes": 0,
    "results": [
      {
        "opening_name": "startpos",
        "opening_fen": "rnbqkbnr/pppppppp/8/8/8/8/PPPPPPPP/RNBQKBNR w KQkq - 0 1",
        "result": "draw",
        "score_a": 0.5,
        "plies": 13,
        "adjudicated": false,
        "player_a_color": "white",
        "player_a_timeouts": 0,
        "player_b_timeouts": 0,
        "player_a_moves": 7,
        "player_b_moves": 6,
        "player_a_crashes": 0,
        "player_b_crashes": 0,
        "response_times_ms": [
          196.19120899999132,
          196.0899999999981,
          196.20458299999655,
          196.4500000000129,
          196.09220799999605,
          196.27249999999208,
          196.2494170000042,
          196.30016700000397,
          196.58091599998784,
          196.06462500000532,
          196.74420799999837,
          196.0447080000023,
          196.57129200000156
        ],
        "error": ""
      },
      {
        "opening_name": "startpos",
        "opening_fen": "rnbqkbnr/pppppppp/8/8/8/8/PPPPPPPP/RNBQKBNR w KQkq - 0 1",
        "result": "draw",
        "score_a": 0.5,
        "plies": 13,
        "adjudicated": false,
        "player_a_color": "black",
        "player_a_timeouts": 0,
        "player_b_timeouts": 0,
        "player_a_moves": 6,
        "player_b_moves": 7,
        "player_a_crashes": 0,
        "player_b_crashes": 0,
        "response_times_ms": [
          196.53412499999945,
          196.11379200000556,
          196.17745799999398,
          196.31691600000067,
          196.30279100000791,
          196.21304200001077,
          196.10012500000096,
          196.3668749999954,
          196.6827500000079,
          196.3018330000068,
          196.18083299999967,
          196.5300840000026,
          196.0931670000008
        ],
        "error": ""
      },
      {
        "opening_name": "queens_pawn",
        "opening_fen": "rnbqkbnr/ppp1pppp/8/3p4/3P4/8/PPP1PPPP/RNBQKBNR w KQkq - 0 2",
        "result": "loss",
        "score_a": 0.0,
        "plies": 20,
        "adjudicated": true,
        "player_a_color": "white",
        "player_a_timeouts": 0,
        "player_b_timeouts": 0,
        "player_a_moves": 10,
        "player_b_moves": 10,
        "player_a_crashes": 0,
        "player_b_crashes": 0,
        "response_times_ms": [
          196.53650000000766,
          196.41899999999168,
          196.26437499999838,
          196.0899999999981,
          196.3819590000071,
          196.3122500000054,
          196.47529200000236,
          196.2373749999955,
          196.25933300000042,
          196.21708300000762,
          196.71458400000574,
          196.11966700000494,
          196.08537500000978,
          196.0321250000021,
          196.13762500000576,
          196.02937500000905,
          196.32920799999454,
          196.25379199999315,
          196.11941600000193,
          196.03487499999517
        ],
        "error": ""
      },
      {
        "opening_name": "queens_pawn",
        "opening_fen": "rnbqkbnr/ppp1pppp/8/3p4/3P4/8/PPP1PPPP/RNBQKBNR w KQkq - 0 2",
        "result": "win",
        "score_a": 1.0,
        "plies": 20,
        "adjudicated": true,
        "player_a_color": "black",
        "player_a_timeouts": 0,
        "player_b_timeouts": 0,
        "player_a_moves": 10,
        "player_b_moves": 10,
        "player_a_crashes": 0,
        "player_b_crashes": 0,
        "response_times_ms": [
          196.31491699999515,
          196.5324160000108,
          196.19849999999417,
          196.52783300000465,
          196.44558299999915,
          196.43725000000245,
          196.1697500000099,
          196.22087499999452,
          196.14870899999914,
          196.1242499999969,
          196.05329100001256,
          196.04962500000056,
          196.14341599999818,
          196.04312500000276,
          196.12741699999958,
          196.2090829999994,
          196.51608399999532,
          196.26254100001006,
          196.0349580000127,
          196.03545900000086
        ],
        "error": ""
      },
      {
        "opening_name": "ruy_lopez",
        "opening_fen": "r1bqkbnr/pppp1ppp/2n5/1B2p3/4P3/5N2/PPPP1PPP/RNBQK2R b KQkq - 3 3",
        "result": "draw",
        "score_a": 0.5,
        "plies": 17,
        "adjudicated": false,
        "player_a_color": "white",
        "player_a_timeouts": 0,
        "player_b_timeouts": 0,
        "player_a_moves": 8,
        "player_b_moves": 9,
        "player_a_crashes": 0,
        "player_b_crashes": 0,
        "response_times_ms": [
          196.47654099999556,
          196.68774999999528,
          196.45366599999647,
          196.33199999999817,
          196.43120800000702,
          196.04979199999661,
          196.38904200000695,
          196.02675000000147,
          196.3999169999937,
          196.12387500001205,
          196.4695829999954,
          196.2485420000064,
          196.26875000000155,
          196.2361660000056,
          196.22883300000638,
          196.0875000000044,
          196.33637500000134
        ],
        "error": ""
      },
      {
        "opening_name": "ruy_lopez",
        "opening_fen": "r1bqkbnr/pppp1ppp/2n5/1B2p3/4P3/5N2/PPPP1PPP/RNBQK2R b KQkq - 3 3",
        "result": "draw",
        "score_a": 0.5,
        "plies": 17,
        "adjudicated": false,
        "player_a_color": "black",
        "player_a_timeouts": 0,
        "player_b_timeouts": 0,
        "player_a_moves": 9,
        "player_b_moves": 8,
        "player_a_crashes": 0,
        "player_b_crashes": 0,
        "response_times_ms": [
          196.09287499999084,
          196.2079999999986,
          196.13599999999565,
          196.5038330000084,
          196.5435829999933,
          196.21833300000446,
          196.2589159999908,
          196.15299999999536,
          196.1714579999949,
          196.23341599999833,
          196.21529100000146,
          196.58383299999116,
          196.13225000000511,
          196.50258299999734,
          196.4694579999957,
          196.43133399999613,
          196.24837500001036
        ],
        "error": ""
      },
      {
        "opening_name": "italian_game",
        "opening_fen": "r1bqk1nr/pppp1ppp/2n5/2b1p3/2B1P3/5N2/PPPP1PPP/RNBQK2R w KQkq - 4 4",
        "result": "draw",
        "score_a": 0.5,
        "plies": 11,
        "adjudicated": false,
        "player_a_color": "white",
        "player_a_timeouts": 0,
        "player_b_timeouts": 0,
        "player_a_moves": 6,
        "player_b_moves": 5,
        "player_a_crashes": 0,
        "player_b_crashes": 0,
        "response_times_ms": [
          196.19083300000284,
          196.15475000000515,
          196.1821250000071,
          196.14633400000514,
          196.43441700000608,
          196.34212500000103,
          196.23041699999533,
          196.78874999999607,
          196.32470900000953,
          196.38133299999083,
          196.40691600000082
        ],
        "error": ""
      },
      {
        "opening_name": "italian_game",
        "opening_fen": "r1bqk1nr/pppp1ppp/2n5/2b1p3/2B1P3/5N2/PPPP1PPP/RNBQK2R w KQkq - 4 4",
        "result": "draw",
        "score_a": 0.5,
        "plies": 11,
        "adjudicated": false,
        "player_a_color": "black",
        "player_a_timeouts": 0,
        "player_b_timeouts": 0,
        "player_a_moves": 5,
        "player_b_moves": 6,
        "player_a_crashes": 0,
        "player_b_crashes": 0,