{
  "feedback_source": "self_play",
  "summary": {
    "games": 16,
    "wins_a": 1,
    "losses_a": 1,
    "draws": 14,
    "score_a": 8.0,
    "mean_score_a": 0.5,
    "game_scores_a": [
      0.5,
      0.5,
      0.5,
      0.5,
      1.0,
      0.0,
      0.5,
      0.5,
      0.5,
      0.5,
      0.5,
      0.5,
      0.5,
      0.5,
      0.5,
      0.5
    ],
    "player_a_moves": 123,
    "player_b_moves": 124,
    "player_a_timeouts": 0,
    "player_b_timeouts": 0,
    "player_a_crashes": 0,
    "player_b_crashes": 0,
    "results": [
      {
        "opening_name": "startpos",
        "opening_fen": "rnbqkbnr/pppppppp/8/8/8/8/PPPPPPPP/RNBQKBNR w KQkq - 0 1",
        "result": "draw",
        "score_a": 0.5,
        "plies": 13,
        "adjudicated": false,
        "player_a_color": "white",
        "player_a_timeouts": 0,
        "player_b_timeouts": 0,
        "player_a_moves": 7,
        "player_b_moves": 6,
        "player_a_crashes": 0,
        "player_b_crashes": 0,
        "response_times_ms": [
          196.83975000000942,
          196.17970800001672,
          196.88504199999102,
          196.71516699997937,
          196.72895900001208,
          196.47299999999746,
          196.78045800000632,
          196.06837500001006,
          196.1575420000088,
          196.13383399999407,
          196.0794999999962,
          196.1300830000141,
          196.29666699998438
        ],
        "error": ""
      },
      {
        "opening_name": "startpos",
        "opening_fen": "rnbqkbnr/pppppppp/8/8/8/8/PPPPPPPP/RNBQKBNR w KQkq - 0 1",
        "result": "draw",
        "score_a": 0.5,
        "plies": 13,
        "adjudicated": false,
        "player_a_color": "black",
        "player_a_timeouts": 0,
        "player_b_timeouts": 0,
        "player_a_moves": 6,
        "player_b_moves": 7,
        "player_a_crashes": 0,
        "player_b_crashes": 0,
        "response_times_ms": [
          196.72529199999644,
          196.6453329999922,
          196.30020800002512,
          196.71079200000463,
          196.85245799999507,
          196.03583299999627,
          196.3292499999909,
          196.48641699998848,
          196.12229200001252,
          196.5357910000023,
          196.10362500000633,
          196.6109999999901,
          196.30075000000602
        ],
        "error": ""
      },
      {
        "opening_name": "queens_pawn",
        "opening_fen": "rnbqkbnr/ppp1pppp/8/3p4/3P4/8/PPP1PPPP/RNBQKBNR w KQkq - 0 2",
        "result": "draw",
        "score_a": 0.5,
        "plies": 11,
        "adjudicated": false,
        "player_a_color": "white",
        "player_a_timeouts": 0,
        "player_b_timeouts": 0,
        "player_a_moves": 6,
        "player_b_moves": 5,
        "player_a_crashes": 0,
        "player_b_crashes": 0,
        "response_times_ms": [
          196.50791600000161,
          196.3422919999971,
          196.14195799999834,
          196.60325000000967,
          200.9022499999844,
          196.5157500000032,
          196.37470800000756,
          196.101791999979,
          196.1445000000026,
          217.08154099999888,
          196.5496660000099
        ],
        "error": ""
      },
      {
        "opening_name": "queens_pawn",
        "opening_fen": "rnbqkbnr/ppp1pppp/8/3p4/3P4/8/PPP1PPPP/RNBQKBNR w KQkq - 0 2",
        "result": "draw",
        "score_a": 0.5,
        "plies": 17,
        "adjudicated": false,
        "player_a_color": "black",
        "player_a_timeouts": 0,
        "player_b_timeouts": 0,
        "player_a_moves": 8,
        "player_b_moves": 9,
        "player_a_crashes": 0,
        "player_b_crashes": 0,
        "response_times_ms": [
          196.40274999997587,
          196.30320799998913,
          196.04250000000434,
          196.64449999999078,
          196.54249999999251,
          196.18929099999605,
          196.24729200000957,
          196.17837500001656,
          196.66337500001418,
          196.43170800000576,
          196.0581249999791,
          209.8094589999846,
          196.20233300000223,
          196.57337499998562,
          196.50145800000018,
          196.7440830000271,
          196.50241700000493
        ],
        "error": ""
      },
      {
        "opening_name": "ruy_lopez",
        "opening_fen": "r1bqkbnr/pppp1ppp/2n5/1B2p3/4P3/5N2/PPPP1PPP/RNBQK2R b KQkq - 3 3",
        "result": "win",
        "score_a": 1.0,
        "plies": 20,
        "adjudicated": true,
        "player_a_color": "white",
        "player_a_timeouts": 0,
        "player_b_timeouts": 0,
        "player_a_moves": 10,
        "player_b_moves": 10,
        "player_a_crashes": 0,
        "player_b_crashes": 0,
        "response_times_ms": [
          201.04120799999237,
          196.05483399999457,
          196.392000000003,
          196.0770000000025,
          196.58687500000838,
          196.22516699999437,
          196.86979199997268,
          196.31058400000256,
          196.31775000001994,
          196.30537499998013,
          196.44337499997278,
          196.2411669999824,
          196.17008299999839,
          196.44608299998367,
          196.78270800000064,
          196.38920799999937,
          196.13695800001096,
          196.2373750000097,
          196.38212500001373,
          196.3593340000216
        ],
        "error": ""
      },
      {
        "opening_name": "ruy_lopez",
        "opening_fen": "r1bqkbnr/pppp1ppp/2n5/1B2p3/4P3/5N2/PPPP1PPP/RNBQK2R b KQkq - 3 3",
        "result": "loss",
        "score_a": 0.0,
        "plies": 20,
        "adjudicated": true,
        "player_a_color": "black",
        "player_a_timeouts": 0,
        "player_b_timeouts": 0,
        "player_a_moves": 10,
        "player_b_moves": 10,
        "player_a_crashes": 0,
        "player_b_crashes": 0,
        "response_times_ms": [
          196.05404099999646,
          196.5367090000143,
          196.14916599999788,
          196.10020799999006,
          196.30200000000286,
          196.26637499999333,
          196.61008399998536,
          196.09400000001642,
          196.29520800000932,
          196.32304199998885,
          196.19108400002006,
          196.51412500002152,
          196.29216699999574,
          196.7860420000136,
          196.126291000013,
          196.2607090000006,
          196.42020800000637,
          196.24220899999045,
          196.54791700000374,
          196.22433300000353
        ],
        "error": ""
      },
      {
        "opening_name": "italian_game",
        "opening_fen": "r1bqk1nr/pppp1ppp/2n5/2b1p3/2B1P3/5N2/PPPP1PPP/RNBQK2R w KQkq - 4 4",
        "result": "draw",
        "score_a": 0.5,
        "plies": 11,
        "adjudicated": false,
        "player_a_color": "white",
        "player_a_timeouts": 0,
        "player_b_timeouts": 0,
        "player_a_moves": 6,
        "player_b_moves": 5,
        "player_a_crashes": 0,
        "player_b_crashes": 0,
        "response_times_ms": [
          196.3752080000063,
          196.33504199998697,
          196.3351250000187,
          196.98208299999465,
          196.06795799998622,
          196.84041600001478,
          196.7117920000021,
          196.22779200000195,
          196.49341699999923,
          196.04316699999913,
          196.35495800000058
        ],
        "error": ""
      },
      {
        "opening_name": "italian_game",
        "opening_fen": "r1bqk1nr/pppp1ppp/2n5/2b1p3/2B1P3/5N2/PPPP1PPP/RNBQK2R w KQkq - 4 4",
        "result": "draw",
        "score_a": 0.5,
        "plies": 11,
        "adjudicated": false,
        "player_a_color": "black",
        "player_a_timeouts": 0,
        "player_b_timeouts": 0,
        "player_a_moves": 5,
        "player_b_moves": 6,
        "player_a_crashes": 0,
        "player_b_crashes": 0,