{
  "feedback_source": "self_play",
  "summary": {
    "games": 16,
    "wins_a": 2,
    "losses_a": 2,
    "draws": 12,
    "score_a": 8.0,
    "mean_score_a": 0.5,
    "game_scores_a": [
      0.5,
      0.5,
      0.0,
      1.0,
      0.5,
      0.5,
      0.5,
      0.5,
      1.0,
      0.0,
      0.5,
      0.5,
      0.5,
      0.5,
      0.5,
      0.5
    ],
    "player_a_moves": 123,
    "player_b_moves": 123,
    "player_a_timeouts": 0,
    "player_b_timeouts": 0,
    "player_a_crashes": 0,
    "player_b_crashes": 0,
    "results": [
      {
        "opening_name": "startpos",
        "opening_fen": "rnbqkbnr/pppppppp/8/8/8/8/PPPPPPPP/RNBQKBNR w KQkq - 0 1",
        "result": "draw",
        "score_a": 0.5,
        "plies": 13,
        "adjudicated": false,
        "player_a_color": "white",
        "player_a_timeouts": 0,
        "player_b_timeouts": 0,
        "player_a_moves": 7,
        "player_b_moves": 6,
        "player_a_crashes": 0,
        "player_b_crashes": 0,
        "response_times_ms": [
          196.16587500000549,
          196.07741699999792,
          196.294041999991,
          196.1241249999972,
          196.06274999999584,
          196.0792919999932,
          196.16341699999396,
          196.04466699999534,
          196.1524590000039,
          196.45841700000233,
          196.06491700000106,
          196.40116700000476,
          196.5236669999939
        ],
        "error": ""
      },
      {
        "opening_name": "startpos",
        "opening_fen": "rnbqkbnr/pppppppp/8/8/8/8/PPPPPPPP/RNBQKBNR w KQkq - 0 1",
        "result": "draw",
        "score_a": 0.5,
        "plies": 13,
        "adjudicated": false,
        "player_a_color": "black",
        "player_a_timeouts": 0,
        "player_b_timeouts": 0,
        "player_a_moves": 6,
        "player_b_moves": 7,
        "player_a_crashes": 0,
        "player_b_crashes": 0,
        "response_times_ms": [
          197.0532079999998,
          196.0988750000041,
          196.1550420000009,
          196.4121669999912,
          196.14454100000955,
          196.30720899999687,
          196.04320799999186,
          196.14745799999866,
          196.27287499999113,
          196.3295829999936,
          196.09320799999352,
          196.24154200000987,
          196.3603749999976
        ],
        "error": ""
      },
      {
        "opening_name": "queens_pawn",
        "opening_fen": "rnbqkbnr/ppp1pppp/8/3p4/3P4/8/PPP1PPPP/RNBQKBNR w KQkq - 0 2",
        "result": "loss",
        "score_a": 0.0,
        "plies": 20,
        "adjudicated": true,
        "player_a_color": "white",
        "player_a_timeouts": 0,
        "player_b_timeouts": 0,
        "player_a_moves": 10,
        "player_b_moves": 10,
        "player_a_crashes": 0,
        "player_b_crashes": 0,
        "response_times_ms": [
          196.1927079999981,
          196.23266600000022,
          196.53541700000687,
          196.24174999999866,
          196.18791599999952,
          196.78975000000776,
          196.26254100001006,
          196.25175000000183,
          196.50249999999403,
          196.33274999999628,
          196.57008299999745,
          196.2745419999976,
          196.0964999999959,
          196.3065000000057,
          196.0824169999995,
          196.5497089999957,
          196.30545799999766,
          200.7124169999912,
          196.1744169999946,
          196.04225000000497
        ],
        "error": ""
      },
      {
        "opening_name": "queens_pawn",
        "opening_fen": "rnbqkbnr/ppp1pppp/8/3p4/3P4/8/PPP1PPPP/RNBQKBNR w KQkq - 0 2",
        "result": "win",
        "score_a": 1.0,
        "plies": 20,
        "adjudicated": true,
        "player_a_color": "black",
        "player_a_timeouts": 0,
        "player_b_timeouts": 0,
        "player_a_moves": 10,
        "player_b_moves": 10,
        "player_a_crashes": 0,
        "player_b_crashes": 0,
        "response_times_ms": [
          196.36224999999286,
          196.60108299999024,
          196.17633400000045,
          196.59904099999892,
          196.43279099999233,
          196.2512499999889,
          196.4883329999907,
          196.17258299999207,
          196.48895899999275,
          196.27808399999935,
          196.0524999999933,
          196.06450000000564,
          196.17504200000724,
          196.1474590000023,
          196.39550000000838,
          196.1933749999929,
          196.0710419999998,
          196.2195830000013,
          196.12137499998994,
          196.08120899999903
        ],
        "error": ""
      },
      {
        "opening_name": "ruy_lopez",
        "opening_fen": "r1bqkbnr/pppp1ppp/2n5/1B2p3/4P3/5N2/PPPP1PPP/RNBQK2R b KQkq - 3 3",
        "result": "draw",
        "score_a": 0.5,
        "plies": 17,
        "adjudicated": false,
        "player_a_color": "white",
        "player_a_timeouts": 0,
        "player_b_timeouts": 0,
        "player_a_moves": 8,
        "player_b_moves": 9,
        "player_a_crashes": 0,
        "player_b_crashes": 0,
        "response_times_ms": [
          196.164667000005,
          196.289041,
          196.05399999998951,
          196.09083400000316,
          196.72416699999928,
          196.3227499999931,
          196.13875000000291,
          196.4345000000094,
          196.096833999988,
          196.02583400001095,
          196.17091700000344,
          196.18958299999179,
          196.3691249999897,
          198.67704199999991,
          196.58291700000063,
          196.13599999999565,
          196.6289999999873
        ],
        "error": ""
      },
      {
        "opening_name": "ruy_lopez",
        "opening_fen": "r1bqkbnr/pppp1ppp/2n5/1B2p3/4P3/5N2/PPPP1PPP/RNBQK2R b KQkq - 3 3",
        "result": "draw",
        "score_a": 0.5,
        "plies": 17,
        "adjudicated": false,
        "player_a_color": "black",
        "player_a_timeouts": 0,
        "player_b_timeouts": 0,
        "player_a_moves": 9,
        "player_b_moves": 8,
        "player_a_crashes": 0,
        "player_b_crashes": 0,
        "response_times_ms": [
          196.46741700000803,
          196.51224999999783,
          196.3574159999979,
          196.52866600000607,
          196.53558400000293,
          196.10837499999434,
          196.33724999999913,
          196.2333750000056,
          196.20337500001028,
          196.30725000000382,
          196.40591700000698,
          196.15887499999474,
          196.53520800000024,
          196.14087499999755,
          196.0787079999875,
          196.4374169999985,
          196.10583300000428
        ],
        "error": ""
      },
      {
        "opening_name": "italian_game",
        "opening_fen": "r1bqk1nr/pppp1ppp/2n5/2b1p3/2B1P3/5N2/PPPP1PPP/RNBQK2R w KQkq - 4 4",
        "result": "draw",
        "score_a": 0.5,
        "plies": 11,
        "adjudicated": false,
        "player_a_color": "white",
        "player_a_timeouts": 0,
        "player_b_timeouts": 0,
        "player_a_moves": 6,
        "player_b_moves": 5,
        "player_a_crashes": 0,
        "player_b_crashes": 0,
        "response_times_ms": [
          196.1772079999946,
          196.3767079999883,
          196.1111250000016,
          196.08800000000315,
          196.52612499999123,
          196.15054199999804,
          196.2822079999995,
          196.1439580000075,
          196.03324999999927,
          196.0714580000058,
          196.52858299998854
        ],
        "error": ""
      },
      {
        "opening_name": "italian_game",
        "opening_fen": "r1bqk1nr/pppp1ppp/2n5/2b1p3/2B1P3/5N2/PPPP1PPP/RNBQK2R w KQkq - 4 4",
        "result": "draw",
        "score_a": 0.5,
        "plies": 11,
        "adjudicated": false,
        "player_a_color": "black",
        "player_a_timeouts": 0,
        "player_b_timeouts": 0,
        "player_a_moves": 5,
        "player_b_moves": 6,
        "player_a_crashes": 0,
        "player_b_crashes": 0,