{
  "feedback_source": "self_play",
  "summary": {
    "games": 16,
    "wins_a": 1,
    "losses_a": 1,
    "draws": 14,
    "score_a": 8.0,
    "mean_score_a": 0.5,
    "game_scores_a": [
      0.5,
      0.5,
      0.5,
      0.5,
      1.0,
      0.0,
      0.5,
      0.5,
      0.5,
      0.5,
      0.5,
      0.5,
      0.5,
      0.5,
      0.5,
      0.5
    ],
    "player_a_moves": 133,
    "player_b_moves": 132,
    "player_a_timeouts": 0,
    "player_b_timeouts": 0,
    "player_a_crashes": 0,
    "player_b_crashes": 0,
    "results": [
      {
        "opening_name": "startpos",
        "opening_fen": "rnbqkbnr/pppppppp/8/8/8/8/PPPPPPPP/RNBQKBNR w KQkq - 0 1",
        "result": "draw",
        "score_a": 0.5,
        "plies": 13,
        "adjudicated": false,
        "player_a_color": "white",
        "player_a_timeouts": 0,
        "player_b_timeouts": 0,
        "player_a_moves": 7,
        "player_b_moves": 6,
        "player_a_crashes": 0,
        "player_b_crashes": 0,
        "response_times_ms": [
          196.741208,
          196.28433300000003,
          196.31912500000004,
          196.599541,
          196.9583749999999,
          196.860166,
          196.68441599999986,
          196.74983400000002,
          196.69262500000008,
          196.3151249999999,
          196.6114590000001,
          196.2102090000002,
          196.32787500000015
        ],
        "error": ""
      },
      {
        "opening_name": "startpos",
        "opening_fen": "rnbqkbnr/pppppppp/8/8/8/8/PPPPPPPP/RNBQKBNR w KQkq - 0 1",
        "result": "draw",
        "score_a": 0.5,
        "plies": 13,
        "adjudicated": false,
        "player_a_color": "black",
        "player_a_timeouts": 0,
        "player_b_timeouts": 0,
        "player_a_moves": 6,
        "player_b_moves": 7,
        "player_a_crashes": 0,
        "player_b_crashes": 0,
        "response_times_ms": [
          196.23929099999992,
          196.46695800000026,
          196.84929200000002,
          196.15812499999973,
          196.99399999999966,
          196.43083400000006,
          196.2376250000002,
          196.6562500000002,
          196.70170900000005,
          196.05558300000058,
          196.13450000000032,
          196.26095799999987,
          196.85562499999952
        ],
        "error": ""
      },
      {
        "opening_name": "queens_pawn",
        "opening_fen": "rnbqkbnr/ppp1pppp/8/3p4/3P4/8/PPP1PPPP/RNBQKBNR w KQkq - 0 2",
        "result": "draw",
        "score_a": 0.5,
        "plies": 20,
        "adjudicated": true,
        "player_a_color": "white",
        "player_a_timeouts": 0,
        "player_b_timeouts": 0,
        "player_a_moves": 10,
        "player_b_moves": 10,
        "player_a_crashes": 0,
        "player_b_crashes": 0,
        "response_times_ms": [
          196.54191699999933,
          196.65495799999988,
          196.18224999999967,
          196.142375,
          196.30612500000043,
          196.5482500000002,
          196.2950000000001,
          196.33895900000022,
          196.1276249999999,
          196.75599999999972,
          196.35254100000043,
          196.14187499999946,
          196.36470799999995,
          196.03279100000037,
          196.19125000000003,
          196.62108400000022,
          196.33358299999946,
          196.90241600000036,
          196.49920900000063,
          196.3518329999996
        ],
        "error": ""
      },
      {
        "opening_name": "queens_pawn",
        "opening_fen": "rnbqkbnr/ppp1pppp/8/3p4/3P4/8/PPP1PPPP/RNBQKBNR w KQkq - 0 2",
        "result": "draw",
        "score_a": 0.5,
        "plies": 20,
        "adjudicated": true,
        "player_a_color": "black",
        "player_a_timeouts": 0,
        "player_b_timeouts": 0,
        "player_a_moves": 10,
        "player_b_moves": 10,
        "player_a_crashes": 0,
        "player_b_crashes": 0,
        "response_times_ms": [
          196.2110420000016,
          196.49104099999983,
          196.3481250000001,
          196.28429099999954,
          196.7783749999992,
          196.2871669999995,
          196.19725000000088,
          196.1989589999984,
          196.26975000000078,
          196.0853750000009,
          197.01591599999978,
          196.28691600000002,
          196.08374999999967,
          196.8877080000002,
          196.29512500000067,
          196.17470799999916,
          196.49687499999936,
          196.8101250000007,
          196.2491669999995,
          196.15749999999997
        ],
        "error": ""
      },
      {
        "opening_name": "ruy_lopez",
        "opening_fen": "r1bqkbnr/pppp1ppp/2n5/1B2p3/4P3/5N2/PPPP1PPP/RNBQK2R b KQkq - 3 3",
        "result": "win",
        "score_a": 1.0,
        "plies": 20,
        "adjudicated": true,
        "player_a_color": "white",
        "player_a_timeouts": 0,
        "player_b_timeouts": 0,
        "player_a_moves": 10,
        "player_b_moves": 10,
        "player_a_crashes": 0,
        "player_b_crashes": 0,
        "response_times_ms": [
          196.49070800000067,
          196.138165999999,
          196.46370899999965,
          196.3169580000006,
          196.74762499999866,
          196.9038749999985,
          196.17520800000142,
          196.52341600000156,
          196.0964580000013,
          196.03141700000037,
          196.37333400000045,
          196.33366599999925,
          196.44025000000022,
          196.58208400000098,
          196.12295800000012,
          196.1768329999991,
          196.57683300000173,
          196.41329200000257,
          196.20033400000025,
          196.4767500000022
        ],
        "error": ""
      },
      {
        "opening_name": "ruy_lopez",
        "opening_fen": "r1bqkbnr/pppp1ppp/2n5/1B2p3/4P3/5N2/PPPP1PPP/RNBQK2R b KQkq - 3 3",
        "result": "loss",
        "score_a": 0.0,
        "plies": 20,
        "adjudicated": true,
        "player_a_color": "black",
        "player_a_timeouts": 0,
        "player_b_timeouts": 0,
        "player_a_moves": 10,
        "player_b_moves": 10,
        "player_a_crashes": 0,
        "player_b_crashes": 0,
        "response_times_ms": [
          196.6519170000005,
          196.09787499999953,
          196.0514160000031,
          196.3752079999992,
          196.0674580000017,
          196.51354099999807,
          196.2483749999997,
          196.51250000000076,
          196.37674999999888,
          196.57250000000204,
          196.24508300000088,
          196.16062500000098,
          196.3687080000014,
          196.11037499999995,
          196.46570800000163,
          196.24604200000206,
          196.30891699999964,
          196.21899999999926,
          196.16149999999877,
          196.1888750000007
        ],
        "error": ""
      },
      {
        "opening_name": "italian_game",
        "opening_fen": "r1bqk1nr/pppp1ppp/2n5/2b1p3/2B1P3/5N2/PPPP1PPP/RNBQK2R w KQkq - 4 4",
        "result": "draw",
        "score_a": 0.5,
        "plies": 11,
        "adjudicated": false,
        "player_a_color": "white",
        "player_a_timeouts": 0,
        "player_b_timeouts": 0,
        "player_a_moves": 6,
        "player_b_moves": 5,
        "player_a_crashes": 0,
        "player_b_crashes": 0,
        "response_times_ms": [
          196.0694580000002,
          196.0571669999993,
          196.10537499999836,
          196.14208300000158,
          196.20550000000136,
          196.41612499999894,
          196.4094999999979,
          196.34466700000175,
          196.02470899999958,
          197.08366700000113,
          196.03404200000085
        ],
        "error": ""
      },
      {
        "opening_name": "italian_game",
        "opening_fen": "r1bqk1nr/pppp1ppp/2n5/2b1p3/2B1P3/5N2/PPPP1PPP/RNBQK2R w KQkq - 4 4",
        "result": "draw",
        "score_a": 0.5,
        "plies": 11,
        "adjudicated": false,
        "player_a_color": "black",
        "player_a_timeouts": 0,