{
  "feedback_source": "self_play",
  "summary": {
    "games": 16,
    "wins_a": 1,
    "losses_a": 0,
    "draws": 15,
    "score_a": 8.5,
    "mean_score_a": 0.53125,
    "game_scores_a": [
      0.5,
      0.5,
      0.5,
      0.5,
      1.0,
      0.5,
      0.5,
      0.5,
      0.5,
      0.5,
      0.5,
      0.5,
      0.5,
      0.5,
      0.5,
      0.5
    ],
    "player_a_moves": 134,
    "player_b_moves": 134,
    "player_a_timeouts": 0,
    "player_b_timeouts": 0,
    "player_a_crashes": 0,
    "player_b_crashes": 0,
    "results": [
      {
        "opening_name": "startpos",
        "opening_fen": "rnbqkbnr/pppppppp/8/8/8/8/PPPPPPPP/RNBQKBNR w KQkq - 0 1",
        "result": "draw",
        "score_a": 0.5,
        "plies": 13,
        "adjudicated": false,
        "player_a_color": "white",
        "player_a_timeouts": 0,
        "player_b_timeouts": 0,
        "player_a_moves": 7,
        "player_b_moves": 6,
        "player_a_crashes": 0,
        "player_b_crashes": 0,
        "response_times_ms": [
          196.37416599999824,
          196.1624170000391,
          196.70379100000446,
          196.47316700002193,
          196.3098749999972,
          196.13729200000307,
          196.22041700000636,
          196.4229170000067,
          196.29379200000585,
          196.3233339999988,
          196.07529199998908,
          196.25420799997073,
          196.60045900002387
        ],
        "error": ""
      },
      {
        "opening_name": "startpos",
        "opening_fen": "rnbqkbnr/pppppppp/8/8/8/8/PPPPPPPP/RNBQKBNR w KQkq - 0 1",
        "result": "draw",
        "score_a": 0.5,
        "plies": 13,
        "adjudicated": false,
        "player_a_color": "black",
        "player_a_timeouts": 0,
        "player_b_timeouts": 0,
        "player_a_moves": 6,
        "player_b_moves": 7,
        "player_a_crashes": 0,
        "player_b_crashes": 0,
        "response_times_ms": [
          196.2812920000374,
          196.1053750000019,
          196.3777089999894,
          196.7904580000095,
          196.36716700000534,
          196.17599999997992,
          196.99933300000794,
          196.2011669999697,
          196.34141699998509,
          196.6915419999964,
          196.82149999999865,
          196.57925000001342,
          196.74520799998163
        ],
        "error": ""
      },
      {
        "opening_name": "queens_pawn",
        "opening_fen": "rnbqkbnr/ppp1pppp/8/3p4/3P4/8/PPP1PPPP/RNBQKBNR w KQkq - 0 2",
        "result": "draw",
        "score_a": 0.5,
        "plies": 20,
        "adjudicated": true,
        "player_a_color": "white",
        "player_a_timeouts": 0,
        "player_b_timeouts": 0,
        "player_a_moves": 10,
        "player_b_moves": 10,
        "player_a_crashes": 0,
        "player_b_crashes": 0,
        "response_times_ms": [
          196.49337499998865,
          196.4444580000304,
          196.42004199999974,
          196.16245899999285,
          196.3966669999877,
          196.28612500002873,
          196.6254999999819,
          196.07870800001592,
          196.60966700001836,
          196.41020800003162,
          196.07595799999444,
          196.58116699997663,
          196.27145900000187,
          196.27512499999966,
          196.7129159999672,
          196.09937500001706,
          196.36724999998023,
          196.2694160000069,
          196.75762500003202,
          196.58537499998374
        ],
        "error": ""
      },
      {
        "opening_name": "queens_pawn",
        "opening_fen": "rnbqkbnr/ppp1pppp/8/3p4/3P4/8/PPP1PPPP/RNBQKBNR w KQkq - 0 2",
        "result": "draw",
        "score_a": 0.5,
        "plies": 20,
        "adjudicated": true,
        "player_a_color": "black",
        "player_a_timeouts": 0,
        "player_b_timeouts": 0,
        "player_a_moves": 10,
        "player_b_moves": 10,
        "player_a_crashes": 0,
        "player_b_crashes": 0,
        "response_times_ms": [
          196.29604100003917,
          196.1592499999938,
          196.24087500000087,
          196.40104199999087,
          196.35175000001936,
          196.19225000002416,
          196.30029199998944,
          196.3731249999796,
          196.65666699995654,
          196.32191699997747,
          196.12224999997352,
          196.3134160000095,
          196.30458299997144,
          196.42525000000433,
          196.31275000000414,
          196.43483299995523,
          196.27483300001813,
          196.3844169999902,
          196.78858399998944,
          196.07745799999066
        ],
        "error": ""
      },
      {
        "opening_name": "ruy_lopez",
        "opening_fen": "r1bqkbnr/pppp1ppp/2n5/1B2p3/4P3/5N2/PPPP1PPP/RNBQK2R b KQkq - 3 3",
        "result": "win",
        "score_a": 1.0,
        "plies": 20,
        "adjudicated": true,
        "player_a_color": "white",
        "player_a_timeouts": 0,
        "player_b_timeouts": 0,
        "player_a_moves": 10,
        "player_b_moves": 10,
        "player_a_crashes": 0,
        "player_b_crashes": 0,
        "response_times_ms": [
          196.18458300004704,
          196.43137499997465,
          196.87166599999273,
          196.07704100002366,
          196.28516599999557,
          196.1836250000033,
          196.20908400003145,
          196.48308300003237,
          196.33133299998917,
          196.26024999996616,
          196.31512500001236,
          196.28379199997426,
          196.23187499996675,
          196.89679100002877,
          196.07733299994834,
          196.37341700001798,
          196.3032920000387,
          196.60816700002215,
          196.07670800002097,
          196.52633300000844
        ],
        "error": ""
      },
      {
        "opening_name": "ruy_lopez",
        "opening_fen": "r1bqkbnr/pppp1ppp/2n5/1B2p3/4P3/5N2/PPPP1PPP/RNBQK2R b KQkq - 3 3",
        "result": "draw",
        "score_a": 0.5,
        "plies": 20,
        "adjudicated": true,
        "player_a_color": "black",
        "player_a_timeouts": 0,
        "player_b_timeouts": 0,
        "player_a_moves": 10,
        "player_b_moves": 10,
        "player_a_crashes": 0,
        "player_b_crashes": 0,
        "response_times_ms": [
          196.40474999999924,
          196.46779100003187,
          196.0952500000417,
          196.06270799999947,
          196.56533400001308,
          196.31929099995205,
          196.02991699997574,
          196.19516600005227,
          196.5687920000505,
          196.58862500000396,
          196.60658300000478,
          196.57758300002115,
          196.5750420000063,
          196.26895800001876,
          196.23695799998586,
          196.45366599996805,
          196.46425000001955,
          196.40300000003208,
          196.11595899999656,
          196.5678329999605
        ],
        "error": ""
      },
      {
        "opening_name": "italian_game",
        "opening_fen": "r1bqk1nr/pppp1ppp/2n5/2b1p3/2B1P3/5N2/PPPP1PPP/RNBQK2R w KQkq - 4 4",
        "result": "draw",
        "score_a": 0.5,
        "plies": 11,
        "adjudicated": false,
        "player_a_color": "white",
        "player_a_timeouts": 0,
        "player_b_timeouts": 0,
        "player_a_moves": 6,
        "player_b_moves": 5,
        "player_a_crashes": 0,
        "player_b_crashes": 0,
        "response_times_ms": [
          196.66333399999303,
          196.31408399999373,
          196.612000000016,
          196.82320800001207,
          196.16079099995432,
          196.17054199994755,
          196.5300840000168,
          196.61787500001537,
          196.0650830000077,
          196.19133300000158,
          196.45087499998226
        ],
        "error": ""
      },
      {
        "opening_name": "italian_game",
        "opening_fen": "r1bqk1nr/pppp1ppp/2n5/2b1p3/2B1P3/5N2/PPPP1PPP/RNBQK2R w KQkq - 4 4",
        "result": "draw",
        "score_a": 0.5,
        "plies": 11,
        "adjudicated": false,
        "player_a_color": "black",