{
  "feedback_source": "self_play",
  "summary": {
    "games": 16,
    "wins_a": 3,
    "losses_a": 2,
    "draws": 11,
    "score_a": 8.5,
    "mean_score_a": 0.53125,
    "game_scores_a": [
      0.5,
      0.5,
      0.0,
      1.0,
      0.5,
      0.5,
      0.5,
      0.5,
      1.0,
      0.0,
      0.5,
      0.5,
      1.0,
      0.5,
      0.5,
      0.5
    ],
    "player_a_moves": 123,
    "player_b_moves": 124,
    "player_a_timeouts": 0,
    "player_b_timeouts": 0,
    "player_a_crashes": 0,
    "player_b_crashes": 0,
    "results": [
      {
        "opening_name": "startpos",
        "opening_fen": "rnbqkbnr/pppppppp/8/8/8/8/PPPPPPPP/RNBQKBNR w KQkq - 0 1",
        "result": "draw",
        "score_a": 0.5,
        "plies": 13,
        "adjudicated": false,
        "player_a_color": "white",
        "player_a_timeouts": 0,
        "player_b_timeouts": 0,
        "player_a_moves": 7,
        "player_b_moves": 6,
        "player_a_crashes": 0,
        "player_b_crashes": 0,
        "response_times_ms": [
          196.26895799999033,
          196.52741699999865,
          196.7750409999951,
          196.39762500000302,
          196.28141700002288,
          196.06370799999695,
          196.62829200001397,
          196.0558750000132,
          196.73249999999598,
          196.24912500000846,
          196.34533300001067,
          196.11987499999373,
          196.24033299999155
        ],
        "error": ""
      },
      {
        "opening_name": "startpos",
        "opening_fen": "rnbqkbnr/pppppppp/8/8/8/8/PPPPPPPP/RNBQKBNR w KQkq - 0 1",
        "result": "draw",
        "score_a": 0.5,
        "plies": 13,
        "adjudicated": false,
        "player_a_color": "black",
        "player_a_timeouts": 0,
        "player_b_timeouts": 0,
        "player_a_moves": 6,
        "player_b_moves": 7,
        "player_a_crashes": 0,
        "player_b_crashes": 0,
        "response_times_ms": [
          196.29566700001533,
          196.31241600001204,
          196.17079100001433,
          196.31254100002593,
          196.06824999999617,
          196.50575000000003,
          196.45416699998464,
          196.0373330000209,
          196.2614589999987,
          196.15466700000184,
          196.3909160000128,
          196.0962919999929,
          196.10020799999006
        ],
        "error": ""
      },
      {
        "opening_name": "queens_pawn",
        "opening_fen": "rnbqkbnr/ppp1pppp/8/3p4/3P4/8/PPP1PPPP/RNBQKBNR w KQkq - 0 2",
        "result": "loss",
        "score_a": 0.0,
        "plies": 20,
        "adjudicated": true,
        "player_a_color": "white",
        "player_a_timeouts": 0,
        "player_b_timeouts": 0,
        "player_a_moves": 10,
        "player_b_moves": 10,
        "player_a_crashes": 0,
        "player_b_crashes": 0,
        "response_times_ms": [
          196.2594579999859,
          196.49291600001106,
          196.1229160000073,
          196.61425000001032,
          196.10337499997854,
          196.13604099998838,
          196.17220899999666,
          196.19391599999858,
          196.13233399999785,
          196.49908400000982,
          196.1350830000015,
          196.0755000000063,
          196.07433300001276,
          196.63329200000135,
          196.7977909999945,
          196.13079199999106,
          196.24383400000056,
          196.06216600001858,
          196.04929199999788,
          196.1054999999874
        ],
        "error": ""
      },
      {
        "opening_name": "queens_pawn",
        "opening_fen": "rnbqkbnr/ppp1pppp/8/3p4/3P4/8/PPP1PPPP/RNBQKBNR w KQkq - 0 2",
        "result": "win",
        "score_a": 1.0,
        "plies": 20,
        "adjudicated": true,
        "player_a_color": "black",
        "player_a_timeouts": 0,
        "player_b_timeouts": 0,
        "player_a_moves": 10,
        "player_b_moves": 10,
        "player_a_crashes": 0,
        "player_b_crashes": 0,
        "response_times_ms": [
          196.91904199999044,
          196.70729200001347,
          196.3110840000013,
          196.35016699999142,
          196.1243330000002,
          196.34049999999093,
          196.08762499998988,
          196.1320419999879,
          196.36795799999618,
          196.02816599999073,
          196.50137499999687,
          196.19004099999415,
          196.1886250000191,
          196.3821670000243,
          196.30866599999308,
          196.14929100001177,
          196.5502909999941,
          196.0880839999959,
          196.1994580000237,
          196.09808399999906
        ],
        "error": ""
      },
      {
        "opening_name": "ruy_lopez",
        "opening_fen": "r1bqkbnr/pppp1ppp/2n5/1B2p3/4P3/5N2/PPPP1PPP/RNBQK2R b KQkq - 3 3",
        "result": "draw",
        "score_a": 0.5,
        "plies": 17,
        "adjudicated": false,
        "player_a_color": "white",
        "player_a_timeouts": 0,
        "player_b_timeouts": 0,
        "player_a_moves": 8,
        "player_b_moves": 9,
        "player_a_crashes": 0,
        "player_b_crashes": 0,
        "response_times_ms": [
          196.0288749999961,
          196.14479199998414,
          196.05620799998746,
          196.2539159999892,
          196.19650000001343,
          196.58291700000063,
          196.2152920000051,
          196.05341599998383,
          196.27962500001672,
          196.05174999998098,
          196.5143330000103,
          196.26091699998938,
          196.27404199999887,
          196.20504200000255,
          196.23045799997385,
          196.44541700000673,
          196.2520000000154
        ],
        "error": ""
      },
      {
        "opening_name": "ruy_lopez",
        "opening_fen": "r1bqkbnr/pppp1ppp/2n5/1B2p3/4P3/5N2/PPPP1PPP/RNBQK2R b KQkq - 3 3",
        "result": "draw",
        "score_a": 0.5,
        "plies": 15,
        "adjudicated": false,
        "player_a_color": "black",
        "player_a_timeouts": 0,
        "player_b_timeouts": 0,
        "player_a_moves": 8,
        "player_b_moves": 7,
        "player_a_crashes": 0,
        "player_b_crashes": 0,
        "response_times_ms": [
          196.1089159999858,
          196.47375000002398,
          196.28499999998894,
          196.22037499999578,
          196.3188329999923,
          196.0753749999924,
          196.37800000000993,
          196.61254100000747,
          196.4433750000012,
          196.43529199998966,
          196.70633399999815,
          196.15983299999584,
          196.0687499999949,
          196.575375000009,
          196.07024999999112
        ],
        "error": ""
      },
      {
        "opening_name": "italian_game",
        "opening_fen": "r1bqk1nr/pppp1ppp/2n5/2b1p3/2B1P3/5N2/PPPP1PPP/RNBQK2R w KQkq - 4 4",
        "result": "draw",
        "score_a": 0.5,
        "plies": 11,
        "adjudicated": false,
        "player_a_color": "white",
        "player_a_timeouts": 0,
        "player_b_timeouts": 0,
        "player_a_moves": 6,
        "player_b_moves": 5,
        "player_a_crashes": 0,
        "player_b_crashes": 0,
        "response_times_ms": [
          196.42683300000385,
          196.04716700001745,
          196.3072920000002,
          196.65241600000627,
          196.07245800000328,
          196.2251249999838,
          196.1075840000035,
          196.20945800002687,
          196.1493750000045,
          196.16400000001022,
          196.04424999999992
        ],
        "error": ""
      },
      {
        "opening_name": "italian_game",
        "opening_fen": "r1bqk1nr/pppp1ppp/2n5/2b1p3/2B1P3/5N2/PPPP1PPP/RNBQK2R w KQkq - 4 4",
        "result": "draw",
        "score_a": 0.5,
        "plies": 11,
        "adjudicated": false,
        "player_a_color": "black",
        "player_a_timeouts": 0,
        "player_b_timeouts": 0,
        "player_a_moves": 5,
        "player_b_moves": 6,
        "player_a_crashes": 0,
        "player_b_crashes": 0,