{
  "feedback_source": "self_play",
  "summary": {
    "games": 16,
    "wins_a": 2,
    "losses_a": 2,
    "draws": 12,
    "score_a": 8.0,
    "mean_score_a": 0.5,
    "game_scores_a": [
      0.5,
      0.5,
      0.0,
      1.0,
      0.5,
      0.5,
      0.5,
      0.5,
      1.0,
      0.0,
      0.5,
      0.5,
      0.5,
      0.5,
      0.5,
      0.5
    ],
    "player_a_moves": 117,
    "player_b_moves": 118,
    "player_a_timeouts": 0,
    "player_b_timeouts": 0,
    "player_a_crashes": 0,
    "player_b_crashes": 0,
    "results": [
      {
        "opening_name": "startpos",
        "opening_fen": "rnbqkbnr/pppppppp/8/8/8/8/PPPPPPPP/RNBQKBNR w KQkq - 0 1",
        "result": "draw",
        "score_a": 0.5,
        "plies": 13,
        "adjudicated": false,
        "player_a_color": "white",
        "player_a_timeouts": 0,
        "player_b_timeouts": 0,
        "player_a_moves": 7,
        "player_b_moves": 6,
        "player_a_crashes": 0,
        "player_b_crashes": 0,
        "response_times_ms": [
          196.447125,
          196.44320800000003,
          196.14858399999991,
          196.33104199999997,
          196.44054199999994,
          196.46049999999994,
          196.14200000000005,
          196.07841700000006,
          196.33495900000008,
          196.3867079999999,
          196.19808400000016,
          196.44812499999986,
          196.15987499999977
        ],
        "error": ""
      },
      {
        "opening_name": "startpos",
        "opening_fen": "rnbqkbnr/pppppppp/8/8/8/8/PPPPPPPP/RNBQKBNR w KQkq - 0 1",
        "result": "draw",
        "score_a": 0.5,
        "plies": 13,
        "adjudicated": false,
        "player_a_color": "black",
        "player_a_timeouts": 0,
        "player_b_timeouts": 0,
        "player_a_moves": 6,
        "player_b_moves": 7,
        "player_a_crashes": 0,
        "player_b_crashes": 0,
        "response_times_ms": [
          196.07412499999998,
          196.03591700000013,
          196.48166599999993,
          196.534958,
          196.59433400000026,
          196.52050000000008,
          196.25454200000013,
          196.40024999999994,
          196.4731249999998,
          196.19362500000025,
          196.20870800000034,
          196.03462500000023,
          196.4483330000002
        ],
        "error": ""
      },
      {
        "opening_name": "queens_pawn",
        "opening_fen": "rnbqkbnr/ppp1pppp/8/3p4/3P4/8/PPP1PPPP/RNBQKBNR w KQkq - 0 2",
        "result": "loss",
        "score_a": 0.0,
        "plies": 20,
        "adjudicated": true,
        "player_a_color": "white",
        "player_a_timeouts": 0,
        "player_b_timeouts": 0,
        "player_a_moves": 10,
        "player_b_moves": 10,
        "player_a_crashes": 0,
        "player_b_crashes": 0,
        "response_times_ms": [
          196.1809160000003,
          196.35058300000009,
          196.24858300000002,
          196.5049169999995,
          196.44704099999987,
          196.71416699999966,
          196.3077920000007,
          196.1383329999995,
          196.15137499999946,
          196.08045799999996,
          196.92424999999946,
          196.5156669999999,
          196.20516699999956,
          196.05245900000057,
          196.50120799999905,
          196.10529200000036,
          196.1274160000013,
          196.19925000000114,
          196.0778750000003,
          196.0697499999995
        ],
        "error": ""
      },
      {
        "opening_name": "queens_pawn",
        "opening_fen": "rnbqkbnr/ppp1pppp/8/3p4/3P4/8/PPP1PPPP/RNBQKBNR w KQkq - 0 2",
        "result": "win",
        "score_a": 1.0,
        "plies": 20,
        "adjudicated": true,
        "player_a_color": "black",
        "player_a_timeouts": 0,
        "player_b_timeouts": 0,
        "player_a_moves": 10,
        "player_b_moves": 10,
        "player_a_crashes": 0,
        "player_b_crashes": 0,
        "response_times_ms": [
          196.270084,
          196.1327500000003,
          196.38454199999876,
          196.29170900000048,
          196.07083300000028,
          196.2677080000006,
          196.20470799999978,
          196.2202089999998,
          196.21866700000012,
          196.3305000000002,
          196.06616700000146,
          196.16416699999917,
          196.57508299999904,
          196.0459169999993,
          196.03104099999945,
          196.11229200000048,
          196.1224579999996,
          196.06204199999945,
          196.47895800000015,
          196.20079200000083
        ],
        "error": ""
      },
      {
        "opening_name": "ruy_lopez",
        "opening_fen": "r1bqkbnr/pppp1ppp/2n5/1B2p3/4P3/5N2/PPPP1PPP/RNBQK2R b KQkq - 3 3",
        "result": "draw",
        "score_a": 0.5,
        "plies": 15,
        "adjudicated": false,
        "player_a_color": "white",
        "player_a_timeouts": 0,
        "player_b_timeouts": 0,
        "player_a_moves": 7,
        "player_b_moves": 8,
        "player_a_crashes": 0,
        "player_b_crashes": 0,
        "response_times_ms": [
          196.1896670000005,
          196.06970799999957,
          196.06241600000018,
          196.11362499999885,
          196.39216699999906,
          196.471292,
          196.06566599999908,
          196.1215420000002,
          196.21399999999943,
          207.7726249999987,
          198.4329159999998,
          196.07212499999883,
          196.642666999999,
          196.23083299999956,
          196.24087500000087
        ],
        "error": ""
      },
      {
        "opening_name": "ruy_lopez",
        "opening_fen": "r1bqkbnr/pppp1ppp/2n5/1B2p3/4P3/5N2/PPPP1PPP/RNBQK2R b KQkq - 3 3",
        "result": "draw",
        "score_a": 0.5,
        "plies": 15,
        "adjudicated": false,
        "player_a_color": "black",
        "player_a_timeouts": 0,
        "player_b_timeouts": 0,
        "player_a_moves": 8,
        "player_b_moves": 7,
        "player_a_crashes": 0,
        "player_b_crashes": 0,
        "response_times_ms": [
          196.54695899999908,
          196.30270800000105,
          196.3232500000025,
          196.23233299999754,
          196.08962499999905,
          196.24237500000064,
          196.25654200000042,
          196.30712500000058,
          196.52641699999762,
          196.62966599999976,
          196.0584169999997,
          196.15924999999734,
          196.04612499999874,
          196.23374999999754,
          196.06958299999988
        ],
        "error": ""
      },
      {
        "opening_name": "italian_game",
        "opening_fen": "r1bqk1nr/pppp1ppp/2n5/2b1p3/2B1P3/5N2/PPPP1PPP/RNBQK2R w KQkq - 4 4",
        "result": "draw",
        "score_a": 0.5,
        "plies": 11,
        "adjudicated": false,
        "player_a_color": "white",
        "player_a_timeouts": 0,
        "player_b_timeouts": 0,
        "player_a_moves": 6,
        "player_b_moves": 5,
        "player_a_crashes": 0,
        "player_b_crashes": 0,
        "response_times_ms": [
          196.5378749999971,
          196.52849999999944,
          196.35716700000216,
          196.55512499999972,
          196.4729169999977,
          196.11725000000035,
          196.34358299999732,
          196.1128749999972,
          196.24800000000064,
          196.17320800000115,
          196.09425000000158
        ],
        "error": ""
      },
      {
        "opening_name": "italian_game",
        "opening_fen": "r1bqk1nr/pppp1ppp/2n5/2b1p3/2B1P3/5N2/PPPP1PPP/RNBQK2R w KQkq - 4 4",
        "result": "draw",
        "score_a": 0.5,
        "plies": 11,
        "adjudicated": false,
        "player_a_color": "black",
        "player_a_timeouts": 0,
        "player_b_timeouts": 0,
        "player_a_moves": 5,
        "player_b_moves": 6,
        "player_a_crashes": 0,
        "player_b_crashes": 0,