{
  "feedback_source": "self_play",
  "summary": {
    "games": 16,
    "wins_a": 1,
    "losses_a": 2,
    "draws": 13,
    "score_a": 7.5,
    "mean_score_a": 0.46875,
    "game_scores_a": [
      0.5,
      0.5,
      0.5,
      0.5,
      0.5,
      0.5,
      0.5,
      0.5,
      0.5,
      0.5,
      0.5,
      0.5,
      0.5,
      0.0,
      1.0,
      0.0
    ],
    "player_a_moves": 136,
    "player_b_moves": 138,
    "player_a_timeouts": 0,
    "player_b_timeouts": 0,
    "player_a_crashes": 0,
    "player_b_crashes": 0,
    "results": [
      {
        "opening_name": "startpos",
        "opening_fen": "rnbqkbnr/pppppppp/8/8/8/8/PPPPPPPP/RNBQKBNR w KQkq - 0 1",
        "result": "draw",
        "score_a": 0.5,
        "plies": 20,
        "adjudicated": true,
        "player_a_color": "white",
        "player_a_timeouts": 0,
        "player_b_timeouts": 0,
        "player_a_moves": 10,
        "player_b_moves": 10,
        "player_a_crashes": 0,
        "player_b_crashes": 0,
        "response_times_ms": [
          198.37716699998964,
          197.67737500001203,
          197.2179589999996,
          198.93691700008276,
          196.35108400007084,
          196.43120900013855,
          196.39258300003348,
          196.74429199994847,
          198.08791700006623,
          196.3752920000843,
          198.07908300003874,
          196.47616699990067,
          196.2978750000275,
          197.45224999996935,
          197.28070900009698,
          196.06312499990963,
          197.95779200012475,
          196.9813329999397,
          196.25900000005458,
          196.12729200002832
        ],
        "error": ""
      },
      {
        "opening_name": "startpos",
        "opening_fen": "rnbqkbnr/pppppppp/8/8/8/8/PPPPPPPP/RNBQKBNR w KQkq - 0 1",
        "result": "draw",
        "score_a": 0.5,
        "plies": 19,
        "adjudicated": false,
        "player_a_color": "black",
        "player_a_timeouts": 0,
        "player_b_timeouts": 0,
        "player_a_moves": 9,
        "player_b_moves": 10,
        "player_a_crashes": 0,
        "player_b_crashes": 0,
        "response_times_ms": [
          196.65983400000187,
          197.92995800003155,
          197.03558399987742,
          197.2670410000319,
          197.07058399990274,
          200.4321249999066,
          196.46899999997913,
          196.0871250000764,
          197.83000000006723,
          196.66699999993398,
          197.2003749999658,
          197.64712500000314,
          196.5320410001823,
          197.5313330001427,
          196.64525000007416,
          196.14166599990313,
          196.30283300011797,
          197.0814579999569,
          197.49820899983206
        ],
        "error": ""
      },
      {
        "opening_name": "queens_pawn",
        "opening_fen": "rnbqkbnr/ppp1pppp/8/3p4/3P4/8/PPP1PPPP/RNBQKBNR w KQkq - 0 2",
        "result": "draw",
        "score_a": 0.5,
        "plies": 9,
        "adjudicated": false,
        "player_a_color": "white",
        "player_a_timeouts": 0,
        "player_b_timeouts": 0,
        "player_a_moves": 5,
        "player_b_moves": 4,
        "player_a_crashes": 0,
        "player_b_crashes": 0,
        "response_times_ms": [
          197.10758400015038,
          196.35074999996505,
          196.31087500010835,
          196.51087500005815,
          196.58316699997158,
          196.52091599982668,
          196.73474999990503,
          196.64045799981977,
          196.8963750000512
        ],
        "error": ""
      },
      {
        "opening_name": "queens_pawn",
        "opening_fen": "rnbqkbnr/ppp1pppp/8/3p4/3P4/8/PPP1PPPP/RNBQKBNR w KQkq - 0 2",
        "result": "draw",
        "score_a": 0.5,
        "plies": 9,
        "adjudicated": false,
        "player_a_color": "black",
        "player_a_timeouts": 0,
        "player_b_timeouts": 0,
        "player_a_moves": 4,
        "player_b_moves": 5,
        "player_a_crashes": 0,
        "player_b_crashes": 0,
        "response_times_ms": [
          197.55641699998705,
          196.46395800009486,
          196.82129199986775,
          196.8218340000476,
          196.20379100001628,
          196.2712089998604,
          196.5557500000159,
          196.0628330000418,
          197.07466700015175
        ],
        "error": ""
      },
      {
        "opening_name": "ruy_lopez",
        "opening_fen": "r1bqkbnr/pppp1ppp/2n5/1B2p3/4P3/5N2/PPPP1PPP/RNBQK2R b KQkq - 3 3",
        "result": "draw",
        "score_a": 0.5,
        "plies": 17,
        "adjudicated": false,
        "player_a_color": "white",
        "player_a_timeouts": 0,
        "player_b_timeouts": 0,
        "player_a_moves": 8,
        "player_b_moves": 9,
        "player_a_crashes": 0,
        "player_b_crashes": 0,
        "response_times_ms": [
          196.67116699997678,
          196.6612090000126,
          196.33775000011155,
          196.5946669999994,
          196.08887499998673,
          197.27245800004312,
          196.17687499999192,
          196.17262500014476,
          196.62083399998664,
          196.28954199993132,
          197.61316600011014,
          196.392749999859,
          196.29091699994206,
          197.18304200000603,
          196.16679199998543,
          196.38325000005352,
          196.25524999992194
        ],
        "error": ""
      },
      {
        "opening_name": "ruy_lopez",
        "opening_fen": "r1bqkbnr/pppp1ppp/2n5/1B2p3/4P3/5N2/PPPP1PPP/RNBQK2R b KQkq - 3 3",
        "result": "draw",
        "score_a": 0.5,
        "plies": 20,
        "adjudicated": true,
        "player_a_color": "black",
        "player_a_timeouts": 0,
        "player_b_timeouts": 0,
        "player_a_moves": 10,
        "player_b_moves": 10,
        "player_a_crashes": 0,
        "player_b_crashes": 0,
        "response_times_ms": [
          196.87058299996352,
          197.31350000006387,
          196.2506250001752,
          196.72987500007366,
          325.0820829998702,
          198.03379099994345,
          197.4360419999357,
          197.68716699991273,
          196.27479199994013,
          265.5475829999432,
          198.25920900007077,
          196.15333399997326,
          198.34749999995438,
          204.9506250000377,
          200.48591699992357,
          200.31287500000872,
          202.48483399996076,
          197.2178339999573,
          197.32512499990662,
          196.94704099993032
        ],
        "error": ""
      },
      {
        "opening_name": "italian_game",
        "opening_fen": "r1bqk1nr/pppp1ppp/2n5/2b1p3/2B1P3/5N2/PPPP1PPP/RNBQK2R w KQkq - 4 4",
        "result": "draw",
        "score_a": 0.5,
        "plies": 18,
        "adjudicated": false,
        "player_a_color": "white",
        "player_a_timeouts": 0,
        "player_b_timeouts": 0,
        "player_a_moves": 9,
        "player_b_moves": 9,
        "player_a_crashes": 0,
        "player_b_crashes": 0,
        "response_times_ms": [
          199.2640000000847,
          197.24604099997123,
          196.97341599999163,
          196.74654199980068,
          196.50674999979856,
          196.51199999998425,
          196.7378329998155,
          196.5786250000292,
          197.04766700010623,
          198.36979100000462,
          196.4697089999845,
          196.2724170000456,
          196.14866699998856,
          196.31887500008816,
          197.30916599996817,
          196.74029199995857,
          196.75758300013513,
          196.53020800001286
        ],
        "error": ""
      },
      {
        "opening_name": "italian_game",
        "opening_fen": "r1bqk1nr/pppp1ppp/2n5/2b1p3/2B1P3/5N2/PPPP1PPP/RNBQK2R w KQkq - 4 4",
        "result": "draw",
        "score_a": 0.5,
        "plies": 20,
        "adjudicated": true,
        "player_a_color": "black",
        "player_a_timeouts": 0,
        "player_b_timeouts": 0,
        "player_a_moves": 10,
        "player_b_moves": 10,
        "player_a_crashes": 0,