{
  "feedback_source": "self_play",
  "summary": {
    "games": 16,
    "wins_a": 2,
    "losses_a": 2,
    "draws": 12,
    "score_a": 8.0,
    "mean_score_a": 0.5,
    "game_scores_a": [
      0.5,
      0.5,
      0.0,
      1.0,
      0.5,
      0.5,
      0.5,
      0.5,
      1.0,
      0.0,
      0.5,
      0.5,
      0.5,
      0.5,
      0.5,
      0.5
    ],
    "player_a_moves": 121,
    "player_b_moves": 121,
    "player_a_timeouts": 0,
    "player_b_timeouts": 0,
    "player_a_crashes": 0,
    "player_b_crashes": 0,
    "results": [
      {
        "opening_name": "startpos",
        "opening_fen": "rnbqkbnr/pppppppp/8/8/8/8/PPPPPPPP/RNBQKBNR w KQkq - 0 1",
        "result": "draw",
        "score_a": 0.5,
        "plies": 13,
        "adjudicated": false,
        "player_a_color": "white",
        "player_a_timeouts": 0,
        "player_b_timeouts": 0,
        "player_a_moves": 7,
        "player_b_moves": 6,
        "player_a_crashes": 0,
        "player_b_crashes": 0,
        "response_times_ms": [
          196.14025,
          196.058709,
          196.19166700000002,
          196.34529199999994,
          196.09683299999992,
          196.22733399999981,
          196.17550000000006,
          196.12720900000014,
          196.03970800000005,
          196.39708300000015,
          196.15766700000003,
          196.4173749999998,
          196.38008299999976
        ],
        "error": ""
      },
      {
        "opening_name": "startpos",
        "opening_fen": "rnbqkbnr/pppppppp/8/8/8/8/PPPPPPPP/RNBQKBNR w KQkq - 0 1",
        "result": "draw",
        "score_a": 0.5,
        "plies": 13,
        "adjudicated": false,
        "player_a_color": "black",
        "player_a_timeouts": 0,
        "player_b_timeouts": 0,
        "player_a_moves": 6,
        "player_b_moves": 7,
        "player_a_crashes": 0,
        "player_b_crashes": 0,
        "response_times_ms": [
          196.2014169999997,
          196.4485410000001,
          196.12966700000013,
          196.10433300000008,
          196.4654170000002,
          196.11599999999996,
          196.21325000000002,
          196.30737499999995,
          196.35079099999953,
          196.06924999999987,
          196.44412500000018,
          196.16708299999974,
          196.1975419999993
        ],
        "error": ""
      },
      {
        "opening_name": "queens_pawn",
        "opening_fen": "rnbqkbnr/ppp1pppp/8/3p4/3P4/8/PPP1PPPP/RNBQKBNR w KQkq - 0 2",
        "result": "loss",
        "score_a": 0.0,
        "plies": 20,
        "adjudicated": true,
        "player_a_color": "white",
        "player_a_timeouts": 0,
        "player_b_timeouts": 0,
        "player_a_moves": 10,
        "player_b_moves": 10,
        "player_a_crashes": 0,
        "player_b_crashes": 0,
        "response_times_ms": [
          196.21816600000042,
          196.44979200000012,
          196.04320799999985,
          196.08004200000016,
          196.05549999999994,
          196.4087499999998,
          196.67062499999943,
          196.03187500000007,
          196.12487500000066,
          196.50362500000006,
          196.72712499999977,
          196.05054200000006,
          196.09545899999947,
          196.20945799999933,
          196.3547080000012,
          196.03612499999912,
          196.25424999999908,
          196.23462499999889,
          196.05829200000002,
          196.20129199999957
        ],
        "error": ""
      },
      {
        "opening_name": "queens_pawn",
        "opening_fen": "rnbqkbnr/ppp1pppp/8/3p4/3P4/8/PPP1PPPP/RNBQKBNR w KQkq - 0 2",
        "result": "win",
        "score_a": 1.0,
        "plies": 20,
        "adjudicated": true,
        "player_a_color": "black",
        "player_a_timeouts": 0,
        "player_b_timeouts": 0,
        "player_a_moves": 10,
        "player_b_moves": 10,
        "player_a_crashes": 0,
        "player_b_crashes": 0,
        "response_times_ms": [
          196.24958400000025,
          196.65675000000073,
          196.45008300000023,
          196.22354200000024,
          196.0815,
          196.2667919999994,
          196.3572920000001,
          196.24641699999933,
          196.455499999999,
          196.0345830000012,
          196.67912500000108,
          196.05441599999907,
          196.3785419999997,
          196.55870899999962,
          196.16704100000072,
          196.48820799999987,
          196.14554099999992,
          196.43312499999865,
          196.13487500000025,
          196.10091700000078
        ],
        "error": ""
      },
      {
        "opening_name": "ruy_lopez",
        "opening_fen": "r1bqkbnr/pppp1ppp/2n5/1B2p3/4P3/5N2/PPPP1PPP/RNBQK2R b KQkq - 3 3",
        "result": "draw",
        "score_a": 0.5,
        "plies": 17,
        "adjudicated": false,
        "player_a_color": "white",
        "player_a_timeouts": 0,
        "player_b_timeouts": 0,
        "player_a_moves": 8,
        "player_b_moves": 9,
        "player_a_crashes": 0,
        "player_b_crashes": 0,
        "response_times_ms": [
          196.43033300000036,
          196.2234580000004,
          196.42912499999989,
          196.1178340000007,
          196.53875000000022,
          196.15154100000075,
          196.1822919999996,
          196.117791999999,
          196.49300000000025,
          196.1187080000002,
          196.54849999999868,
          196.31245799999954,
          196.54220899999865,
          196.0844169999998,
          196.31066700000054,
          196.1171660000005,
          196.66054099999997
        ],
        "error": ""
      },
      {
        "opening_name": "ruy_lopez",
        "opening_fen": "r1bqkbnr/pppp1ppp/2n5/1B2p3/4P3/5N2/PPPP1PPP/RNBQK2R b KQkq - 3 3",
        "result": "draw",
        "score_a": 0.5,
        "plies": 17,
        "adjudicated": false,
        "player_a_color": "black",
        "player_a_timeouts": 0,
        "player_b_timeouts": 0,
        "player_a_moves": 9,
        "player_b_moves": 8,
        "player_a_crashes": 0,
        "player_b_crashes": 0,
        "response_times_ms": [
          196.18279199999833,
          196.55099999999948,
          196.61937500000093,
          196.0639999999998,
          196.0546249999986,
          196.55683299999893,
          196.41112499999736,
          196.0988329999971,
          196.6199169999996,
          196.20849999999734,
          196.2110000000017,
          196.2359169999992,
          196.74895800000058,
          196.215500000001,
          196.24983299999954,
          196.09666599999898,
          196.45833300000248
        ],
        "error": ""
      },
      {
        "opening_name": "italian_game",
        "opening_fen": "r1bqk1nr/pppp1ppp/2n5/2b1p3/2B1P3/5N2/PPPP1PPP/RNBQK2R w KQkq - 4 4",
        "result": "draw",
        "score_a": 0.5,
        "plies": 11,
        "adjudicated": false,
        "player_a_color": "white",
        "player_a_timeouts": 0,
        "player_b_timeouts": 0,
        "player_a_moves": 6,
        "player_b_moves": 5,
        "player_a_crashes": 0,
        "player_b_crashes": 0,
        "response_times_ms": [
          196.30425000000074,
          196.67120800000149,
          196.2689169999976,
          196.2753329999991,
          196.45949999999957,
          196.18625000000023,
          196.1311249999973,
          196.60954100000083,
          196.39754099999962,
          196.54900000000097,
          196.03745799999928
        ],
        "error": ""
      },
      {
        "opening_name": "italian_game",
        "opening_fen": "r1bqk1nr/pppp1ppp/2n5/2b1p3/2B1P3/5N2/PPPP1PPP/RNBQK2R w KQkq - 4 4",
        "result": "draw",
        "score_a": 0.5,
        "plies": 11,
        "adjudicated": false,
        "player_a_color": "black",
        "player_a_timeouts": 0,
        "player_b_timeouts": 0,
        "player_a_moves": 5,
        "player_b_moves": 6,
        "player_a_crashes": 0,
        "player_b_crashes": 0,