{
  "feedback_source": "self_play",
  "summary": {
    "games": 16,
    "wins_a": 2,
    "losses_a": 2,
    "draws": 12,
    "score_a": 8.0,
    "mean_score_a": 0.5,
    "game_scores_a": [
      0.5,
      0.5,
      0.0,
      1.0,
      0.5,
      0.5,
      0.5,
      0.5,
      1.0,
      0.0,
      0.5,
      0.5,
      0.5,
      0.5,
      0.5,
      0.5
    ],
    "player_a_moves": 121,
    "player_b_moves": 121,
    "player_a_timeouts": 0,
    "player_b_timeouts": 0,
    "player_a_crashes": 0,
    "player_b_crashes": 0,
    "results": [
      {
        "opening_name": "startpos",
        "opening_fen": "rnbqkbnr/pppppppp/8/8/8/8/PPPPPPPP/RNBQKBNR w KQkq - 0 1",
        "result": "draw",
        "score_a": 0.5,
        "plies": 13,
        "adjudicated": false,
        "player_a_color": "white",
        "player_a_timeouts": 0,
        "player_b_timeouts": 0,
        "player_a_moves": 7,
        "player_b_moves": 6,
        "player_a_crashes": 0,
        "player_b_crashes": 0,
        "response_times_ms": [
          196.32845900000007,
          196.07874999999808,
          196.2952500000199,
          196.40566600000398,
          196.46137499998417,
          196.04900000001635,
          196.14566699999614,
          196.10183300000017,
          196.0440410000217,
          196.033749999998,
          196.714084000007,
          196.2414170000102,
          196.72049999999786
        ],
        "error": ""
      },
      {
        "opening_name": "startpos",
        "opening_fen": "rnbqkbnr/pppppppp/8/8/8/8/PPPPPPPP/RNBQKBNR w KQkq - 0 1",
        "result": "draw",
        "score_a": 0.5,
        "plies": 13,
        "adjudicated": false,
        "player_a_color": "black",
        "player_a_timeouts": 0,
        "player_b_timeouts": 0,
        "player_a_moves": 6,
        "player_b_moves": 7,
        "player_a_crashes": 0,
        "player_b_crashes": 0,
        "response_times_ms": [
          196.4623329999995,
          196.36737500002255,
          196.04029199999218,
          196.05387499998983,
          196.04120899998634,
          196.39204199998517,
          196.22145799999657,
          196.2775410000006,
          196.16437499999506,
          196.59329199998865,
          196.04733299999566,
          196.09904200001438,
          196.50083299998755
        ],
        "error": ""
      },
      {
        "opening_name": "queens_pawn",
        "opening_fen": "rnbqkbnr/ppp1pppp/8/3p4/3P4/8/PPP1PPPP/RNBQKBNR w KQkq - 0 2",
        "result": "loss",
        "score_a": 0.0,
        "plies": 20,
        "adjudicated": true,
        "player_a_color": "white",
        "player_a_timeouts": 0,
        "player_b_timeouts": 0,
        "player_a_moves": 10,
        "player_b_moves": 10,
        "player_a_crashes": 0,
        "player_b_crashes": 0,
        "response_times_ms": [
          196.13345799999138,
          196.08683300000962,
          196.39424999999733,
          196.40004099997554,
          196.2487499999952,
          196.07979199997772,
          196.1991249999926,
          196.14170799999897,
          196.02858299998616,
          196.02520799998047,
          196.34862500001304,
          196.18845800002305,
          196.1868749999951,
          196.10304099998643,
          196.4379589999794,
          196.0794999999962,
          196.25779200001148,
          196.32245799999737,
          196.24991699998873,
          196.12158300000715
        ],
        "error": ""
      },
      {
        "opening_name": "queens_pawn",
        "opening_fen": "rnbqkbnr/ppp1pppp/8/3p4/3P4/8/PPP1PPPP/RNBQKBNR w KQkq - 0 2",
        "result": "win",
        "score_a": 1.0,
        "plies": 20,
        "adjudicated": true,
        "player_a_color": "black",
        "player_a_timeouts": 0,
        "player_b_timeouts": 0,
        "player_a_moves": 10,
        "player_b_moves": 10,
        "player_a_crashes": 0,
        "player_b_crashes": 0,
        "response_times_ms": [
          196.34679200001415,
          196.5444580000053,
          196.1183749999975,
          196.4067499999942,
          196.15291700000625,
          196.03479200000606,
          196.36983299997723,
          196.03516700001933,
          196.49591699999291,
          196.08862500001578,
          196.32779200000527,
          196.15529099999662,
          196.15870900000232,
          196.10691699998029,
          196.51724999999942,
          196.32316700000274,
          196.70779099999436,
          196.09320899999716,
          196.19929199998865,
          196.09158399998705
        ],
        "error": ""
      },
      {
        "opening_name": "ruy_lopez",
        "opening_fen": "r1bqkbnr/pppp1ppp/2n5/1B2p3/4P3/5N2/PPPP1PPP/RNBQK2R b KQkq - 3 3",
        "result": "draw",
        "score_a": 0.5,
        "plies": 17,
        "adjudicated": false,
        "player_a_color": "white",
        "player_a_timeouts": 0,
        "player_b_timeouts": 0,
        "player_a_moves": 8,
        "player_b_moves": 9,
        "player_a_crashes": 0,
        "player_b_crashes": 0,
        "response_times_ms": [
          196.2682500000028,
          196.37470800000756,
          196.12200000000257,
          196.36812499999223,
          196.3512499999922,
          196.1771250000197,
          196.3318749999985,
          196.09458299999005,
          196.51570799999263,
          196.03254199998332,
          196.0602080000058,
          196.03125000000432,
          196.03316699999596,
          196.41283300001078,
          196.12195899998142,
          196.5114160000212,
          196.15291700000625
        ],
        "error": ""
      },
      {
        "opening_name": "ruy_lopez",
        "opening_fen": "r1bqkbnr/pppp1ppp/2n5/1B2p3/4P3/5N2/PPPP1PPP/RNBQK2R b KQkq - 3 3",
        "result": "draw",
        "score_a": 0.5,
        "plies": 17,
        "adjudicated": false,
        "player_a_color": "black",
        "player_a_timeouts": 0,
        "player_b_timeouts": 0,
        "player_a_moves": 9,
        "player_b_moves": 8,
        "player_a_crashes": 0,
        "player_b_crashes": 0,
        "response_times_ms": [
          196.191290999991,
          196.4824579999913,
          196.1809169999924,
          196.1226250000152,
          196.10925000000634,
          196.39341600000648,
          196.3567919999889,
          196.028584000004,
          196.22391699999753,
          196.219291999995,
          196.50041699998155,
          196.08583400000157,
          196.55579100000864,
          196.60320900001693,
          196.12491699999168,
          196.024207999983,
          196.69558300000745
        ],
        "error": ""
      },
      {
        "opening_name": "italian_game",
        "opening_fen": "r1bqk1nr/pppp1ppp/2n5/2b1p3/2B1P3/5N2/PPPP1PPP/RNBQK2R w KQkq - 4 4",
        "result": "draw",
        "score_a": 0.5,
        "plies": 11,
        "adjudicated": false,
        "player_a_color": "white",
        "player_a_timeouts": 0,
        "player_b_timeouts": 0,
        "player_a_moves": 6,
        "player_b_moves": 5,
        "player_a_crashes": 0,
        "player_b_crashes": 0,
        "response_times_ms": [
          196.25554200001716,
          196.09749999997916,
          196.23033299998838,
          196.5197920000037,
          196.24162499999898,
          196.56312499998307,
          196.5015840000035,
          196.42379199999027,
          196.11833299998693,
          196.13754200000244,
          196.40304199998582
        ],
        "error": ""
      },
      {
        "opening_name": "italian_game",
        "opening_fen": "r1bqk1nr/pppp1ppp/2n5/2b1p3/2B1P3/5N2/PPPP1PPP/RNBQK2R w KQkq - 4 4",
        "result": "draw",
        "score_a": 0.5,
        "plies": 11,
        "adjudicated": false,
        "player_a_color": "black",
        "player_a_timeouts": 0,
        "player_b_timeouts": 0,
        "player_a_moves": 5,
        "player_b_moves": 6,
        "player_a_crashes": 0,
        "player_b_crashes": 0,