{
  "feedback_source": "self_play",
  "summary": {
    "games": 16,
    "wins_a": 1,
    "losses_a": 2,
    "draws": 13,
    "score_a": 7.5,
    "mean_score_a": 0.46875,
    "game_scores_a": [
      0.5,
      0.5,
      0.5,
      0.5,
      0.5,
      0.5,
      0.5,
      0.0,
      0.5,
      0.5,
      0.5,
      0.5,
      1.0,
      0.0,
      0.5,
      0.5
    ],
    "player_a_moves": 146,
    "player_b_moves": 147,
    "player_a_timeouts": 0,
    "player_b_timeouts": 0,
    "player_a_crashes": 0,
    "player_b_crashes": 0,
    "results": [
      {
        "opening_name": "startpos",
        "opening_fen": "rnbqkbnr/pppppppp/8/8/8/8/PPPPPPPP/RNBQKBNR w KQkq - 0 1",
        "result": "draw",
        "score_a": 0.5,
        "plies": 13,
        "adjudicated": false,
        "player_a_color": "white",
        "player_a_timeouts": 0,
        "player_b_timeouts": 0,
        "player_a_moves": 7,
        "player_b_moves": 6,
        "player_a_crashes": 0,
        "player_b_crashes": 0,
        "response_times_ms": [
          197.68312499999752,
          196.60562499998946,
          196.4700419999872,
          196.84541600000216,
          196.56870800000092,
          196.07591600001228,
          196.4204999999879,
          196.7922089999945,
          196.9783330000041,
          196.16900000002602,
          196.84229200001369,
          196.16424999998117,
          196.51712499998553
        ],
        "error": ""
      },
      {
        "opening_name": "startpos",
        "opening_fen": "rnbqkbnr/pppppppp/8/8/8/8/PPPPPPPP/RNBQKBNR w KQkq - 0 1",
        "result": "draw",
        "score_a": 0.5,
        "plies": 13,
        "adjudicated": false,
        "player_a_color": "black",
        "player_a_timeouts": 0,
        "player_b_timeouts": 0,
        "player_a_moves": 6,
        "player_b_moves": 7,
        "player_a_crashes": 0,
        "player_b_crashes": 0,
        "response_times_ms": [
          196.58379199998421,
          196.9093330000078,
          196.42295799999943,
          196.74412500000926,
          196.03187499998853,
          196.05037499999867,
          196.88512499999433,
          196.21554200000446,
          196.97866700002464,
          196.48295799999005,
          196.08366700001056,
          196.08237500000314,
          196.20925000000966
        ],
        "error": ""
      },
      {
        "opening_name": "queens_pawn",
        "opening_fen": "rnbqkbnr/ppp1pppp/8/3p4/3P4/8/PPP1PPPP/RNBQKBNR w KQkq - 0 2",
        "result": "draw",
        "score_a": 0.5,
        "plies": 20,
        "adjudicated": true,
        "player_a_color": "white",
        "player_a_timeouts": 0,
        "player_b_timeouts": 0,
        "player_a_moves": 10,
        "player_b_moves": 10,
        "player_a_crashes": 0,
        "player_b_crashes": 0,
        "response_times_ms": [
          196.5960839999923,
          196.1694590000036,
          196.6896669999869,
          196.3324170000078,
          196.24479099999803,
          196.70695799999294,
          196.86295799999698,
          196.04979199999661,
          196.05445900000973,
          196.37962499999162,
          196.52816699999676,
          196.15695900000674,
          196.20716699998297,
          196.0572920000061,
          196.44995899997753,
          196.09670899998832,
          196.28395899999873,
          196.09287500000505,
          196.73762499999725,
          196.91937499999312
        ],
        "error": ""
      },
      {
        "opening_name": "queens_pawn",
        "opening_fen": "rnbqkbnr/ppp1pppp/8/3p4/3P4/8/PPP1PPPP/RNBQKBNR w KQkq - 0 2",
        "result": "draw",
        "score_a": 0.5,
        "plies": 20,
        "adjudicated": true,
        "player_a_color": "black",
        "player_a_timeouts": 0,
        "player_b_timeouts": 0,
        "player_a_moves": 10,
        "player_b_moves": 10,
        "player_a_crashes": 0,
        "player_b_crashes": 0,
        "response_times_ms": [
          196.45150000002332,
          215.3891250000015,
          241.2741250000181,
          196.07662499998924,
          196.23275000000717,
          196.13808399998334,
          201.67774999998755,
          224.46937499998398,
          196.35587499999474,
          196.36825000000613,
          196.41550000000052,
          197.04704200000833,
          196.05445799999188,
          196.97554200001832,
          196.5666659999954,
          196.6737500000022,
          196.57191699999998,
          196.70687499998962,
          196.4870420000011,
          196.55433400001243
        ],
        "error": ""
      },
      {
        "opening_name": "ruy_lopez",
        "opening_fen": "r1bqkbnr/pppp1ppp/2n5/1B2p3/4P3/5N2/PPPP1PPP/RNBQK2R b KQkq - 3 3",
        "result": "draw",
        "score_a": 0.5,
        "plies": 17,
        "adjudicated": false,
        "player_a_color": "white",
        "player_a_timeouts": 0,
        "player_b_timeouts": 0,
        "player_a_moves": 8,
        "player_b_moves": 9,
        "player_a_crashes": 0,
        "player_b_crashes": 0,
        "response_times_ms": [
          196.7120829999942,
          196.47212500001388,
          196.39254200001233,
          196.01870799999688,
          196.13700000002154,
          196.2815830000011,
          196.54345800000783,
          196.17608300001166,
          196.56662500000266,
          196.5023340000016,
          196.16545800002427,
          196.03483400001664,
          196.78366600001596,
          196.1924169999918,
          196.0632079999982,
          196.22837500003243,
          196.17662499996413
        ],
        "error": ""
      },
      {
        "opening_name": "ruy_lopez",
        "opening_fen": "r1bqkbnr/pppp1ppp/2n5/1B2p3/4P3/5N2/PPPP1PPP/RNBQK2R b KQkq - 3 3",
        "result": "draw",
        "score_a": 0.5,
        "plies": 17,
        "adjudicated": false,
        "player_a_color": "black",
        "player_a_timeouts": 0,
        "player_b_timeouts": 0,
        "player_a_moves": 9,
        "player_b_moves": 8,
        "player_a_crashes": 0,
        "player_b_crashes": 0,
        "response_times_ms": [
          736.3426250000202,
          198.49695900001052,
          196.91154200000938,
          196.4360000000056,
          206.79395799999156,
          196.0950829999888,
          196.16487500002222,
          196.50141699997903,
          196.30604200000334,
          196.38629099995342,
          196.1744590000194,
          196.85283300003675,
          196.0757080000235,
          196.2780000000066,
          196.36179099995843,
          196.9386250000298,
          196.6300839999917
        ],
        "error": ""
      },
      {
        "opening_name": "italian_game",
        "opening_fen": "r1bqk1nr/pppp1ppp/2n5/2b1p3/2B1P3/5N2/PPPP1PPP/RNBQK2R w KQkq - 4 4",
        "result": "draw",
        "score_a": 0.5,
        "plies": 20,
        "adjudicated": true,
        "player_a_color": "white",
        "player_a_timeouts": 0,
        "player_b_timeouts": 0,
        "player_a_moves": 10,
        "player_b_moves": 10,
        "player_a_crashes": 0,
        "player_b_crashes": 0,
        "response_times_ms": [
          196.11687500002972,
          196.21112500004756,
          196.2516660000233,
          196.42812500001128,
          196.70033300002387,
          197.3065000000247,
          196.08512500002462,
          260.1532909999946,
          201.0554999999954,
          196.4034579999634,
          196.99566700001014,
          196.74866700000848,
          196.92574999999124,
          196.71099999999342,
          197.57850000002009,
          197.38037500002292,
          196.89616700003398,
          196.4737919999493,
          196.04070799999818,
          196.5619160000074
        ],
        "error": ""
      },
      {
        "opening_name": "italian_game",
        "opening_fen": "r1bqk1nr/pppp1ppp/2n5/2b1p3/2B1P3/5N2/PPPP1PPP/RNBQK2R w KQkq - 4 4",
        "result": "loss",
        "score_a": 0.0,