{
  "feedback_source": "self_play",
  "summary": {
    "games": 16,
    "wins_a": 1,
    "losses_a": 1,
    "draws": 14,
    "score_a": 8.0,
    "mean_score_a": 0.5,
    "game_scores_a": [
      0.5,
      0.5,
      0.0,
      1.0,
      0.5,
      0.5,
      0.5,
      0.5,
      0.5,
      0.5,
      0.5,
      0.5,
      0.5,
      0.5,
      0.5,
      0.5
    ],
    "player_a_moves": 118,
    "player_b_moves": 118,
    "player_a_timeouts": 0,
    "player_b_timeouts": 0,
    "player_a_crashes": 0,
    "player_b_crashes": 0,
    "results": [
      {
        "opening_name": "startpos",
        "opening_fen": "rnbqkbnr/pppppppp/8/8/8/8/PPPPPPPP/RNBQKBNR w KQkq - 0 1",
        "result": "draw",
        "score_a": 0.5,
        "plies": 13,
        "adjudicated": false,
        "player_a_color": "white",
        "player_a_timeouts": 0,
        "player_b_timeouts": 0,
        "player_a_moves": 7,
        "player_b_moves": 6,
        "player_a_crashes": 0,
        "player_b_crashes": 0,
        "response_times_ms": [
          196.427041,
          196.15525000000005,
          196.13324999999992,
          196.2504170000001,
          196.252125,
          196.389417,
          196.0819169999999,
          196.27891600000004,
          196.23479200000006,
          196.2749589999999,
          196.8769589999999,
          196.13625000000036,
          196.3309579999999
        ],
        "error": ""
      },
      {
        "opening_name": "startpos",
        "opening_fen": "rnbqkbnr/pppppppp/8/8/8/8/PPPPPPPP/RNBQKBNR w KQkq - 0 1",
        "result": "draw",
        "score_a": 0.5,
        "plies": 13,
        "adjudicated": false,
        "player_a_color": "black",
        "player_a_timeouts": 0,
        "player_b_timeouts": 0,
        "player_a_moves": 6,
        "player_b_moves": 7,
        "player_a_crashes": 0,
        "player_b_crashes": 0,
        "response_times_ms": [
          196.67791700000015,
          196.70049999999995,
          196.40170800000024,
          196.32854199999983,
          196.54204199999992,
          196.18079099999974,
          196.2701669999998,
          196.18062500000022,
          196.32470899999976,
          196.65491700000004,
          196.64062500000057,
          196.14058300000005,
          196.08620900000062
        ],
        "error": ""
      },
      {
        "opening_name": "queens_pawn",
        "opening_fen": "rnbqkbnr/ppp1pppp/8/3p4/3P4/8/PPP1PPPP/RNBQKBNR w KQkq - 0 2",
        "result": "loss",
        "score_a": 0.0,
        "plies": 20,
        "adjudicated": true,
        "player_a_color": "white",
        "player_a_timeouts": 0,
        "player_b_timeouts": 0,
        "player_a_moves": 10,
        "player_b_moves": 10,
        "player_a_crashes": 0,
        "player_b_crashes": 0,
        "response_times_ms": [
          196.28491699999984,
          196.30337500000027,
          196.437875,
          196.05662500000065,
          196.4372919999997,
          196.41262500000067,
          196.5910830000004,
          196.25375000000034,
          196.27033400000028,
          196.0964580000004,
          196.31858299999917,
          196.12504199999935,
          196.0495,
          196.4274589999997,
          196.74716699999982,
          197.58795799999973,
          196.28266599999833,
          196.0645000000003,
          196.22541699999908,
          196.12654099999992
        ],
        "error": ""
      },
      {
        "opening_name": "queens_pawn",
        "opening_fen": "rnbqkbnr/ppp1pppp/8/3p4/3P4/8/PPP1PPPP/RNBQKBNR w KQkq - 0 2",
        "result": "win",
        "score_a": 1.0,
        "plies": 20,
        "adjudicated": true,
        "player_a_color": "black",
        "player_a_timeouts": 0,
        "player_b_timeouts": 0,
        "player_a_moves": 10,
        "player_b_moves": 10,
        "player_a_crashes": 0,
        "player_b_crashes": 0,
        "response_times_ms": [
          196.2092920000007,
          196.17812500000122,
          196.85466699999841,
          196.18658300000112,
          196.29516700000062,
          196.15479199999976,
          196.10104200000046,
          196.13279100000014,
          196.16750000000138,
          196.73558299999883,
          196.20662500000032,
          196.67116699999985,
          196.50883299999933,
          196.1230829999998,
          196.1559160000004,
          196.2260829999991,
          196.07316699999978,
          196.29595800000033,
          196.26279200000062,
          196.22404100000068
        ],
        "error": ""
      },
      {
        "opening_name": "ruy_lopez",
        "opening_fen": "r1bqkbnr/pppp1ppp/2n5/1B2p3/4P3/5N2/PPPP1PPP/RNBQK2R b KQkq - 3 3",
        "result": "draw",
        "score_a": 0.5,
        "plies": 11,
        "adjudicated": false,
        "player_a_color": "white",
        "player_a_timeouts": 0,
        "player_b_timeouts": 0,
        "player_a_moves": 5,
        "player_b_moves": 6,
        "player_a_crashes": 0,
        "player_b_crashes": 0,
        "response_times_ms": [
          196.34958299999994,
          196.70187500000048,
          196.2957499999991,
          196.20420900000113,
          196.10341699999978,
          196.0448750000001,
          196.50254200000106,
          196.2361250000004,
          196.28116599999856,
          196.1693749999984,
          196.570083000001
        ],
        "error": ""
      },
      {
        "opening_name": "ruy_lopez",
        "opening_fen": "r1bqkbnr/pppp1ppp/2n5/1B2p3/4P3/5N2/PPPP1PPP/RNBQK2R b KQkq - 3 3",
        "result": "draw",
        "score_a": 0.5,
        "plies": 11,
        "adjudicated": false,
        "player_a_color": "black",
        "player_a_timeouts": 0,
        "player_b_timeouts": 0,
        "player_a_moves": 6,
        "player_b_moves": 5,
        "player_a_crashes": 0,
        "player_b_crashes": 0,
        "response_times_ms": [
          196.34270799999953,
          196.14391600000047,
          196.37733299999917,
          196.11087500000048,
          196.19420800000142,
          196.1599170000028,
          196.38537500000197,
          196.21387499999798,
          196.42079100000132,
          196.27845799999832,
          196.19637499999953
        ],
        "error": ""
      },
      {
        "opening_name": "italian_game",
        "opening_fen": "r1bqk1nr/pppp1ppp/2n5/2b1p3/2B1P3/5N2/PPPP1PPP/RNBQK2R w KQkq - 4 4",
        "result": "draw",
        "score_a": 0.5,
        "plies": 11,
        "adjudicated": false,
        "player_a_color": "white",
        "player_a_timeouts": 0,
        "player_b_timeouts": 0,
        "player_a_moves": 6,
        "player_b_moves": 5,
        "player_a_crashes": 0,
        "player_b_crashes": 0,
        "response_times_ms": [
          196.623749999997,
          196.19620799999993,
          196.0593750000008,
          196.45183399999766,
          196.22720799999982,
          196.45966699999917,
          196.09170900000095,
          196.59795900000177,
          196.47104199999887,
          196.63691599999922,
          196.5072499999998
        ],
        "error": ""
      },
      {
        "opening_name": "italian_game",
        "opening_fen": "r1bqk1nr/pppp1ppp/2n5/2b1p3/2B1P3/5N2/PPPP1PPP/RNBQK2R w KQkq - 4 4",
        "result": "draw",
        "score_a": 0.5,
        "plies": 11,
        "adjudicated": false,
        "player_a_color": "black",
        "player_a_timeouts": 0,
        "player_b_timeouts": 0,
        "player_a_moves": 5,
        "player_b_moves": 6,
        "player_a_crashes": 0,
        "player_b_crashes": 0,
        "response_times_ms": [
          196.34999999999891,
          196.35312500000168,
          196.13266600000046,
          196.63233400000024,
          196.2389999999985,
          196.07995899999864,
          196.18458400000094,
          196.60091699999782,
          196.37549999999848,
          196.21720900000028,
          196.1492079999978
        ],