{
  "feedback_source": "self_play",
  "summary": {
    "games": 16,
    "wins_a": 2,
    "losses_a": 2,
    "draws": 12,
    "score_a": 8.0,
    "mean_score_a": 0.5,
    "game_scores_a": [
      0.5,
      0.5,
      0.0,
      1.0,
      0.5,
      0.5,
      0.5,
      0.5,
      1.0,
      0.0,
      0.5,
      0.5,
      0.5,
      0.5,
      0.5,
      0.5
    ],
    "player_a_moves": 123,
    "player_b_moves": 122,
    "player_a_timeouts": 0,
    "player_b_timeouts": 0,
    "player_a_crashes": 0,
    "player_b_crashes": 0,
    "results": [
      {
        "opening_name": "startpos",
        "opening_fen": "rnbqkbnr/pppppppp/8/8/8/8/PPPPPPPP/RNBQKBNR w KQkq - 0 1",
        "result": "draw",
        "score_a": 0.5,
        "plies": 13,
        "adjudicated": false,
        "player_a_color": "white",
        "player_a_timeouts": 0,
        "player_b_timeouts": 0,
        "player_a_moves": 7,
        "player_b_moves": 6,
        "player_a_crashes": 0,
        "player_b_crashes": 0,
        "response_times_ms": [
          196.47650000001704,
          196.29387499998074,
          196.08433300001593,
          196.3539580000031,
          196.22391599997968,
          196.08908300000394,
          196.64699999998447,
          196.58133299998326,
          196.6736669999989,
          196.57837500000142,
          196.4902919999929,
          196.10912499999245,
          196.24687500001414
        ],
        "error": ""
      },
      {
        "opening_name": "startpos",
        "opening_fen": "rnbqkbnr/pppppppp/8/8/8/8/PPPPPPPP/RNBQKBNR w KQkq - 0 1",
        "result": "draw",
        "score_a": 0.5,
        "plies": 13,
        "adjudicated": false,
        "player_a_color": "black",
        "player_a_timeouts": 0,
        "player_b_timeouts": 0,
        "player_a_moves": 6,
        "player_b_moves": 7,
        "player_a_crashes": 0,
        "player_b_crashes": 0,
        "response_times_ms": [
          196.16504200001827,
          196.43104100001096,
          196.25399999998194,
          196.47833300001594,
          196.30566699999008,
          196.04066700000544,
          196.56045799999333,
          196.61529199998995,
          196.16375000001085,
          196.53466599999092,
          196.17145800000912,
          196.51150000001394,
          196.54754199999047
        ],
        "error": ""
      },
      {
        "opening_name": "queens_pawn",
        "opening_fen": "rnbqkbnr/ppp1pppp/8/3p4/3P4/8/PPP1PPPP/RNBQKBNR w KQkq - 0 2",
        "result": "loss",
        "score_a": 0.0,
        "plies": 20,
        "adjudicated": true,
        "player_a_color": "white",
        "player_a_timeouts": 0,
        "player_b_timeouts": 0,
        "player_a_moves": 10,
        "player_b_moves": 10,
        "player_a_crashes": 0,
        "player_b_crashes": 0,
        "response_times_ms": [
          196.30183399999623,
          196.1746249999976,
          196.46450000001892,
          196.07391700000676,
          196.1218750000171,
          196.42620799999122,
          196.07062500000438,
          196.19804100000238,
          196.12537500000826,
          196.21462499998188,
          196.59241599998722,
          196.12216699999863,
          196.11837500002594,
          196.1337919999835,
          196.03520799998364,
          196.16424999998117,
          196.5709170000025,
          196.23620899997718,
          196.4244170000029,
          196.19008400002258
        ],
        "error": ""
      },
      {
        "opening_name": "queens_pawn",
        "opening_fen": "rnbqkbnr/ppp1pppp/8/3p4/3P4/8/PPP1PPPP/RNBQKBNR w KQkq - 0 2",
        "result": "win",
        "score_a": 1.0,
        "plies": 20,
        "adjudicated": true,
        "player_a_color": "black",
        "player_a_timeouts": 0,
        "player_b_timeouts": 0,
        "player_a_moves": 10,
        "player_b_moves": 10,
        "player_a_crashes": 0,
        "player_b_crashes": 0,
        "response_times_ms": [
          196.14704099998903,
          196.59383299998012,
          196.0829580000052,
          196.28908300001058,
          196.23895800000923,
          196.11629199999925,
          196.55533299999206,
          196.19575000001532,
          196.80658400000084,
          196.0657079999919,
          196.45566700000927,
          196.0999579999907,
          196.51400000000763,
          196.04133400000023,
          196.1244580000141,
          196.1657500000058,
          196.6510830000061,
          196.0531670000023,
          196.70112500000414,
          196.27166600000123
        ],
        "error": ""
      },
      {
        "opening_name": "ruy_lopez",
        "opening_fen": "r1bqkbnr/pppp1ppp/2n5/1B2p3/4P3/5N2/PPPP1PPP/RNBQK2R b KQkq - 3 3",
        "result": "draw",
        "score_a": 0.5,
        "plies": 20,
        "adjudicated": true,
        "player_a_color": "white",
        "player_a_timeouts": 0,
        "player_b_timeouts": 0,
        "player_a_moves": 10,
        "player_b_moves": 10,
        "player_a_crashes": 0,
        "player_b_crashes": 0,
        "response_times_ms": [
          196.1543749999919,
          196.4016670000035,
          196.48870800000395,
          196.06391600001416,
          196.054834000023,
          196.3842910000153,
          196.40570800001456,
          196.13091700000496,
          196.5188749999811,
          196.07549999997786,
          196.60695900000746,
          196.18766600001436,
          201.80704099999502,
          196.2587079999878,
          196.24350000000845,
          199.86383299999488,
          213.19358399998123,
          196.20220799998833,
          246.79004099999702,
          196.0722500000145
        ],
        "error": ""
      },
      {
        "opening_name": "ruy_lopez",
        "opening_fen": "r1bqkbnr/pppp1ppp/2n5/1B2p3/4P3/5N2/PPPP1PPP/RNBQK2R b KQkq - 3 3",
        "result": "draw",
        "score_a": 0.5,
        "plies": 17,
        "adjudicated": false,
        "player_a_color": "black",
        "player_a_timeouts": 0,
        "player_b_timeouts": 0,
        "player_a_moves": 9,
        "player_b_moves": 8,
        "player_a_crashes": 0,
        "player_b_crashes": 0,
        "response_times_ms": [
          196.1386660000244,
          196.11941599998772,
          196.31508300000178,
          196.1622919999968,
          196.43908300000135,
          196.48629100001358,
          196.1799580000161,
          196.07999999999493,
          196.06045800000516,
          196.19762499999638,
          196.71791700000085,
          196.03995900001792,
          196.15912500000832,
          196.18400000001657,
          196.219708000001,
          196.56533299999523,
          196.2910420000128
        ],
        "error": ""
      },
      {
        "opening_name": "italian_game",
        "opening_fen": "r1bqk1nr/pppp1ppp/2n5/2b1p3/2B1P3/5N2/PPPP1PPP/RNBQK2R w KQkq - 4 4",
        "result": "draw",
        "score_a": 0.5,
        "plies": 11,
        "adjudicated": false,
        "player_a_color": "white",
        "player_a_timeouts": 0,
        "player_b_timeouts": 0,
        "player_a_moves": 6,
        "player_b_moves": 5,
        "player_a_crashes": 0,
        "player_b_crashes": 0,
        "response_times_ms": [
          196.1415830000135,
          196.11829200002262,
          196.17508299998576,
          196.2421249999977,
          196.05712499998162,
          196.2421670000083,
          196.15908299999774,
          196.0941250000019,
          196.13029200002075,
          196.21820799997636,
          196.13633399998776
        ],
        "error": ""
      },
      {
        "opening_name": "italian_game",
        "opening_fen": "r1bqk1nr/pppp1ppp/2n5/2b1p3/2B1P3/5N2/PPPP1PPP/RNBQK2R w KQkq - 4 4",
        "result": "draw",
        "score_a": 0.5,
        "plies": 11,
        "adjudicated": false,
        "player_a_color": "black",
        "player_a_timeouts": 0,
        "player_b_timeouts": 0,
        "player_a_moves": 5,