{
  "feedback_source": "self_play",
  "summary": {
    "games": 16,
    "wins_a": 2,
    "losses_a": 2,
    "draws": 12,
    "score_a": 8.0,
    "mean_score_a": 0.5,
    "game_scores_a": [
      0.5,
      0.5,
      0.0,
      1.0,
      0.5,
      0.5,
      0.5,
      0.5,
      1.0,
      0.0,
      0.5,
      0.5,
      0.5,
      0.5,
      0.5,
      0.5
    ],
    "player_a_moves": 121,
    "player_b_moves": 121,
    "player_a_timeouts": 0,
    "player_b_timeouts": 0,
    "player_a_crashes": 0,
    "player_b_crashes": 0,
    "results": [
      {
        "opening_name": "startpos",
        "opening_fen": "rnbqkbnr/pppppppp/8/8/8/8/PPPPPPPP/RNBQKBNR w KQkq - 0 1",
        "result": "draw",
        "score_a": 0.5,
        "plies": 13,
        "adjudicated": false,
        "player_a_color": "white",
        "player_a_timeouts": 0,
        "player_b_timeouts": 0,
        "player_a_moves": 7,
        "player_b_moves": 6,
        "player_a_crashes": 0,
        "player_b_crashes": 0,
        "response_times_ms": [
          196.152458,
          196.07666700000004,
          196.30220799999998,
          196.44300000000004,
          196.20220799999987,
          196.46750000000003,
          196.30474999999993,
          196.238833,
          196.25025000000008,
          196.16704200000012,
          196.58833300000023,
          196.44483400000024,
          196.37750000000008
        ],
        "error": ""
      },
      {
        "opening_name": "startpos",
        "opening_fen": "rnbqkbnr/pppppppp/8/8/8/8/PPPPPPPP/RNBQKBNR w KQkq - 0 1",
        "result": "draw",
        "score_a": 0.5,
        "plies": 13,
        "adjudicated": false,
        "player_a_color": "black",
        "player_a_timeouts": 0,
        "player_b_timeouts": 0,
        "player_a_moves": 6,
        "player_b_moves": 7,
        "player_a_crashes": 0,
        "player_b_crashes": 0,
        "response_times_ms": [
          196.17066599999998,
          196.09837500000003,
          196.1387079999999,
          196.11520800000017,
          196.4517090000002,
          196.25104100000001,
          196.14766699999953,
          196.3487499999994,
          196.17474999999996,
          197.74187499999928,
          196.07487499999988,
          196.0437919999993,
          196.56608300000045
        ],
        "error": ""
      },
      {
        "opening_name": "queens_pawn",
        "opening_fen": "rnbqkbnr/ppp1pppp/8/3p4/3P4/8/PPP1PPPP/RNBQKBNR w KQkq - 0 2",
        "result": "loss",
        "score_a": 0.0,
        "plies": 20,
        "adjudicated": true,
        "player_a_color": "white",
        "player_a_timeouts": 0,
        "player_b_timeouts": 0,
        "player_a_moves": 10,
        "player_b_moves": 10,
        "player_a_crashes": 0,
        "player_b_crashes": 0,
        "response_times_ms": [
          196.2529169999998,
          196.28879100000063,
          196.1469170000001,
          196.24658299999976,
          196.4201249999995,
          196.8195829999999,
          196.38304099999982,
          196.54083400000033,
          196.23399999999958,
          196.29425000000023,
          196.2035000000002,
          196.29362500000002,
          196.19604199999952,
          196.2063340000002,
          196.43824999999993,
          196.24579099999906,
          196.07749999999947,
          196.26070799999871,
          196.30187499999963,
          196.13012499999982
        ],
        "error": ""
      },
      {
        "opening_name": "queens_pawn",
        "opening_fen": "rnbqkbnr/ppp1pppp/8/3p4/3P4/8/PPP1PPPP/RNBQKBNR w KQkq - 0 2",
        "result": "win",
        "score_a": 1.0,
        "plies": 20,
        "adjudicated": true,
        "player_a_color": "black",
        "player_a_timeouts": 0,
        "player_b_timeouts": 0,
        "player_a_moves": 10,
        "player_b_moves": 10,
        "player_a_crashes": 0,
        "player_b_crashes": 0,
        "response_times_ms": [
          196.49679200000136,
          196.21412499999911,
          196.07504100000028,
          196.10412499999973,
          196.38987500000127,
          196.5837920000002,
          196.59804099999968,
          196.45050000000097,
          196.24916700000128,
          196.35008400000055,
          196.7081670000006,
          196.3917500000001,
          196.24033300000042,
          196.09179199999892,
          196.65291699999977,
          196.39979199999937,
          196.06320799999997,
          196.06304200000045,
          196.24699999999962,
          196.16283300000072
        ],
        "error": ""
      },
      {
        "opening_name": "ruy_lopez",
        "opening_fen": "r1bqkbnr/pppp1ppp/2n5/1B2p3/4P3/5N2/PPPP1PPP/RNBQK2R b KQkq - 3 3",
        "result": "draw",
        "score_a": 0.5,
        "plies": 17,
        "adjudicated": false,
        "player_a_color": "white",
        "player_a_timeouts": 0,
        "player_b_timeouts": 0,
        "player_a_moves": 8,
        "player_b_moves": 9,
        "player_a_crashes": 0,
        "player_b_crashes": 0,
        "response_times_ms": [
          196.22645900000003,
          196.2682910000009,
          196.32995899999983,
          196.29020899999892,
          196.08420800000027,
          196.5652079999991,
          196.144125,
          196.28133299999996,
          196.34462500000006,
          196.05895800000008,
          196.1726250000009,
          196.2884579999997,
          196.07562500000063,
          196.1343750000015,
          196.04829099999853,
          196.19987500000136,
          196.074792000001
        ],
        "error": ""
      },
      {
        "opening_name": "ruy_lopez",
        "opening_fen": "r1bqkbnr/pppp1ppp/2n5/1B2p3/4P3/5N2/PPPP1PPP/RNBQK2R b KQkq - 3 3",
        "result": "draw",
        "score_a": 0.5,
        "plies": 17,
        "adjudicated": false,
        "player_a_color": "black",
        "player_a_timeouts": 0,
        "player_b_timeouts": 0,
        "player_a_moves": 9,
        "player_b_moves": 8,
        "player_a_crashes": 0,
        "player_b_crashes": 0,
        "response_times_ms": [
          196.42208399999816,
          196.21187500000303,
          196.13808399999755,
          196.23391600000062,
          196.14487500000166,
          197.89429200000086,
          196.60645800000154,
          196.04191599999865,
          196.2119580000028,
          196.5624580000025,
          196.1297079999973,
          196.1341670000003,
          196.70162499999932,
          196.15395800000002,
          196.0591249999979,
          196.05829200000002,
          196.1349169999984
        ],
        "error": ""
      },
      {
        "opening_name": "italian_game",
        "opening_fen": "r1bqk1nr/pppp1ppp/2n5/2b1p3/2B1P3/5N2/PPPP1PPP/RNBQK2R w KQkq - 4 4",
        "result": "draw",
        "score_a": 0.5,
        "plies": 11,
        "adjudicated": false,
        "player_a_color": "white",
        "player_a_timeouts": 0,
        "player_b_timeouts": 0,
        "player_a_moves": 6,
        "player_b_moves": 5,
        "player_a_crashes": 0,
        "player_b_crashes": 0,
        "response_times_ms": [
          196.2980000000023,
          196.06595799999837,
          197.4281249999983,
          196.2045830000001,
          196.25616700000137,
          196.52049999999832,
          196.4258749999992,
          196.15708299999923,
          196.15804200000042,
          196.1039580000019,
          196.15170899999868
        ],
        "error": ""
      },
      {
        "opening_name": "italian_game",
        "opening_fen": "r1bqk1nr/pppp1ppp/2n5/2b1p3/2B1P3/5N2/PPPP1PPP/RNBQK2R w KQkq - 4 4",
        "result": "draw",
        "score_a": 0.5,
        "plies": 11,
        "adjudicated": false,
        "player_a_color": "black",
        "player_a_timeouts": 0,
        "player_b_timeouts": 0,
        "player_a_moves": 5,
        "player_b_moves": 6,
        "player_a_crashes": 0,
        "player_b_crashes": 0,