{
  "feedback_source": "self_play",
  "summary": {
    "games": 16,
    "wins_a": 3,
    "losses_a": 3,
    "draws": 10,
    "score_a": 8.0,
    "mean_score_a": 0.5,
    "game_scores_a": [
      0.5,
      0.5,
      0.0,
      1.0,
      0.5,
      0.5,
      0.0,
      1.0,
      1.0,
      0.0,
      0.5,
      0.5,
      0.5,
      0.5,
      0.5,
      0.5
    ],
    "player_a_moves": 118,
    "player_b_moves": 118,
    "player_a_timeouts": 0,
    "player_b_timeouts": 0,
    "player_a_crashes": 0,
    "player_b_crashes": 0,
    "results": [
      {
        "opening_name": "startpos",
        "opening_fen": "rnbqkbnr/pppppppp/8/8/8/8/PPPPPPPP/RNBQKBNR w KQkq - 0 1",
        "result": "draw",
        "score_a": 0.5,
        "plies": 13,
        "adjudicated": false,
        "player_a_color": "white",
        "player_a_timeouts": 0,
        "player_b_timeouts": 0,
        "player_a_moves": 7,
        "player_b_moves": 6,
        "player_a_crashes": 0,
        "player_b_crashes": 0,
        "response_times_ms": [
          196.059125,
          196.09458299999994,
          196.16725000000002,
          196.22470800000013,
          196.08220799999998,
          196.199625,
          196.1035,
          196.38262499999982,
          196.37662499999985,
          196.13900000000007,
          196.53858400000024,
          196.27654200000012,
          196.12125000000003
        ],
        "error": ""
      },
      {
        "opening_name": "startpos",
        "opening_fen": "rnbqkbnr/pppppppp/8/8/8/8/PPPPPPPP/RNBQKBNR w KQkq - 0 1",
        "result": "draw",
        "score_a": 0.5,
        "plies": 13,
        "adjudicated": false,
        "player_a_color": "black",
        "player_a_timeouts": 0,
        "player_b_timeouts": 0,
        "player_a_moves": 6,
        "player_b_moves": 7,
        "player_a_crashes": 0,
        "player_b_crashes": 0,
        "response_times_ms": [
          196.02954200000022,
          196.327417,
          196.46591599999974,
          196.20445800000041,
          196.3206249999998,
          196.42041700000013,
          196.18662500000062,
          196.04166600000016,
          196.3675829999998,
          196.30687500000033,
          196.07816600000038,
          196.27495900000014,
          196.28079200000047
        ],
        "error": ""
      },
      {
        "opening_name": "queens_pawn",
        "opening_fen": "rnbqkbnr/ppp1pppp/8/3p4/3P4/8/PPP1PPPP/RNBQKBNR w KQkq - 0 2",
        "result": "loss",
        "score_a": 0.0,
        "plies": 20,
        "adjudicated": true,
        "player_a_color": "white",
        "player_a_timeouts": 0,
        "player_b_timeouts": 0,
        "player_a_moves": 10,
        "player_b_moves": 10,
        "player_a_crashes": 0,
        "player_b_crashes": 0,
        "response_times_ms": [
          196.14283299999968,
          196.18033300000005,
          196.25112500000074,
          196.0956659999997,
          196.3618330000001,
          196.10925000000012,
          196.04962500000056,
          196.44654200000033,
          196.57658399999977,
          196.2314169999999,
          196.20625000000035,
          196.24974999999978,
          196.25312500000013,
          196.19408299999998,
          196.18883299999902,
          196.31508300000002,
          196.55879199999936,
          196.02829200000116,
          196.22895899999904,
          196.04595899999921
        ],
        "error": ""
      },
      {
        "opening_name": "queens_pawn",
        "opening_fen": "rnbqkbnr/ppp1pppp/8/3p4/3P4/8/PPP1PPPP/RNBQKBNR w KQkq - 0 2",
        "result": "win",
        "score_a": 1.0,
        "plies": 20,
        "adjudicated": true,
        "player_a_color": "black",
        "player_a_timeouts": 0,
        "player_b_timeouts": 0,
        "player_a_moves": 10,
        "player_b_moves": 10,
        "player_a_crashes": 0,
        "player_b_crashes": 0,
        "response_times_ms": [
          196.18304100000117,
          196.10599999999857,
          196.14224999999942,
          199.80208399999987,
          196.48424999999924,
          196.08637500000015,
          196.16137499999908,
          196.43266699999984,
          196.1035839999994,
          196.07437500000026,
          196.59799999999984,
          196.12241699999976,
          196.1695419999998,
          196.0239580000014,
          196.0417079999992,
          196.04695900000024,
          196.10179200000033,
          196.03320800000114,
          196.10095900000067,
          196.04720799999953
        ],
        "error": ""
      },
      {
        "opening_name": "ruy_lopez",
        "opening_fen": "r1bqkbnr/pppp1ppp/2n5/1B2p3/4P3/5N2/PPPP1PPP/RNBQK2R b KQkq - 3 3",
        "result": "draw",
        "score_a": 0.5,
        "plies": 15,
        "adjudicated": false,
        "player_a_color": "white",
        "player_a_timeouts": 0,
        "player_b_timeouts": 0,
        "player_a_moves": 7,
        "player_b_moves": 8,
        "player_a_crashes": 0,
        "player_b_crashes": 0,
        "response_times_ms": [
          196.25670799999995,
          196.44324999999975,
          196.12616700000098,
          196.22695900000053,
          196.52341599999977,
          196.21191700000116,
          196.28016699999938,
          196.21758299999925,
          196.22979199999867,
          196.2692920000002,
          196.05116600000017,
          196.50279200000043,
          196.18625000000023,
          196.10545799999989,
          196.3299169999999
        ],
        "error": ""
      },
      {
        "opening_name": "ruy_lopez",
        "opening_fen": "r1bqkbnr/pppp1ppp/2n5/1B2p3/4P3/5N2/PPPP1PPP/RNBQK2R b KQkq - 3 3",
        "result": "draw",
        "score_a": 0.5,
        "plies": 15,
        "adjudicated": false,
        "player_a_color": "black",
        "player_a_timeouts": 0,
        "player_b_timeouts": 0,
        "player_a_moves": 8,
        "player_b_moves": 7,
        "player_a_crashes": 0,
        "player_b_crashes": 0,
        "response_times_ms": [
          196.1144159999968,
          196.39258299999796,
          196.3282090000007,
          196.05562499999962,
          196.5205410000017,
          196.22541700000085,
          196.27820799999895,
          196.18691700000213,
          196.1176249999994,
          196.21104199999806,
          196.2993329999989,
          196.05874999999884,
          196.4163749999983,
          196.0420410000019,
          196.0944999999974
        ],
        "error": ""
      },
      {
        "opening_name": "italian_game",
        "opening_fen": "r1bqk1nr/pppp1ppp/2n5/2b1p3/2B1P3/5N2/PPPP1PPP/RNBQK2R w KQkq - 4 4",
        "result": "loss",
        "score_a": 0.0,
        "plies": 10,
        "adjudicated": false,
        "player_a_color": "white",
        "player_a_timeouts": 0,
        "player_b_timeouts": 0,
        "player_a_moves": 5,
        "player_b_moves": 5,
        "player_a_crashes": 0,
        "player_b_crashes": 0,
        "response_times_ms": [
          196.49320899999978,
          196.18591600000101,
          196.16970899999941,
          196.1847499999969,
          196.42225000000124,
          196.0528330000031,
          196.1636250000005,
          196.0915839999977,
          196.22404200000076,
          26.811375000001192
        ],
        "error": ""
      },
      {
        "opening_name": "italian_game",
        "opening_fen": "r1bqk1nr/pppp1ppp/2n5/2b1p3/2B1P3/5N2/PPPP1PPP/RNBQK2R w KQkq - 4 4",
        "result": "win",
        "score_a": 1.0,
        "plies": 10,
        "adjudicated": false,
        "player_a_color": "black",
        "player_a_timeouts": 0,
        "player_b_timeouts": 0,
        "player_a_moves": 5,
        "player_b_moves": 5,
        "player_a_crashes": 0,
        "player_b_crashes": 0,