{
  "feedback_source": "self_play",
  "summary": {
    "games": 16,
    "wins_a": 1,
    "losses_a": 1,
    "draws": 14,
    "score_a": 8.0,
    "mean_score_a": 0.5,
    "game_scores_a": [
      0.5,
      0.5,
      0.5,
      0.5,
      1.0,
      0.0,
      0.5,
      0.5,
      0.5,
      0.5,
      0.5,
      0.5,
      0.5,
      0.5,
      0.5,
      0.5
    ],
    "player_a_moves": 134,
    "player_b_moves": 134,
    "player_a_timeouts": 0,
    "player_b_timeouts": 0,
    "player_a_crashes": 0,
    "player_b_crashes": 0,
    "results": [
      {
        "opening_name": "startpos",
        "opening_fen": "rnbqkbnr/pppppppp/8/8/8/8/PPPPPPPP/RNBQKBNR w KQkq - 0 1",
        "result": "draw",
        "score_a": 0.5,
        "plies": 13,
        "adjudicated": false,
        "player_a_color": "white",
        "player_a_timeouts": 0,
        "player_b_timeouts": 0,
        "player_a_moves": 7,
        "player_b_moves": 6,
        "player_a_crashes": 0,
        "player_b_crashes": 0,
        "response_times_ms": [
          196.33620800004792,
          196.73875000000862,
          196.7779579999842,
          196.03141699997195,
          196.60133399997903,
          196.75145799999427,
          196.62849999997434,
          196.2250410000479,
          196.47325000005367,
          196.2079579998317,
          196.06129099997816,
          196.748874999912,
          196.05349999983446
        ],
        "error": ""
      },
      {
        "opening_name": "startpos",
        "opening_fen": "rnbqkbnr/pppppppp/8/8/8/8/PPPPPPPP/RNBQKBNR w KQkq - 0 1",
        "result": "draw",
        "score_a": 0.5,
        "plies": 13,
        "adjudicated": false,
        "player_a_color": "black",
        "player_a_timeouts": 0,
        "player_b_timeouts": 0,
        "player_a_moves": 6,
        "player_b_moves": 7,
        "player_a_crashes": 0,
        "player_b_crashes": 0,
        "response_times_ms": [
          196.817332999899,
          196.86237499990966,
          196.6224580000926,
          196.49075000006633,
          196.2818330000573,
          196.1218750000171,
          196.91729200008012,
          196.40862500000367,
          196.86587499995767,
          196.3732080000682,
          196.54491599999346,
          196.65679199988517,
          196.75662499980717
        ],
        "error": ""
      },
      {
        "opening_name": "queens_pawn",
        "opening_fen": "rnbqkbnr/ppp1pppp/8/3p4/3P4/8/PPP1PPPP/RNBQKBNR w KQkq - 0 2",
        "result": "draw",
        "score_a": 0.5,
        "plies": 20,
        "adjudicated": true,
        "player_a_color": "white",
        "player_a_timeouts": 0,
        "player_b_timeouts": 0,
        "player_a_moves": 10,
        "player_b_moves": 10,
        "player_a_crashes": 0,
        "player_b_crashes": 0,
        "response_times_ms": [
          196.56987500002288,
          196.26429100003406,
          196.14720799995666,
          196.7522499999177,
          196.76991699998325,
          196.38399999985268,
          196.05779199991957,
          196.03270899983727,
          196.25812499998574,
          196.0607500000151,
          196.06175000012627,
          196.09295800000837,
          196.32216600007268,
          196.73720800005867,
          196.99391599988303,
          196.27666699989277,
          196.06533299997864,
          196.3109580001401,
          196.5671250000014,
          196.4809169999171
        ],
        "error": ""
      },
      {
        "opening_name": "queens_pawn",
        "opening_fen": "rnbqkbnr/ppp1pppp/8/3p4/3P4/8/PPP1PPPP/RNBQKBNR w KQkq - 0 2",
        "result": "draw",
        "score_a": 0.5,
        "plies": 20,
        "adjudicated": true,
        "player_a_color": "black",
        "player_a_timeouts": 0,
        "player_b_timeouts": 0,
        "player_a_moves": 10,
        "player_b_moves": 10,
        "player_a_crashes": 0,
        "player_b_crashes": 0,
        "response_times_ms": [
          196.12162499993246,
          196.83758299993315,
          196.44837500004542,
          196.04920799997672,
          196.28454200005763,
          196.47083300014856,
          196.0833329999332,
          196.187959000099,
          196.30962500013993,
          196.21025000014924,
          196.70654199990167,
          196.28620799994678,
          196.17049999988012,
          196.41712500015274,
          196.38087499993162,
          196.49295899989738,
          196.5484170000309,
          196.4256660000956,
          196.0681250000107,
          196.1455829998613
        ],
        "error": ""
      },
      {
        "opening_name": "ruy_lopez",
        "opening_fen": "r1bqkbnr/pppp1ppp/2n5/1B2p3/4P3/5N2/PPPP1PPP/RNBQK2R b KQkq - 3 3",
        "result": "win",
        "score_a": 1.0,
        "plies": 20,
        "adjudicated": true,
        "player_a_color": "white",
        "player_a_timeouts": 0,
        "player_b_timeouts": 0,
        "player_a_moves": 10,
        "player_b_moves": 10,
        "player_a_crashes": 0,
        "player_b_crashes": 0,
        "response_times_ms": [
          196.79804199995488,
          196.3844169999902,
          196.39641700018728,
          196.35766699980195,
          196.1725410001236,
          196.04958399986572,
          196.63245799983997,
          196.12200000005942,
          196.417707999899,
          196.14487500007272,
          196.30512499998076,
          196.16500000006454,
          196.04320799999186,
          196.06554199981474,
          196.37716599982014,
          196.14774999990914,
          196.5010839999195,
          196.49079100008748,
          196.07041700010086,
          196.23762499986697
        ],
        "error": ""
      },
      {
        "opening_name": "ruy_lopez",
        "opening_fen": "r1bqkbnr/pppp1ppp/2n5/1B2p3/4P3/5N2/PPPP1PPP/RNBQK2R b KQkq - 3 3",
        "result": "loss",
        "score_a": 0.0,
        "plies": 20,
        "adjudicated": true,
        "player_a_color": "black",
        "player_a_timeouts": 0,
        "player_b_timeouts": 0,
        "player_a_moves": 10,
        "player_b_moves": 10,
        "player_a_crashes": 0,
        "player_b_crashes": 0,
        "response_times_ms": [
          196.26891600000818,
          196.31741700004568,
          196.11895899993215,
          196.72662499988292,
          196.19933300009507,
          196.22754200008785,
          196.2442500000634,
          196.23812500003623,
          196.17375000007087,
          196.3317500001267,
          196.41741599980378,
          196.07045800012202,
          196.2149999999383,
          196.19575000001532,
          196.1303329999282,
          196.53174999984913,
          196.097416999919,
          196.22037499993894,
          196.41920899994147,
          196.76929199999904
        ],
        "error": ""
      },
      {
        "opening_name": "italian_game",
        "opening_fen": "r1bqk1nr/pppp1ppp/2n5/2b1p3/2B1P3/5N2/PPPP1PPP/RNBQK2R w KQkq - 4 4",
        "result": "draw",
        "score_a": 0.5,
        "plies": 11,
        "adjudicated": false,
        "player_a_color": "white",
        "player_a_timeouts": 0,
        "player_b_timeouts": 0,
        "player_a_moves": 6,
        "player_b_moves": 5,
        "player_a_crashes": 0,
        "player_b_crashes": 0,
        "response_times_ms": [
          196.24629200006893,
          196.66479199986497,
          196.1830000000191,
          196.9651659999272,
          196.12941600007616,
          196.30512499998076,
          196.4624580000418,
          196.48941700006617,
          196.06758300005822,
          196.200041000111,
          196.1662090000118
        ],
        "error": ""
      },
      {
        "opening_name": "italian_game",
        "opening_fen": "r1bqk1nr/pppp1ppp/2n5/2b1p3/2B1P3/5N2/PPPP1PPP/RNBQK2R w KQkq - 4 4",
        "result": "draw",
        "score_a": 0.5,
        "plies": 11,
        "adjudicated": false,
        "player_a_color": "black",