{
  "feedback_source": "self_play",
  "summary": {
    "games": 16,
    "wins_a": 2,
    "losses_a": 2,
    "draws": 12,
    "score_a": 8.0,
    "mean_score_a": 0.5,
    "game_scores_a": [
      0.5,
      0.5,
      0.0,
      1.0,
      0.5,
      0.5,
      0.5,
      0.5,
      1.0,
      0.0,
      0.5,
      0.5,
      0.5,
      0.5,
      0.5,
      0.5
    ],
    "player_a_moves": 123,
    "player_b_moves": 122,
    "player_a_timeouts": 0,
    "player_b_timeouts": 0,
    "player_a_crashes": 0,
    "player_b_crashes": 0,
    "results": [
      {
        "opening_name": "startpos",
        "opening_fen": "rnbqkbnr/pppppppp/8/8/8/8/PPPPPPPP/RNBQKBNR w KQkq - 0 1",
        "result": "draw",
        "score_a": 0.5,
        "plies": 13,
        "adjudicated": false,
        "player_a_color": "white",
        "player_a_timeouts": 0,
        "player_b_timeouts": 0,
        "player_a_moves": 7,
        "player_b_moves": 6,
        "player_a_crashes": 0,
        "player_b_crashes": 0,
        "response_times_ms": [
          196.25099999998952,
          196.39549999999417,
          196.06154199999537,
          196.40329099999576,
          196.39008300001137,
          196.1077919999923,
          196.27541599999176,
          196.48287500001516,
          196.69391699997618,
          196.32979200000023,
          196.34079200000087,
          196.21466699999246,
          196.27116700002034
        ],
        "error": ""
      },
      {
        "opening_name": "startpos",
        "opening_fen": "rnbqkbnr/pppppppp/8/8/8/8/PPPPPPPP/RNBQKBNR w KQkq - 0 1",
        "result": "draw",
        "score_a": 0.5,
        "plies": 13,
        "adjudicated": false,
        "player_a_color": "black",
        "player_a_timeouts": 0,
        "player_b_timeouts": 0,
        "player_a_moves": 6,
        "player_b_moves": 7,
        "player_a_crashes": 0,
        "player_b_crashes": 0,
        "response_times_ms": [
          196.03437499998222,
          196.35566700000595,
          196.23125000001096,
          196.50579099999277,
          196.37374999999224,
          196.4709169999992,
          196.22020899998915,
          196.27674999998135,
          196.44320800000514,
          196.1828750000052,
          196.3937499999986,
          196.0853330000134,
          196.0834999999861
        ],
        "error": ""
      },
      {
        "opening_name": "queens_pawn",
        "opening_fen": "rnbqkbnr/ppp1pppp/8/3p4/3P4/8/PPP1PPPP/RNBQKBNR w KQkq - 0 2",
        "result": "loss",
        "score_a": 0.0,
        "plies": 20,
        "adjudicated": true,
        "player_a_color": "white",
        "player_a_timeouts": 0,
        "player_b_timeouts": 0,
        "player_a_moves": 10,
        "player_b_moves": 10,
        "player_a_crashes": 0,
        "player_b_crashes": 0,
        "response_times_ms": [
          196.63250000002108,
          196.07408299998497,
          196.40962500000114,
          196.11387500000887,
          196.05208299998367,
          196.41970899999706,
          196.52095799997937,
          196.1859170000082,
          196.3263330000018,
          196.18445800000472,
          196.0753749999924,
          196.3509160000001,
          196.13362499998743,
          196.1475840000162,
          196.10316699998975,
          196.50483299997745,
          196.1471250000102,
          196.06333400000153,
          196.23337499999138,
          196.57754099998215
        ],
        "error": ""
      },
      {
        "opening_name": "queens_pawn",
        "opening_fen": "rnbqkbnr/ppp1pppp/8/3p4/3P4/8/PPP1PPPP/RNBQKBNR w KQkq - 0 2",
        "result": "win",
        "score_a": 1.0,
        "plies": 20,
        "adjudicated": true,
        "player_a_color": "black",
        "player_a_timeouts": 0,
        "player_b_timeouts": 0,
        "player_a_moves": 10,
        "player_b_moves": 10,
        "player_a_crashes": 0,
        "player_b_crashes": 0,
        "response_times_ms": [
          196.61916599997653,
          196.54725000000894,
          196.03316699999596,
          196.18145900000172,
          196.73329199997625,
          196.06591699999854,
          196.41904100001284,
          196.41687500001126,
          196.38737500000047,
          196.54154200000562,
          196.78258299998674,
          196.41995899999642,
          196.5127080000002,
          196.0529580000241,
          196.1951250000027,
          196.36216700001796,
          196.2118339999961,
          196.08900000000062,
          196.1117920000106,
          196.05049999998414
        ],
        "error": ""
      },
      {
        "opening_name": "ruy_lopez",
        "opening_fen": "r1bqkbnr/pppp1ppp/2n5/1B2p3/4P3/5N2/PPPP1PPP/RNBQK2R b KQkq - 3 3",
        "result": "draw",
        "score_a": 0.5,
        "plies": 17,
        "adjudicated": false,
        "player_a_color": "white",
        "player_a_timeouts": 0,
        "player_b_timeouts": 0,
        "player_a_moves": 8,
        "player_b_moves": 9,
        "player_a_crashes": 0,
        "player_b_crashes": 0,
        "response_times_ms": [
          196.14933299999393,
          196.21649999999136,
          196.25999999999522,
          196.061291999996,
          196.12624999999184,
          196.27875000000472,
          196.1268329999939,
          196.17516700000692,
          196.11741700001062,
          197.11833300002013,
          196.10370799998122,
          196.38974999998027,
          196.26650000000723,
          196.15874999999505,
          196.5569159999916,
          196.07162500000186,
          196.57987499999763
        ],
        "error": ""
      },
      {
        "opening_name": "ruy_lopez",
        "opening_fen": "r1bqkbnr/pppp1ppp/2n5/1B2p3/4P3/5N2/PPPP1PPP/RNBQK2R b KQkq - 3 3",
        "result": "draw",
        "score_a": 0.5,
        "plies": 17,
        "adjudicated": false,
        "player_a_color": "black",
        "player_a_timeouts": 0,
        "player_b_timeouts": 0,
        "player_a_moves": 9,
        "player_b_moves": 8,
        "player_a_crashes": 0,
        "player_b_crashes": 0,
        "response_times_ms": [
          196.1573749999843,
          196.31187499999214,
          196.62633300001175,
          196.4490000000012,
          196.60391700000446,
          196.10391700001628,
          196.186124999997,
          196.04708399998572,
          196.23904200000197,
          196.12312499998552,
          196.15658399999347,
          196.26124999999206,
          196.08845900000915,
          196.20404100001565,
          196.52458299998443,
          196.17974999999888,
          196.3872909999793
        ],
        "error": ""
      },
      {
        "opening_name": "italian_game",
        "opening_fen": "r1bqk1nr/pppp1ppp/2n5/2b1p3/2B1P3/5N2/PPPP1PPP/RNBQK2R w KQkq - 4 4",
        "result": "draw",
        "score_a": 0.5,
        "plies": 11,
        "adjudicated": false,
        "player_a_color": "white",
        "player_a_timeouts": 0,
        "player_b_timeouts": 0,
        "player_a_moves": 6,
        "player_b_moves": 5,
        "player_a_crashes": 0,
        "player_b_crashes": 0,
        "response_times_ms": [
          196.20654100000934,
          196.19270800001232,
          196.0928330000229,
          196.06454099999837,
          196.2642499999845,
          196.26358300001812,
          196.2821250000104,
          196.3010000000054,
          196.14016599999218,
          196.290791999985,
          196.76766700001735
        ],
        "error": ""
      },
      {
        "opening_name": "italian_game",
        "opening_fen": "r1bqk1nr/pppp1ppp/2n5/2b1p3/2B1P3/5N2/PPPP1PPP/RNBQK2R w KQkq - 4 4",
        "result": "draw",
        "score_a": 0.5,
        "plies": 11,
        "adjudicated": false,
        "player_a_color": "black",
        "player_a_timeouts": 0,
        "player_b_timeouts": 0,
        "player_a_moves": 5,
        "player_b_moves": 6,
        "player_a_crashes": 0,
        "player_b_crashes": 0,