{
  "feedback_source": "self_play",
  "summary": {
    "games": 16,
    "wins_a": 3,
    "losses_a": 0,
    "draws": 13,
    "score_a": 9.5,
    "mean_score_a": 0.59375,
    "game_scores_a": [
      0.5,
      0.5,
      0.5,
      1.0,
      1.0,
      0.5,
      0.5,
      0.5,
      1.0,
      0.5,
      0.5,
      0.5,
      0.5,
      0.5,
      0.5,
      0.5
    ],
    "player_a_moves": 127,
    "player_b_moves": 127,
    "player_a_timeouts": 0,
    "player_b_timeouts": 0,
    "player_a_crashes": 0,
    "player_b_crashes": 0,
    "results": [
      {
        "opening_name": "startpos",
        "opening_fen": "rnbqkbnr/pppppppp/8/8/8/8/PPPPPPPP/RNBQKBNR w KQkq - 0 1",
        "result": "draw",
        "score_a": 0.5,
        "plies": 13,
        "adjudicated": false,
        "player_a_color": "white",
        "player_a_timeouts": 0,
        "player_b_timeouts": 0,
        "player_a_moves": 7,
        "player_b_moves": 6,
        "player_a_crashes": 0,
        "player_b_crashes": 0,
        "response_times_ms": [
          196.24629099999424,
          196.35766599998306,
          196.35720900001274,
          196.48950000001264,
          196.71908299997654,
          196.2521250000009,
          196.49229099999843,
          196.17116599999918,
          196.44916700002568,
          196.2702080000156,
          196.1660839999979,
          196.53220899999724,
          196.08320800000456
        ],
        "error": ""
      },
      {
        "opening_name": "startpos",
        "opening_fen": "rnbqkbnr/pppppppp/8/8/8/8/PPPPPPPP/RNBQKBNR w KQkq - 0 1",
        "result": "draw",
        "score_a": 0.5,
        "plies": 13,
        "adjudicated": false,
        "player_a_color": "black",
        "player_a_timeouts": 0,
        "player_b_timeouts": 0,
        "player_a_moves": 6,
        "player_b_moves": 7,
        "player_a_crashes": 0,
        "player_b_crashes": 0,
        "response_times_ms": [
          196.03245899998,
          196.09579200002258,
          196.15849999999568,
          196.2905830000068,
          196.39108299998043,
          196.2134160000062,
          196.452249999993,
          196.7344589999982,
          196.34058299999424,
          197.35704199999304,
          196.1112500000013,
          196.15516700000057,
          196.2534590000189
        ],
        "error": ""
      },
      {
        "opening_name": "queens_pawn",
        "opening_fen": "rnbqkbnr/ppp1pppp/8/3p4/3P4/8/PPP1PPPP/RNBQKBNR w KQkq - 0 2",
        "result": "draw",
        "score_a": 0.5,
        "plies": 20,
        "adjudicated": false,
        "player_a_color": "white",
        "player_a_timeouts": 0,
        "player_b_timeouts": 0,
        "player_a_moves": 10,
        "player_b_moves": 10,
        "player_a_crashes": 0,
        "player_b_crashes": 0,
        "response_times_ms": [
          196.62024999999517,
          196.10841700000492,
          204.82037499999706,
          944.9784589999979,
          233.7501669999824,
          197.32316700000752,
          198.54483399998912,
          196.3395839999862,
          196.43758300000513,
          196.24645900000814,
          196.2423329999865,
          196.70662500001868,
          196.1472500000241,
          197.2169579999843,
          201.42495799998983,
          196.10412500000507,
          197.27454099998454,
          196.33854200000656,
          198.1429589999948,
          196.15816600000358
        ],
        "error": ""
      },
      {
        "opening_name": "queens_pawn",
        "opening_fen": "rnbqkbnr/ppp1pppp/8/3p4/3P4/8/PPP1PPPP/RNBQKBNR w KQkq - 0 2",
        "result": "win",
        "score_a": 1.0,
        "plies": 20,
        "adjudicated": true,
        "player_a_color": "black",
        "player_a_timeouts": 0,
        "player_b_timeouts": 0,
        "player_a_moves": 10,
        "player_b_moves": 10,
        "player_a_crashes": 0,
        "player_b_crashes": 0,
        "response_times_ms": [
          196.36449999998717,
          196.1772500000052,
          196.44429199999536,
          196.43745800001966,
          196.7087499999991,
          196.3037919999806,
          196.07929100001797,
          196.22758299999532,
          196.15033400000925,
          196.10504199999923,
          196.11941700000557,
          196.3490830000012,
          196.17845799999145,
          196.197834000003,
          196.15570800002047,
          196.06170900001985,
          196.54070799998635,
          196.10333299999638,
          196.63391700001398,
          196.15595900000926
        ],
        "error": ""
      },
      {
        "opening_name": "ruy_lopez",
        "opening_fen": "r1bqkbnr/pppp1ppp/2n5/1B2p3/4P3/5N2/PPPP1PPP/RNBQK2R b KQkq - 3 3",
        "result": "win",
        "score_a": 1.0,
        "plies": 20,
        "adjudicated": true,
        "player_a_color": "white",
        "player_a_timeouts": 0,
        "player_b_timeouts": 0,
        "player_a_moves": 10,
        "player_b_moves": 10,
        "player_a_crashes": 0,
        "player_b_crashes": 0,
        "response_times_ms": [
          196.0770000000025,
          196.05254100000025,
          196.26537499999586,
          197.02275000000213,
          196.27654200002098,
          196.37533299999177,
          196.153417000005,
          196.60133300001803,
          196.22291600001063,
          196.86575000000062,
          196.26791599998228,
          196.13741599999912,
          196.26108399998543,
          196.50887500000636,
          243.15450000000283,
          196.27370800000676,
          196.22583299999974,
          196.478041000006,
          196.06458300000895,
          196.0457920000067
        ],
        "error": ""
      },
      {
        "opening_name": "ruy_lopez",
        "opening_fen": "r1bqkbnr/pppp1ppp/2n5/1B2p3/4P3/5N2/PPPP1PPP/RNBQK2R b KQkq - 3 3",
        "result": "draw",
        "score_a": 0.5,
        "plies": 12,
        "adjudicated": false,
        "player_a_color": "black",
        "player_a_timeouts": 0,
        "player_b_timeouts": 0,
        "player_a_moves": 6,
        "player_b_moves": 6,
        "player_a_crashes": 0,
        "player_b_crashes": 0,
        "response_times_ms": [
          196.23929200000134,
          196.612459000022,
          196.14962500000388,
          196.23766699999123,
          196.2722920000033,
          196.03524999999422,
          196.6007080000054,
          196.13854199999992,
          196.43258400000718,
          196.18387500000267,
          196.3773749999973,
          196.37216699999271
        ],
        "error": ""
      },
      {
        "opening_name": "italian_game",
        "opening_fen": "r1bqk1nr/pppp1ppp/2n5/2b1p3/2B1P3/5N2/PPPP1PPP/RNBQK2R w KQkq - 4 4",
        "result": "draw",
        "score_a": 0.5,
        "plies": 11,
        "adjudicated": false,
        "player_a_color": "white",
        "player_a_timeouts": 0,
        "player_b_timeouts": 0,
        "player_a_moves": 6,
        "player_b_moves": 5,
        "player_a_crashes": 0,
        "player_b_crashes": 0,
        "response_times_ms": [
          196.12445799998568,
          196.05908299999442,
          196.33787500001176,
          196.06987499997786,
          196.28695900001958,
          196.45199999999363,
          196.20441699998992,
          196.37841700000536,
          196.08737499999052,
          196.62620899998728,
          196.19120799998768
        ],
        "error": ""
      },
      {
        "opening_name": "italian_game",
        "opening_fen": "r1bqk1nr/pppp1ppp/2n5/2b1p3/2B1P3/5N2/PPPP1PPP/RNBQK2R w KQkq - 4 4",
        "result": "draw",
        "score_a": 0.5,
        "plies": 11,
        "adjudicated": false,
        "player_a_color": "black",
        "player_a_timeouts": 0,
        "player_b_timeouts": 0,
        "player_a_moves": 5,
        "player_b_moves": 6,
        "player_a_crashes": 0,
        "player_b_crashes": 0,