{
  "feedback_source": "self_play",
  "summary": {
    "games": 16,
    "wins_a": 1,
    "losses_a": 1,
    "draws": 14,
    "score_a": 8.0,
    "mean_score_a": 0.5,
    "game_scores_a": [
      0.5,
      0.5,
      0.0,
      1.0,
      0.5,
      0.5,
      0.5,
      0.5,
      0.5,
      0.5,
      0.5,
      0.5,
      0.5,
      0.5,
      0.5,
      0.5
    ],
    "player_a_moves": 108,
    "player_b_moves": 108,
    "player_a_timeouts": 0,
    "player_b_timeouts": 0,
    "player_a_crashes": 0,
    "player_b_crashes": 0,
    "results": [
      {
        "opening_name": "startpos",
        "opening_fen": "rnbqkbnr/pppppppp/8/8/8/8/PPPPPPPP/RNBQKBNR w KQkq - 0 1",
        "result": "draw",
        "score_a": 0.5,
        "plies": 13,
        "adjudicated": false,
        "player_a_color": "white",
        "player_a_timeouts": 0,
        "player_b_timeouts": 0,
        "player_a_moves": 7,
        "player_b_moves": 6,
        "player_a_crashes": 0,
        "player_b_crashes": 0,
        "response_times_ms": [
          196.28966699999998,
          196.063,
          196.04079099999993,
          196.09374999999994,
          196.55379200000002,
          196.2566670000001,
          196.25162500000016,
          196.19679200000007,
          196.157833,
          196.22612500000014,
          196.20058400000008,
          196.472333,
          196.0753340000001
        ],
        "error": ""
      },
      {
        "opening_name": "startpos",
        "opening_fen": "rnbqkbnr/pppppppp/8/8/8/8/PPPPPPPP/RNBQKBNR w KQkq - 0 1",
        "result": "draw",
        "score_a": 0.5,
        "plies": 13,
        "adjudicated": false,
        "player_a_color": "black",
        "player_a_timeouts": 0,
        "player_b_timeouts": 0,
        "player_a_moves": 6,
        "player_b_moves": 7,
        "player_a_crashes": 0,
        "player_b_crashes": 0,
        "response_times_ms": [
          196.14966600000017,
          196.2599169999999,
          196.38212499999997,
          196.51595899999964,
          196.11829199999997,
          196.1453750000004,
          196.13366600000015,
          196.40258299999937,
          196.61583400000015,
          196.57870899999975,
          196.30504199999964,
          196.24241700000056,
          196.19454100000056
        ],
        "error": ""
      },
      {
        "opening_name": "queens_pawn",
        "opening_fen": "rnbqkbnr/ppp1pppp/8/3p4/3P4/8/PPP1PPPP/RNBQKBNR w KQkq - 0 2",
        "result": "loss",
        "score_a": 0.0,
        "plies": 20,
        "adjudicated": true,
        "player_a_color": "white",
        "player_a_timeouts": 0,
        "player_b_timeouts": 0,
        "player_a_moves": 10,
        "player_b_moves": 10,
        "player_a_crashes": 0,
        "player_b_crashes": 0,
        "response_times_ms": [
          196.21287499999963,
          196.1260419999995,
          196.59945800000057,
          196.72633300000086,
          196.17274999999967,
          196.49658300000004,
          196.15099999999953,
          196.25916599999994,
          196.55379100000036,
          196.237,
          196.42770799999988,
          196.09912499999993,
          196.09466699999967,
          196.0288340000007,
          196.3209579999994,
          196.05787500000105,
          196.1260419999995,
          196.25241700000018,
          196.14129200000008,
          196.1005
        ],
        "error": ""
      },
      {
        "opening_name": "queens_pawn",
        "opening_fen": "rnbqkbnr/ppp1pppp/8/3p4/3P4/8/PPP1PPPP/RNBQKBNR w KQkq - 0 2",
        "result": "win",
        "score_a": 1.0,
        "plies": 20,
        "adjudicated": true,
        "player_a_color": "black",
        "player_a_timeouts": 0,
        "player_b_timeouts": 0,
        "player_a_moves": 10,
        "player_b_moves": 10,
        "player_a_crashes": 0,
        "player_b_crashes": 0,
        "response_times_ms": [
          196.08779200000015,
          196.14091600000094,
          196.03704199999862,
          196.76712500000093,
          196.3958330000004,
          196.47487499999983,
          196.24537500000017,
          196.08241700000127,
          196.48641600000082,
          196.20279099999925,
          196.51724999999942,
          196.14079199999958,
          196.2389999999985,
          196.171541,
          196.2156660000005,
          196.1489169999986,
          196.06850000000088,
          196.23866700000116,
          196.32012499999973,
          196.19924999999938
        ],
        "error": ""
      },
      {
        "opening_name": "ruy_lopez",
        "opening_fen": "r1bqkbnr/pppp1ppp/2n5/1B2p3/4P3/5N2/PPPP1PPP/RNBQK2R b KQkq - 3 3",
        "result": "draw",
        "score_a": 0.5,
        "plies": 11,
        "adjudicated": false,
        "player_a_color": "white",
        "player_a_timeouts": 0,
        "player_b_timeouts": 0,
        "player_a_moves": 5,
        "player_b_moves": 6,
        "player_a_crashes": 0,
        "player_b_crashes": 0,
        "response_times_ms": [
          196.33358300000125,
          196.03112500000108,
          196.22299999999981,
          196.17704200000043,
          196.4635829999999,
          196.09475000000032,
          196.30650000000037,
          196.22895900000083,
          196.306332999999,
          196.22270799999876,
          196.6452909999994
        ],
        "error": ""
      },
      {
        "opening_name": "ruy_lopez",
        "opening_fen": "r1bqkbnr/pppp1ppp/2n5/1B2p3/4P3/5N2/PPPP1PPP/RNBQK2R b KQkq - 3 3",
        "result": "draw",
        "score_a": 0.5,
        "plies": 11,
        "adjudicated": false,
        "player_a_color": "black",
        "player_a_timeouts": 0,
        "player_b_timeouts": 0,
        "player_a_moves": 6,
        "player_b_moves": 5,
        "player_a_crashes": 0,
        "player_b_crashes": 0,
        "response_times_ms": [
          196.25658400000034,
          196.447083999999,
          196.24366699999916,
          196.41574999999813,
          196.54416600000246,
          196.24329100000182,
          196.1922499999993,
          196.08020800000148,
          196.35237500000002,
          196.04512500000126,
          196.21995900000044
        ],
        "error": ""
      },
      {
        "opening_name": "italian_game",
        "opening_fen": "r1bqk1nr/pppp1ppp/2n5/2b1p3/2B1P3/5N2/PPPP1PPP/RNBQK2R w KQkq - 4 4",
        "result": "draw",
        "score_a": 0.5,
        "plies": 11,
        "adjudicated": false,
        "player_a_color": "white",
        "player_a_timeouts": 0,
        "player_b_timeouts": 0,
        "player_a_moves": 6,
        "player_b_moves": 5,
        "player_a_crashes": 0,
        "player_b_crashes": 0,
        "response_times_ms": [
          196.5604170000006,
          196.38000000000133,
          196.24633300000127,
          196.07716599999847,
          196.44704199999907,
          196.26804099999973,
          196.17874999999785,
          196.08104099999935,
          196.53804200000025,
          196.0509999999971,
          196.07591699999816
        ],
        "error": ""
      },
      {
        "opening_name": "italian_game",
        "opening_fen": "r1bqk1nr/pppp1ppp/2n5/2b1p3/2B1P3/5N2/PPPP1PPP/RNBQK2R w KQkq - 4 4",
        "result": "draw",
        "score_a": 0.5,
        "plies": 11,
        "adjudicated": false,
        "player_a_color": "black",
        "player_a_timeouts": 0,
        "player_b_timeouts": 0,
        "player_a_moves": 5,
        "player_b_moves": 6,
        "player_a_crashes": 0,
        "player_b_crashes": 0,
        "response_times_ms": [
          196.27587500000132,
          196.61041700000226,
          196.17649999999998,
          196.22429100000005,
          196.22737499999943,
          196.05195800000175,
          196.45620899999727,
          196.14799999999732,
          196.54337500000096,
          196.1577080000012,
          196.1231670000032
        ],