{
  "feedback_source": "self_play",
  "summary": {
    "games": 16,
    "wins_a": 1,
    "losses_a": 1,
    "draws": 14,
    "score_a": 8.0,
    "mean_score_a": 0.5,
    "game_scores_a": [
      0.5,
      0.5,
      0.0,
      1.0,
      0.5,
      0.5,
      0.5,
      0.5,
      0.5,
      0.5,
      0.5,
      0.5,
      0.5,
      0.5,
      0.5,
      0.5
    ],
    "player_a_moves": 121,
    "player_b_moves": 121,
    "player_a_timeouts": 0,
    "player_b_timeouts": 0,
    "player_a_crashes": 0,
    "player_b_crashes": 0,
    "results": [
      {
        "opening_name": "startpos",
        "opening_fen": "rnbqkbnr/pppppppp/8/8/8/8/PPPPPPPP/RNBQKBNR w KQkq - 0 1",
        "result": "draw",
        "score_a": 0.5,
        "plies": 13,
        "adjudicated": false,
        "player_a_color": "white",
        "player_a_timeouts": 0,
        "player_b_timeouts": 0,
        "player_a_moves": 7,
        "player_b_moves": 6,
        "player_a_crashes": 0,
        "player_b_crashes": 0,
        "response_times_ms": [
          196.47583300000002,
          196.29275,
          196.17566600000004,
          196.3252080000001,
          196.15533399999995,
          196.20591600000003,
          196.3242089999999,
          196.28945800000008,
          196.19979099999995,
          196.19362499999983,
          196.2997500000001,
          196.15358299999963,
          196.51241600000003
        ],
        "error": ""
      },
      {
        "opening_name": "startpos",
        "opening_fen": "rnbqkbnr/pppppppp/8/8/8/8/PPPPPPPP/RNBQKBNR w KQkq - 0 1",
        "result": "draw",
        "score_a": 0.5,
        "plies": 13,
        "adjudicated": false,
        "player_a_color": "black",
        "player_a_timeouts": 0,
        "player_b_timeouts": 0,
        "player_a_moves": 6,
        "player_b_moves": 7,
        "player_a_crashes": 0,
        "player_b_crashes": 0,
        "response_times_ms": [
          196.18250000000037,
          196.345542,
          196.21079200000003,
          196.11412500000026,
          196.40708400000005,
          196.25466600000019,
          196.65095799999978,
          196.3711659999996,
          196.30991700000067,
          196.04575000000057,
          196.294709,
          196.6751250000005,
          196.74887499999994
        ],
        "error": ""
      },
      {
        "opening_name": "queens_pawn",
        "opening_fen": "rnbqkbnr/ppp1pppp/8/3p4/3P4/8/PPP1PPPP/RNBQKBNR w KQkq - 0 2",
        "result": "loss",
        "score_a": 0.0,
        "plies": 20,
        "adjudicated": true,
        "player_a_color": "white",
        "player_a_timeouts": 0,
        "player_b_timeouts": 0,
        "player_a_moves": 10,
        "player_b_moves": 10,
        "player_a_crashes": 0,
        "player_b_crashes": 0,
        "response_times_ms": [
          196.6940829999997,
          196.51124999999948,
          196.39545900000056,
          196.3952090000003,
          196.23766600000005,
          196.1773339999997,
          196.28025000000005,
          196.25933299999954,
          196.14995799999946,
          196.06745799999993,
          196.68837499999992,
          196.12641700000034,
          196.29116599999998,
          196.16179100000065,
          196.18241700000107,
          196.2527910000009,
          196.04333399999874,
          196.44529099999986,
          196.12458399999966,
          196.03445799999974
        ],
        "error": ""
      },
      {
        "opening_name": "queens_pawn",
        "opening_fen": "rnbqkbnr/ppp1pppp/8/3p4/3P4/8/PPP1PPPP/RNBQKBNR w KQkq - 0 2",
        "result": "win",
        "score_a": 1.0,
        "plies": 20,
        "adjudicated": true,
        "player_a_color": "black",
        "player_a_timeouts": 0,
        "player_b_timeouts": 0,
        "player_a_moves": 10,
        "player_b_moves": 10,
        "player_a_crashes": 0,
        "player_b_crashes": 0,
        "response_times_ms": [
          196.0531250000006,
          196.3157080000002,
          196.5189580000004,
          196.07037499999967,
          196.3109169999999,
          196.3571669999986,
          196.3008749999986,
          196.19308399999903,
          196.09895800000032,
          196.07733399999995,
          196.36270800000057,
          196.1230839999999,
          196.42941699999915,
          196.02541699999955,
          196.18345900000023,
          196.23479200000025,
          196.2234589999987,
          196.03779200000025,
          196.08945899999952,
          196.071958000001
        ],
        "error": ""
      },
      {
        "opening_name": "ruy_lopez",
        "opening_fen": "r1bqkbnr/pppp1ppp/2n5/1B2p3/4P3/5N2/PPPP1PPP/RNBQK2R b KQkq - 3 3",
        "result": "draw",
        "score_a": 0.5,
        "plies": 17,
        "adjudicated": false,
        "player_a_color": "white",
        "player_a_timeouts": 0,
        "player_b_timeouts": 0,
        "player_a_moves": 8,
        "player_b_moves": 9,
        "player_a_crashes": 0,
        "player_b_crashes": 0,
        "response_times_ms": [
          196.06424999999916,
          196.18941699999937,
          196.2284590000003,
          196.22662500000132,
          196.09412500000013,
          196.3432909999998,
          196.04287500000163,
          196.10762499999979,
          196.21479199999925,
          196.17412500000063,
          196.16204099999914,
          196.05233400000088,
          196.1495830000004,
          196.22258399999913,
          196.55387500000109,
          196.1511250000001,
          196.51837500000013
        ],
        "error": ""
      },
      {
        "opening_name": "ruy_lopez",
        "opening_fen": "r1bqkbnr/pppp1ppp/2n5/1B2p3/4P3/5N2/PPPP1PPP/RNBQK2R b KQkq - 3 3",
        "result": "draw",
        "score_a": 0.5,
        "plies": 17,
        "adjudicated": false,
        "player_a_color": "black",
        "player_a_timeouts": 0,
        "player_b_timeouts": 0,
        "player_a_moves": 9,
        "player_b_moves": 8,
        "player_a_crashes": 0,
        "player_b_crashes": 0,
        "response_times_ms": [
          196.3619589999972,
          196.30783399999885,
          196.37341700000022,
          196.3045000000001,
          196.22324999999918,
          196.13770900000205,
          196.2849999999996,
          196.0289159999995,
          196.24670800000033,
          196.06020799999868,
          196.1974160000004,
          196.0387499999996,
          196.64145799999844,
          196.04395899999716,
          196.4314999999992,
          196.12037499999957,
          196.58445800000024
        ],
        "error": ""
      },
      {
        "opening_name": "italian_game",
        "opening_fen": "r1bqk1nr/pppp1ppp/2n5/2b1p3/2B1P3/5N2/PPPP1PPP/RNBQK2R w KQkq - 4 4",
        "result": "draw",
        "score_a": 0.5,
        "plies": 11,
        "adjudicated": false,
        "player_a_color": "white",
        "player_a_timeouts": 0,
        "player_b_timeouts": 0,
        "player_a_moves": 6,
        "player_b_moves": 5,
        "player_a_crashes": 0,
        "player_b_crashes": 0,
        "response_times_ms": [
          196.7060829999987,
          196.12174999999965,
          196.2344999999992,
          196.8900419999997,
          196.05675000000033,
          196.57279199999778,
          196.81745799999817,
          196.09545900000214,
          196.09591700000095,
          196.12641599999847,
          196.41387500000107
        ],
        "error": ""
      },
      {
        "opening_name": "italian_game",
        "opening_fen": "r1bqk1nr/pppp1ppp/2n5/2b1p3/2B1P3/5N2/PPPP1PPP/RNBQK2R w KQkq - 4 4",
        "result": "draw",
        "score_a": 0.5,
        "plies": 11,
        "adjudicated": false,
        "player_a_color": "black",
        "player_a_timeouts": 0,
        "player_b_timeouts": 0,
        "player_a_moves": 5,
        "player_b_moves": 6,
        "player_a_crashes": 0,
        "player_b_crashes": 0,