{
  "feedback_source": "self_play",
  "summary": {
    "games": 16,
    "wins_a": 1,
    "losses_a": 1,
    "draws": 14,
    "score_a": 8.0,
    "mean_score_a": 0.5,
    "game_scores_a": [
      0.5,
      0.5,
      0.5,
      0.5,
      1.0,
      0.0,
      0.5,
      0.5,
      0.5,
      0.5,
      0.5,
      0.5,
      0.5,
      0.5,
      0.5,
      0.5
    ],
    "player_a_moves": 134,
    "player_b_moves": 134,
    "player_a_timeouts": 0,
    "player_b_timeouts": 0,
    "player_a_crashes": 0,
    "player_b_crashes": 0,
    "results": [
      {
        "opening_name": "startpos",
        "opening_fen": "rnbqkbnr/pppppppp/8/8/8/8/PPPPPPPP/RNBQKBNR w KQkq - 0 1",
        "result": "draw",
        "score_a": 0.5,
        "plies": 13,
        "adjudicated": false,
        "player_a_color": "white",
        "player_a_timeouts": 0,
        "player_b_timeouts": 0,
        "player_a_moves": 7,
        "player_b_moves": 6,
        "player_a_crashes": 0,
        "player_b_crashes": 0,
        "response_times_ms": [
          196.63187499998003,
          196.22954100003653,
          196.34574999997767,
          196.11133299997618,
          196.24841699999251,
          196.59300000000712,
          196.5087080000103,
          196.27374999998892,
          196.279584000024,
          196.3788749999935,
          196.77820900000143,
          196.29883299995754,
          196.51004099995362
        ],
        "error": ""
      },
      {
        "opening_name": "startpos",
        "opening_fen": "rnbqkbnr/pppppppp/8/8/8/8/PPPPPPPP/RNBQKBNR w KQkq - 0 1",
        "result": "draw",
        "score_a": 0.5,
        "plies": 13,
        "adjudicated": false,
        "player_a_color": "black",
        "player_a_timeouts": 0,
        "player_b_timeouts": 0,
        "player_a_moves": 6,
        "player_b_moves": 7,
        "player_a_crashes": 0,
        "player_b_crashes": 0,
        "response_times_ms": [
          196.7069160000392,
          196.97220899996637,
          196.4467079999963,
          196.09566600001926,
          196.1762920000183,
          196.70254200002546,
          196.95895799998198,
          196.09470899996495,
          196.3422919999971,
          196.68137500002558,
          196.10516599999528,
          196.77174999998215,
          196.9157080000059
        ],
        "error": ""
      },
      {
        "opening_name": "queens_pawn",
        "opening_fen": "rnbqkbnr/ppp1pppp/8/3p4/3P4/8/PPP1PPPP/RNBQKBNR w KQkq - 0 2",
        "result": "draw",
        "score_a": 0.5,
        "plies": 20,
        "adjudicated": true,
        "player_a_color": "white",
        "player_a_timeouts": 0,
        "player_b_timeouts": 0,
        "player_a_moves": 10,
        "player_b_moves": 10,
        "player_a_crashes": 0,
        "player_b_crashes": 0,
        "response_times_ms": [
          196.15191700000878,
          196.60995799995362,
          196.21208300003445,
          196.6062079999915,
          196.76945800000567,
          196.29150000002937,
          196.03645900002675,
          196.10320900000033,
          196.30662499997698,
          196.48454199995058,
          196.10679200002323,
          196.30045799999607,
          196.8543749999867,
          196.63300000001982,
          196.101375000012,
          196.58204199998863,
          196.15104100000735,
          196.30970800000114,
          196.23524999997244,
          196.17295900002318
        ],
        "error": ""
      },
      {
        "opening_name": "queens_pawn",
        "opening_fen": "rnbqkbnr/ppp1pppp/8/3p4/3P4/8/PPP1PPPP/RNBQKBNR w KQkq - 0 2",
        "result": "draw",
        "score_a": 0.5,
        "plies": 20,
        "adjudicated": true,
        "player_a_color": "black",
        "player_a_timeouts": 0,
        "player_b_timeouts": 0,
        "player_a_moves": 10,
        "player_b_moves": 10,
        "player_a_crashes": 0,
        "player_b_crashes": 0,
        "response_times_ms": [
          196.3687080000227,
          196.20891599998913,
          196.0403749999955,
          196.76462500001435,
          196.27416600002334,
          196.16249999995716,
          196.89533399997572,
          196.05887500000563,
          196.35045800004036,
          196.51041700001315,
          196.09137499998042,
          196.23083300001554,
          196.27979099999493,
          196.85270899998386,
          196.69779200000903,
          196.16787500001465,
          196.03554199994733,
          196.69133299998975,
          196.28520899999558,
          196.03899999998475
        ],
        "error": ""
      },
      {
        "opening_name": "ruy_lopez",
        "opening_fen": "r1bqkbnr/pppp1ppp/2n5/1B2p3/4P3/5N2/PPPP1PPP/RNBQK2R b KQkq - 3 3",
        "result": "win",
        "score_a": 1.0,
        "plies": 20,
        "adjudicated": true,
        "player_a_color": "white",
        "player_a_timeouts": 0,
        "player_b_timeouts": 0,
        "player_a_moves": 10,
        "player_b_moves": 10,
        "player_a_crashes": 0,
        "player_b_crashes": 0,
        "response_times_ms": [
          196.6435420000039,
          196.47612500000378,
          196.25566599995636,
          196.7717910000033,
          196.46670800000265,
          196.1936659999992,
          196.08900000002905,
          196.47583400001167,
          196.5002090000212,
          196.3004999999498,
          196.47941699997773,
          196.74629100001084,
          196.40920900002357,
          196.49108300001217,
          196.58070900004532,
          196.69041700001344,
          196.22583399996074,
          196.53683299998193,
          196.78779200000918,
          196.31629099995962
        ],
        "error": ""
      },
      {
        "opening_name": "ruy_lopez",
        "opening_fen": "r1bqkbnr/pppp1ppp/2n5/1B2p3/4P3/5N2/PPPP1PPP/RNBQK2R b KQkq - 3 3",
        "result": "loss",
        "score_a": 0.0,
        "plies": 20,
        "adjudicated": true,
        "player_a_color": "black",
        "player_a_timeouts": 0,
        "player_b_timeouts": 0,
        "player_a_moves": 10,
        "player_b_moves": 10,
        "player_a_crashes": 0,
        "player_b_crashes": 0,
        "response_times_ms": [
          197.0273329999941,
          196.56924999998182,
          196.53812499996093,
          196.29733300001817,
          196.02924999998095,
          196.98958399999356,
          196.28454099995452,
          196.30862500002877,
          196.46499999998923,
          196.20041700000002,
          196.18074999999635,
          196.24733300003072,
          196.5179169999942,
          196.20837499996924,
          196.2682920000134,
          196.52420900001744,
          196.34758299997657,
          196.25641700002916,
          196.15362499996536,
          196.52312500005564
        ],
        "error": ""
      },
      {
        "opening_name": "italian_game",
        "opening_fen": "r1bqk1nr/pppp1ppp/2n5/2b1p3/2B1P3/5N2/PPPP1PPP/RNBQK2R w KQkq - 4 4",
        "result": "draw",
        "score_a": 0.5,
        "plies": 11,
        "adjudicated": false,
        "player_a_color": "white",
        "player_a_timeouts": 0,
        "player_b_timeouts": 0,
        "player_a_moves": 6,
        "player_b_moves": 5,
        "player_a_crashes": 0,
        "player_b_crashes": 0,
        "response_times_ms": [
          196.44495800002915,
          196.54224999999315,
          196.47041700000045,
          196.46583299999065,
          196.44729199995936,
          196.1402919999955,
          196.63650000001098,
          196.1147910000136,
          196.64804199999253,
          196.38179200001105,
          196.25416700000642
        ],
        "error": ""
      },
      {
        "opening_name": "italian_game",
        "opening_fen": "r1bqk1nr/pppp1ppp/2n5/2b1p3/2B1P3/5N2/PPPP1PPP/RNBQK2R w KQkq - 4 4",
        "result": "draw",
        "score_a": 0.5,
        "plies": 11,
        "adjudicated": false,
        "player_a_color": "black",