{
  "feedback_source": "self_play",
  "summary": {
    "games": 16,
    "wins_a": 3,
    "losses_a": 3,
    "draws": 10,
    "score_a": 8.0,
    "mean_score_a": 0.5,
    "game_scores_a": [
      0.5,
      0.5,
      0.5,
      0.5,
      0.5,
      0.0,
      0.5,
      0.5,
      0.5,
      0.5,
      1.0,
      0.5,
      1.0,
      0.0,
      1.0,
      0.0
    ],
    "player_a_moves": 143,
    "player_b_moves": 143,
    "player_a_timeouts": 2,
    "player_b_timeouts": 1,
    "player_a_crashes": 0,
    "player_b_crashes": 0,
    "results": [
      {
        "opening_name": "startpos",
        "opening_fen": "rnbqkbnr/pppppppp/8/8/8/8/PPPPPPPP/RNBQKBNR w KQkq - 0 1",
        "result": "draw",
        "score_a": 0.5,
        "plies": 19,
        "adjudicated": false,
        "player_a_color": "white",
        "player_a_timeouts": 0,
        "player_b_timeouts": 0,
        "player_a_moves": 10,
        "player_b_moves": 9,
        "player_a_crashes": 0,
        "player_b_crashes": 0,
        "response_times_ms": [
          196.554333999984,
          196.30741600002466,
          200.22137500001236,
          199.20337499996776,
          196.78770900003428,
          197.0767500000079,
          196.8352910000135,
          196.78729099996417,
          196.80875000000242,
          197.33458299998574,
          200.68666699995674,
          196.6447909999829,
          196.95224999998118,
          196.55070800001795,
          197.06929199998058,
          197.1736250000049,
          196.97775000003048,
          197.29029199999104,
          196.91849999998112
        ],
        "error": ""
      },
      {
        "opening_name": "startpos",
        "opening_fen": "rnbqkbnr/pppppppp/8/8/8/8/PPPPPPPP/RNBQKBNR w KQkq - 0 1",
        "result": "draw",
        "score_a": 0.5,
        "plies": 20,
        "adjudicated": true,
        "player_a_color": "black",
        "player_a_timeouts": 0,
        "player_b_timeouts": 0,
        "player_a_moves": 10,
        "player_b_moves": 10,
        "player_a_crashes": 0,
        "player_b_crashes": 0,
        "response_times_ms": [
          198.14304099998026,
          196.9450830000028,
          197.4399589999507,
          197.04799999999523,
          197.25666699997646,
          197.10566599997037,
          196.65962499999523,
          196.82758300001524,
          196.56479200000376,
          197.25933300003362,
          196.6129580000029,
          200.47458300001608,
          198.0374999999981,
          196.64458300002252,
          196.07845899997756,
          198.07574999998678,
          196.7810829999621,
          196.63524999998572,
          196.47349999996777,
          198.80716699998402
        ],
        "error": ""
      },
      {
        "opening_name": "queens_pawn",
        "opening_fen": "rnbqkbnr/ppp1pppp/8/3p4/3P4/8/PPP1PPPP/RNBQKBNR w KQkq - 0 2",
        "result": "draw",
        "score_a": 0.5,
        "plies": 9,
        "adjudicated": false,
        "player_a_color": "white",
        "player_a_timeouts": 0,
        "player_b_timeouts": 0,
        "player_a_moves": 5,
        "player_b_moves": 4,
        "player_a_crashes": 0,
        "player_b_crashes": 0,
        "response_times_ms": [
          197.0920420000084,
          196.68633400004865,
          196.5725840000232,
          196.6909159999659,
          196.86937500000568,
          197.16858399999637,
          196.58137499999384,
          196.12554200000432,
          197.5137499999846
        ],
        "error": ""
      },
      {
        "opening_name": "queens_pawn",
        "opening_fen": "rnbqkbnr/ppp1pppp/8/3p4/3P4/8/PPP1PPPP/RNBQKBNR w KQkq - 0 2",
        "result": "draw",
        "score_a": 0.5,
        "plies": 9,
        "adjudicated": false,
        "player_a_color": "black",
        "player_a_timeouts": 0,
        "player_b_timeouts": 0,
        "player_a_moves": 4,
        "player_b_moves": 5,
        "player_a_crashes": 0,
        "player_b_crashes": 0,
        "response_times_ms": [
          196.44179100004067,
          196.33266699997876,
          196.16033399995558,
          196.2758750000262,
          197.68804099999215,
          196.32400000000416,
          197.77608300000793,
          196.8209999999999,
          196.33429199996044
        ],
        "error": ""
      },
      {
        "opening_name": "ruy_lopez",
        "opening_fen": "r1bqkbnr/pppp1ppp/2n5/1B2p3/4P3/5N2/PPPP1PPP/RNBQK2R b KQkq - 3 3",
        "result": "draw",
        "score_a": 0.5,
        "plies": 20,
        "adjudicated": true,
        "player_a_color": "white",
        "player_a_timeouts": 1,
        "player_b_timeouts": 0,
        "player_a_moves": 10,
        "player_b_moves": 10,
        "player_a_crashes": 0,
        "player_b_crashes": 0,
        "response_times_ms": [
          196.08454199999414,
          196.15995899999916,
          197.6114590000293,
          196.41229100000146,
          197.20408400002043,
          196.11695799994777,
          196.58479199995327,
          196.55199999999695,
          204.8208329999852,
          196.57145799999398,
          198.68066700001918,
          197.1103750000225,
          196.55775000001086,
          1291.7719999999804,
          321.8665829999736,
          260.31858299995747,
          197.1480419999807,
          204.37379100002318,
          206.6037499999993,
          207.60766600000125
        ],
        "error": ""
      },
      {
        "opening_name": "ruy_lopez",
        "opening_fen": "r1bqkbnr/pppp1ppp/2n5/1B2p3/4P3/5N2/PPPP1PPP/RNBQK2R b KQkq - 3 3",
        "result": "loss",
        "score_a": 0.0,
        "plies": 20,
        "adjudicated": true,
        "player_a_color": "black",
        "player_a_timeouts": 0,
        "player_b_timeouts": 0,
        "player_a_moves": 10,
        "player_b_moves": 10,
        "player_a_crashes": 0,
        "player_b_crashes": 0,
        "response_times_ms": [
          203.91512499998043,
          200.70270799999435,
          199.57437499999742,
          207.16824999999517,
          223.43595799998184,
          464.262041999973,
          200.55141599999615,
          197.51274999998714,
          199.8054999999681,
          197.69691700003023,
          200.2459590000285,
          197.4877499999934,
          196.67366599998104,
          197.53908299998102,
          201.79012500000226,
          197.12970800003404,
          196.86512499998798,
          196.87833300002922,
          199.27141700003403,
          196.1833749999755
        ],
        "error": ""
      },
      {
        "opening_name": "italian_game",
        "opening_fen": "r1bqk1nr/pppp1ppp/2n5/2b1p3/2B1P3/5N2/PPPP1PPP/RNBQK2R w KQkq - 4 4",
        "result": "draw",
        "score_a": 0.5,
        "plies": 20,
        "adjudicated": true,
        "player_a_color": "white",
        "player_a_timeouts": 0,
        "player_b_timeouts": 0,
        "player_a_moves": 10,
        "player_b_moves": 10,
        "player_a_crashes": 0,
        "player_b_crashes": 0,
        "response_times_ms": [
          196.78579200001423,
          198.0127499999753,
          198.9877080000042,
          197.9787920000149,
          197.13887500000737,
          199.43725000001677,
          212.05987500002266,
          223.3676249999803,
          197.43537499999775,
          196.45925000003217,
          209.56629200003363,
          196.69970799998282,
          200.52266700002974,
          263.5345840000127,
          826.9634590000123,
          197.77683399996704,
          198.0967499999906,
          198.6310830000093,
          209.8905420000392,
          196.20020799999338
        ],
        "error": ""
      },
      {
        "opening_name": "italian_game",
        "opening_fen": "r1bqk1nr/pppp1ppp/2n5/2b1p3/2B1P3/5N2/PPPP1PPP/RNBQK2R w KQkq - 4 4",
        "result": "draw",
        "score_a": 0.5,
        "plies": 20,
        "adjudicated": false,
        "player_a_color": "black",