{
  "feedback_source": "self_play",
  "summary": {
    "games": 16,
    "wins_a": 2,
    "losses_a": 2,
    "draws": 12,
    "score_a": 8.0,
    "mean_score_a": 0.5,
    "game_scores_a": [
      0.5,
      0.5,
      0.0,
      1.0,
      0.5,
      0.5,
      0.5,
      0.5,
      1.0,
      0.0,
      0.5,
      0.5,
      0.5,
      0.5,
      0.5,
      0.5
    ],
    "player_a_moves": 123,
    "player_b_moves": 123,
    "player_a_timeouts": 0,
    "player_b_timeouts": 0,
    "player_a_crashes": 0,
    "player_b_crashes": 0,
    "results": [
      {
        "opening_name": "startpos",
        "opening_fen": "rnbqkbnr/pppppppp/8/8/8/8/PPPPPPPP/RNBQKBNR w KQkq - 0 1",
        "result": "draw",
        "score_a": 0.5,
        "plies": 13,
        "adjudicated": false,
        "player_a_color": "white",
        "player_a_timeouts": 0,
        "player_b_timeouts": 0,
        "player_a_moves": 7,
        "player_b_moves": 6,
        "player_a_crashes": 0,
        "player_b_crashes": 0,
        "response_times_ms": [
          196.03075000000558,
          196.43312499999865,
          196.31504100001962,
          196.6036249999945,
          196.04654200000482,
          196.2463750000154,
          196.04970799997545,
          196.25445899998795,
          196.47887499999683,
          196.4702500000044,
          196.46499999998923,
          196.19666700000948,
          196.3458330000094
        ],
        "error": ""
      },
      {
        "opening_name": "startpos",
        "opening_fen": "rnbqkbnr/pppppppp/8/8/8/8/PPPPPPPP/RNBQKBNR w KQkq - 0 1",
        "result": "draw",
        "score_a": 0.5,
        "plies": 13,
        "adjudicated": false,
        "player_a_color": "black",
        "player_a_timeouts": 0,
        "player_b_timeouts": 0,
        "player_a_moves": 6,
        "player_b_moves": 7,
        "player_a_crashes": 0,
        "player_b_crashes": 0,
        "response_times_ms": [
          196.12329199998157,
          196.46412500000565,
          196.05387500001825,
          196.16991700002018,
          196.7406250000181,
          196.04229199998713,
          196.33483300000876,
          196.53012500000955,
          196.7298749999884,
          196.2645839999766,
          196.27591600001892,
          196.0807920000036,
          196.08129100001292
        ],
        "error": ""
      },
      {
        "opening_name": "queens_pawn",
        "opening_fen": "rnbqkbnr/ppp1pppp/8/3p4/3P4/8/PPP1PPPP/RNBQKBNR w KQkq - 0 2",
        "result": "loss",
        "score_a": 0.0,
        "plies": 20,
        "adjudicated": true,
        "player_a_color": "white",
        "player_a_timeouts": 0,
        "player_b_timeouts": 0,
        "player_a_moves": 10,
        "player_b_moves": 10,
        "player_a_crashes": 0,
        "player_b_crashes": 0,
        "response_times_ms": [
          196.67941599999494,
          196.2470420000102,
          196.1060840000073,
          196.35187500000484,
          196.45291599999837,
          196.52704099999596,
          196.16579199998796,
          196.07737499998734,
          196.32479200001285,
          196.24395900001446,
          196.1144170000182,
          196.03716699998586,
          196.1308750000228,
          196.30150000000413,
          196.42295799999943,
          196.17479199999366,
          196.3127919999863,
          196.0522919999903,
          196.291207999991,
          196.26962500001355
        ],
        "error": ""
      },
      {
        "opening_name": "queens_pawn",
        "opening_fen": "rnbqkbnr/ppp1pppp/8/3p4/3P4/8/PPP1PPPP/RNBQKBNR w KQkq - 0 2",
        "result": "win",
        "score_a": 1.0,
        "plies": 20,
        "adjudicated": true,
        "player_a_color": "black",
        "player_a_timeouts": 0,
        "player_b_timeouts": 0,
        "player_a_moves": 10,
        "player_b_moves": 10,
        "player_a_crashes": 0,
        "player_b_crashes": 0,
        "response_times_ms": [
          196.23062499999833,
          196.21649999999136,
          196.22833299999343,
          196.48783300002037,
          196.27625000001103,
          196.0709159999965,
          196.19979199998738,
          196.17641599998592,
          196.22466699999563,
          196.29483299999606,
          196.17545799999903,
          196.08058299999698,
          196.52500000000828,
          196.477625,
          196.4736250000101,
          196.17112500000644,
          196.24708300000293,
          196.0885000000019,
          196.24037500000213,
          196.03562500000749
        ],
        "error": ""
      },
      {
        "opening_name": "ruy_lopez",
        "opening_fen": "r1bqkbnr/pppp1ppp/2n5/1B2p3/4P3/5N2/PPPP1PPP/RNBQK2R b KQkq - 3 3",
        "result": "draw",
        "score_a": 0.5,
        "plies": 17,
        "adjudicated": false,
        "player_a_color": "white",
        "player_a_timeouts": 0,
        "player_b_timeouts": 0,
        "player_a_moves": 8,
        "player_b_moves": 9,
        "player_a_crashes": 0,
        "player_b_crashes": 0,
        "response_times_ms": [
          196.21770800000604,
          196.06362499999364,
          196.27337500000408,
          196.41091599999072,
          196.033333999992,
          196.19137500001216,
          196.05820800001084,
          196.15475000000515,
          196.06554099999585,
          196.0351669999909,
          196.131041000001,
          196.04491700002313,
          196.47924999998168,
          196.09116700002005,
          196.26320899999428,
          196.61625000000527,
          196.87766699999543
        ],
        "error": ""
      },
      {
        "opening_name": "ruy_lopez",
        "opening_fen": "r1bqkbnr/pppp1ppp/2n5/1B2p3/4P3/5N2/PPPP1PPP/RNBQK2R b KQkq - 3 3",
        "result": "draw",
        "score_a": 0.5,
        "plies": 17,
        "adjudicated": false,
        "player_a_color": "black",
        "player_a_timeouts": 0,
        "player_b_timeouts": 0,
        "player_a_moves": 9,
        "player_b_moves": 8,
        "player_a_crashes": 0,
        "player_b_crashes": 0,
        "response_times_ms": [
          196.04220900001224,
          196.04787500000498,
          196.1413749999963,
          196.1427499999786,
          196.1390000000165,
          196.57208399999604,
          196.43075000001886,
          196.25691699999948,
          196.71433300001695,
          196.0678749999829,
          196.50462499998866,
          196.19945799999527,
          196.40854100001093,
          196.06766700002254,
          196.12254099999404,
          196.48175000000379,
          196.4887499999861
        ],
        "error": ""
      },
      {
        "opening_name": "italian_game",
        "opening_fen": "r1bqk1nr/pppp1ppp/2n5/2b1p3/2B1P3/5N2/PPPP1PPP/RNBQK2R w KQkq - 4 4",
        "result": "draw",
        "score_a": 0.5,
        "plies": 11,
        "adjudicated": false,
        "player_a_color": "white",
        "player_a_timeouts": 0,
        "player_b_timeouts": 0,
        "player_a_moves": 6,
        "player_b_moves": 5,
        "player_a_crashes": 0,
        "player_b_crashes": 0,
        "response_times_ms": [
          196.49020800000017,
          196.56554200000187,
          196.05537499998604,
          196.04487499998413,
          196.22158299998205,
          197.06104099998356,
          196.02437500000747,
          196.27412499997376,
          196.14629200000877,
          196.27850000000535,
          196.47712500000125
        ],
        "error": ""
      },
      {
        "opening_name": "italian_game",
        "opening_fen": "r1bqk1nr/pppp1ppp/2n5/2b1p3/2B1P3/5N2/PPPP1PPP/RNBQK2R w KQkq - 4 4",
        "result": "draw",
        "score_a": 0.5,
        "plies": 11,
        "adjudicated": false,
        "player_a_color": "black",
        "player_a_timeouts": 0,
        "player_b_timeouts": 0,
        "player_a_moves": 5,
        "player_b_moves": 6,
        "player_a_crashes": 0,
        "player_b_crashes": 0,