{
  "feedback_source": "self_play",
  "summary": {
    "games": 16,
    "wins_a": 3,
    "losses_a": 3,
    "draws": 10,
    "score_a": 8.0,
    "mean_score_a": 0.5,
    "game_scores_a": [
      0.5,
      0.5,
      0.0,
      1.0,
      0.5,
      0.5,
      0.0,
      1.0,
      1.0,
      0.0,
      0.5,
      0.5,
      0.5,
      0.5,
      0.5,
      0.5
    ],
    "player_a_moves": 118,
    "player_b_moves": 118,
    "player_a_timeouts": 0,
    "player_b_timeouts": 0,
    "player_a_crashes": 0,
    "player_b_crashes": 0,
    "results": [
      {
        "opening_name": "startpos",
        "opening_fen": "rnbqkbnr/pppppppp/8/8/8/8/PPPPPPPP/RNBQKBNR w KQkq - 0 1",
        "result": "draw",
        "score_a": 0.5,
        "plies": 13,
        "adjudicated": false,
        "player_a_color": "white",
        "player_a_timeouts": 0,
        "player_b_timeouts": 0,
        "player_a_moves": 7,
        "player_b_moves": 6,
        "player_a_crashes": 0,
        "player_b_crashes": 0,
        "response_times_ms": [
          196.1002089999795,
          196.22441699999627,
          196.25866699999506,
          196.22091600001568,
          196.48462500001074,
          196.06029099998068,
          196.73987499999157,
          196.2894170000027,
          196.0712499999886,
          196.11304200000745,
          196.6187919999811,
          196.57770800000662,
          196.44775000000436
        ],
        "error": ""
      },
      {
        "opening_name": "startpos",
        "opening_fen": "rnbqkbnr/pppppppp/8/8/8/8/PPPPPPPP/RNBQKBNR w KQkq - 0 1",
        "result": "draw",
        "score_a": 0.5,
        "plies": 13,
        "adjudicated": false,
        "player_a_color": "black",
        "player_a_timeouts": 0,
        "player_b_timeouts": 0,
        "player_a_moves": 6,
        "player_b_moves": 7,
        "player_a_crashes": 0,
        "player_b_crashes": 0,
        "response_times_ms": [
          196.05050000001256,
          196.39654099998438,
          196.4571249999949,
          196.11062500001708,
          196.28829199999132,
          196.16862499998433,
          196.41437500001757,
          196.47362499998167,
          196.12420800001473,
          196.09912499998927,
          196.6682500000161,
          196.15658300000405,
          196.40483300000255
        ],
        "error": ""
      },
      {
        "opening_name": "queens_pawn",
        "opening_fen": "rnbqkbnr/ppp1pppp/8/3p4/3P4/8/PPP1PPPP/RNBQKBNR w KQkq - 0 2",
        "result": "loss",
        "score_a": 0.0,
        "plies": 20,
        "adjudicated": true,
        "player_a_color": "white",
        "player_a_timeouts": 0,
        "player_b_timeouts": 0,
        "player_a_moves": 10,
        "player_b_moves": 10,
        "player_a_crashes": 0,
        "player_b_crashes": 0,
        "response_times_ms": [
          196.32766699999138,
          196.08537499999557,
          196.2272919999748,
          196.17616599998655,
          196.07529099999965,
          196.3265839999906,
          196.48341600000663,
          196.16012499997737,
          196.37479099998245,
          196.21324999999956,
          196.34133299999235,
          196.06933299999696,
          196.05545800001778,
          196.0843749999981,
          196.6429580000124,
          196.02958300001205,
          196.22787500000527,
          196.19070800001737,
          196.21912500002736,
          196.2322919999906
        ],
        "error": ""
      },
      {
        "opening_name": "queens_pawn",
        "opening_fen": "rnbqkbnr/ppp1pppp/8/3p4/3P4/8/PPP1PPPP/RNBQKBNR w KQkq - 0 2",
        "result": "win",
        "score_a": 1.0,
        "plies": 20,
        "adjudicated": true,
        "player_a_color": "black",
        "player_a_timeouts": 0,
        "player_b_timeouts": 0,
        "player_a_moves": 10,
        "player_b_moves": 10,
        "player_a_crashes": 0,
        "player_b_crashes": 0,
        "response_times_ms": [
          196.17154100001244,
          196.14812500000767,
          196.2031670000215,
          196.02279199997952,
          196.7108340000152,
          196.0758339999984,
          196.25299999998447,
          196.1606249999761,
          196.2092089999885,
          196.06329199999095,
          196.29941700000586,
          196.25995800001306,
          196.40391599997997,
          196.23391599998286,
          196.05041699998083,
          196.18954099999542,
          196.07112500000312,
          196.23870800000986,
          196.07566700000234,
          196.16958299999965
        ],
        "error": ""
      },
      {
        "opening_name": "ruy_lopez",
        "opening_fen": "r1bqkbnr/pppp1ppp/2n5/1B2p3/4P3/5N2/PPPP1PPP/RNBQK2R b KQkq - 3 3",
        "result": "draw",
        "score_a": 0.5,
        "plies": 15,
        "adjudicated": false,
        "player_a_color": "white",
        "player_a_timeouts": 0,
        "player_b_timeouts": 0,
        "player_a_moves": 7,
        "player_b_moves": 8,
        "player_a_crashes": 0,
        "player_b_crashes": 0,
        "response_times_ms": [
          196.26466700000833,
          196.71379199999706,
          196.32062499999847,
          196.0887089999801,
          196.0357080000108,
          196.38954100000205,
          196.23320799999533,
          196.257624999987,
          196.19612500000017,
          196.2305410000056,
          196.19879200001833,
          196.1955410000087,
          196.27133299999855,
          196.48041700000363,
          196.16866700002333
        ],
        "error": ""
      },
      {
        "opening_name": "ruy_lopez",
        "opening_fen": "r1bqkbnr/pppp1ppp/2n5/1B2p3/4P3/5N2/PPPP1PPP/RNBQK2R b KQkq - 3 3",
        "result": "draw",
        "score_a": 0.5,
        "plies": 15,
        "adjudicated": false,
        "player_a_color": "black",
        "player_a_timeouts": 0,
        "player_b_timeouts": 0,
        "player_a_moves": 8,
        "player_b_moves": 7,
        "player_a_crashes": 0,
        "player_b_crashes": 0,
        "response_times_ms": [
          196.44774999997594,
          196.2965419999989,
          196.34295800000245,
          196.10616699998218,
          196.19070799998894,
          196.13837500000386,
          196.45316599999774,
          196.286458000003,
          196.18704199999115,
          196.25379199999315,
          196.1389579999775,
          196.36399999998844,
          196.27587499999777,
          196.09124999999494,
          196.4457500000094
        ],
        "error": ""
      },
      {
        "opening_name": "italian_game",
        "opening_fen": "r1bqk1nr/pppp1ppp/2n5/2b1p3/2B1P3/5N2/PPPP1PPP/RNBQK2R w KQkq - 4 4",
        "result": "loss",
        "score_a": 0.0,
        "plies": 10,
        "adjudicated": false,
        "player_a_color": "white",
        "player_a_timeouts": 0,
        "player_b_timeouts": 0,
        "player_a_moves": 5,
        "player_b_moves": 5,
        "player_a_crashes": 0,
        "player_b_crashes": 0,
        "response_times_ms": [
          196.13824999998997,
          196.11583299999324,
          196.07425000000944,
          196.05495799999062,
          196.48600000002148,
          196.46249999999554,
          196.119374999995,
          196.36195900000075,
          196.18949999997426,
          26.704624999979387
        ],
        "error": ""
      },
      {
        "opening_name": "italian_game",
        "opening_fen": "r1bqk1nr/pppp1ppp/2n5/2b1p3/2B1P3/5N2/PPPP1PPP/RNBQK2R w KQkq - 4 4",
        "result": "win",
        "score_a": 1.0,
        "plies": 10,
        "adjudicated": false,
        "player_a_color": "black",
        "player_a_timeouts": 0,
        "player_b_timeouts": 0,
        "player_a_moves": 5,
        "player_b_moves": 5,
        "player_a_crashes": 0,
        "player_b_crashes": 0,