{
  "feedback_source": "self_play",
  "summary": {
    "games": 16,
    "wins_a": 3,
    "losses_a": 3,
    "draws": 10,
    "score_a": 8.0,
    "mean_score_a": 0.5,
    "game_scores_a": [
      0.5,
      0.5,
      0.0,
      1.0,
      0.5,
      0.5,
      0.0,
      1.0,
      1.0,
      0.0,
      0.5,
      0.5,
      0.5,
      0.5,
      0.5,
      0.5
    ],
    "player_a_moves": 118,
    "player_b_moves": 118,
    "player_a_timeouts": 0,
    "player_b_timeouts": 0,
    "player_a_crashes": 0,
    "player_b_crashes": 0,
    "results": [
      {
        "opening_name": "startpos",
        "opening_fen": "rnbqkbnr/pppppppp/8/8/8/8/PPPPPPPP/RNBQKBNR w KQkq - 0 1",
        "result": "draw",
        "score_a": 0.5,
        "plies": 13,
        "adjudicated": false,
        "player_a_color": "white",
        "player_a_timeouts": 0,
        "player_b_timeouts": 0,
        "player_a_moves": 7,
        "player_b_moves": 6,
        "player_a_crashes": 0,
        "player_b_crashes": 0,
        "response_times_ms": [
          196.0308329999947,
          196.08083300001056,
          196.0826250000025,
          196.11495800000966,
          196.70612500000573,
          197.6649589999937,
          196.28166699999383,
          196.17691599999887,
          196.18133400000204,
          196.35229200000026,
          196.034209000004,
          196.11825000001204,
          196.0677919999938
        ],
        "error": ""
      },
      {
        "opening_name": "startpos",
        "opening_fen": "rnbqkbnr/pppppppp/8/8/8/8/PPPPPPPP/RNBQKBNR w KQkq - 0 1",
        "result": "draw",
        "score_a": 0.5,
        "plies": 13,
        "adjudicated": false,
        "player_a_color": "black",
        "player_a_timeouts": 0,
        "player_b_timeouts": 0,
        "player_a_moves": 6,
        "player_b_moves": 7,
        "player_a_crashes": 0,
        "player_b_crashes": 0,
        "response_times_ms": [
          196.03924999999833,
          196.1287910000067,
          196.0852079999995,
          196.12158299999294,
          196.11079199999892,
          196.22075000000905,
          196.2704169999938,
          196.10716600000444,
          196.42187499999864,
          196.08725000000504,
          196.36804200000313,
          196.06537500000343,
          196.73933299999646
        ],
        "error": ""
      },
      {
        "opening_name": "queens_pawn",
        "opening_fen": "rnbqkbnr/ppp1pppp/8/3p4/3P4/8/PPP1PPPP/RNBQKBNR w KQkq - 0 2",
        "result": "loss",
        "score_a": 0.0,
        "plies": 20,
        "adjudicated": true,
        "player_a_color": "white",
        "player_a_timeouts": 0,
        "player_b_timeouts": 0,
        "player_a_moves": 10,
        "player_b_moves": 10,
        "player_a_crashes": 0,
        "player_b_crashes": 0,
        "response_times_ms": [
          196.35599999999442,
          196.32270799999674,
          196.60874999999578,
          196.1172089999934,
          196.20137500000112,
          196.2366249999974,
          196.27737499999398,
          196.0839159999921,
          196.20287499999733,
          196.18879199998673,
          196.66808300000582,
          196.05870799999536,
          196.17812500000298,
          196.11583300000746,
          196.05058300000167,
          196.25758300000484,
          196.2784159999984,
          196.17379199999618,
          196.0819579999935,
          196.20012500000428
        ],
        "error": ""
      },
      {
        "opening_name": "queens_pawn",
        "opening_fen": "rnbqkbnr/ppp1pppp/8/3p4/3P4/8/PPP1PPPP/RNBQKBNR w KQkq - 0 2",
        "result": "win",
        "score_a": 1.0,
        "plies": 20,
        "adjudicated": true,
        "player_a_color": "black",
        "player_a_timeouts": 0,
        "player_b_timeouts": 0,
        "player_a_moves": 10,
        "player_b_moves": 10,
        "player_a_crashes": 0,
        "player_b_crashes": 0,
        "response_times_ms": [
          196.53595799999835,
          196.88487500000917,
          196.0817499999905,
          196.08991699999478,
          196.519875000007,
          196.17658299999619,
          196.34429200000625,
          196.2601249999949,
          196.29237499999874,
          196.17600000000834,
          196.4648339999968,
          196.1225000000013,
          196.2090829999994,
          196.11929100000225,
          196.16783300000407,
          196.1074159999896,
          196.20570899999734,
          196.24004199999945,
          196.18329200000062,
          196.14029100000607
        ],
        "error": ""
      },
      {
        "opening_name": "ruy_lopez",
        "opening_fen": "r1bqkbnr/pppp1ppp/2n5/1B2p3/4P3/5N2/PPPP1PPP/RNBQK2R b KQkq - 3 3",
        "result": "draw",
        "score_a": 0.5,
        "plies": 15,
        "adjudicated": false,
        "player_a_color": "white",
        "player_a_timeouts": 0,
        "player_b_timeouts": 0,
        "player_a_moves": 7,
        "player_b_moves": 8,
        "player_a_crashes": 0,
        "player_b_crashes": 0,
        "response_times_ms": [
          196.14883400001304,
          196.45600000001195,
          196.4434580000045,
          196.21574999999325,
          196.10600000000034,
          196.2885420000049,
          196.1514159999922,
          196.04383400000813,
          196.2458339999955,
          196.2919579999891,
          196.2088749999964,
          196.13604200000623,
          196.44925000000057,
          196.09229099999936,
          196.05791700000452
        ],
        "error": ""
      },
      {
        "opening_name": "ruy_lopez",
        "opening_fen": "r1bqkbnr/pppp1ppp/2n5/1B2p3/4P3/5N2/PPPP1PPP/RNBQK2R b KQkq - 3 3",
        "result": "draw",
        "score_a": 0.5,
        "plies": 15,
        "adjudicated": false,
        "player_a_color": "black",
        "player_a_timeouts": 0,
        "player_b_timeouts": 0,
        "player_a_moves": 8,
        "player_b_moves": 7,
        "player_a_crashes": 0,
        "player_b_crashes": 0,
        "response_times_ms": [
          196.1848339999932,
          196.10612500000002,
          196.53141599999913,
          196.09458300000426,
          196.16466600000138,
          196.1170830000043,
          196.18787499999257,
          196.22320800000637,
          196.10687499999813,
          196.0747909999867,
          196.19154100000458,
          196.14916599999788,
          196.23295799999596,
          196.39479199999244,
          196.06208399999048
        ],
        "error": ""
      },
      {
        "opening_name": "italian_game",
        "opening_fen": "r1bqk1nr/pppp1ppp/2n5/2b1p3/2B1P3/5N2/PPPP1PPP/RNBQK2R w KQkq - 4 4",
        "result": "loss",
        "score_a": 0.0,
        "plies": 10,
        "adjudicated": false,
        "player_a_color": "white",
        "player_a_timeouts": 0,
        "player_b_timeouts": 0,
        "player_a_moves": 5,
        "player_b_moves": 5,
        "player_a_crashes": 0,
        "player_b_crashes": 0,
        "response_times_ms": [
          196.0587920000023,
          196.04508300000134,
          196.25658299999316,
          196.05466700001273,
          196.29725000000064,
          196.39320799998927,
          196.21804100000872,
          196.0578340000012,
          199.70816700001137,
          55.1516250000077
        ],
        "error": ""
      },
      {
        "opening_name": "italian_game",
        "opening_fen": "r1bqk1nr/pppp1ppp/2n5/2b1p3/2B1P3/5N2/PPPP1PPP/RNBQK2R w KQkq - 4 4",
        "result": "win",
        "score_a": 1.0,
        "plies": 10,
        "adjudicated": false,
        "player_a_color": "black",
        "player_a_timeouts": 0,
        "player_b_timeouts": 0,
        "player_a_moves": 5,
        "player_b_moves": 5,
        "player_a_crashes": 0,
        "player_b_crashes": 0,