{
  "feedback_source": "self_play",
  "summary": {
    "games": 16,
    "wins_a": 2,
    "losses_a": 2,
    "draws": 12,
    "score_a": 8.0,
    "mean_score_a": 0.5,
    "game_scores_a": [
      0.5,
      0.5,
      0.0,
      1.0,
      0.5,
      0.5,
      0.5,
      0.5,
      1.0,
      0.0,
      0.5,
      0.5,
      0.5,
      0.5,
      0.5,
      0.5
    ],
    "player_a_moves": 121,
    "player_b_moves": 121,
    "player_a_timeouts": 0,
    "player_b_timeouts": 0,
    "player_a_crashes": 0,
    "player_b_crashes": 0,
    "results": [
      {
        "opening_name": "startpos",
        "opening_fen": "rnbqkbnr/pppppppp/8/8/8/8/PPPPPPPP/RNBQKBNR w KQkq - 0 1",
        "result": "draw",
        "score_a": 0.5,
        "plies": 13,
        "adjudicated": false,
        "player_a_color": "white",
        "player_a_timeouts": 0,
        "player_b_timeouts": 0,
        "player_a_moves": 7,
        "player_b_moves": 6,
        "player_a_crashes": 0,
        "player_b_crashes": 0,
        "response_times_ms": [
          196.68312499999274,
          196.41654200000858,
          196.50595800001724,
          196.0564999999974,
          196.0924999999918,
          196.2695410000208,
          196.1240420000081,
          196.31324999997446,
          196.2127920000114,
          196.1526670000069,
          196.30474999999592,
          196.45254200000295,
          196.08737500001894
        ],
        "error": ""
      },
      {
        "opening_name": "startpos",
        "opening_fen": "rnbqkbnr/pppppppp/8/8/8/8/PPPPPPPP/RNBQKBNR w KQkq - 0 1",
        "result": "draw",
        "score_a": 0.5,
        "plies": 13,
        "adjudicated": false,
        "player_a_color": "black",
        "player_a_timeouts": 0,
        "player_b_timeouts": 0,
        "player_a_moves": 6,
        "player_b_moves": 7,
        "player_a_crashes": 0,
        "player_b_crashes": 0,
        "response_times_ms": [
          196.17541699997787,
          196.22670800001174,
          196.17745900001182,
          196.12791700001253,
          196.0462080000127,
          196.22995899999296,
          196.73462500000483,
          196.20383399998786,
          196.50283400000035,
          196.09995800001911,
          196.07812500001387,
          196.6492500000072,
          196.0493750000012
        ],
        "error": ""
      },
      {
        "opening_name": "queens_pawn",
        "opening_fen": "rnbqkbnr/ppp1pppp/8/3p4/3P4/8/PPP1PPPP/RNBQKBNR w KQkq - 0 2",
        "result": "loss",
        "score_a": 0.0,
        "plies": 20,
        "adjudicated": true,
        "player_a_color": "white",
        "player_a_timeouts": 0,
        "player_b_timeouts": 0,
        "player_a_moves": 10,
        "player_b_moves": 10,
        "player_a_crashes": 0,
        "player_b_crashes": 0,
        "response_times_ms": [
          196.63995799999157,
          196.18654199999241,
          196.61812499998632,
          196.26900000000091,
          196.4934590000098,
          196.36575000001244,
          196.46179200000802,
          196.2243750000141,
          196.11895799999957,
          196.1394999999868,
          196.12512499998047,
          196.11895799999957,
          196.09629200002132,
          196.12720799997874,
          196.2358330000029,
          196.1552500000039,
          196.1153750000051,
          196.1705420000044,
          196.20208300000286,
          196.10587500000065
        ],
        "error": ""
      },
      {
        "opening_name": "queens_pawn",
        "opening_fen": "rnbqkbnr/ppp1pppp/8/3p4/3P4/8/PPP1PPPP/RNBQKBNR w KQkq - 0 2",
        "result": "win",
        "score_a": 1.0,
        "plies": 20,
        "adjudicated": true,
        "player_a_color": "black",
        "player_a_timeouts": 0,
        "player_b_timeouts": 0,
        "player_a_moves": 10,
        "player_b_moves": 10,
        "player_a_crashes": 0,
        "player_b_crashes": 0,
        "response_times_ms": [
          196.7251250000004,
          196.1778340000251,
          196.25249999998573,
          196.11995799999704,
          196.36620899999002,
          196.13316699999928,
          196.14674999999693,
          196.3695409999957,
          196.6019170000095,
          196.16458299998385,
          196.5440419999993,
          196.21025000000714,
          196.10891700000366,
          196.2651249999965,
          196.08870900000852,
          196.21241699999814,
          196.38662500000237,
          196.0676660000047,
          196.29170799998974,
          196.3073750000035
        ],
        "error": ""
      },
      {
        "opening_name": "ruy_lopez",
        "opening_fen": "r1bqkbnr/pppp1ppp/2n5/1B2p3/4P3/5N2/PPPP1PPP/RNBQK2R b KQkq - 3 3",
        "result": "draw",
        "score_a": 0.5,
        "plies": 17,
        "adjudicated": false,
        "player_a_color": "white",
        "player_a_timeouts": 0,
        "player_b_timeouts": 0,
        "player_a_moves": 8,
        "player_b_moves": 9,
        "player_a_crashes": 0,
        "player_b_crashes": 0,
        "response_times_ms": [
          196.58291700000063,
          196.2771249999946,
          196.0579169999903,
          196.06100000001447,
          196.66691599999808,
          196.5124170000081,
          196.14520799999013,
          196.02824999998347,
          196.64633299998968,
          196.5135000000089,
          196.1324579999939,
          196.2217920000171,
          196.1461249999843,
          196.06491600001164,
          196.2057079999795,
          196.6148340000018,
          196.515541999986
        ],
        "error": ""
      },
      {
        "opening_name": "ruy_lopez",
        "opening_fen": "r1bqkbnr/pppp1ppp/2n5/1B2p3/4P3/5N2/PPPP1PPP/RNBQK2R b KQkq - 3 3",
        "result": "draw",
        "score_a": 0.5,
        "plies": 17,
        "adjudicated": false,
        "player_a_color": "black",
        "player_a_timeouts": 0,
        "player_b_timeouts": 0,
        "player_a_moves": 9,
        "player_b_moves": 8,
        "player_a_crashes": 0,
        "player_b_crashes": 0,
        "response_times_ms": [
          196.26454200002286,
          196.17316599999413,
          196.35358299998984,
          196.05674999999678,
          196.18170800001167,
          196.22733299999595,
          196.21129099999735,
          196.08504100000346,
          196.0463339999876,
          196.21591700001773,
          196.5604170000006,
          196.13024999998174,
          196.6281249999895,
          196.46054099999333,
          196.3538749999998,
          196.0233329999994,
          196.24295899998856
        ],
        "error": ""
      },
      {
        "opening_name": "italian_game",
        "opening_fen": "r1bqk1nr/pppp1ppp/2n5/2b1p3/2B1P3/5N2/PPPP1PPP/RNBQK2R w KQkq - 4 4",
        "result": "draw",
        "score_a": 0.5,
        "plies": 11,
        "adjudicated": false,
        "player_a_color": "white",
        "player_a_timeouts": 0,
        "player_b_timeouts": 0,
        "player_a_moves": 6,
        "player_b_moves": 5,
        "player_a_crashes": 0,
        "player_b_crashes": 0,
        "response_times_ms": [
          196.25916599997595,
          196.22624999999516,
          196.19308399998658,
          196.04054200001997,
          196.07304199999476,
          196.13341699999864,
          196.11066699999924,
          196.50608300000272,
          196.13770799998065,
          196.7111250000073,
          196.7365000000143
        ],
        "error": ""
      },
      {
        "opening_name": "italian_game",
        "opening_fen": "r1bqk1nr/pppp1ppp/2n5/2b1p3/2B1P3/5N2/PPPP1PPP/RNBQK2R w KQkq - 4 4",
        "result": "draw",
        "score_a": 0.5,
        "plies": 11,
        "adjudicated": false,
        "player_a_color": "black",
        "player_a_timeouts": 0,
        "player_b_timeouts": 0,
        "player_a_moves": 5,
        "player_b_moves": 6,
        "player_a_crashes": 0,
        "player_b_crashes": 0,