{
  "feedback_source": "self_play",
  "summary": {
    "games": 16,
    "wins_a": 5,
    "losses_a": 1,
    "draws": 10,
    "score_a": 10.0,
    "mean_score_a": 0.625,
    "game_scores_a": [
      0.5,
      0.5,
      0.5,
      1.0,
      0.5,
      0.5,
      0.5,
      1.0,
      1.0,
      1.0,
      0.5,
      0.5,
      1.0,
      0.0,
      0.5,
      0.5
    ],
    "player_a_moves": 123,
    "player_b_moves": 124,
    "player_a_timeouts": 0,
    "player_b_timeouts": 0,
    "player_a_crashes": 0,
    "player_b_crashes": 0,
    "results": [
      {
        "opening_name": "startpos",
        "opening_fen": "rnbqkbnr/pppppppp/8/8/8/8/PPPPPPPP/RNBQKBNR w KQkq - 0 1",
        "result": "draw",
        "score_a": 0.5,
        "plies": 13,
        "adjudicated": false,
        "player_a_color": "white",
        "player_a_timeouts": 0,
        "player_b_timeouts": 0,
        "player_a_moves": 7,
        "player_b_moves": 6,
        "player_a_crashes": 0,
        "player_b_crashes": 0,
        "response_times_ms": [
          196.69783300000176,
          196.06891699999096,
          196.99299999999198,
          196.09299999999052,
          196.53829200001383,
          196.2767079999992,
          196.27383300002066,
          196.39854199999718,
          196.20108300000538,
          196.0956249999981,
          196.27754199999004,
          196.331291000007,
          196.27508299998908
        ],
        "error": ""
      },
      {
        "opening_name": "startpos",
        "opening_fen": "rnbqkbnr/pppppppp/8/8/8/8/PPPPPPPP/RNBQKBNR w KQkq - 0 1",
        "result": "draw",
        "score_a": 0.5,
        "plies": 13,
        "adjudicated": false,
        "player_a_color": "black",
        "player_a_timeouts": 0,
        "player_b_timeouts": 0,
        "player_a_moves": 6,
        "player_b_moves": 7,
        "player_a_crashes": 0,
        "player_b_crashes": 0,
        "response_times_ms": [
          196.2341249999895,
          196.35350000001495,
          196.47650000001704,
          196.3677500000074,
          196.29087499998832,
          196.1035840000136,
          196.40441699999656,
          196.52604200001633,
          196.23558299997512,
          196.13012499999627,
          196.2976249999997,
          196.1666250000178,
          196.21837500000083
        ],
        "error": ""
      },
      {
        "opening_name": "queens_pawn",
        "opening_fen": "rnbqkbnr/ppp1pppp/8/3p4/3P4/8/PPP1PPPP/RNBQKBNR w KQkq - 0 2",
        "result": "draw",
        "score_a": 0.5,
        "plies": 14,
        "adjudicated": false,
        "player_a_color": "white",
        "player_a_timeouts": 0,
        "player_b_timeouts": 0,
        "player_a_moves": 7,
        "player_b_moves": 7,
        "player_a_crashes": 0,
        "player_b_crashes": 0,
        "response_times_ms": [
          196.87020899999652,
          196.5232080000021,
          196.48624999999242,
          196.0503329999881,
          196.2440000000072,
          196.3304580000056,
          204.89916700000776,
          196.32974999998964,
          196.20441700001834,
          196.21033299998203,
          196.07395900001734,
          196.21549999999388,
          196.0780409999927,
          196.26254199999948
        ],
        "error": ""
      },
      {
        "opening_name": "queens_pawn",
        "opening_fen": "rnbqkbnr/ppp1pppp/8/3p4/3P4/8/PPP1PPPP/RNBQKBNR w KQkq - 0 2",
        "result": "win",
        "score_a": 1.0,
        "plies": 20,
        "adjudicated": true,
        "player_a_color": "black",
        "player_a_timeouts": 0,
        "player_b_timeouts": 0,
        "player_a_moves": 10,
        "player_b_moves": 10,
        "player_a_crashes": 0,
        "player_b_crashes": 0,
        "response_times_ms": [
          196.05408399999646,
          196.34941700002173,
          196.3448749999941,
          196.3632919999725,
          196.50575000000003,
          196.28529099998104,
          196.1412500000108,
          196.0779579999894,
          196.32704199997875,
          196.1476249999805,
          196.6747079999891,
          196.02862499999674,
          196.1840840000093,
          196.08829099999525,
          196.2493749999794,
          196.04066700000544,
          197.03458399999363,
          197.09554100001014,
          198.770541999977,
          196.26220800000738
        ],
        "error": ""
      },
      {
        "opening_name": "ruy_lopez",
        "opening_fen": "r1bqkbnr/pppp1ppp/2n5/1B2p3/4P3/5N2/PPPP1PPP/RNBQK2R b KQkq - 3 3",
        "result": "draw",
        "score_a": 0.5,
        "plies": 11,
        "adjudicated": false,
        "player_a_color": "white",
        "player_a_timeouts": 0,
        "player_b_timeouts": 0,
        "player_a_moves": 5,
        "player_b_moves": 6,
        "player_a_crashes": 0,
        "player_b_crashes": 0,
        "response_times_ms": [
          196.63545800000293,
          196.3266669999939,
          196.25770899997974,
          196.16366700000754,
          196.447040999999,
          196.75058400000012,
          196.35675000000674,
          196.10724999998297,
          196.47429200000488,
          196.39620899999954,
          196.34124999998903
        ],
        "error": ""
      },
      {
        "opening_name": "ruy_lopez",
        "opening_fen": "r1bqkbnr/pppp1ppp/2n5/1B2p3/4P3/5N2/PPPP1PPP/RNBQK2R b KQkq - 3 3",
        "result": "draw",
        "score_a": 0.5,
        "plies": 20,
        "adjudicated": true,
        "player_a_color": "black",
        "player_a_timeouts": 0,
        "player_b_timeouts": 0,
        "player_a_moves": 10,
        "player_b_moves": 10,
        "player_a_crashes": 0,
        "player_b_crashes": 0,
        "response_times_ms": [
          196.35375000001432,
          196.39308399999322,
          196.23341700000196,
          196.68941699998754,
          196.9123750000108,
          196.07683399999587,
          196.20754199999624,
          196.9122499999969,
          196.0601659999952,
          196.70558300001062,
          196.40670900000146,
          196.05608399999142,
          196.02370800001268,
          196.28274999999462,
          196.36445800000502,
          196.10087500001327,
          196.08533299998498,
          196.5403750000121,
          196.24158400000624,
          196.64808300001368
        ],
        "error": ""
      },
      {
        "opening_name": "italian_game",
        "opening_fen": "r1bqk1nr/pppp1ppp/2n5/2b1p3/2B1P3/5N2/PPPP1PPP/RNBQK2R w KQkq - 4 4",
        "result": "draw",
        "score_a": 0.5,
        "plies": 14,
        "adjudicated": false,
        "player_a_color": "white",
        "player_a_timeouts": 0,
        "player_b_timeouts": 0,
        "player_a_moves": 7,
        "player_b_moves": 7,
        "player_a_crashes": 0,
        "player_b_crashes": 0,
        "response_times_ms": [
          196.1412500000108,
          196.8650000000025,
          196.17066699998986,
          196.77270799999746,
          196.61095800000794,
          196.82225000002518,
          196.21133399999735,
          196.74304200000847,
          196.28841599998736,
          196.13708299999644,
          196.6038750000223,
          196.4945420000106,
          196.64554199999884,
          196.1133340000174
        ],
        "error": ""
      },
      {
        "opening_name": "italian_game",
        "opening_fen": "r1bqk1nr/pppp1ppp/2n5/2b1p3/2B1P3/5N2/PPPP1PPP/RNBQK2R w KQkq - 4 4",
        "result": "win",
        "score_a": 1.0,
        "plies": 10,
        "adjudicated": false,
        "player_a_color": "black",
        "player_a_timeouts": 0,
        "player_b_timeouts": 0,
        "player_a_moves": 5,
        "player_b_moves": 5,
        "player_a_crashes": 0,
        "player_b_crashes": 0,