{
  "feedback_source": "self_play",
  "summary": {
    "games": 16,
    "wins_a": 1,
    "losses_a": 1,
    "draws": 14,
    "score_a": 8.0,
    "mean_score_a": 0.5,
    "game_scores_a": [
      0.5,
      0.5,
      0.0,
      1.0,
      0.5,
      0.5,
      0.5,
      0.5,
      0.5,
      0.5,
      0.5,
      0.5,
      0.5,
      0.5,
      0.5,
      0.5
    ],
    "player_a_moves": 121,
    "player_b_moves": 121,
    "player_a_timeouts": 0,
    "player_b_timeouts": 0,
    "player_a_crashes": 0,
    "player_b_crashes": 0,
    "results": [
      {
        "opening_name": "startpos",
        "opening_fen": "rnbqkbnr/pppppppp/8/8/8/8/PPPPPPPP/RNBQKBNR w KQkq - 0 1",
        "result": "draw",
        "score_a": 0.5,
        "plies": 13,
        "adjudicated": false,
        "player_a_color": "white",
        "player_a_timeouts": 0,
        "player_b_timeouts": 0,
        "player_a_moves": 7,
        "player_b_moves": 6,
        "player_a_crashes": 0,
        "player_b_crashes": 0,
        "response_times_ms": [
          196.05900000001952,
          196.17558300001292,
          196.2379169999906,
          196.16916699999365,
          196.13499999999817,
          196.12287499998615,
          196.22812500000464,
          196.19437500000458,
          196.47141699999793,
          196.2805000000003,
          196.4427909999813,
          196.47516599999904,
          196.47812499999873
        ],
        "error": ""
      },
      {
        "opening_name": "startpos",
        "opening_fen": "rnbqkbnr/pppppppp/8/8/8/8/PPPPPPPP/RNBQKBNR w KQkq - 0 1",
        "result": "draw",
        "score_a": 0.5,
        "plies": 13,
        "adjudicated": false,
        "player_a_color": "black",
        "player_a_timeouts": 0,
        "player_b_timeouts": 0,
        "player_a_moves": 6,
        "player_b_moves": 7,
        "player_a_crashes": 0,
        "player_b_crashes": 0,
        "response_times_ms": [
          196.1901249999869,
          196.2852499999883,
          196.1282499999868,
          196.31783299999483,
          196.23620799998776,
          196.093583000021,
          196.09287500000505,
          196.13662500000828,
          196.77079200002368,
          196.43366699997955,
          196.71545900001774,
          196.35358300001826,
          196.19883300001106
        ],
        "error": ""
      },
      {
        "opening_name": "queens_pawn",
        "opening_fen": "rnbqkbnr/ppp1pppp/8/3p4/3P4/8/PPP1PPPP/RNBQKBNR w KQkq - 0 2",
        "result": "loss",
        "score_a": 0.0,
        "plies": 20,
        "adjudicated": true,
        "player_a_color": "white",
        "player_a_timeouts": 0,
        "player_b_timeouts": 0,
        "player_a_moves": 10,
        "player_b_moves": 10,
        "player_a_crashes": 0,
        "player_b_crashes": 0,
        "response_times_ms": [
          196.15270899998904,
          196.62841699999944,
          196.1474160000023,
          196.7135419999977,
          196.12554200000432,
          196.1094999999773,
          196.23137499999643,
          196.0705000000189,
          196.32779099998743,
          196.28129199998057,
          196.25891699999443,
          196.2247080000168,
          196.31020799999988,
          196.03612500000622,
          196.4586670000017,
          196.10241699999165,
          196.15795799998637,
          196.0279170000092,
          196.35066699999015,
          196.22620900000243
        ],
        "error": ""
      },
      {
        "opening_name": "queens_pawn",
        "opening_fen": "rnbqkbnr/ppp1pppp/8/3p4/3P4/8/PPP1PPPP/RNBQKBNR w KQkq - 0 2",
        "result": "win",
        "score_a": 1.0,
        "plies": 20,
        "adjudicated": true,
        "player_a_color": "black",
        "player_a_timeouts": 0,
        "player_b_timeouts": 0,
        "player_a_moves": 10,
        "player_b_moves": 10,
        "player_a_crashes": 0,
        "player_b_crashes": 0,
        "response_times_ms": [
          196.04454099999202,
          196.062583000014,
          196.5288750000127,
          196.2000830000079,
          196.48870800000395,
          196.49037499999622,
          196.32129100000384,
          196.0382080000045,
          196.2054169999874,
          196.1660409999979,
          196.1520000000121,
          196.07725000000187,
          196.4202919999991,
          196.5466249999963,
          196.09374999998863,
          196.31916699998442,
          196.63445800000545,
          196.26204100001132,
          196.07016700001623,
          196.14454100002376
        ],
        "error": ""
      },
      {
        "opening_name": "ruy_lopez",
        "opening_fen": "r1bqkbnr/pppp1ppp/2n5/1B2p3/4P3/5N2/PPPP1PPP/RNBQK2R b KQkq - 3 3",
        "result": "draw",
        "score_a": 0.5,
        "plies": 17,
        "adjudicated": false,
        "player_a_color": "white",
        "player_a_timeouts": 0,
        "player_b_timeouts": 0,
        "player_a_moves": 8,
        "player_b_moves": 9,
        "player_a_crashes": 0,
        "player_b_crashes": 0,
        "response_times_ms": [
          196.06954100001417,
          196.51858299999958,
          196.41737499998158,
          196.5575000000115,
          196.095750000012,
          196.3691249999897,
          196.17962499998498,
          196.07662500001766,
          196.22033300001362,
          196.11304100001803,
          196.839333000014,
          196.23416700000007,
          196.22520800001553,
          196.025082999995,
          196.03466600000274,
          196.260207999984,
          196.32787499998017
        ],
        "error": ""
      },
      {
        "opening_name": "ruy_lopez",
        "opening_fen": "r1bqkbnr/pppp1ppp/2n5/1B2p3/4P3/5N2/PPPP1PPP/RNBQK2R b KQkq - 3 3",
        "result": "draw",
        "score_a": 0.5,
        "plies": 17,
        "adjudicated": false,
        "player_a_color": "black",
        "player_a_timeouts": 0,
        "player_b_timeouts": 0,
        "player_a_moves": 9,
        "player_b_moves": 8,
        "player_a_crashes": 0,
        "player_b_crashes": 0,
        "response_times_ms": [
          196.1872089999872,
          196.53520800000024,
          196.21033299998203,
          196.32454100002406,
          196.1446250000165,
          196.13800000001902,
          196.08908399999336,
          196.18716600001562,
          196.12387499998363,
          196.13666700001886,
          196.2757500000123,
          196.2122079999915,
          196.21345799998835,
          196.0444999999993,
          196.15141700001004,
          196.22549999999706,
          196.25987499998132
        ],
        "error": ""
      },
      {
        "opening_name": "italian_game",
        "opening_fen": "r1bqk1nr/pppp1ppp/2n5/2b1p3/2B1P3/5N2/PPPP1PPP/RNBQK2R w KQkq - 4 4",
        "result": "draw",
        "score_a": 0.5,
        "plies": 11,
        "adjudicated": false,
        "player_a_color": "white",
        "player_a_timeouts": 0,
        "player_b_timeouts": 0,
        "player_a_moves": 6,
        "player_b_moves": 5,
        "player_a_crashes": 0,
        "player_b_crashes": 0,
        "response_times_ms": [
          196.2222080000231,
          196.51145800000336,
          196.3098329999866,
          196.6784999999902,
          196.29658399998107,
          196.52904199998034,
          196.51300000001015,
          196.10683399997697,
          196.1419590000162,
          196.26687499999207,
          196.71766700000148
        ],
        "error": ""
      },
      {
        "opening_name": "italian_game",
        "opening_fen": "r1bqk1nr/pppp1ppp/2n5/2b1p3/2B1P3/5N2/PPPP1PPP/RNBQK2R w KQkq - 4 4",
        "result": "draw",
        "score_a": 0.5,
        "plies": 11,
        "adjudicated": false,
        "player_a_color": "black",
        "player_a_timeouts": 0,
        "player_b_timeouts": 0,
        "player_a_moves": 5,
        "player_b_moves": 6,
        "player_a_crashes": 0,
        "player_b_crashes": 0,