{
  "feedback_source": "self_play",
  "summary": {
    "games": 16,
    "wins_a": 1,
    "losses_a": 2,
    "draws": 13,
    "score_a": 7.5,
    "mean_score_a": 0.46875,
    "game_scores_a": [
      0.5,
      0.5,
      0.0,
      1.0,
      0.5,
      0.5,
      0.5,
      0.5,
      0.5,
      0.0,
      0.5,
      0.5,
      0.5,
      0.5,
      0.5,
      0.5
    ],
    "player_a_moves": 114,
    "player_b_moves": 113,
    "player_a_timeouts": 0,
    "player_b_timeouts": 0,
    "player_a_crashes": 0,
    "player_b_crashes": 0,
    "results": [
      {
        "opening_name": "startpos",
        "opening_fen": "rnbqkbnr/pppppppp/8/8/8/8/PPPPPPPP/RNBQKBNR w KQkq - 0 1",
        "result": "draw",
        "score_a": 0.5,
        "plies": 13,
        "adjudicated": false,
        "player_a_color": "white",
        "player_a_timeouts": 0,
        "player_b_timeouts": 0,
        "player_a_moves": 7,
        "player_b_moves": 6,
        "player_a_crashes": 0,
        "player_b_crashes": 0,
        "response_times_ms": [
          196.33937500000798,
          196.9630409999752,
          196.21012500002166,
          196.0904590000041,
          196.48291699999731,
          196.03487500000938,
          196.17991699999493,
          196.12041700000304,
          196.4692499999785,
          196.23408300000733,
          196.29520900002717,
          196.3586249999878,
          196.61154199999942
        ],
        "error": ""
      },
      {
        "opening_name": "startpos",
        "opening_fen": "rnbqkbnr/pppppppp/8/8/8/8/PPPPPPPP/RNBQKBNR w KQkq - 0 1",
        "result": "draw",
        "score_a": 0.5,
        "plies": 13,
        "adjudicated": false,
        "player_a_color": "black",
        "player_a_timeouts": 0,
        "player_b_timeouts": 0,
        "player_a_moves": 6,
        "player_b_moves": 7,
        "player_a_crashes": 0,
        "player_b_crashes": 0,
        "response_times_ms": [
          196.43408399997497,
          196.3821249999853,
          196.20083399999544,
          196.53325000001587,
          196.23170899998854,
          196.26145800000927,
          196.49979199999734,
          196.20774999998503,
          196.5015840000035,
          196.06883299999822,
          196.38354200000663,
          196.45058300000073,
          196.90566599999215
        ],
        "error": ""
      },
      {
        "opening_name": "queens_pawn",
        "opening_fen": "rnbqkbnr/ppp1pppp/8/3p4/3P4/8/PPP1PPPP/RNBQKBNR w KQkq - 0 2",
        "result": "loss",
        "score_a": 0.0,
        "plies": 20,
        "adjudicated": true,
        "player_a_color": "white",
        "player_a_timeouts": 0,
        "player_b_timeouts": 0,
        "player_a_moves": 10,
        "player_b_moves": 10,
        "player_a_crashes": 0,
        "player_b_crashes": 0,
        "response_times_ms": [
          196.2905830000068,
          196.46179099999017,
          196.0999579999907,
          196.47599999998988,
          196.58179199998926,
          196.4035830000057,
          196.2802090000082,
          196.2888329999828,
          196.02916700000605,
          196.08062500000756,
          196.06333400000153,
          196.17141699998797,
          196.20366700002023,
          196.05437499998857,
          196.1687920000088,
          196.18500000001404,
          196.11779199999546,
          196.0423339999977,
          196.04095799999754,
          196.03283399999327
        ],
        "error": ""
      },
      {
        "opening_name": "queens_pawn",
        "opening_fen": "rnbqkbnr/ppp1pppp/8/3p4/3P4/8/PPP1PPPP/RNBQKBNR w KQkq - 0 2",
        "result": "win",
        "score_a": 1.0,
        "plies": 20,
        "adjudicated": true,
        "player_a_color": "black",
        "player_a_timeouts": 0,
        "player_b_timeouts": 0,
        "player_a_moves": 10,
        "player_b_moves": 10,
        "player_a_crashes": 0,
        "player_b_crashes": 0,
        "response_times_ms": [
          196.7850419999877,
          196.7053749999934,
          196.06220899999016,
          196.54399999998873,
          196.32095800000116,
          196.08604200001878,
          196.33091599999375,
          196.22266700000068,
          196.35354100000768,
          196.1689999999976,
          196.43733299997734,
          196.10345800001028,
          196.20374999999513,
          196.19262499998058,
          196.03250000000116,
          196.23116700000764,
          196.06662499998606,
          196.19408399998406,
          196.36500000001433,
          196.192166000003
        ],
        "error": ""
      },
      {
        "opening_name": "ruy_lopez",
        "opening_fen": "r1bqkbnr/pppp1ppp/2n5/1B2p3/4P3/5N2/PPPP1PPP/RNBQK2R b KQkq - 3 3",
        "result": "draw",
        "score_a": 0.5,
        "plies": 12,
        "adjudicated": false,
        "player_a_color": "white",
        "player_a_timeouts": 0,
        "player_b_timeouts": 0,
        "player_a_moves": 6,
        "player_b_moves": 6,
        "player_a_crashes": 0,
        "player_b_crashes": 0,
        "response_times_ms": [
          196.47204199998214,
          196.06304200002,
          196.3588750000156,
          196.0499169999821,
          196.2940419999768,
          196.55662499999949,
          196.2382500000217,
          196.03275000000053,
          196.45912499998985,
          196.18520899999226,
          196.04587500001003,
          196.23150000001033
        ],
        "error": ""
      },
      {
        "opening_name": "ruy_lopez",
        "opening_fen": "r1bqkbnr/pppp1ppp/2n5/1B2p3/4P3/5N2/PPPP1PPP/RNBQK2R b KQkq - 3 3",
        "result": "draw",
        "score_a": 0.5,
        "plies": 12,
        "adjudicated": false,
        "player_a_color": "black",
        "player_a_timeouts": 0,
        "player_b_timeouts": 0,
        "player_a_moves": 6,
        "player_b_moves": 6,
        "player_a_crashes": 0,
        "player_b_crashes": 0,
        "response_times_ms": [
          196.22150000000715,
          196.50325000000635,
          196.50258400000098,
          196.08108300002414,
          196.476749999988,
          196.74837499999853,
          196.37941599998499,
          196.27470800000424,
          196.25350000001163,
          196.04733299999566,
          196.04416600000718,
          196.11887499999625
        ],
        "error": ""
      },
      {
        "opening_name": "italian_game",
        "opening_fen": "r1bqk1nr/pppp1ppp/2n5/2b1p3/2B1P3/5N2/PPPP1PPP/RNBQK2R w KQkq - 4 4",
        "result": "draw",
        "score_a": 0.5,
        "plies": 11,
        "adjudicated": false,
        "player_a_color": "white",
        "player_a_timeouts": 0,
        "player_b_timeouts": 0,
        "player_a_moves": 6,
        "player_b_moves": 5,
        "player_a_crashes": 0,
        "player_b_crashes": 0,
        "response_times_ms": [
          196.15733300000215,
          196.30641599999876,
          196.1257499999931,
          196.10074999999938,
          196.9456670000227,
          196.1530840000023,
          196.06912500000817,
          196.18224999999256,
          196.05554099999267,
          196.1346669999955,
          196.06412499999237
        ],
        "error": ""
      },
      {
        "opening_name": "italian_game",
        "opening_fen": "r1bqk1nr/pppp1ppp/2n5/2b1p3/2B1P3/5N2/PPPP1PPP/RNBQK2R w KQkq - 4 4",
        "result": "draw",
        "score_a": 0.5,
        "plies": 11,
        "adjudicated": false,
        "player_a_color": "black",
        "player_a_timeouts": 0,
        "player_b_timeouts": 0,
        "player_a_moves": 5,
        "player_b_moves": 6,
        "player_a_crashes": 0,
        "player_b_crashes": 0,