{
  "feedback_source": "self_play",
  "summary": {
    "games": 16,
    "wins_a": 2,
    "losses_a": 3,
    "draws": 11,
    "score_a": 7.5,
    "mean_score_a": 0.46875,
    "game_scores_a": [
      0.5,
      0.5,
      0.0,
      1.0,
      0.5,
      0.0,
      0.5,
      0.5,
      1.0,
      0.0,
      0.5,
      0.5,
      0.5,
      0.5,
      0.5,
      0.5
    ],
    "player_a_moves": 120,
    "player_b_moves": 122,
    "player_a_timeouts": 0,
    "player_b_timeouts": 0,
    "player_a_crashes": 0,
    "player_b_crashes": 0,
    "results": [
      {
        "opening_name": "startpos",
        "opening_fen": "rnbqkbnr/pppppppp/8/8/8/8/PPPPPPPP/RNBQKBNR w KQkq - 0 1",
        "result": "draw",
        "score_a": 0.5,
        "plies": 13,
        "adjudicated": false,
        "player_a_color": "white",
        "player_a_timeouts": 0,
        "player_b_timeouts": 0,
        "player_a_moves": 7,
        "player_b_moves": 6,
        "player_a_crashes": 0,
        "player_b_crashes": 0,
        "response_times_ms": [
          196.06495899998322,
          196.0826250000025,
          196.1059169999828,
          196.1987919999899,
          196.19620800000348,
          196.36258300002396,
          196.08516600001735,
          196.24387500002172,
          196.56058300000723,
          196.12095799999452,
          196.03954199999407,
          196.2151669999912,
          196.46083300000328
        ],
        "error": ""
      },
      {
        "opening_name": "startpos",
        "opening_fen": "rnbqkbnr/pppppppp/8/8/8/8/PPPPPPPP/RNBQKBNR w KQkq - 0 1",
        "result": "draw",
        "score_a": 0.5,
        "plies": 13,
        "adjudicated": false,
        "player_a_color": "black",
        "player_a_timeouts": 0,
        "player_b_timeouts": 0,
        "player_a_moves": 6,
        "player_b_moves": 7,
        "player_a_crashes": 0,
        "player_b_crashes": 0,
        "response_times_ms": [
          196.04499999999803,
          196.30716599999687,
          196.16779099999349,
          196.53758300000845,
          196.40375000000176,
          196.35362500000042,
          196.0730000000126,
          196.4584160000129,
          196.55108299997437,
          197.75229100000047,
          196.4262500000018,
          196.0628340000028,
          196.6937089999874
        ],
        "error": ""
      },
      {
        "opening_name": "queens_pawn",
        "opening_fen": "rnbqkbnr/ppp1pppp/8/3p4/3P4/8/PPP1PPPP/RNBQKBNR w KQkq - 0 2",
        "result": "loss",
        "score_a": 0.0,
        "plies": 20,
        "adjudicated": true,
        "player_a_color": "white",
        "player_a_timeouts": 0,
        "player_b_timeouts": 0,
        "player_a_moves": 10,
        "player_b_moves": 10,
        "player_a_crashes": 0,
        "player_b_crashes": 0,
        "response_times_ms": [
          196.19987500001912,
          196.54066699999362,
          196.41024999998535,
          196.30058299998154,
          196.2678339999968,
          196.37158300000124,
          196.32087499999784,
          196.24945799998272,
          196.52908399999092,
          196.54483399997957,
          196.2351250000154,
          196.1863330000142,
          196.1396670000113,
          196.53129100001365,
          196.35412499999916,
          196.09166699999037,
          196.51579099999594,
          196.061291999996,
          196.16204199999743,
          196.18120800001293
        ],
        "error": ""
      },
      {
        "opening_name": "queens_pawn",
        "opening_fen": "rnbqkbnr/ppp1pppp/8/3p4/3P4/8/PPP1PPPP/RNBQKBNR w KQkq - 0 2",
        "result": "win",
        "score_a": 1.0,
        "plies": 20,
        "adjudicated": true,
        "player_a_color": "black",
        "player_a_timeouts": 0,
        "player_b_timeouts": 0,
        "player_a_moves": 10,
        "player_b_moves": 10,
        "player_a_crashes": 0,
        "player_b_crashes": 0,
        "response_times_ms": [
          196.15991699998858,
          196.11875000001078,
          196.10595800000397,
          196.3636250000036,
          196.5932500000065,
          196.22387500001537,
          196.46370899999965,
          196.22279199998616,
          196.13541600000417,
          196.3555829999848,
          196.0756659999845,
          196.08583299998372,
          196.12691699998663,
          196.22945899999422,
          196.6786250000041,
          196.23025000001348,
          196.17316700001197,
          196.1402919999955,
          196.32983299999296,
          196.20987499999387
        ],
        "error": ""
      },
      {
        "opening_name": "ruy_lopez",
        "opening_fen": "r1bqkbnr/pppp1ppp/2n5/1B2p3/4P3/5N2/PPPP1PPP/RNBQK2R b KQkq - 3 3",
        "result": "draw",
        "score_a": 0.5,
        "plies": 17,
        "adjudicated": false,
        "player_a_color": "white",
        "player_a_timeouts": 0,
        "player_b_timeouts": 0,
        "player_a_moves": 8,
        "player_b_moves": 9,
        "player_a_crashes": 0,
        "player_b_crashes": 0,
        "response_times_ms": [
          196.33591699999897,
          196.51129199999673,
          196.3343329999816,
          196.17824999997424,
          196.13462500001333,
          196.05241600001477,
          196.49674999999434,
          196.0474169999884,
          196.12745800000653,
          196.27691700000582,
          196.22270800002184,
          196.16291700000943,
          196.47216700002446,
          196.05233299998304,
          196.05400000000373,
          196.0998329999768,
          196.156000000002
        ],
        "error": ""
      },
      {
        "opening_name": "ruy_lopez",
        "opening_fen": "r1bqkbnr/pppp1ppp/2n5/1B2p3/4P3/5N2/PPPP1PPP/RNBQK2R b KQkq - 3 3",
        "result": "loss",
        "score_a": 0.0,
        "plies": 20,
        "adjudicated": true,
        "player_a_color": "black",
        "player_a_timeouts": 0,
        "player_b_timeouts": 0,
        "player_a_moves": 10,
        "player_b_moves": 10,
        "player_a_crashes": 0,
        "player_b_crashes": 0,
        "response_times_ms": [
          196.09995900000854,
          196.48558299999763,
          196.27775000000725,
          196.05483399999457,
          196.05945800000768,
          196.52466699997717,
          196.47637500000315,
          196.07129199999918,
          196.31029199999261,
          196.17716700000187,
          196.22499999999832,
          196.1642500000096,
          196.642584000017,
          196.24516700000072,
          196.31470900000636,
          196.45375000001764,
          196.5063339999915,
          196.51612500001647,
          196.20770800000287,
          196.23762499998065
        ],
        "error": ""
      },
      {
        "opening_name": "italian_game",
        "opening_fen": "r1bqk1nr/pppp1ppp/2n5/2b1p3/2B1P3/5N2/PPPP1PPP/RNBQK2R w KQkq - 4 4",
        "result": "draw",
        "score_a": 0.5,
        "plies": 11,
        "adjudicated": false,
        "player_a_color": "white",
        "player_a_timeouts": 0,
        "player_b_timeouts": 0,
        "player_a_moves": 6,
        "player_b_moves": 5,
        "player_a_crashes": 0,
        "player_b_crashes": 0,
        "response_times_ms": [
          196.54800000000705,
          196.2292499999876,
          196.27366599999618,
          196.54508300001794,
          196.54779199998984,
          196.26037499998006,
          196.30708299999355,
          196.1230410000212,
          196.23820900000055,
          196.27024999999776,
          196.07816699999603
        ],
        "error": ""
      },
      {
        "opening_name": "italian_game",
        "opening_fen": "r1bqk1nr/pppp1ppp/2n5/2b1p3/2B1P3/5N2/PPPP1PPP/RNBQK2R w KQkq - 4 4",
        "result": "draw",
        "score_a": 0.5,
        "plies": 11,
        "adjudicated": false,
        "player_a_color": "black",
        "player_a_timeouts": 0,
        "player_b_timeouts": 0,
        "player_a_moves": 5,