{
  "feedback_source": "self_play",
  "summary": {
    "games": 16,
    "wins_a": 1,
    "losses_a": 0,
    "draws": 15,
    "score_a": 8.5,
    "mean_score_a": 0.53125,
    "game_scores_a": [
      0.5,
      0.5,
      0.5,
      0.5,
      1.0,
      0.5,
      0.5,
      0.5,
      0.5,
      0.5,
      0.5,
      0.5,
      0.5,
      0.5,
      0.5,
      0.5
    ],
    "player_a_moves": 132,
    "player_b_moves": 132,
    "player_a_timeouts": 0,
    "player_b_timeouts": 0,
    "player_a_crashes": 0,
    "player_b_crashes": 0,
    "results": [
      {
        "opening_name": "startpos",
        "opening_fen": "rnbqkbnr/pppppppp/8/8/8/8/PPPPPPPP/RNBQKBNR w KQkq - 0 1",
        "result": "draw",
        "score_a": 0.5,
        "plies": 13,
        "adjudicated": false,
        "player_a_color": "white",
        "player_a_timeouts": 0,
        "player_b_timeouts": 0,
        "player_a_moves": 7,
        "player_b_moves": 6,
        "player_a_crashes": 0,
        "player_b_crashes": 0,
        "response_times_ms": [
          196.30683299999995,
          196.10412499999995,
          196.38979099999997,
          196.07966700000011,
          196.37512499999988,
          196.7975839999998,
          196.53016699999992,
          196.83183300000007,
          196.6412089999998,
          196.65766699999975,
          196.90904200000014,
          196.0819169999999,
          196.683084
        ],
        "error": ""
      },
      {
        "opening_name": "startpos",
        "opening_fen": "rnbqkbnr/pppppppp/8/8/8/8/PPPPPPPP/RNBQKBNR w KQkq - 0 1",
        "result": "draw",
        "score_a": 0.5,
        "plies": 13,
        "adjudicated": false,
        "player_a_color": "black",
        "player_a_timeouts": 0,
        "player_b_timeouts": 0,
        "player_a_moves": 6,
        "player_b_moves": 7,
        "player_a_crashes": 0,
        "player_b_crashes": 0,
        "response_times_ms": [
          196.04158299999997,
          196.67537500000032,
          196.51437500000003,
          196.41408299999964,
          197.10737499999988,
          196.16487500000045,
          196.6183749999999,
          196.0664999999997,
          196.06816699999996,
          196.77216699999977,
          196.04433399999976,
          196.06958299999988,
          196.36670800000022
        ],
        "error": ""
      },
      {
        "opening_name": "queens_pawn",
        "opening_fen": "rnbqkbnr/ppp1pppp/8/3p4/3P4/8/PPP1PPPP/RNBQKBNR w KQkq - 0 2",
        "result": "draw",
        "score_a": 0.5,
        "plies": 20,
        "adjudicated": true,
        "player_a_color": "white",
        "player_a_timeouts": 0,
        "player_b_timeouts": 0,
        "player_a_moves": 10,
        "player_b_moves": 10,
        "player_a_crashes": 0,
        "player_b_crashes": 0,
        "response_times_ms": [
          196.3567079999997,
          196.30516699999933,
          196.29220800000002,
          196.17299999999994,
          196.20404099999968,
          196.18445900000037,
          196.7767499999997,
          196.23212499999988,
          196.21008300000042,
          196.0844169999998,
          196.30337500000027,
          196.1932089999996,
          196.25525000000098,
          196.89349999999985,
          196.0350420000001,
          196.32924999999977,
          196.19216699999953,
          196.33025000000083,
          196.92241699999968,
          196.29795799999883
        ],
        "error": ""
      },
      {
        "opening_name": "queens_pawn",
        "opening_fen": "rnbqkbnr/ppp1pppp/8/3p4/3P4/8/PPP1PPPP/RNBQKBNR w KQkq - 0 2",
        "result": "draw",
        "score_a": 0.5,
        "plies": 20,
        "adjudicated": true,
        "player_a_color": "black",
        "player_a_timeouts": 0,
        "player_b_timeouts": 0,
        "player_a_moves": 10,
        "player_b_moves": 10,
        "player_a_crashes": 0,
        "player_b_crashes": 0,
        "response_times_ms": [
          196.30499999999884,
          196.03137500000045,
          196.80504099999928,
          196.15187499999996,
          196.3372500000009,
          196.4459999999999,
          196.4008330000002,
          196.55445899999967,
          196.3037080000003,
          196.31904199999894,
          196.15195799999975,
          196.4929170000005,
          196.09462500000063,
          196.2237919999996,
          196.05491600000136,
          196.17591599999963,
          196.46520799999934,
          196.21879099999973,
          196.7391670000005,
          196.48775000000109
        ],
        "error": ""
      },
      {
        "opening_name": "ruy_lopez",
        "opening_fen": "r1bqkbnr/pppp1ppp/2n5/1B2p3/4P3/5N2/PPPP1PPP/RNBQK2R b KQkq - 3 3",
        "result": "win",
        "score_a": 1.0,
        "plies": 20,
        "adjudicated": true,
        "player_a_color": "white",
        "player_a_timeouts": 0,
        "player_b_timeouts": 0,
        "player_a_moves": 10,
        "player_b_moves": 10,
        "player_a_crashes": 0,
        "player_b_crashes": 0,
        "response_times_ms": [
          196.1547079999999,
          196.4242089999999,
          196.0378330000001,
          196.04774999999995,
          196.202542,
          196.7662919999995,
          196.23808400000087,
          196.7711670000014,
          196.1442499999997,
          196.67837500000118,
          196.48975000000135,
          196.2897090000002,
          196.44774999999902,
          196.31954199999944,
          196.19391700000222,
          196.2722079999999,
          196.41441699999973,
          196.43787500000087,
          196.23087500000125,
          196.06620899999783
        ],
        "error": ""
      },
      {
        "opening_name": "ruy_lopez",
        "opening_fen": "r1bqkbnr/pppp1ppp/2n5/1B2p3/4P3/5N2/PPPP1PPP/RNBQK2R b KQkq - 3 3",
        "result": "draw",
        "score_a": 0.5,
        "plies": 17,
        "adjudicated": false,
        "player_a_color": "black",
        "player_a_timeouts": 0,
        "player_b_timeouts": 0,
        "player_a_moves": 9,
        "player_b_moves": 8,
        "player_a_crashes": 0,
        "player_b_crashes": 0,
        "response_times_ms": [
          196.5194999999973,
          196.35466699999782,
          196.6907500000019,
          196.4811659999981,
          196.5100839999998,
          196.61370900000108,
          196.48462500000008,
          196.17354100000028,
          196.59008400000033,
          196.74995899999814,
          196.63804099999993,
          196.4726249999984,
          196.3941250000012,
          196.21204100000256,
          196.85124999999815,
          196.63095900000016,
          196.3087080000001
        ],
        "error": ""
      },
      {
        "opening_name": "italian_game",
        "opening_fen": "r1bqk1nr/pppp1ppp/2n5/2b1p3/2B1P3/5N2/PPPP1PPP/RNBQK2R w KQkq - 4 4",
        "result": "draw",
        "score_a": 0.5,
        "plies": 11,
        "adjudicated": false,
        "player_a_color": "white",
        "player_a_timeouts": 0,
        "player_b_timeouts": 0,
        "player_a_moves": 6,
        "player_b_moves": 5,
        "player_a_crashes": 0,
        "player_b_crashes": 0,
        "response_times_ms": [
          196.38733300000055,
          196.95083400000257,
          196.16441699999854,
          196.32329199999887,
          196.73500000000033,
          196.5233330000018,
          196.05008299999938,
          197.10050000000123,
          196.15666600000026,
          196.74479100000042,
          196.70716699999957
        ],
        "error": ""
      },
      {
        "opening_name": "italian_game",
        "opening_fen": "r1bqk1nr/pppp1ppp/2n5/2b1p3/2B1P3/5N2/PPPP1PPP/RNBQK2R w KQkq - 4 4",
        "result": "draw",
        "score_a": 0.5,
        "plies": 11,
        "adjudicated": false,
        "player_a_color": "black",
        "player_a_timeouts": 0,
        "player_b_timeouts": 0,
        "player_a_moves": 5,
        "player_b_moves": 6,