{
  "feedback_source": "self_play",
  "summary": {
    "games": 16,
    "wins_a": 2,
    "losses_a": 2,
    "draws": 12,
    "score_a": 8.0,
    "mean_score_a": 0.5,
    "game_scores_a": [
      0.5,
      0.5,
      0.0,
      1.0,
      0.5,
      0.5,
      0.5,
      0.5,
      1.0,
      0.0,
      0.5,
      0.5,
      0.5,
      0.5,
      0.5,
      0.5
    ],
    "player_a_moves": 122,
    "player_b_moves": 121,
    "player_a_timeouts": 0,
    "player_b_timeouts": 0,
    "player_a_crashes": 0,
    "player_b_crashes": 0,
    "results": [
      {
        "opening_name": "startpos",
        "opening_fen": "rnbqkbnr/pppppppp/8/8/8/8/PPPPPPPP/RNBQKBNR w KQkq - 0 1",
        "result": "draw",
        "score_a": 0.5,
        "plies": 13,
        "adjudicated": false,
        "player_a_color": "white",
        "player_a_timeouts": 0,
        "player_b_timeouts": 0,
        "player_a_moves": 7,
        "player_b_moves": 6,
        "player_a_crashes": 0,
        "player_b_crashes": 0,
        "response_times_ms": [
          196.4875000000177,
          196.29949999998075,
          196.35241699998573,
          196.51820899997574,
          196.0956249999981,
          196.30766699998503,
          196.1257499999931,
          196.7102499999953,
          196.57216699999935,
          196.35562499999537,
          196.45020799998747,
          196.4774999999861,
          196.38675000001626
        ],
        "error": ""
      },
      {
        "opening_name": "startpos",
        "opening_fen": "rnbqkbnr/pppppppp/8/8/8/8/PPPPPPPP/RNBQKBNR w KQkq - 0 1",
        "result": "draw",
        "score_a": 0.5,
        "plies": 13,
        "adjudicated": false,
        "player_a_color": "black",
        "player_a_timeouts": 0,
        "player_b_timeouts": 0,
        "player_a_moves": 6,
        "player_b_moves": 7,
        "player_a_crashes": 0,
        "player_b_crashes": 0,
        "response_times_ms": [
          196.21466700002088,
          196.40604099998882,
          196.10666700000934,
          196.38858300001516,
          196.62658400000055,
          196.62712499999202,
          196.04675000002203,
          196.13762500000576,
          196.07725000000187,
          196.18162499997993,
          196.64666599999236,
          196.13983400000734,
          198.4775840000168
        ],
        "error": ""
      },
      {
        "opening_name": "queens_pawn",
        "opening_fen": "rnbqkbnr/ppp1pppp/8/3p4/3P4/8/PPP1PPPP/RNBQKBNR w KQkq - 0 2",
        "result": "loss",
        "score_a": 0.0,
        "plies": 20,
        "adjudicated": true,
        "player_a_color": "white",
        "player_a_timeouts": 0,
        "player_b_timeouts": 0,
        "player_a_moves": 10,
        "player_b_moves": 10,
        "player_a_crashes": 0,
        "player_b_crashes": 0,
        "response_times_ms": [
          196.54166600000167,
          196.314459000007,
          196.12662499997668,
          196.20645899999545,
          196.18529199999557,
          196.19720800000096,
          196.13091700000496,
          196.11158300000398,
          196.24824999999646,
          196.0919580000109,
          196.06545799999253,
          196.20208300000286,
          196.19787499999575,
          196.19245900000237,
          196.41566699999657,
          197.5105420000034,
          196.21087500001977,
          196.13183299998127,
          196.49170799999638,
          196.43345899999076
        ],
        "error": ""
      },
      {
        "opening_name": "queens_pawn",
        "opening_fen": "rnbqkbnr/ppp1pppp/8/3p4/3P4/8/PPP1PPPP/RNBQKBNR w KQkq - 0 2",
        "result": "win",
        "score_a": 1.0,
        "plies": 20,
        "adjudicated": true,
        "player_a_color": "black",
        "player_a_timeouts": 0,
        "player_b_timeouts": 0,
        "player_a_moves": 10,
        "player_b_moves": 10,
        "player_a_crashes": 0,
        "player_b_crashes": 0,
        "response_times_ms": [
          196.43033299999502,
          196.126750000019,
          196.28812499999526,
          196.3788749999935,
          196.35379199999647,
          196.3848750000068,
          196.24466700000198,
          196.17754200001514,
          196.22312500001726,
          196.1739580000028,
          196.88854099999276,
          196.07758300000455,
          196.68679099999054,
          196.16999999999507,
          196.1942079999801,
          196.1240420000081,
          196.46149999999807,
          196.0698329999957,
          196.21045800002435,
          196.04554200000734
        ],
        "error": ""
      },
      {
        "opening_name": "ruy_lopez",
        "opening_fen": "r1bqkbnr/pppp1ppp/2n5/1B2p3/4P3/5N2/PPPP1PPP/RNBQK2R b KQkq - 3 3",
        "result": "draw",
        "score_a": 0.5,
        "plies": 17,
        "adjudicated": false,
        "player_a_color": "white",
        "player_a_timeouts": 0,
        "player_b_timeouts": 0,
        "player_a_moves": 8,
        "player_b_moves": 9,
        "player_a_crashes": 0,
        "player_b_crashes": 0,
        "response_times_ms": [
          196.216249999992,
          196.15420899998526,
          196.5601660000118,
          196.2702909999905,
          196.37349999999287,
          196.08529100000283,
          196.16229100000737,
          196.21750000001725,
          196.4286670000206,
          196.28479200000015,
          196.21470900000304,
          196.1312919999898,
          196.2774579999973,
          196.27579100000503,
          196.12629200000242,
          196.08791699999983,
          196.25379100000373
        ],
        "error": ""
      },
      {
        "opening_name": "ruy_lopez",
        "opening_fen": "r1bqkbnr/pppp1ppp/2n5/1B2p3/4P3/5N2/PPPP1PPP/RNBQK2R b KQkq - 3 3",
        "result": "draw",
        "score_a": 0.5,
        "plies": 15,
        "adjudicated": false,
        "player_a_color": "black",
        "player_a_timeouts": 0,
        "player_b_timeouts": 0,
        "player_a_moves": 8,
        "player_b_moves": 7,
        "player_a_crashes": 0,
        "player_b_crashes": 0,
        "response_times_ms": [
          196.09037500001136,
          196.59858299999655,
          196.1134999999956,
          196.14795900000104,
          196.350625000008,
          196.07675000000313,
          196.4237499999797,
          196.17029200000502,
          196.04466699999534,
          196.0826250000025,
          196.20616599999607,
          196.5929170000038,
          196.0665000000006,
          196.16079200000058,
          196.5422910000143
        ],
        "error": ""
      },
      {
        "opening_name": "italian_game",
        "opening_fen": "r1bqk1nr/pppp1ppp/2n5/2b1p3/2B1P3/5N2/PPPP1PPP/RNBQK2R w KQkq - 4 4",
        "result": "draw",
        "score_a": 0.5,
        "plies": 11,
        "adjudicated": false,
        "player_a_color": "white",
        "player_a_timeouts": 0,
        "player_b_timeouts": 0,
        "player_a_moves": 6,
        "player_b_moves": 5,
        "player_a_crashes": 0,
        "player_b_crashes": 0,
        "response_times_ms": [
          196.46929199998908,
          196.52454200002012,
          196.33316700000591,
          196.1546660000124,
          196.18908399999668,
          196.50095899999087,
          196.5208329999939,
          196.27558300001624,
          196.128458000004,
          196.18137499998056,
          196.20112499998754
        ],
        "error": ""
      },
      {
        "opening_name": "italian_game",
        "opening_fen": "r1bqk1nr/pppp1ppp/2n5/2b1p3/2B1P3/5N2/PPPP1PPP/RNBQK2R w KQkq - 4 4",
        "result": "draw",
        "score_a": 0.5,
        "plies": 11,
        "adjudicated": false,
        "player_a_color": "black",
        "player_a_timeouts": 0,
        "player_b_timeouts": 0,
        "player_a_moves": 5,
        "player_b_moves": 6,
        "player_a_crashes": 0,
        "player_b_crashes": 0,