{
  "feedback_source": "self_play",
  "summary": {
    "games": 16,
    "wins_a": 1,
    "losses_a": 1,
    "draws": 14,
    "score_a": 8.0,
    "mean_score_a": 0.5,
    "game_scores_a": [
      0.5,
      0.5,
      0.0,
      1.0,
      0.5,
      0.5,
      0.5,
      0.5,
      0.5,
      0.5,
      0.5,
      0.5,
      0.5,
      0.5,
      0.5,
      0.5
    ],
    "player_a_moves": 119,
    "player_b_moves": 118,
    "player_a_timeouts": 0,
    "player_b_timeouts": 0,
    "player_a_crashes": 0,
    "player_b_crashes": 0,
    "results": [
      {
        "opening_name": "startpos",
        "opening_fen": "rnbqkbnr/pppppppp/8/8/8/8/PPPPPPPP/RNBQKBNR w KQkq - 0 1",
        "result": "draw",
        "score_a": 0.5,
        "plies": 13,
        "adjudicated": false,
        "player_a_color": "white",
        "player_a_timeouts": 0,
        "player_b_timeouts": 0,
        "player_a_moves": 7,
        "player_b_moves": 6,
        "player_a_crashes": 0,
        "player_b_crashes": 0,
        "response_times_ms": [
          196.26291699999854,
          196.22312500000305,
          196.0835000000003,
          196.3655409999916,
          196.26474999999743,
          196.02870800000005,
          196.4129169999893,
          196.07383400000344,
          196.25733299999126,
          196.08791699999983,
          196.18629200000726,
          196.14412500000356,
          196.31674999999404
        ],
        "error": ""
      },
      {
        "opening_name": "startpos",
        "opening_fen": "rnbqkbnr/pppppppp/8/8/8/8/PPPPPPPP/RNBQKBNR w KQkq - 0 1",
        "result": "draw",
        "score_a": 0.5,
        "plies": 13,
        "adjudicated": false,
        "player_a_color": "black",
        "player_a_timeouts": 0,
        "player_b_timeouts": 0,
        "player_a_moves": 6,
        "player_b_moves": 7,
        "player_a_crashes": 0,
        "player_b_crashes": 0,
        "response_times_ms": [
          196.18770799999652,
          196.45120799999916,
          196.05791700000452,
          196.39770799999212,
          196.25829100000658,
          196.1132090000035,
          196.05724999999552,
          196.05983400001037,
          196.2927499999978,
          196.23233299999754,
          196.1384160000108,
          196.0931670000008,
          196.10325000000728
        ],
        "error": ""
      },
      {
        "opening_name": "queens_pawn",
        "opening_fen": "rnbqkbnr/ppp1pppp/8/3p4/3P4/8/PPP1PPPP/RNBQKBNR w KQkq - 0 2",
        "result": "loss",
        "score_a": 0.0,
        "plies": 20,
        "adjudicated": true,
        "player_a_color": "white",
        "player_a_timeouts": 0,
        "player_b_timeouts": 0,
        "player_a_moves": 10,
        "player_b_moves": 10,
        "player_a_crashes": 0,
        "player_b_crashes": 0,
        "response_times_ms": [
          196.68970799999386,
          196.09787500000664,
          196.18920800000694,
          196.66595799999698,
          196.16070799999363,
          196.70945800000084,
          196.1118749999997,
          196.222542000001,
          196.3094589999912,
          196.1314170000037,
          196.04424999999992,
          196.0838339999924,
          196.35429099999158,
          196.1014999999975,
          196.3993749999986,
          196.18466699999715,
          196.12270899999373,
          196.153166000002,
          196.09475000000032,
          196.3798750000052
        ],
        "error": ""
      },
      {
        "opening_name": "queens_pawn",
        "opening_fen": "rnbqkbnr/ppp1pppp/8/3p4/3P4/8/PPP1PPPP/RNBQKBNR w KQkq - 0 2",
        "result": "win",
        "score_a": 1.0,
        "plies": 20,
        "adjudicated": true,
        "player_a_color": "black",
        "player_a_timeouts": 0,
        "player_b_timeouts": 0,
        "player_a_moves": 10,
        "player_b_moves": 10,
        "player_a_crashes": 0,
        "player_b_crashes": 0,
        "response_times_ms": [
          196.36816599999918,
          196.47224999999935,
          196.3054160000013,
          196.35087499999315,
          196.06212499999742,
          196.04320800000608,
          196.25183399999457,
          196.25999999999522,
          196.4619999999968,
          196.03370800000164,
          196.37458300000787,
          196.24154200000987,
          196.4678329999998,
          196.17587499999445,
          196.05945800000768,
          196.0344169999928,
          196.36804200000313,
          196.17987499999856,
          196.13391699999738,
          196.08474999999714
        ],
        "error": ""
      },
      {
        "opening_name": "ruy_lopez",
        "opening_fen": "r1bqkbnr/pppp1ppp/2n5/1B2p3/4P3/5N2/PPPP1PPP/RNBQK2R b KQkq - 3 3",
        "result": "draw",
        "score_a": 0.5,
        "plies": 17,
        "adjudicated": false,
        "player_a_color": "white",
        "player_a_timeouts": 0,
        "player_b_timeouts": 0,
        "player_a_moves": 8,
        "player_b_moves": 9,
        "player_a_crashes": 0,
        "player_b_crashes": 0,
        "response_times_ms": [
          196.07283400000597,
          196.0485829999925,
          196.27629100000377,
          196.02658399999484,
          196.17404099999192,
          196.29595799999322,
          196.36429100000896,
          196.54541700001005,
          196.13037499999564,
          196.1410419999936,
          196.07791600000724,
          196.20524999999134,
          196.03570900000022,
          196.19504199999938,
          196.69529200000113,
          196.03275000000053,
          196.5948750000024
        ],
        "error": ""
      },
      {
        "opening_name": "ruy_lopez",
        "opening_fen": "r1bqkbnr/pppp1ppp/2n5/1B2p3/4P3/5N2/PPPP1PPP/RNBQK2R b KQkq - 3 3",
        "result": "draw",
        "score_a": 0.5,
        "plies": 17,
        "adjudicated": false,
        "player_a_color": "black",
        "player_a_timeouts": 0,
        "player_b_timeouts": 0,
        "player_a_moves": 9,
        "player_b_moves": 8,
        "player_a_crashes": 0,
        "player_b_crashes": 0,
        "response_times_ms": [
          196.14550000000008,
          196.53704200000277,
          196.37537500000235,
          196.24662500000056,
          196.57004200000472,
          196.15000000000293,
          196.38199999999983,
          196.31599999999594,
          196.54070800000056,
          196.1285409999931,
          196.3423750000004,
          196.2299999999999,
          196.35391600000673,
          196.04479200000924,
          196.1138330000125,
          196.07391699999255,
          196.12554200000432
        ],
        "error": ""
      },
      {
        "opening_name": "italian_game",
        "opening_fen": "r1bqk1nr/pppp1ppp/2n5/2b1p3/2B1P3/5N2/PPPP1PPP/RNBQK2R w KQkq - 4 4",
        "result": "draw",
        "score_a": 0.5,
        "plies": 11,
        "adjudicated": false,
        "player_a_color": "white",
        "player_a_timeouts": 0,
        "player_b_timeouts": 0,
        "player_a_moves": 6,
        "player_b_moves": 5,
        "player_a_crashes": 0,
        "player_b_crashes": 0,
        "response_times_ms": [
          196.14962500000388,
          196.06999999999175,
          196.06133300000295,
          196.79179199999908,
          196.43874999999866,
          196.13770799999486,
          196.35466600000484,
          196.2754170000096,
          196.10020800000427,
          196.11270900000477,
          196.33550000000355
        ],
        "error": ""
      },
      {
        "opening_name": "italian_game",
        "opening_fen": "r1bqk1nr/pppp1ppp/2n5/2b1p3/2B1P3/5N2/PPPP1PPP/RNBQK2R w KQkq - 4 4",
        "result": "draw",
        "score_a": 0.5,
        "plies": 11,
        "adjudicated": false,
        "player_a_color": "black",
        "player_a_timeouts": 0,
        "player_b_timeouts": 0,
        "player_a_moves": 5,
        "player_b_moves": 6,
        "player_a_crashes": 0,
        "player_b_crashes": 0,