{
  "feedback_source": "self_play",
  "summary": {
    "games": 16,
    "wins_a": 3,
    "losses_a": 3,
    "draws": 10,
    "score_a": 8.0,
    "mean_score_a": 0.5,
    "game_scores_a": [
      0.5,
      0.5,
      0.5,
      0.5,
      1.0,
      0.0,
      0.0,
      0.5,
      0.5,
      0.5,
      0.5,
      0.0,
      1.0,
      0.5,
      1.0,
      0.5
    ],
    "player_a_moves": 148,
    "player_b_moves": 148,
    "player_a_timeouts": 0,
    "player_b_timeouts": 0,
    "player_a_crashes": 0,
    "player_b_crashes": 0,
    "results": [
      {
        "opening_name": "startpos",
        "opening_fen": "rnbqkbnr/pppppppp/8/8/8/8/PPPPPPPP/RNBQKBNR w KQkq - 0 1",
        "result": "draw",
        "score_a": 0.5,
        "plies": 13,
        "adjudicated": false,
        "player_a_color": "white",
        "player_a_timeouts": 0,
        "player_b_timeouts": 0,
        "player_a_moves": 7,
        "player_b_moves": 6,
        "player_a_crashes": 0,
        "player_b_crashes": 0,
        "response_times_ms": [
          196.6360410000334,
          196.33075000001554,
          196.42045800003416,
          196.78795799995896,
          196.22420799998963,
          196.3960840000709,
          197.0238750000135,
          196.48895799991806,
          196.6175420000127,
          196.19975000000522,
          196.27591699997993,
          196.61091700004363,
          196.81312500006243
        ],
        "error": ""
      },
      {
        "opening_name": "startpos",
        "opening_fen": "rnbqkbnr/pppppppp/8/8/8/8/PPPPPPPP/RNBQKBNR w KQkq - 0 1",
        "result": "draw",
        "score_a": 0.5,
        "plies": 13,
        "adjudicated": false,
        "player_a_color": "black",
        "player_a_timeouts": 0,
        "player_b_timeouts": 0,
        "player_a_moves": 6,
        "player_b_moves": 7,
        "player_a_crashes": 0,
        "player_b_crashes": 0,
        "response_times_ms": [
          196.12741599996752,
          197.36699999998564,
          196.21545899997272,
          196.69741600000634,
          196.13137500004996,
          196.1156250000613,
          197.0726660000537,
          196.2740000000167,
          196.27454200008287,
          196.8075830000089,
          196.31004100006066,
          196.1810410000453,
          196.17679099997076
        ],
        "error": ""
      },
      {
        "opening_name": "queens_pawn",
        "opening_fen": "rnbqkbnr/ppp1pppp/8/3p4/3P4/8/PPP1PPPP/RNBQKBNR w KQkq - 0 2",
        "result": "draw",
        "score_a": 0.5,
        "plies": 20,
        "adjudicated": true,
        "player_a_color": "white",
        "player_a_timeouts": 0,
        "player_b_timeouts": 0,
        "player_a_moves": 10,
        "player_b_moves": 10,
        "player_a_crashes": 0,
        "player_b_crashes": 0,
        "response_times_ms": [
          196.06212499991216,
          196.22066599993104,
          196.20941599998787,
          196.49604199992154,
          196.096582999985,
          196.18491599999288,
          196.08033300005445,
          196.40054199999213,
          196.32691599997543,
          196.40866699990056,
          196.78745800001707,
          196.0482500001035,
          196.65025000006153,
          196.37333399998624,
          196.98874999994587,
          196.29950000000917,
          196.86654200006615,
          196.11874999998236,
          196.71820799999296,
          196.49887500008845
        ],
        "error": ""
      },
      {
        "opening_name": "queens_pawn",
        "opening_fen": "rnbqkbnr/ppp1pppp/8/3p4/3P4/8/PPP1PPPP/RNBQKBNR w KQkq - 0 2",
        "result": "draw",
        "score_a": 0.5,
        "plies": 20,
        "adjudicated": true,
        "player_a_color": "black",
        "player_a_timeouts": 0,
        "player_b_timeouts": 0,
        "player_a_moves": 10,
        "player_b_moves": 10,
        "player_a_crashes": 0,
        "player_b_crashes": 0,
        "response_times_ms": [
          196.3505000001078,
          196.2487499999952,
          196.12000000006446,
          196.79358299993055,
          196.81504200002564,
          196.1605830000508,
          196.878125000012,
          196.82112500004223,
          196.15729200006626,
          196.19970899998407,
          196.04945900005077,
          196.4909580000267,
          196.39829099992312,
          196.10995799996545,
          196.40404200004014,
          196.31362500001615,
          196.20066599998154,
          196.08733300003678,
          196.12391700002263,
          196.3980000000447
        ],
        "error": ""
      },
      {
        "opening_name": "ruy_lopez",
        "opening_fen": "r1bqkbnr/pppp1ppp/2n5/1B2p3/4P3/5N2/PPPP1PPP/RNBQK2R b KQkq - 3 3",
        "result": "win",
        "score_a": 1.0,
        "plies": 20,
        "adjudicated": true,
        "player_a_color": "white",
        "player_a_timeouts": 0,
        "player_b_timeouts": 0,
        "player_a_moves": 10,
        "player_b_moves": 10,
        "player_a_crashes": 0,
        "player_b_crashes": 0,
        "response_times_ms": [
          196.2216660000422,
          196.63629100000435,
          196.0714580000058,
          196.19070800001737,
          196.2982090000196,
          196.96383299992704,
          196.25304199996663,
          196.22916599996643,
          196.24108300001808,
          196.12579100009953,
          196.16612499999064,
          196.08033300005445,
          196.35079199997563,
          196.3572499998918,
          196.13824999998997,
          196.20087499993133,
          196.09687499996653,
          196.07458400002997,
          197.00779199990848,
          196.16341599999032
        ],
        "error": ""
      },
      {
        "opening_name": "ruy_lopez",
        "opening_fen": "r1bqkbnr/pppp1ppp/2n5/1B2p3/4P3/5N2/PPPP1PPP/RNBQK2R b KQkq - 3 3",
        "result": "loss",
        "score_a": 0.0,
        "plies": 20,
        "adjudicated": true,
        "player_a_color": "black",
        "player_a_timeouts": 0,
        "player_b_timeouts": 0,
        "player_a_moves": 10,
        "player_b_moves": 10,
        "player_a_crashes": 0,
        "player_b_crashes": 0,
        "response_times_ms": [
          196.04241599995476,
          196.1938750000627,
          196.4695420000453,
          197.0464590000347,
          196.45195800001147,
          197.01112500001727,
          196.1919159999752,
          196.1386660000244,
          196.33083399992302,
          196.5591250000216,
          196.38637499997458,
          196.11433400007172,
          196.29479200000333,
          196.1004579999326,
          196.90220799998315,
          196.40416599997934,
          196.34770900006515,
          196.3727499999095,
          196.20020800005022,
          196.5328750000026
        ],
        "error": ""
      },
      {
        "opening_name": "italian_game",
        "opening_fen": "r1bqk1nr/pppp1ppp/2n5/2b1p3/2B1P3/5N2/PPPP1PPP/RNBQK2R w KQkq - 4 4",
        "result": "loss",
        "score_a": 0.0,
        "plies": 20,
        "adjudicated": true,
        "player_a_color": "white",
        "player_a_timeouts": 0,
        "player_b_timeouts": 0,
        "player_a_moves": 10,
        "player_b_moves": 10,
        "player_a_crashes": 0,
        "player_b_crashes": 0,
        "response_times_ms": [
          196.31308299994998,
          196.3029999999435,
          196.04341599995223,
          196.16437499996664,
          196.30433300005734,
          196.33154199993896,
          196.25354100003278,
          196.07254200002444,
          196.6723750000483,
          196.82350000005044,
          196.37895899995783,
          196.17433400003392,
          196.37137500001245,
          196.19445800003632,
          197.09199999999782,
          196.5544580000369,
          196.4482500000031,
          196.36750000006487,
          196.41708300002847,
          196.1009589999776
        ],