{
  "feedback_source": "self_play",
  "summary": {
    "games": 16,
    "wins_a": 2,
    "losses_a": 2,
    "draws": 12,
    "score_a": 8.0,
    "mean_score_a": 0.5,
    "game_scores_a": [
      0.5,
      0.5,
      0.0,
      0.5,
      0.5,
      0.5,
      0.5,
      0.5,
      1.0,
      0.0,
      0.5,
      0.5,
      1.0,
      0.5,
      0.5,
      0.5
    ],
    "player_a_moves": 125,
    "player_b_moves": 126,
    "player_a_timeouts": 0,
    "player_b_timeouts": 0,
    "player_a_crashes": 0,
    "player_b_crashes": 0,
    "results": [
      {
        "opening_name": "startpos",
        "opening_fen": "rnbqkbnr/pppppppp/8/8/8/8/PPPPPPPP/RNBQKBNR w KQkq - 0 1",
        "result": "draw",
        "score_a": 0.5,
        "plies": 13,
        "adjudicated": false,
        "player_a_color": "white",
        "player_a_timeouts": 0,
        "player_b_timeouts": 0,
        "player_a_moves": 7,
        "player_b_moves": 6,
        "player_a_crashes": 0,
        "player_b_crashes": 0,
        "response_times_ms": [
          196.17275,
          196.57274999999996,
          196.35620899999995,
          196.40062499999988,
          196.50762499999996,
          196.15283299999996,
          196.629167,
          196.141334,
          196.63575000000023,
          196.04899999999992,
          196.27150000000037,
          196.60229100000004,
          196.06441699999965
        ],
        "error": ""
      },
      {
        "opening_name": "startpos",
        "opening_fen": "rnbqkbnr/pppppppp/8/8/8/8/PPPPPPPP/RNBQKBNR w KQkq - 0 1",
        "result": "draw",
        "score_a": 0.5,
        "plies": 13,
        "adjudicated": false,
        "player_a_color": "black",
        "player_a_timeouts": 0,
        "player_b_timeouts": 0,
        "player_a_moves": 6,
        "player_b_moves": 7,
        "player_a_crashes": 0,
        "player_b_crashes": 0,
        "response_times_ms": [
          196.16837500000005,
          196.37262499999997,
          196.5489589999998,
          196.13841699999978,
          196.60662500000026,
          196.11333400000052,
          196.13604099999992,
          196.10775000000035,
          196.49483300000003,
          196.5089579999999,
          196.1981660000003,
          196.23583299999936,
          196.12770899999975
        ],
        "error": ""
      },
      {
        "opening_name": "queens_pawn",
        "opening_fen": "rnbqkbnr/ppp1pppp/8/3p4/3P4/8/PPP1PPPP/RNBQKBNR w KQkq - 0 2",
        "result": "loss",
        "score_a": 0.0,
        "plies": 20,
        "adjudicated": true,
        "player_a_color": "white",
        "player_a_timeouts": 0,
        "player_b_timeouts": 0,
        "player_a_moves": 10,
        "player_b_moves": 10,
        "player_a_crashes": 0,
        "player_b_crashes": 0,
        "response_times_ms": [
          196.53191600000054,
          196.095959,
          196.23691700000023,
          196.33400000000023,
          196.1994159999998,
          196.5368329999997,
          196.53691700000041,
          196.18508300000047,
          196.30404099999942,
          196.31075000000033,
          197.58104199999948,
          196.1921250000005,
          196.0312499999999,
          196.1316660000003,
          196.32066600000007,
          196.17799999999974,
          197.34487499999886,
          196.19220799999937,
          199.97370899999999,
          196.08945799999944
        ],
        "error": ""
      },
      {
        "opening_name": "queens_pawn",
        "opening_fen": "rnbqkbnr/ppp1pppp/8/3p4/3P4/8/PPP1PPPP/RNBQKBNR w KQkq - 0 2",
        "result": "draw",
        "score_a": 0.5,
        "plies": 14,
        "adjudicated": false,
        "player_a_color": "black",
        "player_a_timeouts": 0,
        "player_b_timeouts": 0,
        "player_a_moves": 7,
        "player_b_moves": 7,
        "player_a_crashes": 0,
        "player_b_crashes": 0,
        "response_times_ms": [
          196.0945840000008,
          196.10179200000033,
          196.01950000000022,
          197.98479199999974,
          196.2463750000012,
          196.0690420000013,
          196.08287499999832,
          196.8671250000007,
          196.12975000000077,
          196.44375000000025,
          196.27295899999984,
          196.1987090000008,
          196.54670799999963,
          196.58012500000055
        ],
        "error": ""
      },
      {
        "opening_name": "ruy_lopez",
        "opening_fen": "r1bqkbnr/pppp1ppp/2n5/1B2p3/4P3/5N2/PPPP1PPP/RNBQK2R b KQkq - 3 3",
        "result": "draw",
        "score_a": 0.5,
        "plies": 20,
        "adjudicated": true,
        "player_a_color": "white",
        "player_a_timeouts": 0,
        "player_b_timeouts": 0,
        "player_a_moves": 10,
        "player_b_moves": 10,
        "player_a_crashes": 0,
        "player_b_crashes": 0,
        "response_times_ms": [
          196.4499170000007,
          196.58441600000032,
          196.24979099999962,
          196.16575000000046,
          196.24783299999928,
          196.20012500000072,
          198.06083299999955,
          196.08079200000006,
          196.79295800000142,
          196.0472909999993,
          197.65954199999845,
          197.03508399999947,
          196.1464169999996,
          196.79912500000006,
          197.07525000000103,
          196.78016599999992,
          196.51924999999972,
          203.74433400000134,
          196.98691700000026,
          196.1473750000007
        ],
        "error": ""
      },
      {
        "opening_name": "ruy_lopez",
        "opening_fen": "r1bqkbnr/pppp1ppp/2n5/1B2p3/4P3/5N2/PPPP1PPP/RNBQK2R b KQkq - 3 3",
        "result": "draw",
        "score_a": 0.5,
        "plies": 10,
        "adjudicated": false,
        "player_a_color": "black",
        "player_a_timeouts": 0,
        "player_b_timeouts": 0,
        "player_a_moves": 5,
        "player_b_moves": 5,
        "player_a_crashes": 0,
        "player_b_crashes": 0,
        "response_times_ms": [
          196.3978750000024,
          196.1964579999993,
          198.0314579999991,
          196.99074999999766,
          196.49716700000042,
          196.1411660000003,
          196.97174999999945,
          196.05424999999954,
          196.73812499999954,
          196.45662499999972
        ],
        "error": ""
      },
      {
        "opening_name": "italian_game",
        "opening_fen": "r1bqk1nr/pppp1ppp/2n5/2b1p3/2B1P3/5N2/PPPP1PPP/RNBQK2R w KQkq - 4 4",
        "result": "draw",
        "score_a": 0.5,
        "plies": 20,
        "adjudicated": true,
        "player_a_color": "white",
        "player_a_timeouts": 0,
        "player_b_timeouts": 0,
        "player_a_moves": 10,
        "player_b_moves": 10,
        "player_a_crashes": 0,
        "player_b_crashes": 0,
        "response_times_ms": [
          196.43579099999897,
          196.33045900000212,
          196.06445800000216,
          196.1363750000018,
          196.9724159999977,
          196.5806249999993,
          196.4100000000002,
          196.0574159999986,
          196.4111250000009,
          196.16633399999728,
          196.08016600000155,
          196.18158300000132,
          196.32508299999785,
          196.44487500000096,
          197.19200000000114,
          197.22391699999875,
          196.64454200000137,
          198.37429100000037,
          196.9037500000006,
          196.7478749999998
        ],
        "error": ""
      },
      {
        "opening_name": "italian_game",
        "opening_fen": "r1bqk1nr/pppp1ppp/2n5/2b1p3/2B1P3/5N2/PPPP1PPP/RNBQK2R w KQkq - 4 4",
        "result": "draw",
        "score_a": 0.5,
        "plies": 20,
        "adjudicated": true,
        "player_a_color": "black",
        "player_a_timeouts": 0,
        "player_b_timeouts": 0,
        "player_a_moves": 10,
        "player_b_moves": 10,
        "player_a_crashes": 0,
        "player_b_crashes": 0,