{
  "feedback_source": "self_play",
  "summary": {
    "games": 16,
    "wins_a": 3,
    "losses_a": 3,
    "draws": 10,
    "score_a": 8.0,
    "mean_score_a": 0.5,
    "game_scores_a": [
      0.5,
      0.5,
      0.0,
      1.0,
      0.5,
      0.5,
      0.0,
      1.0,
      1.0,
      0.0,
      0.5,
      0.5,
      0.5,
      0.5,
      0.5,
      0.5
    ],
    "player_a_moves": 118,
    "player_b_moves": 118,
    "player_a_timeouts": 0,
    "player_b_timeouts": 0,
    "player_a_crashes": 0,
    "player_b_crashes": 0,
    "results": [
      {
        "opening_name": "startpos",
        "opening_fen": "rnbqkbnr/pppppppp/8/8/8/8/PPPPPPPP/RNBQKBNR w KQkq - 0 1",
        "result": "draw",
        "score_a": 0.5,
        "plies": 13,
        "adjudicated": false,
        "player_a_color": "white",
        "player_a_timeouts": 0,
        "player_b_timeouts": 0,
        "player_a_moves": 7,
        "player_b_moves": 6,
        "player_a_crashes": 0,
        "player_b_crashes": 0,
        "response_times_ms": [
          196.24375000000782,
          196.3047090000032,
          196.24241599998982,
          196.4102909999781,
          196.54091600000356,
          196.25487499999394,
          196.25633399999742,
          196.4431670000124,
          196.45020900000532,
          196.50612499998488,
          196.1945830000218,
          196.09658300001342,
          196.65958299998465
        ],
        "error": ""
      },
      {
        "opening_name": "startpos",
        "opening_fen": "rnbqkbnr/pppppppp/8/8/8/8/PPPPPPPP/RNBQKBNR w KQkq - 0 1",
        "result": "draw",
        "score_a": 0.5,
        "plies": 13,
        "adjudicated": false,
        "player_a_color": "black",
        "player_a_timeouts": 0,
        "player_b_timeouts": 0,
        "player_a_moves": 6,
        "player_b_moves": 7,
        "player_a_crashes": 0,
        "player_b_crashes": 0,
        "response_times_ms": [
          196.45129099998826,
          196.0895839999921,
          196.10195899997507,
          196.3583339999957,
          196.16833399999223,
          196.16408300001353,
          196.0597919999998,
          196.50833299999704,
          196.0556249999854,
          196.58474999999953,
          196.1118749999855,
          196.44150000002014,
          196.17287500000202
        ],
        "error": ""
      },
      {
        "opening_name": "queens_pawn",
        "opening_fen": "rnbqkbnr/ppp1pppp/8/3p4/3P4/8/PPP1PPPP/RNBQKBNR w KQkq - 0 2",
        "result": "loss",
        "score_a": 0.0,
        "plies": 20,
        "adjudicated": true,
        "player_a_color": "white",
        "player_a_timeouts": 0,
        "player_b_timeouts": 0,
        "player_a_moves": 10,
        "player_b_moves": 10,
        "player_a_crashes": 0,
        "player_b_crashes": 0,
        "response_times_ms": [
          196.1210000000051,
          196.1029999999937,
          196.3194590000228,
          196.55270900000232,
          196.13341699999864,
          196.2034589999746,
          196.20662500000208,
          196.50604200000998,
          196.38504200000284,
          196.06908400001544,
          196.16224999998622,
          196.21920899999168,
          196.06450000000564,
          196.32858399998554,
          196.0876250000183,
          196.07675000000313,
          196.24670799998967,
          196.0762500000044,
          196.34141699998509,
          196.0636669999758
        ],
        "error": ""
      },
      {
        "opening_name": "queens_pawn",
        "opening_fen": "rnbqkbnr/ppp1pppp/8/3p4/3P4/8/PPP1PPPP/RNBQKBNR w KQkq - 0 2",
        "result": "win",
        "score_a": 1.0,
        "plies": 20,
        "adjudicated": true,
        "player_a_color": "black",
        "player_a_timeouts": 0,
        "player_b_timeouts": 0,
        "player_a_moves": 10,
        "player_b_moves": 10,
        "player_a_crashes": 0,
        "player_b_crashes": 0,
        "response_times_ms": [
          196.26854200001276,
          196.25829099999237,
          196.35491700000784,
          196.26299999998764,
          196.24716699999567,
          196.1091660000136,
          196.23199999998064,
          196.07966699999224,
          196.46933300001024,
          196.10937500002024,
          196.3032920000103,
          196.22387500001537,
          196.15683300000342,
          196.04779200000166,
          196.41445799999246,
          196.1989170000038,
          196.04395900000782,
          196.15325000000894,
          196.50487499998803,
          196.02570800000763
        ],
        "error": ""
      },
      {
        "opening_name": "ruy_lopez",
        "opening_fen": "r1bqkbnr/pppp1ppp/2n5/1B2p3/4P3/5N2/PPPP1PPP/RNBQK2R b KQkq - 3 3",
        "result": "draw",
        "score_a": 0.5,
        "plies": 15,
        "adjudicated": false,
        "player_a_color": "white",
        "player_a_timeouts": 0,
        "player_b_timeouts": 0,
        "player_a_moves": 7,
        "player_b_moves": 8,
        "player_a_crashes": 0,
        "player_b_crashes": 0,
        "response_times_ms": [
          196.29224999999906,
          196.51854100001742,
          196.12787500000195,
          196.47666600002367,
          196.3133330000062,
          196.1787500000014,
          196.29312500001106,
          196.13816699998665,
          196.032042000013,
          196.57583399998657,
          196.09674999998106,
          196.25479199999063,
          196.28499999998894,
          196.27058300000044,
          196.15324999998052
        ],
        "error": ""
      },
      {
        "opening_name": "ruy_lopez",
        "opening_fen": "r1bqkbnr/pppp1ppp/2n5/1B2p3/4P3/5N2/PPPP1PPP/RNBQK2R b KQkq - 3 3",
        "result": "draw",
        "score_a": 0.5,
        "plies": 15,
        "adjudicated": false,
        "player_a_color": "black",
        "player_a_timeouts": 0,
        "player_b_timeouts": 0,
        "player_a_moves": 8,
        "player_b_moves": 7,
        "player_a_crashes": 0,
        "player_b_crashes": 0,
        "response_times_ms": [
          196.5565420000246,
          196.24450000000593,
          196.22358300000542,
          196.05433399999583,
          196.44266699998525,
          196.5219159999947,
          196.20362500000965,
          196.39070799999558,
          196.03799999998728,
          196.05029200002377,
          196.2618750000047,
          196.29212500001358,
          196.17825000000266,
          196.12283299997557,
          196.55620800000406
        ],
        "error": ""
      },
      {
        "opening_name": "italian_game",
        "opening_fen": "r1bqk1nr/pppp1ppp/2n5/2b1p3/2B1P3/5N2/PPPP1PPP/RNBQK2R w KQkq - 4 4",
        "result": "loss",
        "score_a": 0.0,
        "plies": 10,
        "adjudicated": false,
        "player_a_color": "white",
        "player_a_timeouts": 0,
        "player_b_timeouts": 0,
        "player_a_moves": 5,
        "player_b_moves": 5,
        "player_a_crashes": 0,
        "player_b_crashes": 0,
        "response_times_ms": [
          196.1444169999993,
          196.33495899998366,
          196.47245900000598,
          196.15487499999062,
          196.8496249999987,
          196.3076659999956,
          196.151250000014,
          196.25183400000878,
          196.27291599999808,
          26.495500000009997
        ],
        "error": ""
      },
      {
        "opening_name": "italian_game",
        "opening_fen": "r1bqk1nr/pppp1ppp/2n5/2b1p3/2B1P3/5N2/PPPP1PPP/RNBQK2R w KQkq - 4 4",
        "result": "win",
        "score_a": 1.0,
        "plies": 10,
        "adjudicated": false,
        "player_a_color": "black",
        "player_a_timeouts": 0,
        "player_b_timeouts": 0,
        "player_a_moves": 5,
        "player_b_moves": 5,
        "player_a_crashes": 0,
        "player_b_crashes": 0,