{
  "feedback_source": "self_play",
  "summary": {
    "games": 16,
    "wins_a": 3,
    "losses_a": 2,
    "draws": 11,
    "score_a": 8.5,
    "mean_score_a": 0.53125,
    "game_scores_a": [
      1.0,
      0.5,
      0.5,
      0.5,
      0.5,
      0.5,
      0.5,
      0.5,
      0.5,
      0.5,
      0.5,
      0.5,
      1.0,
      0.0,
      1.0,
      0.0
    ],
    "player_a_moves": 140,
    "player_b_moves": 143,
    "player_a_timeouts": 0,
    "player_b_timeouts": 0,
    "player_a_crashes": 0,
    "player_b_crashes": 0,
    "results": [
      {
        "opening_name": "startpos",
        "opening_fen": "rnbqkbnr/pppppppp/8/8/8/8/PPPPPPPP/RNBQKBNR w KQkq - 0 1",
        "result": "win",
        "score_a": 1.0,
        "plies": 20,
        "adjudicated": true,
        "player_a_color": "white",
        "player_a_timeouts": 0,
        "player_b_timeouts": 0,
        "player_a_moves": 10,
        "player_b_moves": 10,
        "player_a_crashes": 0,
        "player_b_crashes": 0,
        "response_times_ms": [
          197.6130420000004,
          207.8379170000062,
          199.83383300001378,
          197.56312499998785,
          205.68420799997966,
          335.93095800000583,
          246.6904999999997,
          215.31112500002791,
          325.7297499999936,
          517.2207080000248,
          201.23783300005016,
          215.30629199997975,
          196.8927500000177,
          196.98858300000666,
          196.8060840000021,
          197.87237499997445,
          214.9925420000045,
          196.53491700000814,
          196.54116700002078,
          196.70179199999893
        ],
        "error": ""
      },
      {
        "opening_name": "startpos",
        "opening_fen": "rnbqkbnr/pppppppp/8/8/8/8/PPPPPPPP/RNBQKBNR w KQkq - 0 1",
        "result": "draw",
        "score_a": 0.5,
        "plies": 19,
        "adjudicated": false,
        "player_a_color": "black",
        "player_a_timeouts": 0,
        "player_b_timeouts": 0,
        "player_a_moves": 9,
        "player_b_moves": 10,
        "player_a_crashes": 0,
        "player_b_crashes": 0,
        "response_times_ms": [
          197.04912500003502,
          196.76570799998672,
          196.51212500002657,
          197.00383400004284,
          198.35245800004486,
          196.69658300000492,
          213.405583999986,
          199.093084000026,
          196.2517919999982,
          196.85566599997628,
          196.3899589999869,
          196.3789170000041,
          196.37254200000598,
          197.84400000003188,
          197.4559999999883,
          197.32295799997246,
          197.38104199996087,
          197.60579200004713,
          196.4703329999793
        ],
        "error": ""
      },
      {
        "opening_name": "queens_pawn",
        "opening_fen": "rnbqkbnr/ppp1pppp/8/3p4/3P4/8/PPP1PPPP/RNBQKBNR w KQkq - 0 2",
        "result": "draw",
        "score_a": 0.5,
        "plies": 9,
        "adjudicated": false,
        "player_a_color": "white",
        "player_a_timeouts": 0,
        "player_b_timeouts": 0,
        "player_a_moves": 5,
        "player_b_moves": 4,
        "player_a_crashes": 0,
        "player_b_crashes": 0,
        "response_times_ms": [
          196.95154200002207,
          197.13883300005364,
          197.26375000004737,
          196.46729200002255,
          196.17733299998008,
          198.59691699997484,
          196.72779199999013,
          196.27508299998908,
          196.41462499998852
        ],
        "error": ""
      },
      {
        "opening_name": "queens_pawn",
        "opening_fen": "rnbqkbnr/ppp1pppp/8/3p4/3P4/8/PPP1PPPP/RNBQKBNR w KQkq - 0 2",
        "result": "draw",
        "score_a": 0.5,
        "plies": 9,
        "adjudicated": false,
        "player_a_color": "black",
        "player_a_timeouts": 0,
        "player_b_timeouts": 0,
        "player_a_moves": 4,
        "player_b_moves": 5,
        "player_a_crashes": 0,
        "player_b_crashes": 0,
        "response_times_ms": [
          196.55512499997485,
          196.33295799997086,
          196.66891700001088,
          196.75604199994723,
          196.58800000001975,
          196.37308299996903,
          197.07958300000428,
          196.3617920000047,
          196.2382500000217
        ],
        "error": ""
      },
      {
        "opening_name": "ruy_lopez",
        "opening_fen": "r1bqkbnr/pppp1ppp/2n5/1B2p3/4P3/5N2/PPPP1PPP/RNBQK2R b KQkq - 3 3",
        "result": "draw",
        "score_a": 0.5,
        "plies": 17,
        "adjudicated": false,
        "player_a_color": "white",
        "player_a_timeouts": 0,
        "player_b_timeouts": 0,
        "player_a_moves": 8,
        "player_b_moves": 9,
        "player_a_crashes": 0,
        "player_b_crashes": 0,
        "response_times_ms": [
          196.62320800000543,
          196.89670799999703,
          196.26983400002018,
          196.16166699995574,
          196.18983300000536,
          198.39341700003388,
          199.0949999999998,
          196.54487500002915,
          196.93454099996188,
          196.77987500000427,
          198.88308399998778,
          197.32466599998588,
          196.9972910000024,
          196.8372919999979,
          196.38854099997616,
          196.68358300003774,
          197.2705000000019
        ],
        "error": ""
      },
      {
        "opening_name": "ruy_lopez",
        "opening_fen": "r1bqkbnr/pppp1ppp/2n5/1B2p3/4P3/5N2/PPPP1PPP/RNBQK2R b KQkq - 3 3",
        "result": "draw",
        "score_a": 0.5,
        "plies": 20,
        "adjudicated": true,
        "player_a_color": "black",
        "player_a_timeouts": 0,
        "player_b_timeouts": 0,
        "player_a_moves": 10,
        "player_b_moves": 10,
        "player_a_crashes": 0,
        "player_b_crashes": 0,
        "response_times_ms": [
          197.05958299999793,
          196.26754099999744,
          196.67145900001515,
          196.21237500001598,
          196.56437499997992,
          196.55116699999553,
          196.06408400005648,
          206.15420799998674,
          196.49991700003966,
          196.85333399996807,
          196.84287500001574,
          196.45533299996032,
          196.9022920000043,
          237.66595799997958,
          196.52408399997512,
          197.39016600004788,
          197.42887500001416,
          196.1218750000171,
          196.78545900001154,
          196.46637499999997
        ],
        "error": ""
      },
      {
        "opening_name": "italian_game",
        "opening_fen": "r1bqk1nr/pppp1ppp/2n5/2b1p3/2B1P3/5N2/PPPP1PPP/RNBQK2R w KQkq - 4 4",
        "result": "draw",
        "score_a": 0.5,
        "plies": 20,
        "adjudicated": true,
        "player_a_color": "white",
        "player_a_timeouts": 0,
        "player_b_timeouts": 0,
        "player_a_moves": 10,
        "player_b_moves": 10,
        "player_a_crashes": 0,
        "player_b_crashes": 0,
        "response_times_ms": [
          197.458499999982,
          196.65433400001575,
          196.21233399999483,
          198.11587499998495,
          197.32104199999867,
          198.71345799998608,
          196.07495799999697,
          196.62570799999912,
          196.6107920000013,
          196.67208399999936,
          196.71229200002927,
          197.17866600001344,
          196.5619999999717,
          196.4338330000146,
          197.096375000001,
          196.68166599996084,
          196.3691249999897,
          196.44400000004225,
          196.6370420000203,
          196.6954999999757
        ],
        "error": ""
      },
      {
        "opening_name": "italian_game",
        "opening_fen": "r1bqk1nr/pppp1ppp/2n5/2b1p3/2B1P3/5N2/PPPP1PPP/RNBQK2R w KQkq - 4 4",
        "result": "draw",
        "score_a": 0.5,
        "plies": 20,
        "adjudicated": true,
        "player_a_color": "black",
        "player_a_timeouts": 0,
        "player_b_timeouts": 0,
        "player_a_moves": 10,