{
  "feedback_source": "self_play",
  "summary": {
    "games": 16,
    "wins_a": 2,
    "losses_a": 2,
    "draws": 12,
    "score_a": 8.0,
    "mean_score_a": 0.5,
    "game_scores_a": [
      0.5,
      0.5,
      0.0,
      1.0,
      0.5,
      0.5,
      0.5,
      0.5,
      1.0,
      0.0,
      0.5,
      0.5,
      0.5,
      0.5,
      0.5,
      0.5
    ],
    "player_a_moves": 121,
    "player_b_moves": 121,
    "player_a_timeouts": 0,
    "player_b_timeouts": 0,
    "player_a_crashes": 0,
    "player_b_crashes": 0,
    "results": [
      {
        "opening_name": "startpos",
        "opening_fen": "rnbqkbnr/pppppppp/8/8/8/8/PPPPPPPP/RNBQKBNR w KQkq - 0 1",
        "result": "draw",
        "score_a": 0.5,
        "plies": 13,
        "adjudicated": false,
        "player_a_color": "white",
        "player_a_timeouts": 0,
        "player_b_timeouts": 0,
        "player_a_moves": 7,
        "player_b_moves": 6,
        "player_a_crashes": 0,
        "player_b_crashes": 0,
        "response_times_ms": [
          196.31700000000762,
          196.34041700000182,
          196.3082500000013,
          196.4067499999942,
          196.2437920000042,
          196.12008299999673,
          196.22116600000084,
          196.53162499999155,
          196.77437500000394,
          196.35004199999173,
          196.2385409999996,
          196.65820800000233,
          196.5018749999956
        ],
        "error": ""
      },
      {
        "opening_name": "startpos",
        "opening_fen": "rnbqkbnr/pppppppp/8/8/8/8/PPPPPPPP/RNBQKBNR w KQkq - 0 1",
        "result": "draw",
        "score_a": 0.5,
        "plies": 13,
        "adjudicated": false,
        "player_a_color": "black",
        "player_a_timeouts": 0,
        "player_b_timeouts": 0,
        "player_a_moves": 6,
        "player_b_moves": 7,
        "player_a_crashes": 0,
        "player_b_crashes": 0,
        "response_times_ms": [
          196.28475000000378,
          196.38133300000504,
          196.34158399999535,
          196.49133400000096,
          196.2437499999936,
          196.56620799999303,
          196.32804199999043,
          196.08799999998894,
          196.61133299999278,
          196.36637499999665,
          196.44504100000404,
          196.62883300000544,
          196.31574999999657
        ],
        "error": ""
      },
      {
        "opening_name": "queens_pawn",
        "opening_fen": "rnbqkbnr/ppp1pppp/8/3p4/3P4/8/PPP1PPPP/RNBQKBNR w KQkq - 0 2",
        "result": "loss",
        "score_a": 0.0,
        "plies": 20,
        "adjudicated": true,
        "player_a_color": "white",
        "player_a_timeouts": 0,
        "player_b_timeouts": 0,
        "player_a_moves": 10,
        "player_b_moves": 10,
        "player_a_crashes": 0,
        "player_b_crashes": 0,
        "response_times_ms": [
          196.16529200000343,
          196.5044579999926,
          196.18950000000268,
          196.27808399999935,
          196.56845800000156,
          196.40737500000682,
          196.40879199999972,
          196.10000000000127,
          196.06266700000674,
          196.097666,
          196.51362499999436,
          196.39670800000886,
          196.17304199999808,
          196.06662500000027,
          196.15012500000262,
          196.02633299999184,
          196.15449999999157,
          196.21349999999893,
          196.33441599999912,
          197.0391669999998
        ],
        "error": ""
      },
      {
        "opening_name": "queens_pawn",
        "opening_fen": "rnbqkbnr/ppp1pppp/8/3p4/3P4/8/PPP1PPPP/RNBQKBNR w KQkq - 0 2",
        "result": "win",
        "score_a": 1.0,
        "plies": 20,
        "adjudicated": true,
        "player_a_color": "black",
        "player_a_timeouts": 0,
        "player_b_timeouts": 0,
        "player_a_moves": 10,
        "player_b_moves": 10,
        "player_a_crashes": 0,
        "player_b_crashes": 0,
        "response_times_ms": [
          196.31070800001282,
          196.1716659999979,
          196.20795800000224,
          196.42412500000717,
          196.12758399999564,
          196.6632079999897,
          196.09983399999464,
          196.54249999999251,
          196.09683299999858,
          196.40116600000113,
          196.43154199999913,
          196.09762499999306,
          196.21758399999578,
          196.40116600000113,
          196.18779099999983,
          196.2575420000121,
          196.2371669999925,
          196.10933299999544,
          196.11812499999814,
          196.19304200000443
        ],
        "error": ""
      },
      {
        "opening_name": "ruy_lopez",
        "opening_fen": "r1bqkbnr/pppp1ppp/2n5/1B2p3/4P3/5N2/PPPP1PPP/RNBQK2R b KQkq - 3 3",
        "result": "draw",
        "score_a": 0.5,
        "plies": 17,
        "adjudicated": false,
        "player_a_color": "white",
        "player_a_timeouts": 0,
        "player_b_timeouts": 0,
        "player_a_moves": 8,
        "player_b_moves": 9,
        "player_a_crashes": 0,
        "player_b_crashes": 0,
        "response_times_ms": [
          196.28129199999478,
          196.43983299999945,
          196.08612499999367,
          196.35458300000153,
          196.3220000000092,
          196.15570800000626,
          196.48879100000727,
          196.28170800000078,
          196.06366700000422,
          196.21879100000683,
          196.17187500000455,
          196.12225000000194,
          196.75595799999712,
          196.15508300000783,
          196.2187499999999,
          196.3634170000006,
          196.18825000000584
        ],
        "error": ""
      },
      {
        "opening_name": "ruy_lopez",
        "opening_fen": "r1bqkbnr/pppp1ppp/2n5/1B2p3/4P3/5N2/PPPP1PPP/RNBQK2R b KQkq - 3 3",
        "result": "draw",
        "score_a": 0.5,
        "plies": 17,
        "adjudicated": false,
        "player_a_color": "black",
        "player_a_timeouts": 0,
        "player_b_timeouts": 0,
        "player_a_moves": 9,
        "player_b_moves": 8,
        "player_a_crashes": 0,
        "player_b_crashes": 0,
        "response_times_ms": [
          196.3330410000026,
          196.30937499999845,
          196.20945900000208,
          196.1177499999991,
          196.28445799999383,
          196.20920799999908,
          196.31841700000052,
          196.1032079999967,
          196.5215000000029,
          196.22529199999406,
          196.34862500001304,
          196.908250000007,
          196.22950000000117,
          196.0275830000029,
          196.26345800000422,
          196.03545900000086,
          196.3911670000016
        ],
        "error": ""
      },
      {
        "opening_name": "italian_game",
        "opening_fen": "r1bqk1nr/pppp1ppp/2n5/2b1p3/2B1P3/5N2/PPPP1PPP/RNBQK2R w KQkq - 4 4",
        "result": "draw",
        "score_a": 0.5,
        "plies": 11,
        "adjudicated": false,
        "player_a_color": "white",
        "player_a_timeouts": 0,
        "player_b_timeouts": 0,
        "player_a_moves": 6,
        "player_b_moves": 5,
        "player_a_crashes": 0,
        "player_b_crashes": 0,
        "response_times_ms": [
          196.33945900000072,
          196.0793750000107,
          196.60016699999971,
          196.41133399998978,
          196.45004200000926,
          196.0417920000026,
          196.678334000012,
          196.63566600000593,
          196.33316700000591,
          196.32466699999895,
          196.84604100000058
        ],
        "error": ""
      },
      {
        "opening_name": "italian_game",
        "opening_fen": "r1bqk1nr/pppp1ppp/2n5/2b1p3/2B1P3/5N2/PPPP1PPP/RNBQK2R w KQkq - 4 4",
        "result": "draw",
        "score_a": 0.5,
        "plies": 11,
        "adjudicated": false,
        "player_a_color": "black",
        "player_a_timeouts": 0,
        "player_b_timeouts": 0,
        "player_a_moves": 5,
        "player_b_moves": 6,
        "player_a_crashes": 0,
        "player_b_crashes": 0,