{
  "feedback_source": "self_play",
  "summary": {
    "games": 16,
    "wins_a": 1,
    "losses_a": 2,
    "draws": 13,
    "score_a": 7.5,
    "mean_score_a": 0.46875,
    "game_scores_a": [
      0.5,
      0.5,
      0.0,
      0.5,
      0.5,
      0.5,
      0.5,
      0.5,
      1.0,
      0.0,
      0.5,
      0.5,
      0.5,
      0.5,
      0.5,
      0.5
    ],
    "player_a_moves": 120,
    "player_b_moves": 120,
    "player_a_timeouts": 0,
    "player_b_timeouts": 0,
    "player_a_crashes": 0,
    "player_b_crashes": 0,
    "results": [
      {
        "opening_name": "startpos",
        "opening_fen": "rnbqkbnr/pppppppp/8/8/8/8/PPPPPPPP/RNBQKBNR w KQkq - 0 1",
        "result": "draw",
        "score_a": 0.5,
        "plies": 13,
        "adjudicated": false,
        "player_a_color": "white",
        "player_a_timeouts": 0,
        "player_b_timeouts": 0,
        "player_a_moves": 7,
        "player_b_moves": 6,
        "player_a_crashes": 0,
        "player_b_crashes": 0,
        "response_times_ms": [
          196.26108399999964,
          196.2471249999993,
          196.04195799999502,
          196.3783329999984,
          196.1977079999997,
          196.25620800000831,
          196.6273750000056,
          196.56983400000172,
          196.34437500000956,
          196.0553339999933,
          196.14812499999346,
          196.44570799999883,
          196.2345410000097
        ],
        "error": ""
      },
      {
        "opening_name": "startpos",
        "opening_fen": "rnbqkbnr/pppppppp/8/8/8/8/PPPPPPPP/RNBQKBNR w KQkq - 0 1",
        "result": "draw",
        "score_a": 0.5,
        "plies": 13,
        "adjudicated": false,
        "player_a_color": "black",
        "player_a_timeouts": 0,
        "player_b_timeouts": 0,
        "player_a_moves": 6,
        "player_b_moves": 7,
        "player_a_crashes": 0,
        "player_b_crashes": 0,
        "response_times_ms": [
          196.27362500000345,
          196.20749999999987,
          196.26470799998685,
          196.46558299999128,
          196.10933299999544,
          196.25854199999537,
          196.27837499999146,
          196.46487500000376,
          196.06699999999933,
          196.0840419999954,
          196.53241700000024,
          196.12233399999468,
          196.19454199998643
        ],
        "error": ""
      },
      {
        "opening_name": "queens_pawn",
        "opening_fen": "rnbqkbnr/ppp1pppp/8/3p4/3P4/8/PPP1PPPP/RNBQKBNR w KQkq - 0 2",
        "result": "loss",
        "score_a": 0.0,
        "plies": 20,
        "adjudicated": true,
        "player_a_color": "white",
        "player_a_timeouts": 0,
        "player_b_timeouts": 0,
        "player_a_moves": 10,
        "player_b_moves": 10,
        "player_a_crashes": 0,
        "player_b_crashes": 0,
        "response_times_ms": [
          196.37466599999698,
          196.46529100000976,
          196.50308299999608,
          196.20212499999923,
          196.54933399999663,
          206.50754099999347,
          196.08691700000236,
          196.24979200000325,
          196.82054100000812,
          196.2114579999934,
          196.31133400000067,
          196.0895840000063,
          196.2087499999967,
          197.11150000000544,
          196.5288749999985,
          196.23520799999028,
          196.12083399999847,
          196.1431659999988,
          196.22420799998963,
          196.23345899999833
        ],
        "error": ""
      },
      {
        "opening_name": "queens_pawn",
        "opening_fen": "rnbqkbnr/ppp1pppp/8/3p4/3P4/8/PPP1PPPP/RNBQKBNR w KQkq - 0 2",
        "result": "draw",
        "score_a": 0.5,
        "plies": 18,
        "adjudicated": false,
        "player_a_color": "black",
        "player_a_timeouts": 0,
        "player_b_timeouts": 0,
        "player_a_moves": 9,
        "player_b_moves": 9,
        "player_a_crashes": 0,
        "player_b_crashes": 0,
        "response_times_ms": [
          196.49350000000254,
          196.24050000000182,
          196.1161250000032,
          196.4114999999964,
          196.23316699998838,
          196.10600000000034,
          196.1114580000043,
          196.2110420000016,
          196.52662499998996,
          196.65562499999112,
          196.10445799999354,
          196.1690829999867,
          196.52924999999755,
          196.71045900000195,
          196.11720799998977,
          196.12458299999957,
          196.16358400000422,
          196.09541600000568
        ],
        "error": ""
      },
      {
        "opening_name": "ruy_lopez",
        "opening_fen": "r1bqkbnr/pppp1ppp/2n5/1B2p3/4P3/5N2/PPPP1PPP/RNBQK2R b KQkq - 3 3",
        "result": "draw",
        "score_a": 0.5,
        "plies": 17,
        "adjudicated": false,
        "player_a_color": "white",
        "player_a_timeouts": 0,
        "player_b_timeouts": 0,
        "player_a_moves": 8,
        "player_b_moves": 9,
        "player_a_crashes": 0,
        "player_b_crashes": 0,
        "response_times_ms": [
          196.15612499998747,
          196.4274589999917,
          196.3937499999986,
          196.06720800000232,
          196.26170799999443,
          196.14166700000624,
          196.37545800000566,
          196.14483400000893,
          196.1585000000099,
          196.0988750000041,
          196.62212500000464,
          196.3787090000011,
          196.283207999997,
          196.19437500000458,
          196.71316699999863,
          196.5646249999935,
          196.14133299999992
        ],
        "error": ""
      },
      {
        "opening_name": "ruy_lopez",
        "opening_fen": "r1bqkbnr/pppp1ppp/2n5/1B2p3/4P3/5N2/PPPP1PPP/RNBQK2R b KQkq - 3 3",
        "result": "draw",
        "score_a": 0.5,
        "plies": 17,
        "adjudicated": false,
        "player_a_color": "black",
        "player_a_timeouts": 0,
        "player_b_timeouts": 0,
        "player_a_moves": 9,
        "player_b_moves": 8,
        "player_a_crashes": 0,
        "player_b_crashes": 0,
        "response_times_ms": [
          196.28074999999967,
          196.674625,
          196.05570800000294,
          196.60920799999815,
          196.10558399999434,
          196.5550000000036,
          196.47562500000504,
          196.2739169999992,
          196.1327089999969,
          196.08116599999903,
          196.24300000000972,
          196.20633399999576,
          196.08691700000236,
          196.09425000000158,
          196.12562499999342,
          196.4650840000104,
          196.47537500000567
        ],
        "error": ""
      },
      {
        "opening_name": "italian_game",
        "opening_fen": "r1bqk1nr/pppp1ppp/2n5/2b1p3/2B1P3/5N2/PPPP1PPP/RNBQK2R w KQkq - 4 4",
        "result": "draw",
        "score_a": 0.5,
        "plies": 11,
        "adjudicated": false,
        "player_a_color": "white",
        "player_a_timeouts": 0,
        "player_b_timeouts": 0,
        "player_a_moves": 6,
        "player_b_moves": 5,
        "player_a_crashes": 0,
        "player_b_crashes": 0,
        "response_times_ms": [
          196.10124999999812,
          196.14458300000592,
          196.0965829999992,
          196.23920899999803,
          196.27741700000456,
          196.544375000002,
          196.4912920000046,
          196.17104200000313,
          196.52804199999707,
          196.03687500000433,
          196.15862499999537
        ],
        "error": ""
      },
      {
        "opening_name": "italian_game",
        "opening_fen": "r1bqk1nr/pppp1ppp/2n5/2b1p3/2B1P3/5N2/PPPP1PPP/RNBQK2R w KQkq - 4 4",
        "result": "draw",
        "score_a": 0.5,
        "plies": 11,
        "adjudicated": false,
        "player_a_color": "black",
        "player_a_timeouts": 0,
        "player_b_timeouts": 0,
        "player_a_moves": 5,
        "player_b_moves": 6,
        "player_a_crashes": 0,
        "player_b_crashes": 0,