{
  "feedback_source": "self_play",
  "summary": {
    "games": 16,
    "wins_a": 1,
    "losses_a": 1,
    "draws": 14,
    "score_a": 8.0,
    "mean_score_a": 0.5,
    "game_scores_a": [
      0.5,
      0.5,
      0.0,
      1.0,
      0.5,
      0.5,
      0.5,
      0.5,
      0.5,
      0.5,
      0.5,
      0.5,
      0.5,
      0.5,
      0.5,
      0.5
    ],
    "player_a_moves": 108,
    "player_b_moves": 108,
    "player_a_timeouts": 0,
    "player_b_timeouts": 0,
    "player_a_crashes": 0,
    "player_b_crashes": 0,
    "results": [
      {
        "opening_name": "startpos",
        "opening_fen": "rnbqkbnr/pppppppp/8/8/8/8/PPPPPPPP/RNBQKBNR w KQkq - 0 1",
        "result": "draw",
        "score_a": 0.5,
        "plies": 13,
        "adjudicated": false,
        "player_a_color": "white",
        "player_a_timeouts": 0,
        "player_b_timeouts": 0,
        "player_a_moves": 7,
        "player_b_moves": 6,
        "player_a_crashes": 0,
        "player_b_crashes": 0,
        "response_times_ms": [
          196.25433400000247,
          196.35579199999142,
          196.62729199998807,
          196.4229170000067,
          196.08941700002447,
          196.16112500000327,
          196.05958300002158,
          196.37387500000614,
          196.47508299999572,
          196.31212500001993,
          196.13945800000465,
          196.11875000001078,
          196.0841670000093
        ],
        "error": ""
      },
      {
        "opening_name": "startpos",
        "opening_fen": "rnbqkbnr/pppppppp/8/8/8/8/PPPPPPPP/RNBQKBNR w KQkq - 0 1",
        "result": "draw",
        "score_a": 0.5,
        "plies": 13,
        "adjudicated": false,
        "player_a_color": "black",
        "player_a_timeouts": 0,
        "player_b_timeouts": 0,
        "player_a_moves": 6,
        "player_b_moves": 7,
        "player_a_crashes": 0,
        "player_b_crashes": 0,
        "response_times_ms": [
          196.2315420000209,
          196.2187500000141,
          196.12829099997953,
          196.07833300000266,
          196.0485000000176,
          196.0688750000088,
          196.16370800000027,
          196.2459590000094,
          196.58300000000395,
          196.25654200001463,
          196.0807920000036,
          196.2357499999996,
          196.16558300000975
        ],
        "error": ""
      },
      {
        "opening_name": "queens_pawn",
        "opening_fen": "rnbqkbnr/ppp1pppp/8/3p4/3P4/8/PPP1PPPP/RNBQKBNR w KQkq - 0 2",
        "result": "loss",
        "score_a": 0.0,
        "plies": 20,
        "adjudicated": true,
        "player_a_color": "white",
        "player_a_timeouts": 0,
        "player_b_timeouts": 0,
        "player_a_moves": 10,
        "player_b_moves": 10,
        "player_a_crashes": 0,
        "player_b_crashes": 0,
        "response_times_ms": [
          196.0681250000107,
          196.4514999999949,
          196.21895800000289,
          196.04958400000783,
          196.34745800001951,
          196.2578750000148,
          196.4297080000108,
          196.218459000022,
          196.4704579999932,
          196.3305410000089,
          196.6322499999933,
          196.1323749999906,
          196.31583400001773,
          196.0445830000026,
          196.26062500000785,
          196.07445799999823,
          196.24095900002203,
          196.159458000011,
          196.28233300002762,
          196.0903339999902
        ],
        "error": ""
      },
      {
        "opening_name": "queens_pawn",
        "opening_fen": "rnbqkbnr/ppp1pppp/8/3p4/3P4/8/PPP1PPPP/RNBQKBNR w KQkq - 0 2",
        "result": "win",
        "score_a": 1.0,
        "plies": 20,
        "adjudicated": true,
        "player_a_color": "black",
        "player_a_timeouts": 0,
        "player_b_timeouts": 0,
        "player_a_moves": 10,
        "player_b_moves": 10,
        "player_a_crashes": 0,
        "player_b_crashes": 0,
        "response_times_ms": [
          196.65404099998796,
          196.4400420000061,
          196.27679199999193,
          196.02875000001063,
          196.36441599999443,
          196.5240000000108,
          196.22233300000858,
          196.39133399999764,
          196.48795800000585,
          196.1462499999982,
          196.40837499997588,
          196.1464580000154,
          196.11366699999166,
          196.03983299998617,
          196.0705829999938,
          196.21949999998378,
          196.14275000000703,
          196.23375000000465,
          196.18012500001214,
          196.18900000000394
        ],
        "error": ""
      },
      {
        "opening_name": "ruy_lopez",
        "opening_fen": "r1bqkbnr/pppp1ppp/2n5/1B2p3/4P3/5N2/PPPP1PPP/RNBQK2R b KQkq - 3 3",
        "result": "draw",
        "score_a": 0.5,
        "plies": 11,
        "adjudicated": false,
        "player_a_color": "white",
        "player_a_timeouts": 0,
        "player_b_timeouts": 0,
        "player_a_moves": 5,
        "player_b_moves": 6,
        "player_a_crashes": 0,
        "player_b_crashes": 0,
        "response_times_ms": [
          196.3564579999968,
          196.1382500000184,
          196.20495899999923,
          196.30429099998992,
          196.51029199999925,
          196.21945800000162,
          196.0843749999981,
          196.1859170000082,
          196.34525000000735,
          196.14662499998303,
          196.0354999999936
        ],
        "error": ""
      },
      {
        "opening_name": "ruy_lopez",
        "opening_fen": "r1bqkbnr/pppp1ppp/2n5/1B2p3/4P3/5N2/PPPP1PPP/RNBQK2R b KQkq - 3 3",
        "result": "draw",
        "score_a": 0.5,
        "plies": 11,
        "adjudicated": false,
        "player_a_color": "black",
        "player_a_timeouts": 0,
        "player_b_timeouts": 0,
        "player_a_moves": 6,
        "player_b_moves": 5,
        "player_a_crashes": 0,
        "player_b_crashes": 0,
        "response_times_ms": [
          196.10262500000886,
          196.17570899998782,
          196.42450000000622,
          196.06545899998196,
          196.43949999999677,
          196.2679590000107,
          196.0414589999857,
          196.22662500000843,
          196.52924999999755,
          196.42174999998474,
          196.24008299999218
        ],
        "error": ""
      },
      {
        "opening_name": "italian_game",
        "opening_fen": "r1bqk1nr/pppp1ppp/2n5/2b1p3/2B1P3/5N2/PPPP1PPP/RNBQK2R w KQkq - 4 4",
        "result": "draw",
        "score_a": 0.5,
        "plies": 11,
        "adjudicated": false,
        "player_a_color": "white",
        "player_a_timeouts": 0,
        "player_b_timeouts": 0,
        "player_a_moves": 6,
        "player_b_moves": 5,
        "player_a_crashes": 0,
        "player_b_crashes": 0,
        "response_times_ms": [
          196.1885000000052,
          196.27358299999287,
          196.13175000000638,
          196.06458300000895,
          196.24016699998492,
          196.40395799999055,
          196.14016700001002,
          196.07758300000455,
          196.49295800002164,
          196.11224999999877,
          196.090957999985
        ],
        "error": ""
      },
      {
        "opening_name": "italian_game",
        "opening_fen": "r1bqk1nr/pppp1ppp/2n5/2b1p3/2B1P3/5N2/PPPP1PPP/RNBQK2R w KQkq - 4 4",
        "result": "draw",
        "score_a": 0.5,
        "plies": 11,
        "adjudicated": false,
        "player_a_color": "black",
        "player_a_timeouts": 0,
        "player_b_timeouts": 0,
        "player_a_moves": 5,
        "player_b_moves": 6,
        "player_a_crashes": 0,
        "player_b_crashes": 0,
        "response_times_ms": [
          196.48841700001185,
          196.14983299999267,
          196.02379099998757,
          196.04729099998508,
          196.1707500000216,
          196.48945800000206,
          196.12883299998884,
          196.2251250000122,
          196.3132079999923,
          196.27299999999082,
          196.15050000001588
        ],