{
  "feedback_source": "self_play",
  "summary": {
    "games": 16,
    "wins_a": 1,
    "losses_a": 2,
    "draws": 13,
    "score_a": 7.5,
    "mean_score_a": 0.46875,
    "game_scores_a": [
      0.5,
      0.5,
      0.0,
      1.0,
      0.5,
      0.5,
      0.5,
      0.5,
      0.5,
      0.0,
      0.5,
      0.5,
      0.5,
      0.5,
      0.5,
      0.5
    ],
    "player_a_moves": 125,
    "player_b_moves": 126,
    "player_a_timeouts": 0,
    "player_b_timeouts": 0,
    "player_a_crashes": 0,
    "player_b_crashes": 0,
    "results": [
      {
        "opening_name": "startpos",
        "opening_fen": "rnbqkbnr/pppppppp/8/8/8/8/PPPPPPPP/RNBQKBNR w KQkq - 0 1",
        "result": "draw",
        "score_a": 0.5,
        "plies": 13,
        "adjudicated": false,
        "player_a_color": "white",
        "player_a_timeouts": 0,
        "player_b_timeouts": 0,
        "player_a_moves": 7,
        "player_b_moves": 6,
        "player_a_crashes": 0,
        "player_b_crashes": 0,
        "response_times_ms": [
          196.11387499999466,
          196.37787499999604,
          196.04845899999646,
          196.20483399999955,
          196.34541599999977,
          203.75266700000338,
          196.63520800000356,
          196.11579099999688,
          196.35041600000136,
          196.51370799999768,
          196.2570829999919,
          196.410666999995,
          196.1102920000002
        ],
        "error": ""
      },
      {
        "opening_name": "startpos",
        "opening_fen": "rnbqkbnr/pppppppp/8/8/8/8/PPPPPPPP/RNBQKBNR w KQkq - 0 1",
        "result": "draw",
        "score_a": 0.5,
        "plies": 13,
        "adjudicated": false,
        "player_a_color": "black",
        "player_a_timeouts": 0,
        "player_b_timeouts": 0,
        "player_a_moves": 6,
        "player_b_moves": 7,
        "player_a_crashes": 0,
        "player_b_crashes": 0,
        "response_times_ms": [
          196.09933299999227,
          196.4868339999981,
          196.12720800000716,
          196.09808299999543,
          196.13591699999233,
          196.3592919999968,
          196.24687499999993,
          196.0550000000012,
          196.1014999999975,
          196.08041700000456,
          196.33387499999344,
          196.35812499998906,
          196.54104199999267
        ],
        "error": ""
      },
      {
        "opening_name": "queens_pawn",
        "opening_fen": "rnbqkbnr/ppp1pppp/8/3p4/3P4/8/PPP1PPPP/RNBQKBNR w KQkq - 0 2",
        "result": "loss",
        "score_a": 0.0,
        "plies": 20,
        "adjudicated": true,
        "player_a_color": "white",
        "player_a_timeouts": 0,
        "player_b_timeouts": 0,
        "player_a_moves": 10,
        "player_b_moves": 10,
        "player_a_crashes": 0,
        "player_b_crashes": 0,
        "response_times_ms": [
          196.4097919999972,
          196.19733300000064,
          196.16358300000059,
          196.4196249999901,
          196.24274999999614,
          196.26787500000376,
          196.36766699998986,
          196.08212500000377,
          196.41108400000462,
          196.1294590000051,
          196.16654200000028,
          196.03520799999785,
          196.06316699999127,
          196.0826249999883,
          196.1916670000079,
          196.29224999999906,
          196.028792000007,
          196.15779199999395,
          196.54637499999694,
          196.0554590000072
        ],
        "error": ""
      },
      {
        "opening_name": "queens_pawn",
        "opening_fen": "rnbqkbnr/ppp1pppp/8/3p4/3P4/8/PPP1PPPP/RNBQKBNR w KQkq - 0 2",
        "result": "win",
        "score_a": 1.0,
        "plies": 20,
        "adjudicated": true,
        "player_a_color": "black",
        "player_a_timeouts": 0,
        "player_b_timeouts": 0,
        "player_a_moves": 10,
        "player_b_moves": 10,
        "player_a_crashes": 0,
        "player_b_crashes": 0,
        "response_times_ms": [
          196.06904200000486,
          196.61395800000037,
          196.19866700000443,
          196.3252499999868,
          196.52004200000306,
          196.82670800000324,
          196.57837500000142,
          196.44299999998793,
          196.27395799999192,
          196.353667000011,
          196.6436250000072,
          196.21924999999862,
          196.17966699999556,
          196.35308399999474,
          196.1113330000046,
          196.04570799999976,
          196.5398339999922,
          196.23279200000354,
          196.21762500000273,
          196.39475000001028
        ],
        "error": ""
      },
      {
        "opening_name": "ruy_lopez",
        "opening_fen": "r1bqkbnr/pppp1ppp/2n5/1B2p3/4P3/5N2/PPPP1PPP/RNBQK2R b KQkq - 3 3",
        "result": "draw",
        "score_a": 0.5,
        "plies": 17,
        "adjudicated": false,
        "player_a_color": "white",
        "player_a_timeouts": 0,
        "player_b_timeouts": 0,
        "player_a_moves": 8,
        "player_b_moves": 9,
        "player_a_crashes": 0,
        "player_b_crashes": 0,
        "response_times_ms": [
          196.54508399999315,
          196.4171669999928,
          196.40141700000413,
          196.16258400000675,
          196.51287499999626,
          196.43266600000686,
          196.1778750000036,
          196.18958299999179,
          196.58674999999448,
          196.1950829999921,
          196.4758750000044,
          196.22416599999326,
          196.32433399999627,
          196.06870799999854,
          196.46187499999712,
          196.10775000001013,
          196.28287500000852
        ],
        "error": ""
      },
      {
        "opening_name": "ruy_lopez",
        "opening_fen": "r1bqkbnr/pppp1ppp/2n5/1B2p3/4P3/5N2/PPPP1PPP/RNBQK2R b KQkq - 3 3",
        "result": "draw",
        "score_a": 0.5,
        "plies": 17,
        "adjudicated": false,
        "player_a_color": "black",
        "player_a_timeouts": 0,
        "player_b_timeouts": 0,
        "player_a_moves": 9,
        "player_b_moves": 8,
        "player_a_crashes": 0,
        "player_b_crashes": 0,
        "response_times_ms": [
          196.16299999999853,
          196.24258400000372,
          196.20537499999102,
          196.05062500001225,
          196.25349999999742,
          196.6299580000026,
          196.38270799998736,
          196.14358299999424,
          196.249624999993,
          196.11812499999814,
          196.2577500000009,
          196.14087499999755,
          196.51645899999437,
          196.04400000000055,
          196.1149169999885,
          196.4302499999917,
          196.12441700000716
        ],
        "error": ""
      },
      {
        "opening_name": "italian_game",
        "opening_fen": "r1bqk1nr/pppp1ppp/2n5/2b1p3/2B1P3/5N2/PPPP1PPP/RNBQK2R w KQkq - 4 4",
        "result": "draw",
        "score_a": 0.5,
        "plies": 11,
        "adjudicated": false,
        "player_a_color": "white",
        "player_a_timeouts": 0,
        "player_b_timeouts": 0,
        "player_a_moves": 6,
        "player_b_moves": 5,
        "player_a_crashes": 0,
        "player_b_crashes": 0,
        "response_times_ms": [
          196.12045800001,
          198.86920799999075,
          196.4049999999986,
          196.21100000000524,
          196.5462089999903,
          196.1108340000095,
          196.57516600000235,
          196.13100000000827,
          196.32045800000242,
          196.10341700000333,
          196.34754199999804
        ],
        "error": ""
      },
      {
        "opening_name": "italian_game",
        "opening_fen": "r1bqk1nr/pppp1ppp/2n5/2b1p3/2B1P3/5N2/PPPP1PPP/RNBQK2R w KQkq - 4 4",
        "result": "draw",
        "score_a": 0.5,
        "plies": 11,
        "adjudicated": false,
        "player_a_color": "black",
        "player_a_timeouts": 0,
        "player_b_timeouts": 0,
        "player_a_moves": 5,
        "player_b_moves": 6,
        "player_a_crashes": 0,
        "player_b_crashes": 0,