{
  "feedback_source": "self_play",
  "summary": {
    "games": 16,
    "wins_a": 3,
    "losses_a": 3,
    "draws": 10,
    "score_a": 8.0,
    "mean_score_a": 0.5,
    "game_scores_a": [
      0.5,
      0.5,
      0.0,
      1.0,
      0.5,
      0.5,
      0.0,
      1.0,
      1.0,
      0.0,
      0.5,
      0.5,
      0.5,
      0.5,
      0.5,
      0.5
    ],
    "player_a_moves": 123,
    "player_b_moves": 123,
    "player_a_timeouts": 0,
    "player_b_timeouts": 0,
    "player_a_crashes": 0,
    "player_b_crashes": 0,
    "results": [
      {
        "opening_name": "startpos",
        "opening_fen": "rnbqkbnr/pppppppp/8/8/8/8/PPPPPPPP/RNBQKBNR w KQkq - 0 1",
        "result": "draw",
        "score_a": 0.5,
        "plies": 13,
        "adjudicated": false,
        "player_a_color": "white",
        "player_a_timeouts": 0,
        "player_b_timeouts": 0,
        "player_a_moves": 7,
        "player_b_moves": 6,
        "player_a_crashes": 0,
        "player_b_crashes": 0,
        "response_times_ms": [
          196.088542,
          196.50879200000006,
          196.270583,
          196.12245800000005,
          196.1214579999999,
          196.06637500000002,
          196.07837500000014,
          196.40412499999994,
          196.4715829999999,
          196.18175000000005,
          196.52162499999991,
          196.19570799999985,
          196.05333300000007
        ],
        "error": ""
      },
      {
        "opening_name": "startpos",
        "opening_fen": "rnbqkbnr/pppppppp/8/8/8/8/PPPPPPPP/RNBQKBNR w KQkq - 0 1",
        "result": "draw",
        "score_a": 0.5,
        "plies": 13,
        "adjudicated": false,
        "player_a_color": "black",
        "player_a_timeouts": 0,
        "player_b_timeouts": 0,
        "player_a_moves": 6,
        "player_b_moves": 7,
        "player_a_crashes": 0,
        "player_b_crashes": 0,
        "response_times_ms": [
          196.31604199999987,
          196.45416699999973,
          196.2729590000003,
          196.4051659999999,
          196.32095799999982,
          196.17916699999992,
          196.42195899999982,
          196.10479100000066,
          196.36425000000025,
          196.16487500000002,
          196.18737500000006,
          196.17649999999998,
          196.2265829999996
        ],
        "error": ""
      },
      {
        "opening_name": "queens_pawn",
        "opening_fen": "rnbqkbnr/ppp1pppp/8/3p4/3P4/8/PPP1PPPP/RNBQKBNR w KQkq - 0 2",
        "result": "loss",
        "score_a": 0.0,
        "plies": 20,
        "adjudicated": true,
        "player_a_color": "white",
        "player_a_timeouts": 0,
        "player_b_timeouts": 0,
        "player_a_moves": 10,
        "player_b_moves": 10,
        "player_a_crashes": 0,
        "player_b_crashes": 0,
        "response_times_ms": [
          196.79679199999978,
          196.9112500000003,
          196.61466599999943,
          196.09308300000006,
          196.14712500000041,
          196.1321250000001,
          196.10616699999994,
          196.32545799999957,
          196.40000000000057,
          196.16758299999935,
          196.0692919999998,
          196.36066700000043,
          196.03970799999982,
          196.1610829999998,
          196.4901250000004,
          196.237334000001,
          196.68920799999867,
          196.07608299999947,
          196.2622500000002,
          196.13399999999893
        ],
        "error": ""
      },
      {
        "opening_name": "queens_pawn",
        "opening_fen": "rnbqkbnr/ppp1pppp/8/3p4/3P4/8/PPP1PPPP/RNBQKBNR w KQkq - 0 2",
        "result": "win",
        "score_a": 1.0,
        "plies": 20,
        "adjudicated": true,
        "player_a_color": "black",
        "player_a_timeouts": 0,
        "player_b_timeouts": 0,
        "player_a_moves": 10,
        "player_b_moves": 10,
        "player_a_crashes": 0,
        "player_b_crashes": 0,
        "response_times_ms": [
          196.59624999999892,
          196.63837499999914,
          196.1449160000015,
          196.2035000000011,
          196.4402079999985,
          196.35862500000025,
          196.3777499999999,
          196.0302080000016,
          196.06574999999893,
          196.05508299999917,
          196.26754200000107,
          196.21608400000133,
          196.1230839999999,
          196.14475000000022,
          196.07987500000058,
          196.21683300000115,
          196.56516599999918,
          196.0313340000006,
          196.20312500000026,
          196.0967500000006
        ],
        "error": ""
      },
      {
        "opening_name": "ruy_lopez",
        "opening_fen": "r1bqkbnr/pppp1ppp/2n5/1B2p3/4P3/5N2/PPPP1PPP/RNBQK2R b KQkq - 3 3",
        "result": "draw",
        "score_a": 0.5,
        "plies": 15,
        "adjudicated": false,
        "player_a_color": "white",
        "player_a_timeouts": 0,
        "player_b_timeouts": 0,
        "player_a_moves": 7,
        "player_b_moves": 8,
        "player_a_crashes": 0,
        "player_b_crashes": 0,
        "response_times_ms": [
          196.28570899999966,
          196.51454100000086,
          196.03770799999864,
          196.0844169999998,
          196.73516699999993,
          196.0601670000006,
          196.20241699999852,
          196.42299999999935,
          196.13554200000038,
          196.4348340000015,
          196.12941699999988,
          196.75633299999973,
          196.0982499999986,
          196.13070800000008,
          196.13750000000252
        ],
        "error": ""
      },
      {
        "opening_name": "ruy_lopez",
        "opening_fen": "r1bqkbnr/pppp1ppp/2n5/1B2p3/4P3/5N2/PPPP1PPP/RNBQK2R b KQkq - 3 3",
        "result": "draw",
        "score_a": 0.5,
        "plies": 15,
        "adjudicated": false,
        "player_a_color": "black",
        "player_a_timeouts": 0,
        "player_b_timeouts": 0,
        "player_a_moves": 8,
        "player_b_moves": 7,
        "player_a_crashes": 0,
        "player_b_crashes": 0,
        "response_times_ms": [
          196.21404100000106,
          196.3381670000004,
          196.31183400000296,
          196.0562500000016,
          196.14916600000143,
          196.14466699999866,
          196.28254099999864,
          196.23645799999778,
          196.32058299999855,
          196.32216599999808,
          196.16441699999854,
          196.1112920000012,
          196.85358299999933,
          196.1271250000003,
          196.33412499999991
        ],
        "error": ""
      },
      {
        "opening_name": "italian_game",
        "opening_fen": "r1bqk1nr/pppp1ppp/2n5/2b1p3/2B1P3/5N2/PPPP1PPP/RNBQK2R w KQkq - 4 4",
        "result": "loss",
        "score_a": 0.0,
        "plies": 10,
        "adjudicated": false,
        "player_a_color": "white",
        "player_a_timeouts": 0,
        "player_b_timeouts": 0,
        "player_a_moves": 5,
        "player_b_moves": 5,
        "player_a_crashes": 0,
        "player_b_crashes": 0,
        "response_times_ms": [
          196.10429100000104,
          196.12020900000005,
          196.32695800000022,
          196.062916999999,
          196.2708329999998,
          196.106750000002,
          196.48616699999977,
          196.54408299999915,
          196.50191700000263,
          27.262624999998764
        ],
        "error": ""
      },
      {
        "opening_name": "italian_game",
        "opening_fen": "r1bqk1nr/pppp1ppp/2n5/2b1p3/2B1P3/5N2/PPPP1PPP/RNBQK2R w KQkq - 4 4",
        "result": "win",
        "score_a": 1.0,
        "plies": 10,
        "adjudicated": false,
        "player_a_color": "black",
        "player_a_timeouts": 0,
        "player_b_timeouts": 0,
        "player_a_moves": 5,
        "player_b_moves": 5,
        "player_a_crashes": 0,
        "player_b_crashes": 0,