{
  "feedback_source": "self_play",
  "summary": {
    "games": 16,
    "wins_a": 1,
    "losses_a": 1,
    "draws": 14,
    "score_a": 8.0,
    "mean_score_a": 0.5,
    "game_scores_a": [
      0.5,
      0.5,
      0.0,
      1.0,
      0.5,
      0.5,
      0.5,
      0.5,
      0.5,
      0.5,
      0.5,
      0.5,
      0.5,
      0.5,
      0.5,
      0.5
    ],
    "player_a_moves": 111,
    "player_b_moves": 111,
    "player_a_timeouts": 0,
    "player_b_timeouts": 0,
    "player_a_crashes": 0,
    "player_b_crashes": 0,
    "results": [
      {
        "opening_name": "startpos",
        "opening_fen": "rnbqkbnr/pppppppp/8/8/8/8/PPPPPPPP/RNBQKBNR w KQkq - 0 1",
        "result": "draw",
        "score_a": 0.5,
        "plies": 13,
        "adjudicated": false,
        "player_a_color": "white",
        "player_a_timeouts": 0,
        "player_b_timeouts": 0,
        "player_a_moves": 7,
        "player_b_moves": 6,
        "player_a_crashes": 0,
        "player_b_crashes": 0,
        "response_times_ms": [
          196.50604200000998,
          196.39075000000616,
          196.27091699999255,
          196.10304200000428,
          196.54324999999062,
          196.61704199998553,
          196.15483300000847,
          196.4528749999772,
          196.51237499999752,
          196.3089999999852,
          196.14012499999944,
          196.17404100000613,
          196.27479199999698
        ],
        "error": ""
      },
      {
        "opening_name": "startpos",
        "opening_fen": "rnbqkbnr/pppppppp/8/8/8/8/PPPPPPPP/RNBQKBNR w KQkq - 0 1",
        "result": "draw",
        "score_a": 0.5,
        "plies": 13,
        "adjudicated": false,
        "player_a_color": "black",
        "player_a_timeouts": 0,
        "player_b_timeouts": 0,
        "player_a_moves": 6,
        "player_b_moves": 7,
        "player_a_crashes": 0,
        "player_b_crashes": 0,
        "response_times_ms": [
          196.3618749999796,
          196.0710419999998,
          196.19720899999038,
          196.21033399999988,
          196.43945900000404,
          196.03737500000307,
          196.09612500002527,
          196.07779199998276,
          196.0480840000116,
          196.20266699999434,
          196.26212500000406,
          196.0816670000156,
          196.1858340000049
        ],
        "error": ""
      },
      {
        "opening_name": "queens_pawn",
        "opening_fen": "rnbqkbnr/ppp1pppp/8/3p4/3P4/8/PPP1PPPP/RNBQKBNR w KQkq - 0 2",
        "result": "loss",
        "score_a": 0.0,
        "plies": 20,
        "adjudicated": true,
        "player_a_color": "white",
        "player_a_timeouts": 0,
        "player_b_timeouts": 0,
        "player_a_moves": 10,
        "player_b_moves": 10,
        "player_a_crashes": 0,
        "player_b_crashes": 0,
        "response_times_ms": [
          196.1072080000008,
          196.04620900000214,
          196.5414590000023,
          196.42916700001933,
          196.0885000000019,
          196.3871250000011,
          196.087083000009,
          196.23654099999044,
          196.4081669999871,
          196.05204200001936,
          196.15083399997957,
          196.254166000017,
          196.64083299997515,
          196.46645800000329,
          196.09129099998768,
          196.0924170000169,
          196.24829199997862,
          196.12266699999736,
          196.14187499999503,
          196.22766699998806
        ],
        "error": ""
      },
      {
        "opening_name": "queens_pawn",
        "opening_fen": "rnbqkbnr/ppp1pppp/8/3p4/3P4/8/PPP1PPPP/RNBQKBNR w KQkq - 0 2",
        "result": "win",
        "score_a": 1.0,
        "plies": 20,
        "adjudicated": true,
        "player_a_color": "black",
        "player_a_timeouts": 0,
        "player_b_timeouts": 0,
        "player_a_moves": 10,
        "player_b_moves": 10,
        "player_a_crashes": 0,
        "player_b_crashes": 0,
        "response_times_ms": [
          196.17425000001276,
          196.2869579999733,
          196.56375000002413,
          196.07770899997945,
          196.2760410000044,
          196.1576250000121,
          196.53129099998523,
          196.1109169999986,
          196.34083300002203,
          196.22495800001616,
          196.38087499998846,
          196.46679100000597,
          196.25370800000042,
          196.227499999992,
          196.22849999998948,
          196.22462499998505,
          196.0889169999973,
          196.224041999983,
          196.23483300000544,
          196.1683330000028
        ],
        "error": ""
      },
      {
        "opening_name": "ruy_lopez",
        "opening_fen": "r1bqkbnr/pppp1ppp/2n5/1B2p3/4P3/5N2/PPPP1PPP/RNBQK2R b KQkq - 3 3",
        "result": "draw",
        "score_a": 0.5,
        "plies": 11,
        "adjudicated": false,
        "player_a_color": "white",
        "player_a_timeouts": 0,
        "player_b_timeouts": 0,
        "player_a_moves": 5,
        "player_b_moves": 6,
        "player_a_crashes": 0,
        "player_b_crashes": 0,
        "response_times_ms": [
          196.2754170000096,
          196.28641700001026,
          196.58304099999668,
          196.03737500000307,
          196.48325,
          196.67737500000726,
          196.20916700000635,
          196.15270899998904,
          196.54454200002647,
          196.08716700000173,
          196.39995800000065
        ],
        "error": ""
      },
      {
        "opening_name": "ruy_lopez",
        "opening_fen": "r1bqkbnr/pppp1ppp/2n5/1B2p3/4P3/5N2/PPPP1PPP/RNBQK2R b KQkq - 3 3",
        "result": "draw",
        "score_a": 0.5,
        "plies": 11,
        "adjudicated": false,
        "player_a_color": "black",
        "player_a_timeouts": 0,
        "player_b_timeouts": 0,
        "player_a_moves": 6,
        "player_b_moves": 5,
        "player_a_crashes": 0,
        "player_b_crashes": 0,
        "response_times_ms": [
          196.4703330000077,
          196.19849999997996,
          196.33841600000324,
          196.13674999999375,
          196.57929099997773,
          196.1456660000067,
          196.38837499999795,
          196.1705420000044,
          196.1479580000116,
          196.09529099997758,
          196.41050000001314
        ],
        "error": ""
      },
      {
        "opening_name": "italian_game",
        "opening_fen": "r1bqk1nr/pppp1ppp/2n5/2b1p3/2B1P3/5N2/PPPP1PPP/RNBQK2R w KQkq - 4 4",
        "result": "draw",
        "score_a": 0.5,
        "plies": 11,
        "adjudicated": false,
        "player_a_color": "white",
        "player_a_timeouts": 0,
        "player_b_timeouts": 0,
        "player_a_moves": 6,
        "player_b_moves": 5,
        "player_a_crashes": 0,
        "player_b_crashes": 0,
        "response_times_ms": [
          196.22729200000322,
          196.4838749999842,
          196.42208400000527,
          196.62862500001665,
          196.4247500000056,
          196.25366700000768,
          196.41137499999672,
          196.13250000000448,
          196.22950000001538,
          196.49479200000997,
          196.1772500000052
        ],
        "error": ""
      },
      {
        "opening_name": "italian_game",
        "opening_fen": "r1bqk1nr/pppp1ppp/2n5/2b1p3/2B1P3/5N2/PPPP1PPP/RNBQK2R w KQkq - 4 4",
        "result": "draw",
        "score_a": 0.5,
        "plies": 11,
        "adjudicated": false,
        "player_a_color": "black",
        "player_a_timeouts": 0,
        "player_b_timeouts": 0,
        "player_a_moves": 5,
        "player_b_moves": 6,
        "player_a_crashes": 0,
        "player_b_crashes": 0,
        "response_times_ms": [
          196.60799999999767,
          196.094458999994,
          196.13845800000718,
          196.20612500000334,
          196.57754100001057,
          196.41662499998347,
          196.4983340000117,
          196.2721669999894,
          196.0703749999766,
          196.35062499997957,
          196.32370900001206
        ],