{
  "feedback_source": "self_play",
  "summary": {
    "games": 16,
    "wins_a": 2,
    "losses_a": 1,
    "draws": 13,
    "score_a": 8.5,
    "mean_score_a": 0.53125,
    "game_scores_a": [
      0.5,
      0.5,
      0.0,
      1.0,
      0.5,
      0.5,
      0.5,
      0.5,
      1.0,
      0.5,
      0.5,
      0.5,
      0.5,
      0.5,
      0.5,
      0.5
    ],
    "player_a_moves": 122,
    "player_b_moves": 122,
    "player_a_timeouts": 0,
    "player_b_timeouts": 0,
    "player_a_crashes": 0,
    "player_b_crashes": 0,
    "results": [
      {
        "opening_name": "startpos",
        "opening_fen": "rnbqkbnr/pppppppp/8/8/8/8/PPPPPPPP/RNBQKBNR w KQkq - 0 1",
        "result": "draw",
        "score_a": 0.5,
        "plies": 13,
        "adjudicated": false,
        "player_a_color": "white",
        "player_a_timeouts": 0,
        "player_b_timeouts": 0,
        "player_a_moves": 7,
        "player_b_moves": 6,
        "player_a_crashes": 0,
        "player_b_crashes": 0,
        "response_times_ms": [
          196.19795800000003,
          196.10250000000002,
          196.26366700000008,
          196.10845799999998,
          196.373291,
          196.30145900000008,
          196.07770800000003,
          196.59629199999995,
          196.30183300000016,
          196.24491599999993,
          196.0391250000004,
          196.25429199999988,
          196.221333
        ],
        "error": ""
      },
      {
        "opening_name": "startpos",
        "opening_fen": "rnbqkbnr/pppppppp/8/8/8/8/PPPPPPPP/RNBQKBNR w KQkq - 0 1",
        "result": "draw",
        "score_a": 0.5,
        "plies": 13,
        "adjudicated": false,
        "player_a_color": "black",
        "player_a_timeouts": 0,
        "player_b_timeouts": 0,
        "player_a_moves": 6,
        "player_b_moves": 7,
        "player_a_crashes": 0,
        "player_b_crashes": 0,
        "response_times_ms": [
          196.14258299999986,
          196.25499999999985,
          196.52512499999997,
          196.07316599999967,
          196.38066600000005,
          196.0668750000001,
          196.60625000000033,
          196.28487499999991,
          196.7577500000006,
          196.15520799999953,
          196.16833300000013,
          196.36991700000016,
          196.70741600000065
        ],
        "error": ""
      },
      {
        "opening_name": "queens_pawn",
        "opening_fen": "rnbqkbnr/ppp1pppp/8/3p4/3P4/8/PPP1PPPP/RNBQKBNR w KQkq - 0 2",
        "result": "loss",
        "score_a": 0.0,
        "plies": 20,
        "adjudicated": true,
        "player_a_color": "white",
        "player_a_timeouts": 0,
        "player_b_timeouts": 0,
        "player_a_moves": 10,
        "player_b_moves": 10,
        "player_a_crashes": 0,
        "player_b_crashes": 0,
        "response_times_ms": [
          196.41379100000034,
          196.46204200000028,
          196.1308750000006,
          196.36954199999934,
          196.26949999999965,
          196.19733300000064,
          196.22079200000007,
          196.20775000000012,
          196.2156249999998,
          196.0866250000004,
          196.64941599999963,
          196.21975000000003,
          196.04687499999952,
          196.07870799999995,
          196.0686669999987,
          196.24145799999937,
          196.3841669999997,
          196.17095800000152,
          196.20549999999957,
          196.10508299999907
        ],
        "error": ""
      },
      {
        "opening_name": "queens_pawn",
        "opening_fen": "rnbqkbnr/ppp1pppp/8/3p4/3P4/8/PPP1PPPP/RNBQKBNR w KQkq - 0 2",
        "result": "win",
        "score_a": 1.0,
        "plies": 20,
        "adjudicated": true,
        "player_a_color": "black",
        "player_a_timeouts": 0,
        "player_b_timeouts": 0,
        "player_a_moves": 10,
        "player_b_moves": 10,
        "player_a_crashes": 0,
        "player_b_crashes": 0,
        "response_times_ms": [
          196.44891699999965,
          196.22612499999903,
          196.05579200000102,
          196.71587499999887,
          196.33829200000008,
          196.23333300000036,
          196.64187500000097,
          196.3934580000011,
          196.2074170000001,
          196.12108299999954,
          196.70625000000007,
          196.02433300000044,
          196.11404099999953,
          196.21524999999986,
          196.03387499999945,
          196.11429200000075,
          196.12495799999863,
          196.04495899999995,
          196.07433399999863,
          196.2624169999998
        ],
        "error": ""
      },
      {
        "opening_name": "ruy_lopez",
        "opening_fen": "r1bqkbnr/pppp1ppp/2n5/1B2p3/4P3/5N2/PPPP1PPP/RNBQK2R b KQkq - 3 3",
        "result": "draw",
        "score_a": 0.5,
        "plies": 17,
        "adjudicated": false,
        "player_a_color": "white",
        "player_a_timeouts": 0,
        "player_b_timeouts": 0,
        "player_a_moves": 8,
        "player_b_moves": 9,
        "player_a_crashes": 0,
        "player_b_crashes": 0,
        "response_times_ms": [
          196.45745800000114,
          196.23799999999926,
          196.4971250000005,
          196.1758749999998,
          196.28341700000007,
          196.13362499999988,
          196.20445800000041,
          196.22566600000013,
          196.62549999999968,
          196.21554199999912,
          196.1897499999985,
          196.09262500000034,
          196.4317080000004,
          196.66383400000063,
          196.15895799999805,
          196.11616700000312,
          196.22012499999997
        ],
        "error": ""
      },
      {
        "opening_name": "ruy_lopez",
        "opening_fen": "r1bqkbnr/pppp1ppp/2n5/1B2p3/4P3/5N2/PPPP1PPP/RNBQK2R b KQkq - 3 3",
        "result": "draw",
        "score_a": 0.5,
        "plies": 17,
        "adjudicated": false,
        "player_a_color": "black",
        "player_a_timeouts": 0,
        "player_b_timeouts": 0,
        "player_a_moves": 9,
        "player_b_moves": 8,
        "player_a_crashes": 0,
        "player_b_crashes": 0,
        "response_times_ms": [
          196.53933400000057,
          196.51350000000178,
          196.13704200000015,
          196.139917,
          196.44545899999954,
          196.41208299999846,
          196.3060409999997,
          196.08979099999857,
          196.11983299999736,
          196.22191700000258,
          196.29554200000143,
          196.17295799999823,
          196.19937500000262,
          196.23879199999905,
          196.07699999999895,
          196.16666699999996,
          196.50274999999695
        ],
        "error": ""
      },
      {
        "opening_name": "italian_game",
        "opening_fen": "r1bqk1nr/pppp1ppp/2n5/2b1p3/2B1P3/5N2/PPPP1PPP/RNBQK2R w KQkq - 4 4",
        "result": "draw",
        "score_a": 0.5,
        "plies": 11,
        "adjudicated": false,
        "player_a_color": "white",
        "player_a_timeouts": 0,
        "player_b_timeouts": 0,
        "player_a_moves": 6,
        "player_b_moves": 5,
        "player_a_crashes": 0,
        "player_b_crashes": 0,
        "response_times_ms": [
          196.10870800000058,
          196.34862499999883,
          196.2048749999994,
          196.54112499999954,
          196.05187499999843,
          196.1112920000012,
          196.31970900000084,
          196.73204200000072,
          196.0665420000005,
          196.38295800000094,
          196.161625000002
        ],
        "error": ""
      },
      {
        "opening_name": "italian_game",
        "opening_fen": "r1bqk1nr/pppp1ppp/2n5/2b1p3/2B1P3/5N2/PPPP1PPP/RNBQK2R w KQkq - 4 4",
        "result": "draw",
        "score_a": 0.5,
        "plies": 11,
        "adjudicated": false,
        "player_a_color": "black",
        "player_a_timeouts": 0,
        "player_b_timeouts": 0,
        "player_a_moves": 5,
        "player_b_moves": 6,
        "player_a_crashes": 0,
        "player_b_crashes": 0,