{
  "feedback_source": "self_play",
  "summary": {
    "games": 16,
    "wins_a": 2,
    "losses_a": 2,
    "draws": 12,
    "score_a": 8.0,
    "mean_score_a": 0.5,
    "game_scores_a": [
      0.5,
      0.5,
      0.0,
      1.0,
      0.5,
      0.5,
      0.5,
      0.5,
      1.0,
      0.0,
      0.5,
      0.5,
      0.5,
      0.5,
      0.5,
      0.5
    ],
    "player_a_moves": 121,
    "player_b_moves": 121,
    "player_a_timeouts": 0,
    "player_b_timeouts": 0,
    "player_a_crashes": 0,
    "player_b_crashes": 0,
    "results": [
      {
        "opening_name": "startpos",
        "opening_fen": "rnbqkbnr/pppppppp/8/8/8/8/PPPPPPPP/RNBQKBNR w KQkq - 0 1",
        "result": "draw",
        "score_a": 0.5,
        "plies": 13,
        "adjudicated": false,
        "player_a_color": "white",
        "player_a_timeouts": 0,
        "player_b_timeouts": 0,
        "player_a_moves": 7,
        "player_b_moves": 6,
        "player_a_crashes": 0,
        "player_b_crashes": 0,
        "response_times_ms": [
          196.06333400000153,
          196.29125000000158,
          196.19525000000237,
          196.26604199999065,
          196.55745899999033,
          196.21979199999373,
          196.11216699999545,
          196.24841699999251,
          196.5330829999914,
          196.2621659999968,
          196.4729589999905,
          196.2155829999972,
          196.25020799999504
        ],
        "error": ""
      },
      {
        "opening_name": "startpos",
        "opening_fen": "rnbqkbnr/pppppppp/8/8/8/8/PPPPPPPP/RNBQKBNR w KQkq - 0 1",
        "result": "draw",
        "score_a": 0.5,
        "plies": 13,
        "adjudicated": false,
        "player_a_color": "black",
        "player_a_timeouts": 0,
        "player_b_timeouts": 0,
        "player_a_moves": 6,
        "player_b_moves": 7,
        "player_a_crashes": 0,
        "player_b_crashes": 0,
        "response_times_ms": [
          196.45708400000217,
          196.08075000000724,
          196.04825000000403,
          196.23383300000796,
          196.23895899999866,
          196.18074999999635,
          196.22608400000274,
          196.07100000000344,
          196.07320900000502,
          196.40920899999514,
          196.20937499999513,
          196.0462079999985,
          196.36066700000754
        ],
        "error": ""
      },
      {
        "opening_name": "queens_pawn",
        "opening_fen": "rnbqkbnr/ppp1pppp/8/3p4/3P4/8/PPP1PPPP/RNBQKBNR w KQkq - 0 2",
        "result": "loss",
        "score_a": 0.0,
        "plies": 20,
        "adjudicated": true,
        "player_a_color": "white",
        "player_a_timeouts": 0,
        "player_b_timeouts": 0,
        "player_a_moves": 10,
        "player_b_moves": 10,
        "player_a_crashes": 0,
        "player_b_crashes": 0,
        "response_times_ms": [
          196.27370799999255,
          196.38500000000647,
          196.4556249999987,
          196.4939580000049,
          196.73445800000877,
          196.30787500000224,
          196.0466669999903,
          196.04012500001033,
          196.05349999999078,
          196.17116599999918,
          196.46941700000298,
          196.30149999998991,
          196.17974999999888,
          196.02933299999847,
          196.07308400000534,
          196.23179100000243,
          196.12070899999878,
          196.04662499999392,
          196.07429100000218,
          196.05366700000104
        ],
        "error": ""
      },
      {
        "opening_name": "queens_pawn",
        "opening_fen": "rnbqkbnr/ppp1pppp/8/3p4/3P4/8/PPP1PPPP/RNBQKBNR w KQkq - 0 2",
        "result": "win",
        "score_a": 1.0,
        "plies": 20,
        "adjudicated": true,
        "player_a_color": "black",
        "player_a_timeouts": 0,
        "player_b_timeouts": 0,
        "player_a_moves": 10,
        "player_b_moves": 10,
        "player_a_crashes": 0,
        "player_b_crashes": 0,
        "response_times_ms": [
          196.27295800000866,
          196.3064999999915,
          196.21787499998788,
          196.36645799999997,
          196.56966699999145,
          196.31070900000225,
          196.3329159999887,
          196.34037500000545,
          196.38266699999463,
          196.33945799999708,
          196.20920799999908,
          196.04166700000292,
          196.3033749999994,
          196.1954159999948,
          196.10816700000555,
          196.04345799999123,
          196.11604199999988,
          196.06883400000186,
          196.2433329999982,
          196.04808299999377
        ],
        "error": ""
      },
      {
        "opening_name": "ruy_lopez",
        "opening_fen": "r1bqkbnr/pppp1ppp/2n5/1B2p3/4P3/5N2/PPPP1PPP/RNBQK2R b KQkq - 3 3",
        "result": "draw",
        "score_a": 0.5,
        "plies": 17,
        "adjudicated": false,
        "player_a_color": "white",
        "player_a_timeouts": 0,
        "player_b_timeouts": 0,
        "player_a_moves": 8,
        "player_b_moves": 9,
        "player_a_crashes": 0,
        "player_b_crashes": 0,
        "response_times_ms": [
          196.0297500000081,
          196.52899999999818,
          196.19799999999543,
          196.4005410000027,
          196.50291700000366,
          196.45320800000832,
          196.09833399999843,
          196.1283750000007,
          196.33937499999377,
          196.1027919999907,
          196.56545800000913,
          196.14204099998744,
          196.25833399999237,
          196.35487499999726,
          196.1244159999893,
          196.05449999998825,
          196.4387080000023
        ],
        "error": ""
      },
      {
        "opening_name": "ruy_lopez",
        "opening_fen": "r1bqkbnr/pppp1ppp/2n5/1B2p3/4P3/5N2/PPPP1PPP/RNBQK2R b KQkq - 3 3",
        "result": "draw",
        "score_a": 0.5,
        "plies": 17,
        "adjudicated": false,
        "player_a_color": "black",
        "player_a_timeouts": 0,
        "player_b_timeouts": 0,
        "player_a_moves": 9,
        "player_b_moves": 8,
        "player_a_crashes": 0,
        "player_b_crashes": 0,
        "response_times_ms": [
          196.33966700000371,
          196.64233299999978,
          196.13966699999708,
          196.17658299999619,
          196.5149170000018,
          196.0894159999924,
          196.2037090000024,
          196.08225000000346,
          196.20979199999056,
          196.02666699999816,
          196.1929590000011,
          196.2382499999933,
          196.1591249999941,
          196.22254099999736,
          196.25074999999015,
          196.19875000000775,
          196.225333000001
        ],
        "error": ""
      },
      {
        "opening_name": "italian_game",
        "opening_fen": "r1bqk1nr/pppp1ppp/2n5/2b1p3/2B1P3/5N2/PPPP1PPP/RNBQK2R w KQkq - 4 4",
        "result": "draw",
        "score_a": 0.5,
        "plies": 11,
        "adjudicated": false,
        "player_a_color": "white",
        "player_a_timeouts": 0,
        "player_b_timeouts": 0,
        "player_a_moves": 6,
        "player_b_moves": 5,
        "player_a_crashes": 0,
        "player_b_crashes": 0,
        "response_times_ms": [
          196.55937499999254,
          196.49491700000965,
          196.22950000000117,
          196.183750000003,
          196.31862500000352,
          196.0720000000009,
          196.4049170000095,
          196.05341599999804,
          196.03775000000212,
          196.40541700000824,
          196.07041700000138
        ],
        "error": ""
      },
      {
        "opening_name": "italian_game",
        "opening_fen": "r1bqk1nr/pppp1ppp/2n5/2b1p3/2B1P3/5N2/PPPP1PPP/RNBQK2R w KQkq - 4 4",
        "result": "draw",
        "score_a": 0.5,
        "plies": 11,
        "adjudicated": false,
        "player_a_color": "black",
        "player_a_timeouts": 0,
        "player_b_timeouts": 0,
        "player_a_moves": 5,
        "player_b_moves": 6,
        "player_a_crashes": 0,
        "player_b_crashes": 0,