{
  "feedback_source": "self_play",
  "summary": {
    "games": 16,
    "wins_a": 2,
    "losses_a": 2,
    "draws": 12,
    "score_a": 8.0,
    "mean_score_a": 0.5,
    "game_scores_a": [
      0.5,
      0.5,
      0.0,
      1.0,
      0.5,
      0.5,
      0.5,
      0.5,
      1.0,
      0.0,
      0.5,
      0.5,
      0.5,
      0.5,
      0.5,
      0.5
    ],
    "player_a_moves": 121,
    "player_b_moves": 121,
    "player_a_timeouts": 0,
    "player_b_timeouts": 0,
    "player_a_crashes": 0,
    "player_b_crashes": 0,
    "results": [
      {
        "opening_name": "startpos",
        "opening_fen": "rnbqkbnr/pppppppp/8/8/8/8/PPPPPPPP/RNBQKBNR w KQkq - 0 1",
        "result": "draw",
        "score_a": 0.5,
        "plies": 13,
        "adjudicated": false,
        "player_a_color": "white",
        "player_a_timeouts": 0,
        "player_b_timeouts": 0,
        "player_a_moves": 7,
        "player_b_moves": 6,
        "player_a_crashes": 0,
        "player_b_crashes": 0,
        "response_times_ms": [
          196.09354100001042,
          196.13087499999438,
          196.04616699999156,
          196.4150830000051,
          196.11983300001157,
          196.2341249999895,
          196.15070800000467,
          196.36937499998908,
          196.83762500000057,
          196.4424999999892,
          196.27249999999208,
          196.24199999998382,
          196.39366699999528
        ],
        "error": ""
      },
      {
        "opening_name": "startpos",
        "opening_fen": "rnbqkbnr/pppppppp/8/8/8/8/PPPPPPPP/RNBQKBNR w KQkq - 0 1",
        "result": "draw",
        "score_a": 0.5,
        "plies": 13,
        "adjudicated": false,
        "player_a_color": "black",
        "player_a_timeouts": 0,
        "player_b_timeouts": 0,
        "player_a_moves": 6,
        "player_b_moves": 7,
        "player_a_crashes": 0,
        "player_b_crashes": 0,
        "response_times_ms": [
          196.37129200000913,
          196.16495900001496,
          196.21512500000904,
          196.24958299999662,
          196.24729100002014,
          196.20166600000744,
          196.15391700000373,
          196.20950000000903,
          196.3822499999992,
          196.28279199997678,
          196.26158299999474,
          196.22104100000115,
          196.47650000001704
        ],
        "error": ""
      },
      {
        "opening_name": "queens_pawn",
        "opening_fen": "rnbqkbnr/ppp1pppp/8/3p4/3P4/8/PPP1PPPP/RNBQKBNR w KQkq - 0 2",
        "result": "loss",
        "score_a": 0.0,
        "plies": 20,
        "adjudicated": true,
        "player_a_color": "white",
        "player_a_timeouts": 0,
        "player_b_timeouts": 0,
        "player_a_moves": 10,
        "player_b_moves": 10,
        "player_a_crashes": 0,
        "player_b_crashes": 0,
        "response_times_ms": [
          196.53491700000814,
          196.04408300000387,
          196.26016699999127,
          196.64533400001005,
          196.19583299999022,
          196.4185840000141,
          196.08012500000882,
          196.23375000000465,
          196.44512499999678,
          196.12787500000195,
          196.12554200000432,
          196.04920800000514,
          196.13425000000007,
          196.20466599999986,
          196.09804099999906,
          196.1350830000015,
          196.27708400000188,
          196.09062500001073,
          196.43616600001224,
          196.0308330000089
        ],
        "error": ""
      },
      {
        "opening_name": "queens_pawn",
        "opening_fen": "rnbqkbnr/ppp1pppp/8/3p4/3P4/8/PPP1PPPP/RNBQKBNR w KQkq - 0 2",
        "result": "win",
        "score_a": 1.0,
        "plies": 20,
        "adjudicated": true,
        "player_a_color": "black",
        "player_a_timeouts": 0,
        "player_b_timeouts": 0,
        "player_a_moves": 10,
        "player_b_moves": 10,
        "player_a_crashes": 0,
        "player_b_crashes": 0,
        "response_times_ms": [
          196.61029200000257,
          196.66712500000472,
          196.18620899998973,
          196.0426670000004,
          196.16854199998102,
          196.27379100001008,
          196.58095799999842,
          196.13695799998254,
          196.2725409999848,
          196.50829100001488,
          196.04033399997434,
          196.04808299999377,
          196.2410410000075,
          196.19362500000648,
          196.22583399998916,
          196.20187500001407,
          196.13862500000323,
          196.29212499998516,
          196.09091699999226,
          196.09816600001295
        ],
        "error": ""
      },
      {
        "opening_name": "ruy_lopez",
        "opening_fen": "r1bqkbnr/pppp1ppp/2n5/1B2p3/4P3/5N2/PPPP1PPP/RNBQK2R b KQkq - 3 3",
        "result": "draw",
        "score_a": 0.5,
        "plies": 17,
        "adjudicated": false,
        "player_a_color": "white",
        "player_a_timeouts": 0,
        "player_b_timeouts": 0,
        "player_a_moves": 8,
        "player_b_moves": 9,
        "player_a_crashes": 0,
        "player_b_crashes": 0,
        "response_times_ms": [
          196.03454100001727,
          196.42095800000448,
          196.16329100000485,
          196.0795829999995,
          196.18629199999305,
          196.36641599998939,
          196.17670900001372,
          196.14445799999203,
          196.3677500000074,
          196.25099999998952,
          196.36937499998908,
          196.193916999988,
          196.50095800000145,
          196.18262500000583,
          196.52158300002043,
          196.09112500000947,
          196.4359170000023
        ],
        "error": ""
      },
      {
        "opening_name": "ruy_lopez",
        "opening_fen": "r1bqkbnr/pppp1ppp/2n5/1B2p3/4P3/5N2/PPPP1PPP/RNBQK2R b KQkq - 3 3",
        "result": "draw",
        "score_a": 0.5,
        "plies": 17,
        "adjudicated": false,
        "player_a_color": "black",
        "player_a_timeouts": 0,
        "player_b_timeouts": 0,
        "player_a_moves": 9,
        "player_b_moves": 8,
        "player_a_crashes": 0,
        "player_b_crashes": 0,
        "response_times_ms": [
          196.12841600002184,
          196.50237499999434,
          196.10700000001202,
          196.08154200000172,
          196.71420899999248,
          196.15708300000279,
          196.1726659999954,
          196.15429199998857,
          196.31862500000352,
          196.23262499999328,
          196.2399579999783,
          196.58712500000775,
          196.50658300000146,
          196.02574999998978,
          196.19129200000884,
          196.09804099999906,
          196.76829099998372
        ],
        "error": ""
      },
      {
        "opening_name": "italian_game",
        "opening_fen": "r1bqk1nr/pppp1ppp/2n5/2b1p3/2B1P3/5N2/PPPP1PPP/RNBQK2R w KQkq - 4 4",
        "result": "draw",
        "score_a": 0.5,
        "plies": 11,
        "adjudicated": false,
        "player_a_color": "white",
        "player_a_timeouts": 0,
        "player_b_timeouts": 0,
        "player_a_moves": 6,
        "player_b_moves": 5,
        "player_a_crashes": 0,
        "player_b_crashes": 0,
        "response_times_ms": [
          196.21279099999356,
          196.13337499998806,
          196.2327079999966,
          196.0606670000118,
          196.46800000001008,
          196.1899169999981,
          196.16579199998796,
          196.14904200000183,
          196.45662499999617,
          196.19466700001453,
          196.14550000000008
        ],
        "error": ""
      },
      {
        "opening_name": "italian_game",
        "opening_fen": "r1bqk1nr/pppp1ppp/2n5/2b1p3/2B1P3/5N2/PPPP1PPP/RNBQK2R w KQkq - 4 4",
        "result": "draw",
        "score_a": 0.5,
        "plies": 11,
        "adjudicated": false,
        "player_a_color": "black",
        "player_a_timeouts": 0,
        "player_b_timeouts": 0,
        "player_a_moves": 5,
        "player_b_moves": 6,
        "player_a_crashes": 0,
        "player_b_crashes": 0,