{
  "feedback_source": "self_play",
  "summary": {
    "games": 16,
    "wins_a": 2,
    "losses_a": 2,
    "draws": 12,
    "score_a": 8.0,
    "mean_score_a": 0.5,
    "game_scores_a": [
      0.5,
      0.5,
      0.0,
      1.0,
      0.5,
      0.5,
      0.5,
      0.5,
      1.0,
      0.0,
      0.5,
      0.5,
      0.5,
      0.5,
      0.5,
      0.5
    ],
    "player_a_moves": 121,
    "player_b_moves": 121,
    "player_a_timeouts": 0,
    "player_b_timeouts": 0,
    "player_a_crashes": 0,
    "player_b_crashes": 0,
    "results": [
      {
        "opening_name": "startpos",
        "opening_fen": "rnbqkbnr/pppppppp/8/8/8/8/PPPPPPPP/RNBQKBNR w KQkq - 0 1",
        "result": "draw",
        "score_a": 0.5,
        "plies": 13,
        "adjudicated": false,
        "player_a_color": "white",
        "player_a_timeouts": 0,
        "player_b_timeouts": 0,
        "player_a_moves": 7,
        "player_b_moves": 6,
        "player_a_crashes": 0,
        "player_b_crashes": 0,
        "response_times_ms": [
          197.80275000000003,
          196.06829200000004,
          196.180083,
          196.250916,
          196.11395799999997,
          196.20066700000004,
          196.0653750000001,
          196.2139169999999,
          196.17983299999975,
          196.28529100000014,
          196.719458,
          196.1486670000001,
          196.5670839999998
        ],
        "error": ""
      },
      {
        "opening_name": "startpos",
        "opening_fen": "rnbqkbnr/pppppppp/8/8/8/8/PPPPPPPP/RNBQKBNR w KQkq - 0 1",
        "result": "draw",
        "score_a": 0.5,
        "plies": 13,
        "adjudicated": false,
        "player_a_color": "black",
        "player_a_timeouts": 0,
        "player_b_timeouts": 0,
        "player_a_moves": 6,
        "player_b_moves": 7,
        "player_a_crashes": 0,
        "player_b_crashes": 0,
        "response_times_ms": [
          196.28408399999975,
          196.382791,
          196.24395800000016,
          196.17670799999988,
          196.18525000000008,
          196.19320799999994,
          196.69329099999987,
          196.38766600000056,
          196.04183299999977,
          196.1994589999998,
          196.3962920000002,
          196.40708300000043,
          196.08979200000044
        ],
        "error": ""
      },
      {
        "opening_name": "queens_pawn",
        "opening_fen": "rnbqkbnr/ppp1pppp/8/3p4/3P4/8/PPP1PPPP/RNBQKBNR w KQkq - 0 2",
        "result": "loss",
        "score_a": 0.0,
        "plies": 20,
        "adjudicated": true,
        "player_a_color": "white",
        "player_a_timeouts": 0,
        "player_b_timeouts": 0,
        "player_a_moves": 10,
        "player_b_moves": 10,
        "player_a_crashes": 0,
        "player_b_crashes": 0,
        "response_times_ms": [
          196.05508300000008,
          196.42224999999945,
          196.64862499999992,
          196.28966699999938,
          196.12033299999965,
          196.24249999999944,
          196.12950000000052,
          196.23604199999977,
          196.2446660000001,
          196.3032499999997,
          196.23570900000064,
          196.1932080000004,
          196.06762500000042,
          196.10020799999984,
          196.22558400000045,
          196.02383400000002,
          196.26229100000003,
          196.17195800000076,
          196.22058300000054,
          196.07612499999937
        ],
        "error": ""
      },
      {
        "opening_name": "queens_pawn",
        "opening_fen": "rnbqkbnr/ppp1pppp/8/3p4/3P4/8/PPP1PPPP/RNBQKBNR w KQkq - 0 2",
        "result": "win",
        "score_a": 1.0,
        "plies": 20,
        "adjudicated": true,
        "player_a_color": "black",
        "player_a_timeouts": 0,
        "player_b_timeouts": 0,
        "player_a_moves": 10,
        "player_b_moves": 10,
        "player_a_crashes": 0,
        "player_b_crashes": 0,
        "response_times_ms": [
          196.10924999999924,
          196.2825000000006,
          196.5375000000016,
          196.59145800000033,
          196.1464580000012,
          196.36633300000028,
          196.30149999999878,
          196.18937500000123,
          196.10762499999979,
          196.20466699999994,
          196.59295900000018,
          196.04333300000042,
          196.17029199999968,
          196.09633299999985,
          196.04187500000057,
          196.09433299999955,
          196.65491700000004,
          196.31766699999886,
          196.53883299999995,
          196.18945800000097
        ],
        "error": ""
      },
      {
        "opening_name": "ruy_lopez",
        "opening_fen": "r1bqkbnr/pppp1ppp/2n5/1B2p3/4P3/5N2/PPPP1PPP/RNBQK2R b KQkq - 3 3",
        "result": "draw",
        "score_a": 0.5,
        "plies": 17,
        "adjudicated": false,
        "player_a_color": "white",
        "player_a_timeouts": 0,
        "player_b_timeouts": 0,
        "player_a_moves": 8,
        "player_b_moves": 9,
        "player_a_crashes": 0,
        "player_b_crashes": 0,
        "response_times_ms": [
          196.1796249999992,
          196.15149999999915,
          196.51762500000024,
          196.1776670000006,
          196.23499999999973,
          196.0526250000001,
          196.16737499999994,
          196.26075000000043,
          196.47733399999902,
          196.18437499999965,
          196.04924999999974,
          196.06216699999914,
          196.06462499999998,
          196.4936660000003,
          196.1615419999987,
          196.35024999999828,
          196.11991600000067
        ],
        "error": ""
      },
      {
        "opening_name": "ruy_lopez",
        "opening_fen": "r1bqkbnr/pppp1ppp/2n5/1B2p3/4P3/5N2/PPPP1PPP/RNBQK2R b KQkq - 3 3",
        "result": "draw",
        "score_a": 0.5,
        "plies": 17,
        "adjudicated": false,
        "player_a_color": "black",
        "player_a_timeouts": 0,
        "player_b_timeouts": 0,
        "player_a_moves": 9,
        "player_b_moves": 8,
        "player_a_crashes": 0,
        "player_b_crashes": 0,
        "response_times_ms": [
          196.1512919999997,
          196.4324590000004,
          196.04550000000032,
          196.03200000000243,
          196.0961250000004,
          196.34991599999907,
          196.34320799999827,
          196.1270000000006,
          196.29045900000008,
          196.41037499999925,
          196.03904100000236,
          196.0326660000007,
          196.53833299999945,
          196.1371249999999,
          196.49304200000017,
          196.08570900000188,
          196.48741700000016
        ],
        "error": ""
      },
      {
        "opening_name": "italian_game",
        "opening_fen": "r1bqk1nr/pppp1ppp/2n5/2b1p3/2B1P3/5N2/PPPP1PPP/RNBQK2R w KQkq - 4 4",
        "result": "draw",
        "score_a": 0.5,
        "plies": 11,
        "adjudicated": false,
        "player_a_color": "white",
        "player_a_timeouts": 0,
        "player_b_timeouts": 0,
        "player_a_moves": 6,
        "player_b_moves": 5,
        "player_a_crashes": 0,
        "player_b_crashes": 0,
        "response_times_ms": [
          196.09454200000087,
          196.19612500000017,
          196.02262500000123,
          196.40616699999924,
          196.50137500000042,
          196.4630000000014,
          196.13870799999944,
          196.2182499999976,
          196.11458400000004,
          196.09604200000064,
          196.23991699999976
        ],
        "error": ""
      },
      {
        "opening_name": "italian_game",
        "opening_fen": "r1bqk1nr/pppp1ppp/2n5/2b1p3/2B1P3/5N2/PPPP1PPP/RNBQK2R w KQkq - 4 4",
        "result": "draw",
        "score_a": 0.5,
        "plies": 11,
        "adjudicated": false,
        "player_a_color": "black",
        "player_a_timeouts": 0,
        "player_b_timeouts": 0,
        "player_a_moves": 5,
        "player_b_moves": 6,
        "player_a_crashes": 0,
        "player_b_crashes": 0,