{
  "feedback_source": "self_play",
  "summary": {
    "games": 16,
    "wins_a": 3,
    "losses_a": 2,
    "draws": 11,
    "score_a": 8.5,
    "mean_score_a": 0.53125,
    "game_scores_a": [
      0.5,
      0.5,
      0.5,
      1.0,
      0.5,
      0.5,
      0.0,
      1.0,
      1.0,
      0.0,
      0.5,
      0.5,
      0.5,
      0.5,
      0.5,
      0.5
    ],
    "player_a_moves": 118,
    "player_b_moves": 117,
    "player_a_timeouts": 0,
    "player_b_timeouts": 0,
    "player_a_crashes": 0,
    "player_b_crashes": 0,
    "results": [
      {
        "opening_name": "startpos",
        "opening_fen": "rnbqkbnr/pppppppp/8/8/8/8/PPPPPPPP/RNBQKBNR w KQkq - 0 1",
        "result": "draw",
        "score_a": 0.5,
        "plies": 13,
        "adjudicated": false,
        "player_a_color": "white",
        "player_a_timeouts": 0,
        "player_b_timeouts": 0,
        "player_a_moves": 7,
        "player_b_moves": 6,
        "player_a_crashes": 0,
        "player_b_crashes": 0,
        "response_times_ms": [
          196.12833300001853,
          196.07012500000565,
          196.57208300000661,
          196.0840419999954,
          196.08470800000077,
          196.2698749999845,
          196.39216699999906,
          196.0755000000063,
          196.0834170000112,
          196.23537499998633,
          196.2459160000094,
          196.47079099999587,
          196.53637499999377
        ],
        "error": ""
      },
      {
        "opening_name": "startpos",
        "opening_fen": "rnbqkbnr/pppppppp/8/8/8/8/PPPPPPPP/RNBQKBNR w KQkq - 0 1",
        "result": "draw",
        "score_a": 0.5,
        "plies": 13,
        "adjudicated": false,
        "player_a_color": "black",
        "player_a_timeouts": 0,
        "player_b_timeouts": 0,
        "player_a_moves": 6,
        "player_b_moves": 7,
        "player_a_crashes": 0,
        "player_b_crashes": 0,
        "response_times_ms": [
          196.1759589999872,
          196.37908400000015,
          196.24187499999834,
          196.20279200000823,
          196.14595799998824,
          196.38870899999006,
          196.26833300000612,
          196.2627080000061,
          196.12524999999437,
          196.45199999999363,
          196.27741700000456,
          196.26758300000802,
          196.2220830000092
        ],
        "error": ""
      },
      {
        "opening_name": "queens_pawn",
        "opening_fen": "rnbqkbnr/ppp1pppp/8/3p4/3P4/8/PPP1PPPP/RNBQKBNR w KQkq - 0 2",
        "result": "draw",
        "score_a": 0.5,
        "plies": 14,
        "adjudicated": false,
        "player_a_color": "white",
        "player_a_timeouts": 0,
        "player_b_timeouts": 0,
        "player_a_moves": 7,
        "player_b_moves": 7,
        "player_a_crashes": 0,
        "player_b_crashes": 0,
        "response_times_ms": [
          196.38883400000395,
          196.45783300001085,
          196.3677079999968,
          196.35724999997706,
          196.21587499997872,
          196.36791600001402,
          196.74858299998732,
          196.3300419999996,
          196.2268750000078,
          196.07037500000501,
          196.7484169999807,
          196.0717089999946,
          196.05745800001273,
          196.6304999999977
        ],
        "error": ""
      },
      {
        "opening_name": "queens_pawn",
        "opening_fen": "rnbqkbnr/ppp1pppp/8/3p4/3P4/8/PPP1PPPP/RNBQKBNR w KQkq - 0 2",
        "result": "win",
        "score_a": 1.0,
        "plies": 20,
        "adjudicated": true,
        "player_a_color": "black",
        "player_a_timeouts": 0,
        "player_b_timeouts": 0,
        "player_a_moves": 10,
        "player_b_moves": 10,
        "player_a_crashes": 0,
        "player_b_crashes": 0,
        "response_times_ms": [
          196.25216699998305,
          196.19133400001942,
          196.4117079999994,
          196.30854199999703,
          196.53179200000181,
          196.20583400001124,
          196.16704099999538,
          196.07708400002366,
          196.44320800000514,
          196.08108299999571,
          196.25500000000784,
          196.05358399999773,
          196.35037500000863,
          196.2483339999892,
          196.187416000015,
          196.45512499999995,
          196.31545800001504,
          196.20766700001013,
          196.05137499999614,
          196.1574169999949
        ],
        "error": ""
      },
      {
        "opening_name": "ruy_lopez",
        "opening_fen": "r1bqkbnr/pppp1ppp/2n5/1B2p3/4P3/5N2/PPPP1PPP/RNBQK2R b KQkq - 3 3",
        "result": "draw",
        "score_a": 0.5,
        "plies": 20,
        "adjudicated": true,
        "player_a_color": "white",
        "player_a_timeouts": 0,
        "player_b_timeouts": 0,
        "player_a_moves": 10,
        "player_b_moves": 10,
        "player_a_crashes": 0,
        "player_b_crashes": 0,
        "response_times_ms": [
          196.39933299998802,
          196.1458339999922,
          196.31362499998772,
          199.19808299999886,
          196.05462500001636,
          196.1969580000016,
          196.54158299999835,
          196.02999999997905,
          196.0954999999842,
          196.53925000000072,
          196.96645800001988,
          196.16754199998354,
          196.20675000001597,
          196.34891699999457,
          196.13687500000765,
          196.31500000002688,
          196.45904200001496,
          196.20529200000192,
          196.20491599999923,
          196.20691599999418
        ],
        "error": ""
      },
      {
        "opening_name": "ruy_lopez",
        "opening_fen": "r1bqkbnr/pppp1ppp/2n5/1B2p3/4P3/5N2/PPPP1PPP/RNBQK2R b KQkq - 3 3",
        "result": "draw",
        "score_a": 0.5,
        "plies": 15,
        "adjudicated": false,
        "player_a_color": "black",
        "player_a_timeouts": 0,
        "player_b_timeouts": 0,
        "player_a_moves": 8,
        "player_b_moves": 7,
        "player_a_crashes": 0,
        "player_b_crashes": 0,
        "response_times_ms": [
          196.5171669999961,
          196.32729200000654,
          196.24370799999724,
          196.12516699999105,
          196.48137499999052,
          196.04637499998034,
          196.24925000002236,
          196.48870800000395,
          196.25650000000405,
          196.41925000001947,
          196.24974999999267,
          196.14508300000466,
          196.39670800000886,
          196.47229200000993,
          196.18129199997725
        ],
        "error": ""
      },
      {
        "opening_name": "italian_game",
        "opening_fen": "r1bqk1nr/pppp1ppp/2n5/2b1p3/2B1P3/5N2/PPPP1PPP/RNBQK2R w KQkq - 4 4",
        "result": "loss",
        "score_a": 0.0,
        "plies": 10,
        "adjudicated": false,
        "player_a_color": "white",
        "player_a_timeouts": 0,
        "player_b_timeouts": 0,
        "player_a_moves": 5,
        "player_b_moves": 5,
        "player_a_crashes": 0,
        "player_b_crashes": 0,
        "response_times_ms": [
          196.1033339999858,
          196.52704099999596,
          196.05237500002204,
          196.16804100002128,
          196.52025000002027,
          196.10087500001327,
          196.2274170000171,
          196.1617079999769,
          196.40000000001123,
          27.13129200000708
        ],
        "error": ""
      },
      {
        "opening_name": "italian_game",
        "opening_fen": "r1bqk1nr/pppp1ppp/2n5/2b1p3/2B1P3/5N2/PPPP1PPP/RNBQK2R w KQkq - 4 4",
        "result": "win",
        "score_a": 1.0,
        "plies": 10,
        "adjudicated": false,
        "player_a_color": "black",
        "player_a_timeouts": 0,
        "player_b_timeouts": 0,
        "player_a_moves": 5,
        "player_b_moves": 5,
        "player_a_crashes": 0,
        "player_b_crashes": 0,