{
  "feedback_source": "self_play",
  "summary": {
    "games": 16,
    "wins_a": 2,
    "losses_a": 3,
    "draws": 11,
    "score_a": 7.5,
    "mean_score_a": 0.46875,
    "game_scores_a": [
      0.5,
      0.5,
      0.0,
      1.0,
      0.5,
      0.5,
      0.0,
      0.5,
      1.0,
      0.0,
      0.5,
      0.5,
      0.5,
      0.5,
      0.5,
      0.5
    ],
    "player_a_moves": 125,
    "player_b_moves": 127,
    "player_a_timeouts": 0,
    "player_b_timeouts": 0,
    "player_a_crashes": 0,
    "player_b_crashes": 0,
    "results": [
      {
        "opening_name": "startpos",
        "opening_fen": "rnbqkbnr/pppppppp/8/8/8/8/PPPPPPPP/RNBQKBNR w KQkq - 0 1",
        "result": "draw",
        "score_a": 0.5,
        "plies": 13,
        "adjudicated": false,
        "player_a_color": "white",
        "player_a_timeouts": 0,
        "player_b_timeouts": 0,
        "player_a_moves": 7,
        "player_b_moves": 6,
        "player_a_crashes": 0,
        "player_b_crashes": 0,
        "response_times_ms": [
          196.14920800000846,
          196.54649999998242,
          196.34808300000373,
          196.10320900000033,
          196.41029199999593,
          196.12874999998553,
          196.10324999999307,
          196.2746670000115,
          196.357584000026,
          196.2739999999883,
          196.0514160000173,
          196.20504200000255,
          196.21549999999388
        ],
        "error": ""
      },
      {
        "opening_name": "startpos",
        "opening_fen": "rnbqkbnr/pppppppp/8/8/8/8/PPPPPPPP/RNBQKBNR w KQkq - 0 1",
        "result": "draw",
        "score_a": 0.5,
        "plies": 13,
        "adjudicated": false,
        "player_a_color": "black",
        "player_a_timeouts": 0,
        "player_b_timeouts": 0,
        "player_a_moves": 6,
        "player_b_moves": 7,
        "player_a_crashes": 0,
        "player_b_crashes": 0,
        "response_times_ms": [
          196.08795799999257,
          196.42929099998696,
          196.52049999999122,
          196.38795899999195,
          196.63349999999014,
          196.15283400000294,
          196.10504199999923,
          196.0945840000079,
          196.20454099998597,
          196.07466699997644,
          196.60479200001646,
          196.41741600000273,
          196.518124999983
        ],
        "error": ""
      },
      {
        "opening_name": "queens_pawn",
        "opening_fen": "rnbqkbnr/ppp1pppp/8/3p4/3P4/8/PPP1PPPP/RNBQKBNR w KQkq - 0 2",
        "result": "loss",
        "score_a": 0.0,
        "plies": 20,
        "adjudicated": true,
        "player_a_color": "white",
        "player_a_timeouts": 0,
        "player_b_timeouts": 0,
        "player_a_moves": 10,
        "player_b_moves": 10,
        "player_a_crashes": 0,
        "player_b_crashes": 0,
        "response_times_ms": [
          196.20437499997934,
          196.0422089999838,
          196.14379199998666,
          196.35129099998494,
          196.21183300000666,
          196.05208299998367,
          196.4116249999961,
          196.09545800000205,
          196.15554200001384,
          196.03899999998475,
          196.18312500000457,
          196.21087499999135,
          196.1509999999862,
          196.12016599998583,
          196.21112499999072,
          196.23883400001318,
          196.11891700000683,
          196.15704100002063,
          196.09891700000048,
          196.0296249999942
        ],
        "error": ""
      },
      {
        "opening_name": "queens_pawn",
        "opening_fen": "rnbqkbnr/ppp1pppp/8/3p4/3P4/8/PPP1PPPP/RNBQKBNR w KQkq - 0 2",
        "result": "win",
        "score_a": 1.0,
        "plies": 20,
        "adjudicated": true,
        "player_a_color": "black",
        "player_a_timeouts": 0,
        "player_b_timeouts": 0,
        "player_a_moves": 10,
        "player_b_moves": 10,
        "player_a_crashes": 0,
        "player_b_crashes": 0,
        "response_times_ms": [
          196.09858300000838,
          196.23712500001034,
          196.4177090000021,
          196.21324999999956,
          199.12083299999495,
          196.12029199998915,
          196.24566600001003,
          196.38104199998452,
          196.24058299999092,
          196.28750000001105,
          196.07804100002113,
          196.18629199999305,
          196.49450000000002,
          196.48308399999337,
          196.18870899998342,
          196.5452080000034,
          196.2922909999918,
          196.09483300001784,
          196.23212499999454,
          196.13337499998806
        ],
        "error": ""
      },
      {
        "opening_name": "ruy_lopez",
        "opening_fen": "r1bqkbnr/pppp1ppp/2n5/1B2p3/4P3/5N2/PPPP1PPP/RNBQK2R b KQkq - 3 3",
        "result": "draw",
        "score_a": 0.5,
        "plies": 17,
        "adjudicated": false,
        "player_a_color": "white",
        "player_a_timeouts": 0,
        "player_b_timeouts": 0,
        "player_a_moves": 8,
        "player_b_moves": 9,
        "player_a_crashes": 0,
        "player_b_crashes": 0,
        "response_times_ms": [
          196.30212500001676,
          196.30033299998217,
          196.42820799998617,
          196.24987499997815,
          196.17937500001403,
          196.06808300000012,
          196.35045800001194,
          196.1308329999838,
          196.26900000000091,
          196.46549999998797,
          196.17183299999397,
          196.03516599997306,
          196.40270899998313,
          196.20533299999465,
          196.19516699998485,
          196.47345800001403,
          196.22633299999848
        ],
        "error": ""
      },
      {
        "opening_name": "ruy_lopez",
        "opening_fen": "r1bqkbnr/pppp1ppp/2n5/1B2p3/4P3/5N2/PPPP1PPP/RNBQK2R b KQkq - 3 3",
        "result": "draw",
        "score_a": 0.5,
        "plies": 17,
        "adjudicated": false,
        "player_a_color": "black",
        "player_a_timeouts": 0,
        "player_b_timeouts": 0,
        "player_a_moves": 9,
        "player_b_moves": 8,
        "player_a_crashes": 0,
        "player_b_crashes": 0,
        "response_times_ms": [
          196.6264999999794,
          196.36837500002002,
          196.22812500000464,
          196.23508399999423,
          196.64624999998637,
          196.0587920000023,
          196.59016700001075,
          196.6094999999939,
          196.32974999998964,
          196.43175000001634,
          196.2448330000086,
          196.14954200000057,
          196.27024999999776,
          196.06183299998747,
          196.2058329999934,
          196.2124159999803,
          196.1636669999791
        ],
        "error": ""
      },
      {
        "opening_name": "italian_game",
        "opening_fen": "r1bqk1nr/pppp1ppp/2n5/2b1p3/2B1P3/5N2/PPPP1PPP/RNBQK2R w KQkq - 4 4",
        "result": "loss",
        "score_a": 0.0,
        "plies": 20,
        "adjudicated": true,
        "player_a_color": "white",
        "player_a_timeouts": 0,
        "player_b_timeouts": 0,
        "player_a_moves": 10,
        "player_b_moves": 10,
        "player_a_crashes": 0,
        "player_b_crashes": 0,
        "response_times_ms": [
          196.45195800001147,
          196.54049999999756,
          196.31508300000178,
          196.78508300000885,
          196.12329099999215,
          196.31099999998014,
          197.26070799998752,
          196.1147080000103,
          196.06670799998938,
          196.19495800000664,
          196.80199999999104,
          196.08870799999067,
          196.43887499998414,
          196.54791700000374,
          196.16525000000706,
          196.21637500000588,
          196.40916600002356,
          196.04400000000055,
          196.16770799999017,
          196.14024999998492
        ],
        "error": ""
      },
      {
        "opening_name": "italian_game",
        "opening_fen": "r1bqk1nr/pppp1ppp/2n5/2b1p3/2B1P3/5N2/PPPP1PPP/RNBQK2R w KQkq - 4 4",
        "result": "draw",
        "score_a": 0.5,