{
  "feedback_source": "self_play",
  "summary": {
    "games": 16,
    "wins_a": 3,
    "losses_a": 2,
    "draws": 11,
    "score_a": 8.5,
    "mean_score_a": 0.53125,
    "game_scores_a": [
      0.5,
      0.5,
      0.0,
      1.0,
      1.0,
      0.5,
      0.5,
      0.5,
      1.0,
      0.0,
      0.5,
      0.5,
      0.5,
      0.5,
      0.5,
      0.5
    ],
    "player_a_moves": 124,
    "player_b_moves": 123,
    "player_a_timeouts": 0,
    "player_b_timeouts": 0,
    "player_a_crashes": 0,
    "player_b_crashes": 0,
    "results": [
      {
        "opening_name": "startpos",
        "opening_fen": "rnbqkbnr/pppppppp/8/8/8/8/PPPPPPPP/RNBQKBNR w KQkq - 0 1",
        "result": "draw",
        "score_a": 0.5,
        "plies": 13,
        "adjudicated": false,
        "player_a_color": "white",
        "player_a_timeouts": 0,
        "player_b_timeouts": 0,
        "player_a_moves": 7,
        "player_b_moves": 6,
        "player_a_crashes": 0,
        "player_b_crashes": 0,
        "response_times_ms": [
          196.11904099997446,
          196.10104200000933,
          196.19266700001958,
          196.14441600000987,
          196.52858300000275,
          196.18354099998214,
          196.04433300000323,
          196.30699999999024,
          196.643832999996,
          196.05254199998967,
          196.16362499999696,
          196.06625000000122,
          196.198250000009
        ],
        "error": ""
      },
      {
        "opening_name": "startpos",
        "opening_fen": "rnbqkbnr/pppppppp/8/8/8/8/PPPPPPPP/RNBQKBNR w KQkq - 0 1",
        "result": "draw",
        "score_a": 0.5,
        "plies": 13,
        "adjudicated": false,
        "player_a_color": "black",
        "player_a_timeouts": 0,
        "player_b_timeouts": 0,
        "player_a_moves": 6,
        "player_b_moves": 7,
        "player_a_crashes": 0,
        "player_b_crashes": 0,
        "response_times_ms": [
          196.0739579999995,
          196.5026670000043,
          196.07562499999176,
          196.47858299998688,
          196.0575829999982,
          196.60345799999845,
          196.13487499998428,
          196.17575000000897,
          196.4911670000049,
          196.34416700000656,
          196.49758299999576,
          196.0481669999865,
          196.84504200000674
        ],
        "error": ""
      },
      {
        "opening_name": "queens_pawn",
        "opening_fen": "rnbqkbnr/ppp1pppp/8/3p4/3P4/8/PPP1PPPP/RNBQKBNR w KQkq - 0 2",
        "result": "loss",
        "score_a": 0.0,
        "plies": 20,
        "adjudicated": true,
        "player_a_color": "white",
        "player_a_timeouts": 0,
        "player_b_timeouts": 0,
        "player_a_moves": 10,
        "player_b_moves": 10,
        "player_a_crashes": 0,
        "player_b_crashes": 0,
        "response_times_ms": [
          196.30562500000792,
          196.54304200000183,
          196.0817920000011,
          196.55274999999506,
          196.60475000000588,
          196.50258300001155,
          196.26295800000548,
          196.21075000000587,
          196.43429199999218,
          196.17795900001056,
          196.1992079999959,
          196.09554100000537,
          196.10370899999907,
          196.0555419999821,
          196.23187499999517,
          196.24854099998856,
          196.1757079999984,
          196.11495800000966,
          196.26883299997644,
          196.04820799997924
        ],
        "error": ""
      },
      {
        "opening_name": "queens_pawn",
        "opening_fen": "rnbqkbnr/ppp1pppp/8/3p4/3P4/8/PPP1PPPP/RNBQKBNR w KQkq - 0 2",
        "result": "win",
        "score_a": 1.0,
        "plies": 20,
        "adjudicated": true,
        "player_a_color": "black",
        "player_a_timeouts": 0,
        "player_b_timeouts": 0,
        "player_a_moves": 10,
        "player_b_moves": 10,
        "player_a_crashes": 0,
        "player_b_crashes": 0,
        "response_times_ms": [
          196.54066699999362,
          196.40808299999435,
          196.32216700000527,
          196.40970899999388,
          196.2578330000042,
          196.14704200000688,
          196.18766700000378,
          196.25033299999473,
          196.191333999991,
          196.36670799999933,
          196.54374999998936,
          196.13087499999438,
          196.11379200000556,
          196.54995799999142,
          196.34791599997925,
          196.02600000001758,
          196.2332500000059,
          196.05116700000735,
          196.323958999983,
          196.1025839999877
        ],
        "error": ""
      },
      {
        "opening_name": "ruy_lopez",
        "opening_fen": "r1bqkbnr/pppp1ppp/2n5/1B2p3/4P3/5N2/PPPP1PPP/RNBQK2R b KQkq - 3 3",
        "result": "win",
        "score_a": 1.0,
        "plies": 20,
        "adjudicated": true,
        "player_a_color": "white",
        "player_a_timeouts": 0,
        "player_b_timeouts": 0,
        "player_a_moves": 10,
        "player_b_moves": 10,
        "player_a_crashes": 0,
        "player_b_crashes": 0,
        "response_times_ms": [
          196.23233299998333,
          196.68774999999528,
          196.1741659999916,
          196.03583400001412,
          196.5222499999868,
          196.03462500001,
          196.48366699999542,
          196.16429200002017,
          196.09037499998294,
          196.1707500000216,
          196.20795800000224,
          196.0883750000164,
          196.1742089999916,
          196.31237499999088,
          196.13391699999738,
          196.13791699998728,
          196.48175000000379,
          196.24608300000546,
          196.0700840000129,
          196.2042080000117
        ],
        "error": ""
      },
      {
        "opening_name": "ruy_lopez",
        "opening_fen": "r1bqkbnr/pppp1ppp/2n5/1B2p3/4P3/5N2/PPPP1PPP/RNBQK2R b KQkq - 3 3",
        "result": "draw",
        "score_a": 0.5,
        "plies": 17,
        "adjudicated": false,
        "player_a_color": "black",
        "player_a_timeouts": 0,
        "player_b_timeouts": 0,
        "player_a_moves": 9,
        "player_b_moves": 8,
        "player_a_crashes": 0,
        "player_b_crashes": 0,
        "response_times_ms": [
          196.05741699999157,
          196.20112499998754,
          196.21291699999688,
          196.1822080000104,
          196.2765829999853,
          196.19379200000253,
          196.26758399999744,
          196.06416600001353,
          196.2707499999965,
          196.1583750000102,
          196.05658300000073,
          196.03345800001648,
          196.42112500000053,
          196.04891700001303,
          196.51829199997906,
          196.5915000000109,
          196.20299999999702
        ],
        "error": ""
      },
      {
        "opening_name": "italian_game",
        "opening_fen": "r1bqk1nr/pppp1ppp/2n5/2b1p3/2B1P3/5N2/PPPP1PPP/RNBQK2R w KQkq - 4 4",
        "result": "draw",
        "score_a": 0.5,
        "plies": 11,
        "adjudicated": false,
        "player_a_color": "white",
        "player_a_timeouts": 0,
        "player_b_timeouts": 0,
        "player_a_moves": 6,
        "player_b_moves": 5,
        "player_a_crashes": 0,
        "player_b_crashes": 0,
        "response_times_ms": [
          196.42783300000133,
          196.32720799998538,
          196.1552500000039,
          196.32487499998774,
          196.28262500000915,
          196.23687500001097,
          196.2790830000074,
          196.27991699999825,
          196.5624580000167,
          196.46620800000392,
          196.10095799998817
        ],
        "error": ""
      },
      {
        "opening_name": "italian_game",
        "opening_fen": "r1bqk1nr/pppp1ppp/2n5/2b1p3/2B1P3/5N2/PPPP1PPP/RNBQK2R w KQkq - 4 4",
        "result": "draw",
        "score_a": 0.5,
        "plies": 11,
        "adjudicated": false,
        "player_a_color": "black",
        "player_a_timeouts": 0,
        "player_b_timeouts": 0,
        "player_a_moves": 5,