{
  "feedback_source": "self_play",
  "summary": {
    "games": 16,
    "wins_a": 1,
    "losses_a": 1,
    "draws": 14,
    "score_a": 8.0,
    "mean_score_a": 0.5,
    "game_scores_a": [
      0.5,
      0.5,
      0.0,
      1.0,
      0.5,
      0.5,
      0.5,
      0.5,
      0.5,
      0.5,
      0.5,
      0.5,
      0.5,
      0.5,
      0.5,
      0.5
    ],
    "player_a_moves": 108,
    "player_b_moves": 108,
    "player_a_timeouts": 0,
    "player_b_timeouts": 0,
    "player_a_crashes": 0,
    "player_b_crashes": 0,
    "results": [
      {
        "opening_name": "startpos",
        "opening_fen": "rnbqkbnr/pppppppp/8/8/8/8/PPPPPPPP/RNBQKBNR w KQkq - 0 1",
        "result": "draw",
        "score_a": 0.5,
        "plies": 13,
        "adjudicated": false,
        "player_a_color": "white",
        "player_a_timeouts": 0,
        "player_b_timeouts": 0,
        "player_a_moves": 7,
        "player_b_moves": 6,
        "player_a_crashes": 0,
        "player_b_crashes": 0,
        "response_times_ms": [
          196.3693750000033,
          196.41337500000589,
          196.18829099999857,
          196.34795800000404,
          196.24941600000056,
          196.04970800000387,
          196.37850000000867,
          196.04237500000465,
          196.41941700000132,
          196.3449579999974,
          196.05762500000878,
          196.02704099999357,
          196.54845899999884
        ],
        "error": ""
      },
      {
        "opening_name": "startpos",
        "opening_fen": "rnbqkbnr/pppppppp/8/8/8/8/PPPPPPPP/RNBQKBNR w KQkq - 0 1",
        "result": "draw",
        "score_a": 0.5,
        "plies": 13,
        "adjudicated": false,
        "player_a_color": "black",
        "player_a_timeouts": 0,
        "player_b_timeouts": 0,
        "player_a_moves": 6,
        "player_b_moves": 7,
        "player_a_crashes": 0,
        "player_b_crashes": 0,
        "response_times_ms": [
          196.43800000000056,
          196.4255000000037,
          196.1500419999993,
          196.04633400000182,
          196.36054200000785,
          196.39070799999558,
          196.05537500000025,
          196.1715000000055,
          196.16549999999222,
          196.55699999999854,
          196.46074999999996,
          196.48762499998895,
          196.06504200000074
        ],
        "error": ""
      },
      {
        "opening_name": "queens_pawn",
        "opening_fen": "rnbqkbnr/ppp1pppp/8/3p4/3P4/8/PPP1PPPP/RNBQKBNR w KQkq - 0 2",
        "result": "loss",
        "score_a": 0.0,
        "plies": 20,
        "adjudicated": true,
        "player_a_color": "white",
        "player_a_timeouts": 0,
        "player_b_timeouts": 0,
        "player_a_moves": 10,
        "player_b_moves": 10,
        "player_a_crashes": 0,
        "player_b_crashes": 0,
        "response_times_ms": [
          196.4833329999891,
          196.2709579999995,
          196.1800410000052,
          196.1292080000021,
          196.25787500000058,
          196.0564169999941,
          196.33279200000686,
          196.52699999998902,
          196.2137499999983,
          196.03533399998696,
          196.49245799999449,
          196.05225000000814,
          196.04862500000309,
          196.03675000000464,
          196.71462499999848,
          196.0457090000034,
          196.21962499999768,
          196.32758299999864,
          196.1535000000083,
          196.24158400000624
        ],
        "error": ""
      },
      {
        "opening_name": "queens_pawn",
        "opening_fen": "rnbqkbnr/ppp1pppp/8/3p4/3P4/8/PPP1PPPP/RNBQKBNR w KQkq - 0 2",
        "result": "win",
        "score_a": 1.0,
        "plies": 20,
        "adjudicated": true,
        "player_a_color": "black",
        "player_a_timeouts": 0,
        "player_b_timeouts": 0,
        "player_a_moves": 10,
        "player_b_moves": 10,
        "player_a_crashes": 0,
        "player_b_crashes": 0,
        "response_times_ms": [
          196.08979100000568,
          196.15658400000768,
          196.1734590000077,
          196.58804099999827,
          196.54349999999,
          196.17529099998876,
          196.22129200000415,
          196.21245799999087,
          196.07533299999602,
          196.15320799999836,
          196.56666699999903,
          196.3115829999964,
          196.19883299999685,
          196.20483300001013,
          196.3330410000026,
          196.11824999999783,
          196.03479200000606,
          196.38145800000473,
          196.18954099999542,
          196.09654199999227
        ],
        "error": ""
      },
      {
        "opening_name": "ruy_lopez",
        "opening_fen": "r1bqkbnr/pppp1ppp/2n5/1B2p3/4P3/5N2/PPPP1PPP/RNBQK2R b KQkq - 3 3",
        "result": "draw",
        "score_a": 0.5,
        "plies": 11,
        "adjudicated": false,
        "player_a_color": "white",
        "player_a_timeouts": 0,
        "player_b_timeouts": 0,
        "player_a_moves": 5,
        "player_b_moves": 6,
        "player_a_crashes": 0,
        "player_b_crashes": 0,
        "response_times_ms": [
          196.19416700000158,
          196.4689160000006,
          196.31454099999246,
          196.2975,
          196.3399999999922,
          196.2535419999938,
          196.1562909999941,
          196.54554199999552,
          196.53345799999045,
          196.2356249999999,
          196.19949999999164
        ],
        "error": ""
      },
      {
        "opening_name": "ruy_lopez",
        "opening_fen": "r1bqkbnr/pppp1ppp/2n5/1B2p3/4P3/5N2/PPPP1PPP/RNBQK2R b KQkq - 3 3",
        "result": "draw",
        "score_a": 0.5,
        "plies": 11,
        "adjudicated": false,
        "player_a_color": "black",
        "player_a_timeouts": 0,
        "player_b_timeouts": 0,
        "player_a_moves": 6,
        "player_b_moves": 5,
        "player_a_crashes": 0,
        "player_b_crashes": 0,
        "response_times_ms": [
          196.2290419999988,
          196.1533749999944,
          196.2408329999903,
          196.37112499999887,
          196.37112499999887,
          196.09600000001137,
          196.1780829999924,
          196.27029200000834,
          196.47141700001214,
          196.25637500000437,
          196.23916700000166
        ],
        "error": ""
      },
      {
        "opening_name": "italian_game",
        "opening_fen": "r1bqk1nr/pppp1ppp/2n5/2b1p3/2B1P3/5N2/PPPP1PPP/RNBQK2R w KQkq - 4 4",
        "result": "draw",
        "score_a": 0.5,
        "plies": 11,
        "adjudicated": false,
        "player_a_color": "white",
        "player_a_timeouts": 0,
        "player_b_timeouts": 0,
        "player_a_moves": 6,
        "player_b_moves": 5,
        "player_a_crashes": 0,
        "player_b_crashes": 0,
        "response_times_ms": [
          196.3061659999994,
          196.23429199999975,
          196.32420899999659,
          196.22549999999706,
          196.07399999999586,
          196.3016250000038,
          196.1177499999991,
          196.68629200000964,
          196.2975,
          196.34491699999046,
          196.3921250000027
        ],
        "error": ""
      },
      {
        "opening_name": "italian_game",
        "opening_fen": "r1bqk1nr/pppp1ppp/2n5/2b1p3/2B1P3/5N2/PPPP1PPP/RNBQK2R w KQkq - 4 4",
        "result": "draw",
        "score_a": 0.5,
        "plies": 11,
        "adjudicated": false,
        "player_a_color": "black",
        "player_a_timeouts": 0,
        "player_b_timeouts": 0,
        "player_a_moves": 5,
        "player_b_moves": 6,
        "player_a_crashes": 0,
        "player_b_crashes": 0,
        "response_times_ms": [
          196.41729200000668,
          196.6012500000005,
          196.03983300000039,
          196.45616600000437,
          196.20970799999782,
          196.29741600000727,
          196.30679200000145,
          196.03591700000322,
          196.03175000000306,
          196.12704200000053,
          196.35925000000043
        ],