{
  "feedback_source": "self_play",
  "summary": {
    "games": 16,
    "wins_a": 1,
    "losses_a": 1,
    "draws": 14,
    "score_a": 8.0,
    "mean_score_a": 0.5,
    "game_scores_a": [
      0.5,
      0.5,
      0.0,
      1.0,
      0.5,
      0.5,
      0.5,
      0.5,
      0.5,
      0.5,
      0.5,
      0.5,
      0.5,
      0.5,
      0.5,
      0.5
    ],
    "player_a_moves": 111,
    "player_b_moves": 111,
    "player_a_timeouts": 0,
    "player_b_timeouts": 0,
    "player_a_crashes": 0,
    "player_b_crashes": 0,
    "results": [
      {
        "opening_name": "startpos",
        "opening_fen": "rnbqkbnr/pppppppp/8/8/8/8/PPPPPPPP/RNBQKBNR w KQkq - 0 1",
        "result": "draw",
        "score_a": 0.5,
        "plies": 13,
        "adjudicated": false,
        "player_a_color": "white",
        "player_a_timeouts": 0,
        "player_b_timeouts": 0,
        "player_a_moves": 7,
        "player_b_moves": 6,
        "player_a_crashes": 0,
        "player_b_crashes": 0,
        "response_times_ms": [
          196.62087500000004,
          196.13837500000002,
          196.04566699999992,
          196.21479200000013,
          196.15620799999988,
          196.11241699999994,
          196.25099999999995,
          196.1514580000001,
          196.12720800000005,
          196.0988750000001,
          196.2501670000001,
          196.090125,
          196.49704199999985
        ],
        "error": ""
      },
      {
        "opening_name": "startpos",
        "opening_fen": "rnbqkbnr/pppppppp/8/8/8/8/PPPPPPPP/RNBQKBNR w KQkq - 0 1",
        "result": "draw",
        "score_a": 0.5,
        "plies": 13,
        "adjudicated": false,
        "player_a_color": "black",
        "player_a_timeouts": 0,
        "player_b_timeouts": 0,
        "player_a_moves": 6,
        "player_b_moves": 7,
        "player_a_crashes": 0,
        "player_b_crashes": 0,
        "response_times_ms": [
          196.06233299999997,
          196.32604199999992,
          196.22691700000016,
          196.24325000000022,
          196.5152090000002,
          196.02783399999967,
          196.0955000000002,
          196.26587499999994,
          196.16058300000017,
          196.09400000000045,
          196.2690829999998,
          196.1857079999998,
          196.07608300000035
        ],
        "error": ""
      },
      {
        "opening_name": "queens_pawn",
        "opening_fen": "rnbqkbnr/ppp1pppp/8/3p4/3P4/8/PPP1PPPP/RNBQKBNR w KQkq - 0 2",
        "result": "loss",
        "score_a": 0.0,
        "plies": 20,
        "adjudicated": true,
        "player_a_color": "white",
        "player_a_timeouts": 0,
        "player_b_timeouts": 0,
        "player_a_moves": 10,
        "player_b_moves": 10,
        "player_a_crashes": 0,
        "player_b_crashes": 0,
        "response_times_ms": [
          196.12337499999998,
          196.1637500000002,
          196.04058400000036,
          196.20458299999922,
          196.1678330000005,
          196.42320800000056,
          196.14283300000056,
          196.51412499999932,
          196.60491600000006,
          196.60583399999965,
          196.46775000000005,
          196.48066699999944,
          196.21545900000027,
          196.50745899999933,
          196.19304200000087,
          196.10837499999968,
          196.38304200000078,
          196.18016699999964,
          196.16925000000052,
          196.23708399999984
        ],
        "error": ""
      },
      {
        "opening_name": "queens_pawn",
        "opening_fen": "rnbqkbnr/ppp1pppp/8/3p4/3P4/8/PPP1PPPP/RNBQKBNR w KQkq - 0 2",
        "result": "win",
        "score_a": 1.0,
        "plies": 20,
        "adjudicated": true,
        "player_a_color": "black",
        "player_a_timeouts": 0,
        "player_b_timeouts": 0,
        "player_a_moves": 10,
        "player_b_moves": 10,
        "player_a_crashes": 0,
        "player_b_crashes": 0,
        "response_times_ms": [
          196.32895900000057,
          196.06220799999898,
          196.34275000000122,
          196.1939579999985,
          196.57562500000125,
          196.21883399999973,
          196.27549999999871,
          196.1824580000009,
          196.15749999999997,
          196.51104199999912,
          196.09033300000078,
          196.47054100000005,
          196.30437500000042,
          196.12608399999942,
          196.21666699999986,
          196.23837500000008,
          196.6353329999997,
          196.266167000001,
          196.2919999999997,
          196.2297090000007
        ],
        "error": ""
      },
      {
        "opening_name": "ruy_lopez",
        "opening_fen": "r1bqkbnr/pppp1ppp/2n5/1B2p3/4P3/5N2/PPPP1PPP/RNBQK2R b KQkq - 3 3",
        "result": "draw",
        "score_a": 0.5,
        "plies": 11,
        "adjudicated": false,
        "player_a_color": "white",
        "player_a_timeouts": 0,
        "player_b_timeouts": 0,
        "player_a_moves": 5,
        "player_b_moves": 6,
        "player_a_crashes": 0,
        "player_b_crashes": 0,
        "response_times_ms": [
          196.17079099999836,
          196.12350000000055,
          196.24391700000032,
          196.32579199999967,
          196.1474170000006,
          196.209167000001,
          196.28429100000133,
          196.29299999999893,
          196.11291700000066,
          196.45262500000092,
          196.27308299999947
        ],
        "error": ""
      },
      {
        "opening_name": "ruy_lopez",
        "opening_fen": "r1bqkbnr/pppp1ppp/2n5/1B2p3/4P3/5N2/PPPP1PPP/RNBQK2R b KQkq - 3 3",
        "result": "draw",
        "score_a": 0.5,
        "plies": 11,
        "adjudicated": false,
        "player_a_color": "black",
        "player_a_timeouts": 0,
        "player_b_timeouts": 0,
        "player_a_moves": 6,
        "player_b_moves": 5,
        "player_a_crashes": 0,
        "player_b_crashes": 0,
        "response_times_ms": [
          196.0570420000014,
          196.24662500000056,
          196.50600000000117,
          196.4206670000017,
          196.25062499999757,
          196.5603329999972,
          196.41825000000068,
          196.3321250000014,
          196.28666600000244,
          196.12070900000234,
          196.35533299999963
        ],
        "error": ""
      },
      {
        "opening_name": "italian_game",
        "opening_fen": "r1bqk1nr/pppp1ppp/2n5/2b1p3/2B1P3/5N2/PPPP1PPP/RNBQK2R w KQkq - 4 4",
        "result": "draw",
        "score_a": 0.5,
        "plies": 11,
        "adjudicated": false,
        "player_a_color": "white",
        "player_a_timeouts": 0,
        "player_b_timeouts": 0,
        "player_a_moves": 6,
        "player_b_moves": 5,
        "player_a_crashes": 0,
        "player_b_crashes": 0,
        "response_times_ms": [
          196.3850419999993,
          196.14279099999976,
          196.33658399999732,
          196.82050000000118,
          196.13508299999793,
          196.4587910000013,
          196.14591599999898,
          196.11004199999726,
          196.08162499999793,
          196.17679200000282,
          196.3327079999999
        ],
        "error": ""
      },
      {
        "opening_name": "italian_game",
        "opening_fen": "r1bqk1nr/pppp1ppp/2n5/2b1p3/2B1P3/5N2/PPPP1PPP/RNBQK2R w KQkq - 4 4",
        "result": "draw",
        "score_a": 0.5,
        "plies": 11,
        "adjudicated": false,
        "player_a_color": "black",
        "player_a_timeouts": 0,
        "player_b_timeouts": 0,
        "player_a_moves": 5,
        "player_b_moves": 6,
        "player_a_crashes": 0,
        "player_b_crashes": 0,
        "response_times_ms": [
          196.36300000000162,
          196.2149999999987,
          196.0766249999999,
          196.2362079999984,
          196.53274999999937,
          196.56304199999752,
          196.6272499999988,
          196.3178329999984,
          196.1023329999989,
          196.46008299999806,
          196.56933400000298
        ],