{
  "feedback_source": "self_play",
  "summary": {
    "games": 16,
    "wins_a": 1,
    "losses_a": 1,
    "draws": 14,
    "score_a": 8.0,
    "mean_score_a": 0.5,
    "game_scores_a": [
      0.5,
      0.5,
      0.0,
      1.0,
      0.5,
      0.5,
      0.5,
      0.5,
      0.5,
      0.5,
      0.5,
      0.5,
      0.5,
      0.5,
      0.5,
      0.5
    ],
    "player_a_moves": 120,
    "player_b_moves": 120,
    "player_a_timeouts": 0,
    "player_b_timeouts": 0,
    "player_a_crashes": 0,
    "player_b_crashes": 0,
    "results": [
      {
        "opening_name": "startpos",
        "opening_fen": "rnbqkbnr/pppppppp/8/8/8/8/PPPPPPPP/RNBQKBNR w KQkq - 0 1",
        "result": "draw",
        "score_a": 0.5,
        "plies": 13,
        "adjudicated": false,
        "player_a_color": "white",
        "player_a_timeouts": 0,
        "player_b_timeouts": 0,
        "player_a_moves": 7,
        "player_b_moves": 6,
        "player_a_crashes": 0,
        "player_b_crashes": 0,
        "response_times_ms": [
          196.216375,
          196.13904100000002,
          196.50633399999995,
          196.28770800000007,
          196.18012499999992,
          196.45687499999997,
          196.15291600000018,
          196.16708299999996,
          196.04275000000015,
          196.21895899999987,
          196.3895840000003,
          196.50966599999987,
          196.11662500000017
        ],
        "error": ""
      },
      {
        "opening_name": "startpos",
        "opening_fen": "rnbqkbnr/pppppppp/8/8/8/8/PPPPPPPP/RNBQKBNR w KQkq - 0 1",
        "result": "draw",
        "score_a": 0.5,
        "plies": 13,
        "adjudicated": false,
        "player_a_color": "black",
        "player_a_timeouts": 0,
        "player_b_timeouts": 0,
        "player_a_moves": 6,
        "player_b_moves": 7,
        "player_a_crashes": 0,
        "player_b_crashes": 0,
        "response_times_ms": [
          196.2462920000001,
          196.139917,
          196.20066700000027,
          196.2179169999998,
          196.19095899999994,
          196.352042,
          196.1217500000001,
          196.1306660000002,
          196.30554200000017,
          196.1648330000001,
          196.52637500000037,
          196.50854200000012,
          196.35054199999934
        ],
        "error": ""
      },
      {
        "opening_name": "queens_pawn",
        "opening_fen": "rnbqkbnr/ppp1pppp/8/3p4/3P4/8/PPP1PPPP/RNBQKBNR w KQkq - 0 2",
        "result": "loss",
        "score_a": 0.0,
        "plies": 20,
        "adjudicated": true,
        "player_a_color": "white",
        "player_a_timeouts": 0,
        "player_b_timeouts": 0,
        "player_a_moves": 10,
        "player_b_moves": 10,
        "player_a_crashes": 0,
        "player_b_crashes": 0,
        "response_times_ms": [
          196.12604099999942,
          196.54587499999997,
          196.6050829999997,
          196.45866699999993,
          196.49095800000003,
          196.09275000000002,
          196.3328750000004,
          196.046666,
          196.2670830000004,
          196.08795800000055,
          196.38112499999937,
          196.07704100000058,
          196.0992079999997,
          196.24912500000048,
          196.08270799999872,
          196.25516699999855,
          196.22758300000066,
          196.4037919999999,
          196.10316699999862,
          196.40304099999994
        ],
        "error": ""
      },
      {
        "opening_name": "queens_pawn",
        "opening_fen": "rnbqkbnr/ppp1pppp/8/3p4/3P4/8/PPP1PPPP/RNBQKBNR w KQkq - 0 2",
        "result": "win",
        "score_a": 1.0,
        "plies": 20,
        "adjudicated": true,
        "player_a_color": "black",
        "player_a_timeouts": 0,
        "player_b_timeouts": 0,
        "player_a_moves": 10,
        "player_b_moves": 10,
        "player_a_crashes": 0,
        "player_b_crashes": 0,
        "response_times_ms": [
          196.27204200000037,
          196.11570899999896,
          196.04512499999947,
          196.42450000000088,
          196.19579200000103,
          196.55379199999956,
          196.24020799999897,
          196.15012500000086,
          196.1782079999992,
          196.23204100000004,
          196.68483399999914,
          196.08750000000086,
          196.06500000000082,
          196.14274999999992,
          196.20920899999916,
          196.18020799999948,
          196.14600000000058,
          196.05362500000112,
          196.72279100000088,
          196.13737500000104
        ],
        "error": ""
      },
      {
        "opening_name": "ruy_lopez",
        "opening_fen": "r1bqkbnr/pppp1ppp/2n5/1B2p3/4P3/5N2/PPPP1PPP/RNBQK2R b KQkq - 3 3",
        "result": "draw",
        "score_a": 0.5,
        "plies": 20,
        "adjudicated": true,
        "player_a_color": "white",
        "player_a_timeouts": 0,
        "player_b_timeouts": 0,
        "player_a_moves": 10,
        "player_b_moves": 10,
        "player_a_crashes": 0,
        "player_b_crashes": 0,
        "response_times_ms": [
          196.16208300000082,
          196.12783300000024,
          196.34445800000043,
          196.58758299999946,
          196.2508329999988,
          196.2280829999994,
          196.48766599999945,
          196.51470900000055,
          196.5379159999987,
          196.10008299999924,
          196.07608299999947,
          196.38929200000098,
          196.14574999999945,
          196.20170800000025,
          196.0825419999992,
          196.04337500000213,
          196.6222920000007,
          196.14229099999747,
          196.31370900000178,
          196.30441600000026
        ],
        "error": ""
      },
      {
        "opening_name": "ruy_lopez",
        "opening_fen": "r1bqkbnr/pppp1ppp/2n5/1B2p3/4P3/5N2/PPPP1PPP/RNBQK2R b KQkq - 3 3",
        "result": "draw",
        "score_a": 0.5,
        "plies": 20,
        "adjudicated": true,
        "player_a_color": "black",
        "player_a_timeouts": 0,
        "player_b_timeouts": 0,
        "player_a_moves": 10,
        "player_b_moves": 10,
        "player_a_crashes": 0,
        "player_b_crashes": 0,
        "response_times_ms": [
          196.06266599999955,
          196.24537500000017,
          196.364667000001,
          196.50408400000074,
          196.25254099999978,
          196.50708400000028,
          196.31733299999965,
          196.2654999999991,
          196.19920799999946,
          196.11462499999988,
          196.07308299999815,
          196.12729099999981,
          196.5301249999989,
          196.41262500000067,
          196.04637500000166,
          196.54554200000263,
          196.6150419999977,
          196.29058299999969,
          196.41762500000226,
          196.20499999999907
        ],
        "error": ""
      },
      {
        "opening_name": "italian_game",
        "opening_fen": "r1bqk1nr/pppp1ppp/2n5/2b1p3/2B1P3/5N2/PPPP1PPP/RNBQK2R w KQkq - 4 4",
        "result": "draw",
        "score_a": 0.5,
        "plies": 11,
        "adjudicated": false,
        "player_a_color": "white",
        "player_a_timeouts": 0,
        "player_b_timeouts": 0,
        "player_a_moves": 6,
        "player_b_moves": 5,
        "player_a_crashes": 0,
        "player_b_crashes": 0,
        "response_times_ms": [
          196.3738339999992,
          196.12904199999903,
          196.09416599999818,
          196.2932079999966,
          196.342542,
          196.54325000000128,
          196.36041599999743,
          196.10804199999876,
          196.41024999999956,
          196.6878749999985,
          196.05208299999788
        ],
        "error": ""
      },
      {
        "opening_name": "italian_game",
        "opening_fen": "r1bqk1nr/pppp1ppp/2n5/2b1p3/2B1P3/5N2/PPPP1PPP/RNBQK2R w KQkq - 4 4",
        "result": "draw",
        "score_a": 0.5,
        "plies": 11,
        "adjudicated": false,
        "player_a_color": "black",
        "player_a_timeouts": 0,