{
  "feedback_source": "self_play",
  "summary": {
    "games": 16,
    "wins_a": 1,
    "losses_a": 1,
    "draws": 14,
    "score_a": 8.0,
    "mean_score_a": 0.5,
    "game_scores_a": [
      0.5,
      0.5,
      0.0,
      1.0,
      0.5,
      0.5,
      0.5,
      0.5,
      0.5,
      0.5,
      0.5,
      0.5,
      0.5,
      0.5,
      0.5,
      0.5
    ],
    "player_a_moves": 110,
    "player_b_moves": 109,
    "player_a_timeouts": 0,
    "player_b_timeouts": 0,
    "player_a_crashes": 0,
    "player_b_crashes": 0,
    "results": [
      {
        "opening_name": "startpos",
        "opening_fen": "rnbqkbnr/pppppppp/8/8/8/8/PPPPPPPP/RNBQKBNR w KQkq - 0 1",
        "result": "draw",
        "score_a": 0.5,
        "plies": 13,
        "adjudicated": false,
        "player_a_color": "white",
        "player_a_timeouts": 0,
        "player_b_timeouts": 0,
        "player_a_moves": 7,
        "player_b_moves": 6,
        "player_a_crashes": 0,
        "player_b_crashes": 0,
        "response_times_ms": [
          196.328041000001,
          196.13833399999692,
          196.61733399999548,
          196.2911250000019,
          196.19166599999005,
          196.21704099999704,
          196.16945799999996,
          196.45766700000422,
          196.26458299998717,
          196.6322499999933,
          196.14649999999756,
          196.152749999996,
          196.17700000000582
        ],
        "error": ""
      },
      {
        "opening_name": "startpos",
        "opening_fen": "rnbqkbnr/pppppppp/8/8/8/8/PPPPPPPP/RNBQKBNR w KQkq - 0 1",
        "result": "draw",
        "score_a": 0.5,
        "plies": 13,
        "adjudicated": false,
        "player_a_color": "black",
        "player_a_timeouts": 0,
        "player_b_timeouts": 0,
        "player_a_moves": 6,
        "player_b_moves": 7,
        "player_a_crashes": 0,
        "player_b_crashes": 0,
        "response_times_ms": [
          196.1446250000023,
          196.34700000000294,
          196.18879200000094,
          196.2056249999904,
          196.0509999999971,
          196.37074999999982,
          196.15149999999915,
          196.33991700000308,
          196.4656660000088,
          196.24687499999993,
          196.07187500000123,
          196.2496250000072,
          196.43470799999818
        ],
        "error": ""
      },
      {
        "opening_name": "queens_pawn",
        "opening_fen": "rnbqkbnr/ppp1pppp/8/3p4/3P4/8/PPP1PPPP/RNBQKBNR w KQkq - 0 2",
        "result": "loss",
        "score_a": 0.0,
        "plies": 20,
        "adjudicated": true,
        "player_a_color": "white",
        "player_a_timeouts": 0,
        "player_b_timeouts": 0,
        "player_a_moves": 10,
        "player_b_moves": 10,
        "player_a_crashes": 0,
        "player_b_crashes": 0,
        "response_times_ms": [
          196.50616699999546,
          196.46004199999823,
          196.0443749999996,
          196.23525000000086,
          196.06179100000531,
          196.80862500000273,
          196.10304100000064,
          196.1600829999952,
          196.5895839999945,
          196.12120899999752,
          196.4561669999938,
          196.1348749999985,
          196.25241699999663,
          196.12800000000163,
          196.21062499999198,
          196.15495899999758,
          196.07249999999965,
          196.18479199999683,
          196.35058300001162,
          196.39770900000997
        ],
        "error": ""
      },
      {
        "opening_name": "queens_pawn",
        "opening_fen": "rnbqkbnr/ppp1pppp/8/3p4/3P4/8/PPP1PPPP/RNBQKBNR w KQkq - 0 2",
        "result": "win",
        "score_a": 1.0,
        "plies": 20,
        "adjudicated": true,
        "player_a_color": "black",
        "player_a_timeouts": 0,
        "player_b_timeouts": 0,
        "player_a_moves": 10,
        "player_b_moves": 10,
        "player_a_crashes": 0,
        "player_b_crashes": 0,
        "response_times_ms": [
          196.07766600000787,
          196.36766699998986,
          196.51945799999737,
          196.25220900000784,
          196.0801670000052,
          196.13566700000717,
          196.43204199999786,
          196.0603339999949,
          196.1308750000086,
          196.1752920000066,
          196.28112499999872,
          196.42216700000859,
          196.21520799999814,
          196.1019590000035,
          196.2425410000037,
          196.02804199999468,
          196.25895800000137,
          196.33666699999708,
          196.12804099999437,
          196.25395799999978
        ],
        "error": ""
      },
      {
        "opening_name": "ruy_lopez",
        "opening_fen": "r1bqkbnr/pppp1ppp/2n5/1B2p3/4P3/5N2/PPPP1PPP/RNBQK2R b KQkq - 3 3",
        "result": "draw",
        "score_a": 0.5,
        "plies": 11,
        "adjudicated": false,
        "player_a_color": "white",
        "player_a_timeouts": 0,
        "player_b_timeouts": 0,
        "player_a_moves": 5,
        "player_b_moves": 6,
        "player_a_crashes": 0,
        "player_b_crashes": 0,
        "response_times_ms": [
          196.02529200000163,
          196.16037500000516,
          196.44800000000373,
          196.455499999999,
          196.50787499999467,
          196.3565840000001,
          196.07274999999902,
          196.0967079999989,
          196.4112919999934,
          196.0225830000013,
          196.26637500000754
        ],
        "error": ""
      },
      {
        "opening_name": "ruy_lopez",
        "opening_fen": "r1bqkbnr/pppp1ppp/2n5/1B2p3/4P3/5N2/PPPP1PPP/RNBQK2R b KQkq - 3 3",
        "result": "draw",
        "score_a": 0.5,
        "plies": 11,
        "adjudicated": false,
        "player_a_color": "black",
        "player_a_timeouts": 0,
        "player_b_timeouts": 0,
        "player_a_moves": 6,
        "player_b_moves": 5,
        "player_a_crashes": 0,
        "player_b_crashes": 0,
        "response_times_ms": [
          196.18900000000394,
          196.5493330000072,
          196.53075000000797,
          196.03341700000954,
          196.55908400000044,
          196.32837499999312,
          196.0907499999962,
          196.0669160000066,
          196.2435840000012,
          196.14899999999125,
          196.3031669999964
        ],
        "error": ""
      },
      {
        "opening_name": "italian_game",
        "opening_fen": "r1bqk1nr/pppp1ppp/2n5/2b1p3/2B1P3/5N2/PPPP1PPP/RNBQK2R w KQkq - 4 4",
        "result": "draw",
        "score_a": 0.5,
        "plies": 11,
        "adjudicated": false,
        "player_a_color": "white",
        "player_a_timeouts": 0,
        "player_b_timeouts": 0,
        "player_a_moves": 6,
        "player_b_moves": 5,
        "player_a_crashes": 0,
        "player_b_crashes": 0,
        "response_times_ms": [
          196.51979100000005,
          196.31124999999372,
          196.0802500000085,
          196.53520900000387,
          196.42574999998885,
          196.71908299999075,
          196.45012499999837,
          196.3942919999937,
          196.2919579999891,
          196.18512499999952,
          196.3830420000079
        ],
        "error": ""
      },
      {
        "opening_name": "italian_game",
        "opening_fen": "r1bqk1nr/pppp1ppp/2n5/2b1p3/2B1P3/5N2/PPPP1PPP/RNBQK2R w KQkq - 4 4",
        "result": "draw",
        "score_a": 0.5,
        "plies": 11,
        "adjudicated": false,
        "player_a_color": "black",
        "player_a_timeouts": 0,
        "player_b_timeouts": 0,
        "player_a_moves": 5,
        "player_b_moves": 6,
        "player_a_crashes": 0,
        "player_b_crashes": 0,
        "response_times_ms": [
          196.31925000000194,
          196.10420799999417,
          196.45616599999016,
          196.15670899999316,
          196.53545900000324,
          196.7081659999934,
          196.17058400000076,
          196.7308330000037,
          196.21733299999278,
          196.5492500000039,
          196.0514169999925
        ],