{
  "feedback_source": "self_play",
  "summary": {
    "games": 16,
    "wins_a": 3,
    "losses_a": 3,
    "draws": 10,
    "score_a": 8.0,
    "mean_score_a": 0.5,
    "game_scores_a": [
      0.5,
      0.5,
      0.0,
      1.0,
      0.5,
      0.5,
      0.0,
      1.0,
      1.0,
      0.0,
      0.5,
      0.5,
      0.5,
      0.5,
      0.5,
      0.5
    ],
    "player_a_moves": 118,
    "player_b_moves": 118,
    "player_a_timeouts": 0,
    "player_b_timeouts": 0,
    "player_a_crashes": 0,
    "player_b_crashes": 0,
    "results": [
      {
        "opening_name": "startpos",
        "opening_fen": "rnbqkbnr/pppppppp/8/8/8/8/PPPPPPPP/RNBQKBNR w KQkq - 0 1",
        "result": "draw",
        "score_a": 0.5,
        "plies": 13,
        "adjudicated": false,
        "player_a_color": "white",
        "player_a_timeouts": 0,
        "player_b_timeouts": 0,
        "player_a_moves": 7,
        "player_b_moves": 6,
        "player_a_crashes": 0,
        "player_b_crashes": 0,
        "response_times_ms": [
          196.40908300002025,
          196.1813329999984,
          196.21487499998125,
          196.24858299999914,
          196.3634170000148,
          196.0941250000019,
          196.3202499999852,
          196.03766700001302,
          196.78629199998454,
          196.62104200000385,
          196.6140419999931,
          196.14020800000276,
          196.4278329999729
        ],
        "error": ""
      },
      {
        "opening_name": "startpos",
        "opening_fen": "rnbqkbnr/pppppppp/8/8/8/8/PPPPPPPP/RNBQKBNR w KQkq - 0 1",
        "result": "draw",
        "score_a": 0.5,
        "plies": 13,
        "adjudicated": false,
        "player_a_color": "black",
        "player_a_timeouts": 0,
        "player_b_timeouts": 0,
        "player_a_moves": 6,
        "player_b_moves": 7,
        "player_a_crashes": 0,
        "player_b_crashes": 0,
        "response_times_ms": [
          196.49866599999655,
          196.0992909999959,
          196.04216600001223,
          196.37524999998845,
          196.30345900000634,
          196.16287500002727,
          196.2694160000069,
          196.08170799997993,
          196.31620799998473,
          196.22683399998664,
          196.14000000001397,
          196.04325000000244,
          196.08495899998957
        ],
        "error": ""
      },
      {
        "opening_name": "queens_pawn",
        "opening_fen": "rnbqkbnr/ppp1pppp/8/3p4/3P4/8/PPP1PPPP/RNBQKBNR w KQkq - 0 2",
        "result": "loss",
        "score_a": 0.0,
        "plies": 20,
        "adjudicated": true,
        "player_a_color": "white",
        "player_a_timeouts": 0,
        "player_b_timeouts": 0,
        "player_a_moves": 10,
        "player_b_moves": 10,
        "player_a_crashes": 0,
        "player_b_crashes": 0,
        "response_times_ms": [
          196.31504200000904,
          196.26066699999,
          196.04487499998413,
          196.0623329999862,
          196.264541000005,
          196.3118339999994,
          196.55612500000075,
          196.25429100000247,
          196.2462500000015,
          196.04462500001318,
          196.1836250000033,
          196.09387500000253,
          196.19187499998247,
          196.50062500002718,
          196.58349999997426,
          196.21599999999262,
          196.04208300000892,
          196.4249580000228,
          196.23104100000432,
          196.03104099999769
        ],
        "error": ""
      },
      {
        "opening_name": "queens_pawn",
        "opening_fen": "rnbqkbnr/ppp1pppp/8/3p4/3P4/8/PPP1PPPP/RNBQKBNR w KQkq - 0 2",
        "result": "win",
        "score_a": 1.0,
        "plies": 20,
        "adjudicated": true,
        "player_a_color": "black",
        "player_a_timeouts": 0,
        "player_b_timeouts": 0,
        "player_a_moves": 10,
        "player_b_moves": 10,
        "player_a_crashes": 0,
        "player_b_crashes": 0,
        "response_times_ms": [
          196.24479099999803,
          196.27554199999508,
          196.19116699999495,
          196.33162499999912,
          196.45020900000532,
          196.24849999999583,
          196.23470799999154,
          196.16166699998416,
          196.3905000000068,
          196.33908299999803,
          196.16208299999016,
          196.22791699998743,
          196.0607500000151,
          196.1516670000094,
          196.0352920000048,
          196.17087500000707,
          196.25175000001605,
          201.0627500000055,
          196.6874169999926,
          196.20254200000886
        ],
        "error": ""
      },
      {
        "opening_name": "ruy_lopez",
        "opening_fen": "r1bqkbnr/pppp1ppp/2n5/1B2p3/4P3/5N2/PPPP1PPP/RNBQK2R b KQkq - 3 3",
        "result": "draw",
        "score_a": 0.5,
        "plies": 15,
        "adjudicated": false,
        "player_a_color": "white",
        "player_a_timeouts": 0,
        "player_b_timeouts": 0,
        "player_a_moves": 7,
        "player_b_moves": 8,
        "player_a_crashes": 0,
        "player_b_crashes": 0,
        "response_times_ms": [
          196.53195899999787,
          196.12862500000006,
          196.5432920000012,
          196.04699999999298,
          196.20195800001738,
          196.198250000009,
          196.41020899999262,
          196.24149999998508,
          196.38520800000947,
          196.18449999998688,
          196.17104200000313,
          196.5387079999914,
          196.04895800000577,
          196.0575829999982,
          196.11600000001772
        ],
        "error": ""
      },
      {
        "opening_name": "ruy_lopez",
        "opening_fen": "r1bqkbnr/pppp1ppp/2n5/1B2p3/4P3/5N2/PPPP1PPP/RNBQK2R b KQkq - 3 3",
        "result": "draw",
        "score_a": 0.5,
        "plies": 15,
        "adjudicated": false,
        "player_a_color": "black",
        "player_a_timeouts": 0,
        "player_b_timeouts": 0,
        "player_a_moves": 8,
        "player_b_moves": 7,
        "player_a_crashes": 0,
        "player_b_crashes": 0,
        "response_times_ms": [
          196.37370800001008,
          196.2825419999774,
          196.23841699998934,
          196.348042000011,
          196.5778329999921,
          196.54912499999,
          196.09987499998738,
          196.53779099999724,
          196.3199589999931,
          196.14695900000356,
          196.0310839999977,
          196.20208399999228,
          196.44362500000057,
          196.14395899998271,
          196.58254099999795
        ],
        "error": ""
      },
      {
        "opening_name": "italian_game",
        "opening_fen": "r1bqk1nr/pppp1ppp/2n5/2b1p3/2B1P3/5N2/PPPP1PPP/RNBQK2R w KQkq - 4 4",
        "result": "loss",
        "score_a": 0.0,
        "plies": 10,
        "adjudicated": false,
        "player_a_color": "white",
        "player_a_timeouts": 0,
        "player_b_timeouts": 0,
        "player_a_moves": 5,
        "player_b_moves": 5,
        "player_a_crashes": 0,
        "player_b_crashes": 0,
        "response_times_ms": [
          196.51333400000226,
          196.0583750000069,
          196.65666599999554,
          196.164207999999,
          196.71908300000496,
          196.5210409999827,
          196.1569579999889,
          196.33162499999912,
          196.4189579999811,
          26.527375000000575
        ],
        "error": ""
      },
      {
        "opening_name": "italian_game",
        "opening_fen": "r1bqk1nr/pppp1ppp/2n5/2b1p3/2B1P3/5N2/PPPP1PPP/RNBQK2R w KQkq - 4 4",
        "result": "win",
        "score_a": 1.0,
        "plies": 10,
        "adjudicated": false,
        "player_a_color": "black",
        "player_a_timeouts": 0,
        "player_b_timeouts": 0,
        "player_a_moves": 5,
        "player_b_moves": 5,
        "player_a_crashes": 0,
        "player_b_crashes": 0,