{
  "feedback_source": "self_play",
  "summary": {
    "games": 16,
    "wins_a": 2,
    "losses_a": 2,
    "draws": 12,
    "score_a": 8.0,
    "mean_score_a": 0.5,
    "game_scores_a": [
      0.5,
      0.5,
      0.0,
      1.0,
      0.5,
      0.5,
      0.5,
      0.5,
      1.0,
      0.0,
      0.5,
      0.5,
      0.5,
      0.5,
      0.5,
      0.5
    ],
    "player_a_moves": 121,
    "player_b_moves": 121,
    "player_a_timeouts": 0,
    "player_b_timeouts": 0,
    "player_a_crashes": 0,
    "player_b_crashes": 0,
    "results": [
      {
        "opening_name": "startpos",
        "opening_fen": "rnbqkbnr/pppppppp/8/8/8/8/PPPPPPPP/RNBQKBNR w KQkq - 0 1",
        "result": "draw",
        "score_a": 0.5,
        "plies": 13,
        "adjudicated": false,
        "player_a_color": "white",
        "player_a_timeouts": 0,
        "player_b_timeouts": 0,
        "player_a_moves": 7,
        "player_b_moves": 6,
        "player_a_crashes": 0,
        "player_b_crashes": 0,
        "response_times_ms": [
          196.2388749999775,
          196.2754170000096,
          196.16408300001353,
          196.15541699999994,
          196.28516700001342,
          196.1176249999994,
          196.27566700000898,
          196.31283300000746,
          196.75029199999017,
          196.6017910000062,
          196.28833300001247,
          196.5411250000102,
          196.3794169999744
        ],
        "error": ""
      },
      {
        "opening_name": "startpos",
        "opening_fen": "rnbqkbnr/pppppppp/8/8/8/8/PPPPPPPP/RNBQKBNR w KQkq - 0 1",
        "result": "draw",
        "score_a": 0.5,
        "plies": 13,
        "adjudicated": false,
        "player_a_color": "black",
        "player_a_timeouts": 0,
        "player_b_timeouts": 0,
        "player_a_moves": 6,
        "player_b_moves": 7,
        "player_a_crashes": 0,
        "player_b_crashes": 0,
        "response_times_ms": [
          196.22133400000052,
          196.36762500002192,
          196.161165999996,
          196.1960000000147,
          196.5562919999968,
          196.0444999999993,
          196.0851249999962,
          196.2006249999888,
          196.1727919999987,
          196.1023329999989,
          196.2257090000037,
          196.12483299999894,
          196.83783399997878
        ],
        "error": ""
      },
      {
        "opening_name": "queens_pawn",
        "opening_fen": "rnbqkbnr/ppp1pppp/8/3p4/3P4/8/PPP1PPPP/RNBQKBNR w KQkq - 0 2",
        "result": "loss",
        "score_a": 0.0,
        "plies": 20,
        "adjudicated": true,
        "player_a_color": "white",
        "player_a_timeouts": 0,
        "player_b_timeouts": 0,
        "player_a_moves": 10,
        "player_b_moves": 10,
        "player_a_crashes": 0,
        "player_b_crashes": 0,
        "response_times_ms": [
          196.24520799999345,
          196.61737499998821,
          196.27533300001687,
          196.47441700001878,
          196.07241700001055,
          196.2339170000007,
          196.11970900001552,
          196.06462500001953,
          196.1082089999877,
          196.18329200000062,
          196.04274999997529,
          196.45087500001068,
          196.14379099999724,
          196.13362499998743,
          196.02374999999483,
          196.13220799999453,
          196.1610829999927,
          196.0589590000268,
          196.08095899999967,
          196.22474999999895
        ],
        "error": ""
      },
      {
        "opening_name": "queens_pawn",
        "opening_fen": "rnbqkbnr/ppp1pppp/8/3p4/3P4/8/PPP1PPPP/RNBQKBNR w KQkq - 0 2",
        "result": "win",
        "score_a": 1.0,
        "plies": 20,
        "adjudicated": true,
        "player_a_color": "black",
        "player_a_timeouts": 0,
        "player_b_timeouts": 0,
        "player_a_moves": 10,
        "player_b_moves": 10,
        "player_a_crashes": 0,
        "player_b_crashes": 0,
        "response_times_ms": [
          196.06375000000753,
          196.58325000000332,
          196.61070799998015,
          196.4789999999823,
          196.17437499999824,
          196.07754200001182,
          196.03520799998364,
          196.30362500001297,
          196.7130839999811,
          196.1242499999969,
          196.10741700000744,
          196.2910829999771,
          196.24125000001413,
          196.19400000001974,
          196.18995800001926,
          196.2015000000008,
          196.45825000000627,
          196.1542500000064,
          196.410458999992,
          196.1378749999767
        ],
        "error": ""
      },
      {
        "opening_name": "ruy_lopez",
        "opening_fen": "r1bqkbnr/pppp1ppp/2n5/1B2p3/4P3/5N2/PPPP1PPP/RNBQK2R b KQkq - 3 3",
        "result": "draw",
        "score_a": 0.5,
        "plies": 17,
        "adjudicated": false,
        "player_a_color": "white",
        "player_a_timeouts": 0,
        "player_b_timeouts": 0,
        "player_a_moves": 8,
        "player_b_moves": 9,
        "player_a_crashes": 0,
        "player_b_crashes": 0,
        "response_times_ms": [
          196.38212500001373,
          196.31574999999657,
          196.0265829999912,
          196.1367909999865,
          196.1897080000199,
          196.20508400001313,
          196.44499999998288,
          196.14874999999188,
          196.548292000017,
          196.24187499999834,
          196.15979100001368,
          196.21424999999704,
          196.16437500002348,
          196.0682500000246,
          196.36725000000865,
          196.20595800000729,
          196.5408749999824
        ],
        "error": ""
      },
      {
        "opening_name": "ruy_lopez",
        "opening_fen": "r1bqkbnr/pppp1ppp/2n5/1B2p3/4P3/5N2/PPPP1PPP/RNBQK2R b KQkq - 3 3",
        "result": "draw",
        "score_a": 0.5,
        "plies": 17,
        "adjudicated": false,
        "player_a_color": "black",
        "player_a_timeouts": 0,
        "player_b_timeouts": 0,
        "player_a_moves": 9,
        "player_b_moves": 8,
        "player_a_crashes": 0,
        "player_b_crashes": 0,
        "response_times_ms": [
          196.40799999999103,
          196.53512500002535,
          196.24912499998004,
          196.27566700000898,
          196.03358399999138,
          196.22066700000573,
          196.2424580000004,
          196.26879200001213,
          196.26354199999696,
          196.0256250000043,
          196.42141700001048,
          196.0698329999957,
          196.15595799999141,
          196.156000000002,
          196.1783339999954,
          196.03275000000053,
          196.41491699999847
        ],
        "error": ""
      },
      {
        "opening_name": "italian_game",
        "opening_fen": "r1bqk1nr/pppp1ppp/2n5/2b1p3/2B1P3/5N2/PPPP1PPP/RNBQK2R w KQkq - 4 4",
        "result": "draw",
        "score_a": 0.5,
        "plies": 11,
        "adjudicated": false,
        "player_a_color": "white",
        "player_a_timeouts": 0,
        "player_b_timeouts": 0,
        "player_a_moves": 6,
        "player_b_moves": 5,
        "player_a_crashes": 0,
        "player_b_crashes": 0,
        "response_times_ms": [
          196.54820799999584,
          196.08604199999036,
          196.25216700001147,
          196.22308300000668,
          198.5957919999919,
          196.32312500002058,
          196.3482079999892,
          196.08470800000077,
          196.323499999977,
          196.49933399998076,
          196.29612499997506
        ],
        "error": ""
      },
      {
        "opening_name": "italian_game",
        "opening_fen": "r1bqk1nr/pppp1ppp/2n5/2b1p3/2B1P3/5N2/PPPP1PPP/RNBQK2R w KQkq - 4 4",
        "result": "draw",
        "score_a": 0.5,
        "plies": 11,
        "adjudicated": false,
        "player_a_color": "black",
        "player_a_timeouts": 0,
        "player_b_timeouts": 0,
        "player_a_moves": 5,
        "player_b_moves": 6,
        "player_a_crashes": 0,
        "player_b_crashes": 0,