{
  "feedback_source": "self_play",
  "summary": {
    "games": 16,
    "wins_a": 2,
    "losses_a": 1,
    "draws": 13,
    "score_a": 8.5,
    "mean_score_a": 0.53125,
    "game_scores_a": [
      0.5,
      0.5,
      0.0,
      1.0,
      0.5,
      0.5,
      0.5,
      0.5,
      1.0,
      0.5,
      0.5,
      0.5,
      0.5,
      0.5,
      0.5,
      0.5
    ],
    "player_a_moves": 121,
    "player_b_moves": 121,
    "player_a_timeouts": 0,
    "player_b_timeouts": 0,
    "player_a_crashes": 0,
    "player_b_crashes": 0,
    "results": [
      {
        "opening_name": "startpos",
        "opening_fen": "rnbqkbnr/pppppppp/8/8/8/8/PPPPPPPP/RNBQKBNR w KQkq - 0 1",
        "result": "draw",
        "score_a": 0.5,
        "plies": 13,
        "adjudicated": false,
        "player_a_color": "white",
        "player_a_timeouts": 0,
        "player_b_timeouts": 0,
        "player_a_moves": 7,
        "player_b_moves": 6,
        "player_a_crashes": 0,
        "player_b_crashes": 0,
        "response_times_ms": [
          196.04783299999997,
          196.25050000000005,
          196.436791,
          196.13599999999985,
          196.07041599999997,
          196.13866700000005,
          196.2021250000001,
          196.56191600000005,
          196.08058300000008,
          196.46254200000013,
          196.68366699999984,
          196.26016600000008,
          196.15874999999994
        ],
        "error": ""
      },
      {
        "opening_name": "startpos",
        "opening_fen": "rnbqkbnr/pppppppp/8/8/8/8/PPPPPPPP/RNBQKBNR w KQkq - 0 1",
        "result": "draw",
        "score_a": 0.5,
        "plies": 13,
        "adjudicated": false,
        "player_a_color": "black",
        "player_a_timeouts": 0,
        "player_b_timeouts": 0,
        "player_a_moves": 6,
        "player_b_moves": 7,
        "player_a_crashes": 0,
        "player_b_crashes": 0,
        "response_times_ms": [
          196.26999999999973,
          196.2138750000002,
          196.39874999999972,
          196.4887919999998,
          196.22774999999982,
          196.11262500000004,
          196.650875,
          196.47191700000022,
          196.4974589999997,
          196.2105420000002,
          196.13087499999972,
          196.49312499999994,
          196.1651670000002
        ],
        "error": ""
      },
      {
        "opening_name": "queens_pawn",
        "opening_fen": "rnbqkbnr/ppp1pppp/8/3p4/3P4/8/PPP1PPPP/RNBQKBNR w KQkq - 0 2",
        "result": "loss",
        "score_a": 0.0,
        "plies": 20,
        "adjudicated": true,
        "player_a_color": "white",
        "player_a_timeouts": 0,
        "player_b_timeouts": 0,
        "player_a_moves": 10,
        "player_b_moves": 10,
        "player_a_crashes": 0,
        "player_b_crashes": 0,
        "response_times_ms": [
          196.2156660000005,
          196.15458400000028,
          196.16545800000029,
          196.51445800000022,
          196.40120900000025,
          196.44979200000012,
          196.53304200000042,
          196.4067089999997,
          196.47241699999984,
          196.17750000000012,
          196.39112499999987,
          196.08854200000002,
          196.0668339999998,
          196.22100000000043,
          196.2307920000015,
          196.1991670000014,
          196.670082999999,
          196.21154200000035,
          196.264124999999,
          196.28337500000015
        ],
        "error": ""
      },
      {
        "opening_name": "queens_pawn",
        "opening_fen": "rnbqkbnr/ppp1pppp/8/3p4/3P4/8/PPP1PPPP/RNBQKBNR w KQkq - 0 2",
        "result": "win",
        "score_a": 1.0,
        "plies": 20,
        "adjudicated": true,
        "player_a_color": "black",
        "player_a_timeouts": 0,
        "player_b_timeouts": 0,
        "player_a_moves": 10,
        "player_b_moves": 10,
        "player_a_crashes": 0,
        "player_b_crashes": 0,
        "response_times_ms": [
          196.06087500000058,
          196.7469590000004,
          196.5389169999998,
          196.36029199999962,
          196.1398749999983,
          196.19241700000066,
          196.2362080000002,
          196.15841699999947,
          196.29620900000157,
          196.1020410000014,
          196.20199999999954,
          196.12220800000023,
          196.1988330000004,
          196.21812500000146,
          196.33187500000025,
          196.12662499999976,
          196.1857079999998,
          196.09799999999922,
          196.1075000000001,
          196.11950000000002
        ],
        "error": ""
      },
      {
        "opening_name": "ruy_lopez",
        "opening_fen": "r1bqkbnr/pppp1ppp/2n5/1B2p3/4P3/5N2/PPPP1PPP/RNBQK2R b KQkq - 3 3",
        "result": "draw",
        "score_a": 0.5,
        "plies": 17,
        "adjudicated": false,
        "player_a_color": "white",
        "player_a_timeouts": 0,
        "player_b_timeouts": 0,
        "player_a_moves": 8,
        "player_b_moves": 9,
        "player_a_crashes": 0,
        "player_b_crashes": 0,
        "response_times_ms": [
          196.34774999999928,
          196.32608300000066,
          196.4279169999994,
          196.0895409999992,
          196.21324999999956,
          196.238708000001,
          196.03816599999925,
          196.26187499999935,
          196.32341699999856,
          196.4112500000006,
          196.23987499999984,
          196.03775000000036,
          196.08416699999864,
          196.1405420000002,
          196.12945799999792,
          196.1807499999999,
          196.19404099999826
        ],
        "error": ""
      },
      {
        "opening_name": "ruy_lopez",
        "opening_fen": "r1bqkbnr/pppp1ppp/2n5/1B2p3/4P3/5N2/PPPP1PPP/RNBQK2R b KQkq - 3 3",
        "result": "draw",
        "score_a": 0.5,
        "plies": 17,
        "adjudicated": false,
        "player_a_color": "black",
        "player_a_timeouts": 0,
        "player_b_timeouts": 0,
        "player_a_moves": 9,
        "player_b_moves": 8,
        "player_a_crashes": 0,
        "player_b_crashes": 0,
        "response_times_ms": [
          196.0812919999988,
          196.46091699999957,
          196.29595800000033,
          196.0941250000019,
          196.31716700000013,
          196.1562499999978,
          196.2475000000019,
          196.0780419999999,
          196.5027500000005,
          196.09595899999732,
          196.14012499999944,
          196.0251669999984,
          196.11062499999932,
          196.28791699999937,
          196.493499999999,
          196.17695800000234,
          196.18145800000164
        ],
        "error": ""
      },
      {
        "opening_name": "italian_game",
        "opening_fen": "r1bqk1nr/pppp1ppp/2n5/2b1p3/2B1P3/5N2/PPPP1PPP/RNBQK2R w KQkq - 4 4",
        "result": "draw",
        "score_a": 0.5,
        "plies": 11,
        "adjudicated": false,
        "player_a_color": "white",
        "player_a_timeouts": 0,
        "player_b_timeouts": 0,
        "player_a_moves": 6,
        "player_b_moves": 5,
        "player_a_crashes": 0,
        "player_b_crashes": 0,
        "response_times_ms": [
          196.18462499999723,
          196.11070799999908,
          196.0858750000014,
          196.0607500000009,
          196.19116700000205,
          196.43574999999913,
          196.39649999999875,
          196.4997920000009,
          196.2395420000007,
          196.62791600000062,
          196.13558300000022
        ],
        "error": ""
      },
      {
        "opening_name": "italian_game",
        "opening_fen": "r1bqk1nr/pppp1ppp/2n5/2b1p3/2B1P3/5N2/PPPP1PPP/RNBQK2R w KQkq - 4 4",
        "result": "draw",
        "score_a": 0.5,
        "plies": 11,
        "adjudicated": false,
        "player_a_color": "black",
        "player_a_timeouts": 0,
        "player_b_timeouts": 0,
        "player_a_moves": 5,
        "player_b_moves": 6,
        "player_a_crashes": 0,
        "player_b_crashes": 0,