{
  "feedback_source": "self_play",
  "summary": {
    "games": 16,
    "wins_a": 2,
    "losses_a": 2,
    "draws": 12,
    "score_a": 8.0,
    "mean_score_a": 0.5,
    "game_scores_a": [
      0.5,
      0.5,
      0.0,
      1.0,
      0.5,
      0.5,
      0.5,
      0.5,
      1.0,
      0.0,
      0.5,
      0.5,
      0.5,
      0.5,
      0.5,
      0.5
    ],
    "player_a_moves": 121,
    "player_b_moves": 121,
    "player_a_timeouts": 0,
    "player_b_timeouts": 0,
    "player_a_crashes": 0,
    "player_b_crashes": 0,
    "results": [
      {
        "opening_name": "startpos",
        "opening_fen": "rnbqkbnr/pppppppp/8/8/8/8/PPPPPPPP/RNBQKBNR w KQkq - 0 1",
        "result": "draw",
        "score_a": 0.5,
        "plies": 13,
        "adjudicated": false,
        "player_a_color": "white",
        "player_a_timeouts": 0,
        "player_b_timeouts": 0,
        "player_a_moves": 7,
        "player_b_moves": 6,
        "player_a_crashes": 0,
        "player_b_crashes": 0,
        "response_times_ms": [
          196.1354999999969,
          196.35804199998574,
          196.2722499999927,
          196.26541700000644,
          196.04483300000197,
          196.12204200001315,
          196.45154200000547,
          196.41295799999625,
          196.0436250000157,
          196.14079199999424,
          196.13987500000007,
          196.2862500000142,
          196.72441699998444
        ],
        "error": ""
      },
      {
        "opening_name": "startpos",
        "opening_fen": "rnbqkbnr/pppppppp/8/8/8/8/PPPPPPPP/RNBQKBNR w KQkq - 0 1",
        "result": "draw",
        "score_a": 0.5,
        "plies": 13,
        "adjudicated": false,
        "player_a_color": "black",
        "player_a_timeouts": 0,
        "player_b_timeouts": 0,
        "player_a_moves": 6,
        "player_b_moves": 7,
        "player_a_crashes": 0,
        "player_b_crashes": 0,
        "response_times_ms": [
          196.11079200001313,
          196.05745900000215,
          196.55274999999506,
          196.3121670000021,
          196.24845799998525,
          196.20758299998897,
          196.2570000000028,
          196.43229199999723,
          196.610249999992,
          196.19008399999416,
          196.2284579999789,
          196.39275000000112,
          196.3251669999977
        ],
        "error": ""
      },
      {
        "opening_name": "queens_pawn",
        "opening_fen": "rnbqkbnr/ppp1pppp/8/3p4/3P4/8/PPP1PPPP/RNBQKBNR w KQkq - 0 2",
        "result": "loss",
        "score_a": 0.0,
        "plies": 20,
        "adjudicated": true,
        "player_a_color": "white",
        "player_a_timeouts": 0,
        "player_b_timeouts": 0,
        "player_a_moves": 10,
        "player_b_moves": 10,
        "player_a_crashes": 0,
        "player_b_crashes": 0,
        "response_times_ms": [
          196.50129200002198,
          196.55858299998386,
          196.41533300000447,
          196.05108300001461,
          196.23970800000734,
          196.17054099998654,
          196.3147079999885,
          196.14779200000498,
          196.40216700000224,
          196.26754099999744,
          196.7020419999983,
          196.03716700001428,
          196.32425000000353,
          196.35391700001037,
          196.5645420000044,
          196.5230420000239,
          196.57691599999794,
          196.10399999999117,
          196.04604099998824,
          196.05187499999488
        ],
        "error": ""
      },
      {
        "opening_name": "queens_pawn",
        "opening_fen": "rnbqkbnr/ppp1pppp/8/3p4/3P4/8/PPP1PPPP/RNBQKBNR w KQkq - 0 2",
        "result": "win",
        "score_a": 1.0,
        "plies": 20,
        "adjudicated": true,
        "player_a_color": "black",
        "player_a_timeouts": 0,
        "player_b_timeouts": 0,
        "player_a_moves": 10,
        "player_b_moves": 10,
        "player_a_crashes": 0,
        "player_b_crashes": 0,
        "response_times_ms": [
          196.25779199998306,
          196.63962499998888,
          196.1032500000215,
          196.23891699998808,
          196.3770840000052,
          196.33312500002376,
          196.24074999998697,
          196.47395800001277,
          196.03041599998505,
          196.1413749999963,
          196.13200000000575,
          196.05645800001525,
          196.2581660000069,
          196.12633399998458,
          196.12979100000416,
          196.13383300000464,
          196.716667000004,
          196.21216600000935,
          196.31824999999026,
          196.12724999998932
        ],
        "error": ""
      },
      {
        "opening_name": "ruy_lopez",
        "opening_fen": "r1bqkbnr/pppp1ppp/2n5/1B2p3/4P3/5N2/PPPP1PPP/RNBQK2R b KQkq - 3 3",
        "result": "draw",
        "score_a": 0.5,
        "plies": 17,
        "adjudicated": false,
        "player_a_color": "white",
        "player_a_timeouts": 0,
        "player_b_timeouts": 0,
        "player_a_moves": 8,
        "player_b_moves": 9,
        "player_a_crashes": 0,
        "player_b_crashes": 0,
        "response_times_ms": [
          196.55391599999916,
          196.08745800002225,
          196.250292000002,
          196.29491700001722,
          196.14000000001397,
          196.43333300001586,
          196.36299999999096,
          196.12941699998032,
          196.38729199999716,
          196.02187499998536,
          196.21870800000352,
          196.2202500000103,
          196.7820000000131,
          196.2122500000021,
          196.18833300000915,
          196.55624999998622,
          196.28479200000015
        ],
        "error": ""
      },
      {
        "opening_name": "ruy_lopez",
        "opening_fen": "r1bqkbnr/pppp1ppp/2n5/1B2p3/4P3/5N2/PPPP1PPP/RNBQK2R b KQkq - 3 3",
        "result": "draw",
        "score_a": 0.5,
        "plies": 17,
        "adjudicated": false,
        "player_a_color": "black",
        "player_a_timeouts": 0,
        "player_b_timeouts": 0,
        "player_a_moves": 9,
        "player_b_moves": 8,
        "player_a_crashes": 0,
        "player_b_crashes": 0,
        "response_times_ms": [
          196.56683300001987,
          196.08062500000756,
          196.58287499999005,
          196.0893750000139,
          196.10337500000696,
          196.20879100000366,
          196.48291699999731,
          196.17345800000408,
          196.5108750000013,
          196.12233300000526,
          196.17037500000833,
          196.25620900001195,
          196.14670800001477,
          196.2517919999982,
          196.13320800002043,
          196.62245800000733,
          196.26933399999302
        ],
        "error": ""
      },
      {
        "opening_name": "italian_game",
        "opening_fen": "r1bqk1nr/pppp1ppp/2n5/2b1p3/2B1P3/5N2/PPPP1PPP/RNBQK2R w KQkq - 4 4",
        "result": "draw",
        "score_a": 0.5,
        "plies": 11,
        "adjudicated": false,
        "player_a_color": "white",
        "player_a_timeouts": 0,
        "player_b_timeouts": 0,
        "player_a_moves": 6,
        "player_b_moves": 5,
        "player_a_crashes": 0,
        "player_b_crashes": 0,
        "response_times_ms": [
          196.51537500001837,
          196.16429199999175,
          196.23949999999013,
          196.45691700000611,
          196.13883299999202,
          196.43425000001002,
          196.13837500000386,
          196.20050000000333,
          196.28816700000584,
          196.42858399998886,
          196.33445900001334
        ],
        "error": ""
      },
      {
        "opening_name": "italian_game",
        "opening_fen": "r1bqk1nr/pppp1ppp/2n5/2b1p3/2B1P3/5N2/PPPP1PPP/RNBQK2R w KQkq - 4 4",
        "result": "draw",
        "score_a": 0.5,
        "plies": 11,
        "adjudicated": false,
        "player_a_color": "black",
        "player_a_timeouts": 0,
        "player_b_timeouts": 0,
        "player_a_moves": 5,
        "player_b_moves": 6,
        "player_a_crashes": 0,
        "player_b_crashes": 0,