{
  "feedback_source": "self_play",
  "summary": {
    "games": 16,
    "wins_a": 3,
    "losses_a": 3,
    "draws": 10,
    "score_a": 8.0,
    "mean_score_a": 0.5,
    "game_scores_a": [
      0.5,
      0.5,
      0.0,
      1.0,
      0.5,
      0.5,
      0.0,
      1.0,
      1.0,
      0.0,
      0.5,
      0.5,
      0.5,
      0.5,
      0.5,
      0.5
    ],
    "player_a_moves": 118,
    "player_b_moves": 118,
    "player_a_timeouts": 0,
    "player_b_timeouts": 0,
    "player_a_crashes": 0,
    "player_b_crashes": 0,
    "results": [
      {
        "opening_name": "startpos",
        "opening_fen": "rnbqkbnr/pppppppp/8/8/8/8/PPPPPPPP/RNBQKBNR w KQkq - 0 1",
        "result": "draw",
        "score_a": 0.5,
        "plies": 13,
        "adjudicated": false,
        "player_a_color": "white",
        "player_a_timeouts": 0,
        "player_b_timeouts": 0,
        "player_a_moves": 7,
        "player_b_moves": 6,
        "player_a_crashes": 0,
        "player_b_crashes": 0,
        "response_times_ms": [
          196.10425000000475,
          196.3171250000073,
          196.30695900001172,
          196.37220799999966,
          198.39891699999157,
          196.1050409999956,
          196.3699170000126,
          196.1497080000072,
          196.12083399999847,
          196.13233299999422,
          196.66958399999146,
          196.39875000000018,
          196.0981249999918
        ],
        "error": ""
      },
      {
        "opening_name": "startpos",
        "opening_fen": "rnbqkbnr/pppppppp/8/8/8/8/PPPPPPPP/RNBQKBNR w KQkq - 0 1",
        "result": "draw",
        "score_a": 0.5,
        "plies": 13,
        "adjudicated": false,
        "player_a_color": "black",
        "player_a_timeouts": 0,
        "player_b_timeouts": 0,
        "player_a_moves": 6,
        "player_b_moves": 7,
        "player_a_crashes": 0,
        "player_b_crashes": 0,
        "response_times_ms": [
          196.50645799998756,
          196.03783399999486,
          196.10870900000066,
          196.3125839999975,
          196.24412500000687,
          196.32204200000558,
          196.7576249999894,
          196.48750000000348,
          196.39941699999497,
          196.4865829999951,
          196.7042089999893,
          196.03583299999627,
          196.57825000000173
        ],
        "error": ""
      },
      {
        "opening_name": "queens_pawn",
        "opening_fen": "rnbqkbnr/ppp1pppp/8/3p4/3P4/8/PPP1PPPP/RNBQKBNR w KQkq - 0 2",
        "result": "loss",
        "score_a": 0.0,
        "plies": 20,
        "adjudicated": true,
        "player_a_color": "white",
        "player_a_timeouts": 0,
        "player_b_timeouts": 0,
        "player_a_moves": 10,
        "player_b_moves": 10,
        "player_a_crashes": 0,
        "player_b_crashes": 0,
        "response_times_ms": [
          196.26104099999964,
          196.26974999999902,
          196.12075000000573,
          196.2317499999955,
          196.41295800001046,
          196.1526249999963,
          196.09929199999954,
          196.4911669999907,
          196.07770800000424,
          196.25166699999852,
          196.4077079999953,
          196.0651659999968,
          196.4144590000103,
          196.02591700000005,
          196.17354199999681,
          196.4426250000031,
          196.47545799999477,
          196.02933299999847,
          196.55095900000674,
          196.13254200000085
        ],
        "error": ""
      },
      {
        "opening_name": "queens_pawn",
        "opening_fen": "rnbqkbnr/ppp1pppp/8/3p4/3P4/8/PPP1PPPP/RNBQKBNR w KQkq - 0 2",
        "result": "win",
        "score_a": 1.0,
        "plies": 20,
        "adjudicated": true,
        "player_a_color": "black",
        "player_a_timeouts": 0,
        "player_b_timeouts": 0,
        "player_a_moves": 10,
        "player_b_moves": 10,
        "player_a_crashes": 0,
        "player_b_crashes": 0,
        "response_times_ms": [
          196.22191700000258,
          196.47141699999793,
          196.14562499999977,
          196.07716699999855,
          196.7302080000053,
          196.26049999999395,
          196.07858400000566,
          196.32000000000005,
          196.14108300000055,
          196.19666699999527,
          196.0923750000063,
          196.22758299999532,
          196.41670900000463,
          196.18470900000773,
          196.11495799999545,
          196.130624999995,
          196.22812500000464,
          196.19783299999938,
          196.37783299999967,
          196.04729200000293
        ],
        "error": ""
      },
      {
        "opening_name": "ruy_lopez",
        "opening_fen": "r1bqkbnr/pppp1ppp/2n5/1B2p3/4P3/5N2/PPPP1PPP/RNBQK2R b KQkq - 3 3",
        "result": "draw",
        "score_a": 0.5,
        "plies": 15,
        "adjudicated": false,
        "player_a_color": "white",
        "player_a_timeouts": 0,
        "player_b_timeouts": 0,
        "player_a_moves": 7,
        "player_b_moves": 8,
        "player_a_crashes": 0,
        "player_b_crashes": 0,
        "response_times_ms": [
          196.16150000000232,
          196.1047500000035,
          196.0459170000064,
          196.1923340000027,
          196.12341699999547,
          196.1292080000021,
          196.24816699999315,
          196.3242090000108,
          196.10400000000539,
          196.4515829999982,
          196.20112500000175,
          196.05229100000088,
          196.22937500000148,
          196.0506669999944,
          196.0779579999894
        ],
        "error": ""
      },
      {
        "opening_name": "ruy_lopez",
        "opening_fen": "r1bqkbnr/pppp1ppp/2n5/1B2p3/4P3/5N2/PPPP1PPP/RNBQK2R b KQkq - 3 3",
        "result": "draw",
        "score_a": 0.5,
        "plies": 15,
        "adjudicated": false,
        "player_a_color": "black",
        "player_a_timeouts": 0,
        "player_b_timeouts": 0,
        "player_a_moves": 8,
        "player_b_moves": 7,
        "player_a_crashes": 0,
        "player_b_crashes": 0,
        "response_times_ms": [
          196.2781250000063,
          196.03149999998948,
          196.17945799998893,
          196.2351659999939,
          196.17616600000076,
          196.3423750000004,
          196.17350000000044,
          196.49412500000096,
          196.03750000000275,
          196.2671660000126,
          196.0980420000027,
          196.54379199999994,
          196.10879200000397,
          196.57608299999652,
          196.08175000000472
        ],
        "error": ""
      },
      {
        "opening_name": "italian_game",
        "opening_fen": "r1bqk1nr/pppp1ppp/2n5/2b1p3/2B1P3/5N2/PPPP1PPP/RNBQK2R w KQkq - 4 4",
        "result": "loss",
        "score_a": 0.0,
        "plies": 10,
        "adjudicated": false,
        "player_a_color": "white",
        "player_a_timeouts": 0,
        "player_b_timeouts": 0,
        "player_a_moves": 5,
        "player_b_moves": 5,
        "player_a_crashes": 0,
        "player_b_crashes": 0,
        "response_times_ms": [
          196.66220800000644,
          196.04766699998777,
          196.16204199999743,
          196.13695799999675,
          196.74450000000832,
          196.40612499999577,
          196.20220800000254,
          196.21216699999877,
          196.0252089999983,
          26.459666000008042
        ],
        "error": ""
      },
      {
        "opening_name": "italian_game",
        "opening_fen": "r1bqk1nr/pppp1ppp/2n5/2b1p3/2B1P3/5N2/PPPP1PPP/RNBQK2R w KQkq - 4 4",
        "result": "win",
        "score_a": 1.0,
        "plies": 10,
        "adjudicated": false,
        "player_a_color": "black",
        "player_a_timeouts": 0,
        "player_b_timeouts": 0,
        "player_a_moves": 5,
        "player_b_moves": 5,
        "player_a_crashes": 0,
        "player_b_crashes": 0,