{
  "feedback_source": "self_play",
  "summary": {
    "games": 16,
    "wins_a": 2,
    "losses_a": 2,
    "draws": 12,
    "score_a": 8.0,
    "mean_score_a": 0.5,
    "game_scores_a": [
      0.5,
      0.5,
      0.0,
      1.0,
      0.5,
      0.5,
      0.5,
      0.5,
      1.0,
      0.0,
      0.5,
      0.5,
      0.5,
      0.5,
      0.5,
      0.5
    ],
    "player_a_moves": 132,
    "player_b_moves": 131,
    "player_a_timeouts": 0,
    "player_b_timeouts": 0,
    "player_a_crashes": 0,
    "player_b_crashes": 0,
    "results": [
      {
        "opening_name": "startpos",
        "opening_fen": "rnbqkbnr/pppppppp/8/8/8/8/PPPPPPPP/RNBQKBNR w KQkq - 0 1",
        "result": "draw",
        "score_a": 0.5,
        "plies": 13,
        "adjudicated": false,
        "player_a_color": "white",
        "player_a_timeouts": 0,
        "player_b_timeouts": 0,
        "player_a_moves": 7,
        "player_b_moves": 6,
        "player_a_crashes": 0,
        "player_b_crashes": 0,
        "response_times_ms": [
          196.097625,
          196.04854100000003,
          196.48341599999998,
          196.0433749999999,
          196.13337500000006,
          196.834792,
          196.2084580000001,
          196.73820800000018,
          196.23341699999975,
          196.56008399999968,
          196.08383299999988,
          196.66754200000014,
          196.826583
        ],
        "error": ""
      },
      {
        "opening_name": "startpos",
        "opening_fen": "rnbqkbnr/pppppppp/8/8/8/8/PPPPPPPP/RNBQKBNR w KQkq - 0 1",
        "result": "draw",
        "score_a": 0.5,
        "plies": 13,
        "adjudicated": false,
        "player_a_color": "black",
        "player_a_timeouts": 0,
        "player_b_timeouts": 0,
        "player_a_moves": 6,
        "player_b_moves": 7,
        "player_a_crashes": 0,
        "player_b_crashes": 0,
        "response_times_ms": [
          196.40370799999963,
          196.26629100000014,
          196.38904199999985,
          196.08295899999996,
          196.15320900000023,
          196.22079199999965,
          196.47629199999983,
          196.22287500000013,
          196.0356670000003,
          196.14354100000054,
          196.14174999999977,
          196.07329200000035,
          196.10891699999922
        ],
        "error": ""
      },
      {
        "opening_name": "queens_pawn",
        "opening_fen": "rnbqkbnr/ppp1pppp/8/3p4/3P4/8/PPP1PPPP/RNBQKBNR w KQkq - 0 2",
        "result": "loss",
        "score_a": 0.0,
        "plies": 20,
        "adjudicated": true,
        "player_a_color": "white",
        "player_a_timeouts": 0,
        "player_b_timeouts": 0,
        "player_a_moves": 10,
        "player_b_moves": 10,
        "player_a_crashes": 0,
        "player_b_crashes": 0,
        "response_times_ms": [
          196.0490830000001,
          196.29412499999967,
          196.40620900000005,
          196.82983299999978,
          196.1650000000006,
          196.12333300000006,
          196.23633399999994,
          196.19320799999952,
          196.49279199999992,
          196.1693329999994,
          196.18275000000017,
          196.25562500000004,
          196.34308400000043,
          196.30820799999958,
          196.24954200000033,
          196.21608300000128,
          196.26520899999989,
          196.16999999999862,
          196.08183300000093,
          196.05337499999996
        ],
        "error": ""
      },
      {
        "opening_name": "queens_pawn",
        "opening_fen": "rnbqkbnr/ppp1pppp/8/3p4/3P4/8/PPP1PPPP/RNBQKBNR w KQkq - 0 2",
        "result": "win",
        "score_a": 1.0,
        "plies": 20,
        "adjudicated": true,
        "player_a_color": "black",
        "player_a_timeouts": 0,
        "player_b_timeouts": 0,
        "player_a_moves": 10,
        "player_b_moves": 10,
        "player_a_crashes": 0,
        "player_b_crashes": 0,
        "response_times_ms": [
          196.15683399999995,
          196.1145000000002,
          196.46691700000042,
          196.09025000000102,
          196.12945799999972,
          196.11333399999964,
          196.22662499999956,
          196.05725000000086,
          196.52166599999887,
          196.31745900000118,
          196.11516599999845,
          196.1006249999997,
          196.52970800000168,
          196.18487500000015,
          196.14362499999947,
          196.03466700000104,
          196.15591699999868,
          196.50125000000074,
          196.2424580000004,
          196.07258400000126
        ],
        "error": ""
      },
      {
        "opening_name": "ruy_lopez",
        "opening_fen": "r1bqkbnr/pppp1ppp/2n5/1B2p3/4P3/5N2/PPPP1PPP/RNBQK2R b KQkq - 3 3",
        "result": "draw",
        "score_a": 0.5,
        "plies": 20,
        "adjudicated": true,
        "player_a_color": "white",
        "player_a_timeouts": 0,
        "player_b_timeouts": 0,
        "player_a_moves": 10,
        "player_b_moves": 10,
        "player_a_crashes": 0,
        "player_b_crashes": 0,
        "response_times_ms": [
          196.20845800000097,
          196.30695800000098,
          196.55870899999962,
          196.223916000001,
          196.10712499999926,
          196.50250000000113,
          196.13904200000042,
          196.1266669999997,
          196.21829200000107,
          196.30929200000048,
          196.1847919999986,
          196.3310000000007,
          196.33849999999953,
          196.12320800000128,
          196.03724999999983,
          196.24624999999796,
          196.3171250000002,
          196.0872920000014,
          196.25124999999954,
          196.59512500000176
        ],
        "error": ""
      },
      {
        "opening_name": "ruy_lopez",
        "opening_fen": "r1bqkbnr/pppp1ppp/2n5/1B2p3/4P3/5N2/PPPP1PPP/RNBQK2R b KQkq - 3 3",
        "result": "draw",
        "score_a": 0.5,
        "plies": 17,
        "adjudicated": false,
        "player_a_color": "black",
        "player_a_timeouts": 0,
        "player_b_timeouts": 0,
        "player_a_moves": 9,
        "player_b_moves": 8,
        "player_a_crashes": 0,
        "player_b_crashes": 0,
        "response_times_ms": [
          196.24287499999937,
          196.31929100000178,
          196.09108300000244,
          196.2521670000008,
          196.15258400000002,
          196.477833000003,
          196.125416000001,
          196.22362499999824,
          196.44108399999993,
          196.10783299999923,
          196.2057090000009,
          196.258708000002,
          196.6817909999996,
          196.311957999999,
          196.45887500000114,
          196.27537499999903,
          196.2500000000027
        ],
        "error": ""
      },
      {
        "opening_name": "italian_game",
        "opening_fen": "r1bqk1nr/pppp1ppp/2n5/2b1p3/2B1P3/5N2/PPPP1PPP/RNBQK2R w KQkq - 4 4",
        "result": "draw",
        "score_a": 0.5,
        "plies": 11,
        "adjudicated": false,
        "player_a_color": "white",
        "player_a_timeouts": 0,
        "player_b_timeouts": 0,
        "player_a_moves": 6,
        "player_b_moves": 5,
        "player_a_crashes": 0,
        "player_b_crashes": 0,
        "response_times_ms": [
          196.54004199999875,
          196.53741699999827,
          196.17316699999776,
          196.1892909999996,
          196.26837499999894,
          196.11066699999924,
          196.1850829999996,
          196.460124999998,
          196.24124999999992,
          196.57820899999834,
          196.91058400000117
        ],
        "error": ""
      },
      {
        "opening_name": "italian_game",
        "opening_fen": "r1bqk1nr/pppp1ppp/2n5/2b1p3/2B1P3/5N2/PPPP1PPP/RNBQK2R w KQkq - 4 4",
        "result": "draw",
        "score_a": 0.5,
        "plies": 11,
        "adjudicated": false,
        "player_a_color": "black",
        "player_a_timeouts": 0,
        "player_b_timeouts": 0,
        "player_a_moves": 5,
        "player_b_moves": 6,