{
  "feedback_source": "self_play",
  "summary": {
    "games": 16,
    "wins_a": 1,
    "losses_a": 1,
    "draws": 14,
    "score_a": 8.0,
    "mean_score_a": 0.5,
    "game_scores_a": [
      0.5,
      0.5,
      0.0,
      1.0,
      0.5,
      0.5,
      0.5,
      0.5,
      0.5,
      0.5,
      0.5,
      0.5,
      0.5,
      0.5,
      0.5,
      0.5
    ],
    "player_a_moves": 111,
    "player_b_moves": 111,
    "player_a_timeouts": 0,
    "player_b_timeouts": 0,
    "player_a_crashes": 0,
    "player_b_crashes": 0,
    "results": [
      {
        "opening_name": "startpos",
        "opening_fen": "rnbqkbnr/pppppppp/8/8/8/8/PPPPPPPP/RNBQKBNR w KQkq - 0 1",
        "result": "draw",
        "score_a": 0.5,
        "plies": 13,
        "adjudicated": false,
        "player_a_color": "white",
        "player_a_timeouts": 0,
        "player_b_timeouts": 0,
        "player_a_moves": 7,
        "player_b_moves": 6,
        "player_a_crashes": 0,
        "player_b_crashes": 0,
        "response_times_ms": [
          196.07783300000392,
          196.09991599999432,
          196.32279100000005,
          196.19225000000995,
          196.3479169999971,
          196.2406250000015,
          196.67995799999005,
          196.56037499999002,
          196.47970799999825,
          196.2060409999964,
          196.12829199999737,
          196.34916700000815,
          196.10716599999023
        ],
        "error": ""
      },
      {
        "opening_name": "startpos",
        "opening_fen": "rnbqkbnr/pppppppp/8/8/8/8/PPPPPPPP/RNBQKBNR w KQkq - 0 1",
        "result": "draw",
        "score_a": 0.5,
        "plies": 13,
        "adjudicated": false,
        "player_a_color": "black",
        "player_a_timeouts": 0,
        "player_b_timeouts": 0,
        "player_a_moves": 6,
        "player_b_moves": 7,
        "player_a_crashes": 0,
        "player_b_crashes": 0,
        "response_times_ms": [
          196.21974999999736,
          196.16537500000675,
          196.16116699999964,
          196.04641700000514,
          196.51050000000225,
          196.20720800000413,
          196.382665999991,
          196.56195800000376,
          196.27908399999683,
          196.1284579999898,
          196.3823749999989,
          196.24845799999946,
          196.47320899998988
        ],
        "error": ""
      },
      {
        "opening_name": "queens_pawn",
        "opening_fen": "rnbqkbnr/ppp1pppp/8/3p4/3P4/8/PPP1PPPP/RNBQKBNR w KQkq - 0 2",
        "result": "loss",
        "score_a": 0.0,
        "plies": 20,
        "adjudicated": true,
        "player_a_color": "white",
        "player_a_timeouts": 0,
        "player_b_timeouts": 0,
        "player_a_moves": 10,
        "player_b_moves": 10,
        "player_a_crashes": 0,
        "player_b_crashes": 0,
        "response_times_ms": [
          196.44395800000325,
          196.16949999999633,
          196.18400000000236,
          196.59095900000523,
          196.1428750000067,
          196.44062500000814,
          196.2119169999994,
          196.05191600000182,
          196.49141700000428,
          196.3217090000029,
          196.16841699999554,
          196.07487500000786,
          196.18441699999778,
          196.16720899999507,
          196.12995900000385,
          196.18591600000457,
          196.2389170000023,
          196.03133399999706,
          196.71616600000164,
          196.0252080000089
        ],
        "error": ""
      },
      {
        "opening_name": "queens_pawn",
        "opening_fen": "rnbqkbnr/ppp1pppp/8/3p4/3P4/8/PPP1PPPP/RNBQKBNR w KQkq - 0 2",
        "result": "win",
        "score_a": 1.0,
        "plies": 20,
        "adjudicated": true,
        "player_a_color": "black",
        "player_a_timeouts": 0,
        "player_b_timeouts": 0,
        "player_a_moves": 10,
        "player_b_moves": 10,
        "player_a_crashes": 0,
        "player_b_crashes": 0,
        "response_times_ms": [
          196.37516699999935,
          196.52633299999422,
          196.28704199999447,
          196.66058299999634,
          196.04720799999598,
          196.57541600000172,
          196.27741700000456,
          196.17074999999318,
          196.42408400000022,
          196.27674999999556,
          196.51545799999326,
          196.0793749999965,
          196.5847919999959,
          196.52816599999312,
          198.3680000000021,
          196.05345800000862,
          196.19308299999716,
          196.06737499999838,
          196.6937089999874,
          196.26487499999712
        ],
        "error": ""
      },
      {
        "opening_name": "ruy_lopez",
        "opening_fen": "r1bqkbnr/pppp1ppp/2n5/1B2p3/4P3/5N2/PPPP1PPP/RNBQK2R b KQkq - 3 3",
        "result": "draw",
        "score_a": 0.5,
        "plies": 11,
        "adjudicated": false,
        "player_a_color": "white",
        "player_a_timeouts": 0,
        "player_b_timeouts": 0,
        "player_a_moves": 5,
        "player_b_moves": 6,
        "player_a_crashes": 0,
        "player_b_crashes": 0,
        "response_times_ms": [
          196.16408299999932,
          196.71166700000242,
          196.3450409999865,
          196.16816700001038,
          196.05245900000057,
          196.1926249999948,
          196.2564589999971,
          196.07441600000186,
          196.26016700000548,
          196.06837500001006,
          196.24533300000735
        ],
        "error": ""
      },
      {
        "opening_name": "ruy_lopez",
        "opening_fen": "r1bqkbnr/pppp1ppp/2n5/1B2p3/4P3/5N2/PPPP1PPP/RNBQK2R b KQkq - 3 3",
        "result": "draw",
        "score_a": 0.5,
        "plies": 11,
        "adjudicated": false,
        "player_a_color": "black",
        "player_a_timeouts": 0,
        "player_b_timeouts": 0,
        "player_a_moves": 6,
        "player_b_moves": 5,
        "player_a_crashes": 0,
        "player_b_crashes": 0,
        "response_times_ms": [
          196.1622919999968,
          196.14024999999913,
          196.3391249999944,
          196.20133300000475,
          196.1100839999972,
          196.361875000008,
          196.06337499999427,
          196.24925000000815,
          196.63012499999866,
          196.22412500000053,
          196.48537499999463
        ],
        "error": ""
      },
      {
        "opening_name": "italian_game",
        "opening_fen": "r1bqk1nr/pppp1ppp/2n5/2b1p3/2B1P3/5N2/PPPP1PPP/RNBQK2R w KQkq - 4 4",
        "result": "draw",
        "score_a": 0.5,
        "plies": 11,
        "adjudicated": false,
        "player_a_color": "white",
        "player_a_timeouts": 0,
        "player_b_timeouts": 0,
        "player_a_moves": 6,
        "player_b_moves": 5,
        "player_a_crashes": 0,
        "player_b_crashes": 0,
        "response_times_ms": [
          196.14912499999093,
          196.13499999999817,
          196.26875000000155,
          196.63504199999693,
          196.2458330000061,
          196.57566700000473,
          196.26550000000975,
          196.61404200000732,
          196.5858749999967,
          196.40558300000066,
          196.29337499999622
        ],
        "error": ""
      },
      {
        "opening_name": "italian_game",
        "opening_fen": "r1bqk1nr/pppp1ppp/2n5/2b1p3/2B1P3/5N2/PPPP1PPP/RNBQK2R w KQkq - 4 4",
        "result": "draw",
        "score_a": 0.5,
        "plies": 11,
        "adjudicated": false,
        "player_a_color": "black",
        "player_a_timeouts": 0,
        "player_b_timeouts": 0,
        "player_a_moves": 5,
        "player_b_moves": 6,
        "player_a_crashes": 0,
        "player_b_crashes": 0,
        "response_times_ms": [
          196.08787500000346,
          196.37908400000015,
          196.1332500000026,
          196.45966699999917,
          196.09866700000111,
          196.0858750000085,
          196.0564999999974,
          196.60354100000177,
          196.48366599999179,
          196.1114159999937,
          196.4643749999908
        ],