{
  "feedback_source": "self_play",
  "summary": {
    "games": 16,
    "wins_a": 2,
    "losses_a": 2,
    "draws": 12,
    "score_a": 8.0,
    "mean_score_a": 0.5,
    "game_scores_a": [
      0.5,
      0.5,
      0.0,
      1.0,
      0.5,
      0.5,
      0.5,
      0.5,
      1.0,
      0.0,
      0.5,
      0.5,
      0.5,
      0.5,
      0.5,
      0.5
    ],
    "player_a_moves": 121,
    "player_b_moves": 121,
    "player_a_timeouts": 0,
    "player_b_timeouts": 0,
    "player_a_crashes": 0,
    "player_b_crashes": 0,
    "results": [
      {
        "opening_name": "startpos",
        "opening_fen": "rnbqkbnr/pppppppp/8/8/8/8/PPPPPPPP/RNBQKBNR w KQkq - 0 1",
        "result": "draw",
        "score_a": 0.5,
        "plies": 13,
        "adjudicated": false,
        "player_a_color": "white",
        "player_a_timeouts": 0,
        "player_b_timeouts": 0,
        "player_a_moves": 7,
        "player_b_moves": 6,
        "player_a_crashes": 0,
        "player_b_crashes": 0,
        "response_times_ms": [
          196.516625000001,
          196.06579199999885,
          196.25787500000058,
          196.08449999999777,
          196.1971660000046,
          196.38970900000174,
          196.51949999999374,
          196.2076660000065,
          196.07329199999413,
          196.37941700000283,
          196.71787499999027,
          196.092084,
          196.78904200000602
        ],
        "error": ""
      },
      {
        "opening_name": "startpos",
        "opening_fen": "rnbqkbnr/pppppppp/8/8/8/8/PPPPPPPP/RNBQKBNR w KQkq - 0 1",
        "result": "draw",
        "score_a": 0.5,
        "plies": 13,
        "adjudicated": false,
        "player_a_color": "black",
        "player_a_timeouts": 0,
        "player_b_timeouts": 0,
        "player_a_moves": 6,
        "player_b_moves": 7,
        "player_a_crashes": 0,
        "player_b_crashes": 0,
        "response_times_ms": [
          196.25579200000232,
          196.20358299999907,
          196.03045899999927,
          196.39279199999748,
          196.18933299999242,
          196.18395900000962,
          196.24508300000798,
          196.15258299999994,
          196.43170799999154,
          196.17575000000897,
          196.73295799999835,
          196.09895900001106,
          196.32312500000637
        ],
        "error": ""
      },
      {
        "opening_name": "queens_pawn",
        "opening_fen": "rnbqkbnr/ppp1pppp/8/3p4/3P4/8/PPP1PPPP/RNBQKBNR w KQkq - 0 2",
        "result": "loss",
        "score_a": 0.0,
        "plies": 20,
        "adjudicated": true,
        "player_a_color": "white",
        "player_a_timeouts": 0,
        "player_b_timeouts": 0,
        "player_a_moves": 10,
        "player_b_moves": 10,
        "player_a_crashes": 0,
        "player_b_crashes": 0,
        "response_times_ms": [
          196.34100000000387,
          196.66999999999746,
          196.38391599998783,
          196.27233299999602,
          196.49287500000412,
          196.6964169999983,
          196.52945800000055,
          196.03391599999043,
          196.1134169999923,
          196.1762499999935,
          196.08504099998925,
          196.20137500000112,
          196.56349999999634,
          196.05716600000278,
          196.1815840000014,
          196.25087500000404,
          196.1794999999995,
          196.06424999999206,
          196.4213749999999,
          196.1142920000043
        ],
        "error": ""
      },
      {
        "opening_name": "queens_pawn",
        "opening_fen": "rnbqkbnr/ppp1pppp/8/3p4/3P4/8/PPP1PPPP/RNBQKBNR w KQkq - 0 2",
        "result": "win",
        "score_a": 1.0,
        "plies": 20,
        "adjudicated": true,
        "player_a_color": "black",
        "player_a_timeouts": 0,
        "player_b_timeouts": 0,
        "player_a_moves": 10,
        "player_b_moves": 10,
        "player_a_crashes": 0,
        "player_b_crashes": 0,
        "response_times_ms": [
          196.4367499999895,
          196.04783400001224,
          196.4085830000073,
          196.36933300000692,
          196.2462499999873,
          196.17512499999634,
          196.40866700000004,
          196.13904199999865,
          196.5572499999979,
          196.05245799999693,
          196.50345899999877,
          196.0567080000004,
          196.49658299999828,
          196.2364999999977,
          196.06491700000106,
          196.18433399999446,
          196.1709580000104,
          196.09870799999385,
          196.18858300000852,
          196.07187500000123
        ],
        "error": ""
      },
      {
        "opening_name": "ruy_lopez",
        "opening_fen": "r1bqkbnr/pppp1ppp/2n5/1B2p3/4P3/5N2/PPPP1PPP/RNBQK2R b KQkq - 3 3",
        "result": "draw",
        "score_a": 0.5,
        "plies": 17,
        "adjudicated": false,
        "player_a_color": "white",
        "player_a_timeouts": 0,
        "player_b_timeouts": 0,
        "player_a_moves": 8,
        "player_b_moves": 9,
        "player_a_crashes": 0,
        "player_b_crashes": 0,
        "response_times_ms": [
          196.3953749999945,
          196.31241700000146,
          196.4975839999994,
          196.04083299999786,
          196.25158300000578,
          196.09883299999353,
          196.10370899999907,
          196.20625000000302,
          196.26275000000248,
          196.2522080000042,
          196.32949999999028,
          196.14800000000798,
          196.20787499999892,
          196.41587499999957,
          196.30537499999434,
          196.25391700000705,
          196.75120800000911
        ],
        "error": ""
      },
      {
        "opening_name": "ruy_lopez",
        "opening_fen": "r1bqkbnr/pppp1ppp/2n5/1B2p3/4P3/5N2/PPPP1PPP/RNBQK2R b KQkq - 3 3",
        "result": "draw",
        "score_a": 0.5,
        "plies": 17,
        "adjudicated": false,
        "player_a_color": "black",
        "player_a_timeouts": 0,
        "player_b_timeouts": 0,
        "player_a_moves": 9,
        "player_b_moves": 8,
        "player_a_crashes": 0,
        "player_b_crashes": 0,
        "response_times_ms": [
          196.6155409999999,
          196.20124999998723,
          196.57474999999636,
          196.24866699999188,
          196.54441699999836,
          196.1707079999968,
          196.31383299999072,
          196.1749580000003,
          196.53275000000292,
          196.13612499999533,
          196.23004200001049,
          196.40324999998882,
          196.41954100001158,
          196.17133399999886,
          196.18854199998736,
          196.2852919999989,
          196.07799999999997
        ],
        "error": ""
      },
      {
        "opening_name": "italian_game",
        "opening_fen": "r1bqk1nr/pppp1ppp/2n5/2b1p3/2B1P3/5N2/PPPP1PPP/RNBQK2R w KQkq - 4 4",
        "result": "draw",
        "score_a": 0.5,
        "plies": 11,
        "adjudicated": false,
        "player_a_color": "white",
        "player_a_timeouts": 0,
        "player_b_timeouts": 0,
        "player_a_moves": 6,
        "player_b_moves": 5,
        "player_a_crashes": 0,
        "player_b_crashes": 0,
        "response_times_ms": [
          196.14770799999803,
          196.16750000000138,
          196.2453749999895,
          196.36008300000185,
          196.17245900001024,
          196.25750000000153,
          196.3622909999998,
          196.15654100000768,
          196.20037499998944,
          196.35904199999743,
          196.10112499999843
        ],
        "error": ""
      },
      {
        "opening_name": "italian_game",
        "opening_fen": "r1bqk1nr/pppp1ppp/2n5/2b1p3/2B1P3/5N2/PPPP1PPP/RNBQK2R w KQkq - 4 4",
        "result": "draw",
        "score_a": 0.5,
        "plies": 11,
        "adjudicated": false,
        "player_a_color": "black",
        "player_a_timeouts": 0,
        "player_b_timeouts": 0,
        "player_a_moves": 5,
        "player_b_moves": 6,
        "player_a_crashes": 0,
        "player_b_crashes": 0,