{
  "feedback_source": "self_play",
  "summary": {
    "games": 16,
    "wins_a": 1,
    "losses_a": 1,
    "draws": 14,
    "score_a": 8.0,
    "mean_score_a": 0.5,
    "game_scores_a": [
      0.5,
      0.5,
      0.0,
      1.0,
      0.5,
      0.5,
      0.5,
      0.5,
      0.5,
      0.5,
      0.5,
      0.5,
      0.5,
      0.5,
      0.5,
      0.5
    ],
    "player_a_moves": 121,
    "player_b_moves": 121,
    "player_a_timeouts": 0,
    "player_b_timeouts": 0,
    "player_a_crashes": 0,
    "player_b_crashes": 0,
    "results": [
      {
        "opening_name": "startpos",
        "opening_fen": "rnbqkbnr/pppppppp/8/8/8/8/PPPPPPPP/RNBQKBNR w KQkq - 0 1",
        "result": "draw",
        "score_a": 0.5,
        "plies": 13,
        "adjudicated": false,
        "player_a_color": "white",
        "player_a_timeouts": 0,
        "player_b_timeouts": 0,
        "player_a_moves": 7,
        "player_b_moves": 6,
        "player_a_crashes": 0,
        "player_b_crashes": 0,
        "response_times_ms": [
          196.17870900000867,
          196.0300830000108,
          196.80258399998252,
          196.11649999998804,
          196.1808339999891,
          196.47995799999762,
          196.2507910000113,
          196.45491700001116,
          196.2919579999891,
          196.5334169999835,
          196.45887499999048,
          196.32670899997606,
          196.20341700002086
        ],
        "error": ""
      },
      {
        "opening_name": "startpos",
        "opening_fen": "rnbqkbnr/pppppppp/8/8/8/8/PPPPPPPP/RNBQKBNR w KQkq - 0 1",
        "result": "draw",
        "score_a": 0.5,
        "plies": 13,
        "adjudicated": false,
        "player_a_color": "black",
        "player_a_timeouts": 0,
        "player_b_timeouts": 0,
        "player_a_moves": 6,
        "player_b_moves": 7,
        "player_a_crashes": 0,
        "player_b_crashes": 0,
        "response_times_ms": [
          196.25645799999347,
          196.53058300002613,
          196.11395799998377,
          196.4906249999956,
          196.09291700001563,
          196.03437500001064,
          196.25400000001036,
          196.5099170000144,
          196.10683300001597,
          196.36283400001275,
          196.20525000001976,
          196.25533399999995,
          196.16883300000154
        ],
        "error": ""
      },
      {
        "opening_name": "queens_pawn",
        "opening_fen": "rnbqkbnr/ppp1pppp/8/3p4/3P4/8/PPP1PPPP/RNBQKBNR w KQkq - 0 2",
        "result": "loss",
        "score_a": 0.0,
        "plies": 20,
        "adjudicated": true,
        "player_a_color": "white",
        "player_a_timeouts": 0,
        "player_b_timeouts": 0,
        "player_a_moves": 10,
        "player_b_moves": 10,
        "player_a_crashes": 0,
        "player_b_crashes": 0,
        "response_times_ms": [
          196.59300000000712,
          196.41587500001378,
          196.26266700001338,
          196.35308400000895,
          196.4751250000063,
          196.24412499999266,
          196.16291700000943,
          196.2207089999879,
          196.0369169999865,
          196.10229200000617,
          196.10533299999133,
          196.09233299999573,
          196.35141599999884,
          196.06191700000863,
          196.34295800000245,
          196.2379169999906,
          196.2111670000013,
          196.1915420000082,
          196.0855410000022,
          196.1470829999996
        ],
        "error": ""
      },
      {
        "opening_name": "queens_pawn",
        "opening_fen": "rnbqkbnr/ppp1pppp/8/3p4/3P4/8/PPP1PPPP/RNBQKBNR w KQkq - 0 2",
        "result": "win",
        "score_a": 1.0,
        "plies": 20,
        "adjudicated": true,
        "player_a_color": "black",
        "player_a_timeouts": 0,
        "player_b_timeouts": 0,
        "player_a_moves": 10,
        "player_b_moves": 10,
        "player_a_crashes": 0,
        "player_b_crashes": 0,
        "response_times_ms": [
          196.28745800000047,
          196.14700000002472,
          196.12416699999358,
          196.28916599998547,
          196.1349579999876,
          196.06345799999758,
          196.19570800000474,
          196.1957920000259,
          196.60012500000335,
          196.4302499999917,
          196.70708399999626,
          196.15679199998226,
          196.05674999999678,
          196.1583750000102,
          196.2442909999993,
          196.04358300000513,
          196.23558300000354,
          196.19204100001753,
          196.129333000016,
          196.11270899997635
        ],
        "error": ""
      },
      {
        "opening_name": "ruy_lopez",
        "opening_fen": "r1bqkbnr/pppp1ppp/2n5/1B2p3/4P3/5N2/PPPP1PPP/RNBQK2R b KQkq - 3 3",
        "result": "draw",
        "score_a": 0.5,
        "plies": 17,
        "adjudicated": false,
        "player_a_color": "white",
        "player_a_timeouts": 0,
        "player_b_timeouts": 0,
        "player_a_moves": 8,
        "player_b_moves": 9,
        "player_a_crashes": 0,
        "player_b_crashes": 0,
        "response_times_ms": [
          196.05454200001304,
          196.05558300000325,
          196.16333400000485,
          196.24941600000056,
          196.35708300000942,
          196.11604199999988,
          196.46650000001387,
          196.0329999999999,
          196.22283399999674,
          196.08708299998057,
          196.57833300001926,
          196.12170800002104,
          196.28429200000141,
          196.08962500001326,
          196.41966699998648,
          196.20145900000807,
          196.24908299999788
        ],
        "error": ""
      },
      {
        "opening_name": "ruy_lopez",
        "opening_fen": "r1bqkbnr/pppp1ppp/2n5/1B2p3/4P3/5N2/PPPP1PPP/RNBQK2R b KQkq - 3 3",
        "result": "draw",
        "score_a": 0.5,
        "plies": 17,
        "adjudicated": false,
        "player_a_color": "black",
        "player_a_timeouts": 0,
        "player_b_timeouts": 0,
        "player_a_moves": 9,
        "player_b_moves": 8,
        "player_a_crashes": 0,
        "player_b_crashes": 0,
        "response_times_ms": [
          196.1467919999791,
          196.52854200001002,
          196.0197919999871,
          196.51625000000195,
          196.40787500000556,
          196.11658299999135,
          196.03070800002342,
          196.61083300002247,
          196.69341700000587,
          198.14925000000017,
          196.0864590000142,
          196.0327090000078,
          196.3822499999992,
          196.22012500002484,
          196.23645800001555,
          196.12787500000195,
          196.40466699999592
        ],
        "error": ""
      },
      {
        "opening_name": "italian_game",
        "opening_fen": "r1bqk1nr/pppp1ppp/2n5/2b1p3/2B1P3/5N2/PPPP1PPP/RNBQK2R w KQkq - 4 4",
        "result": "draw",
        "score_a": 0.5,
        "plies": 11,
        "adjudicated": false,
        "player_a_color": "white",
        "player_a_timeouts": 0,
        "player_b_timeouts": 0,
        "player_a_moves": 6,
        "player_b_moves": 5,
        "player_a_crashes": 0,
        "player_b_crashes": 0,
        "response_times_ms": [
          196.44512499999678,
          196.289916000012,
          196.2683329999777,
          196.3530000000162,
          196.12124999997604,
          196.12779199999864,
          196.7412500000023,
          196.49283300000775,
          196.15074999998683,
          196.1417919999917,
          196.52262500000006
        ],
        "error": ""
      },
      {
        "opening_name": "italian_game",
        "opening_fen": "r1bqk1nr/pppp1ppp/2n5/2b1p3/2B1P3/5N2/PPPP1PPP/RNBQK2R w KQkq - 4 4",
        "result": "draw",
        "score_a": 0.5,
        "plies": 11,
        "adjudicated": false,
        "player_a_color": "black",
        "player_a_timeouts": 0,
        "player_b_timeouts": 0,
        "player_a_moves": 5,
        "player_b_moves": 6,
        "player_a_crashes": 0,
        "player_b_crashes": 0,