{
  "feedback_source": "self_play",
  "summary": {
    "games": 16,
    "wins_a": 3,
    "losses_a": 3,
    "draws": 10,
    "score_a": 8.0,
    "mean_score_a": 0.5,
    "game_scores_a": [
      0.5,
      0.5,
      0.0,
      1.0,
      0.5,
      0.5,
      0.0,
      1.0,
      1.0,
      0.0,
      0.5,
      0.5,
      0.5,
      0.5,
      0.5,
      0.5
    ],
    "player_a_moves": 118,
    "player_b_moves": 118,
    "player_a_timeouts": 0,
    "player_b_timeouts": 0,
    "player_a_crashes": 0,
    "player_b_crashes": 0,
    "results": [
      {
        "opening_name": "startpos",
        "opening_fen": "rnbqkbnr/pppppppp/8/8/8/8/PPPPPPPP/RNBQKBNR w KQkq - 0 1",
        "result": "draw",
        "score_a": 0.5,
        "plies": 13,
        "adjudicated": false,
        "player_a_color": "white",
        "player_a_timeouts": 0,
        "player_b_timeouts": 0,
        "player_a_moves": 7,
        "player_b_moves": 6,
        "player_a_crashes": 0,
        "player_b_crashes": 0,
        "response_times_ms": [
          196.1259579999961,
          196.29137500000127,
          196.46670800000265,
          196.30116700000144,
          196.30124999999055,
          196.23512500000118,
          196.3836669999921,
          196.31587500001046,
          196.32966700000054,
          196.23504199999786,
          196.2446249999914,
          196.04745899999898,
          196.12475000000984
        ],
        "error": ""
      },
      {
        "opening_name": "startpos",
        "opening_fen": "rnbqkbnr/pppppppp/8/8/8/8/PPPPPPPP/RNBQKBNR w KQkq - 0 1",
        "result": "draw",
        "score_a": 0.5,
        "plies": 13,
        "adjudicated": false,
        "player_a_color": "black",
        "player_a_timeouts": 0,
        "player_b_timeouts": 0,
        "player_a_moves": 6,
        "player_b_moves": 7,
        "player_a_crashes": 0,
        "player_b_crashes": 0,
        "response_times_ms": [
          196.28008300000488,
          196.16549999999222,
          196.19145800000126,
          196.4654580000058,
          196.40737500000682,
          196.2463750000012,
          196.22808300000827,
          196.13658400000133,
          196.55295799999806,
          196.44137499999204,
          196.26970899999208,
          196.24695799998904,
          196.231166000004
        ],
        "error": ""
      },
      {
        "opening_name": "queens_pawn",
        "opening_fen": "rnbqkbnr/ppp1pppp/8/3p4/3P4/8/PPP1PPPP/RNBQKBNR w KQkq - 0 2",
        "result": "loss",
        "score_a": 0.0,
        "plies": 20,
        "adjudicated": true,
        "player_a_color": "white",
        "player_a_timeouts": 0,
        "player_b_timeouts": 0,
        "player_a_moves": 10,
        "player_b_moves": 10,
        "player_a_crashes": 0,
        "player_b_crashes": 0,
        "response_times_ms": [
          196.14741700000593,
          196.4849579999992,
          196.29141699999764,
          196.22300000000337,
          196.5907500000128,
          196.1864160000033,
          196.0786249999984,
          196.2323749999939,
          196.05629199999441,
          196.07399999999586,
          196.1550420000009,
          196.17566699999145,
          196.355166999993,
          196.11366600000224,
          196.05679200000736,
          196.14949999998998,
          196.12495900000226,
          196.2085419999937,
          196.09266599999842,
          196.02929200000574
        ],
        "error": ""
      },
      {
        "opening_name": "queens_pawn",
        "opening_fen": "rnbqkbnr/ppp1pppp/8/3p4/3P4/8/PPP1PPPP/RNBQKBNR w KQkq - 0 2",
        "result": "win",
        "score_a": 1.0,
        "plies": 20,
        "adjudicated": true,
        "player_a_color": "black",
        "player_a_timeouts": 0,
        "player_b_timeouts": 0,
        "player_a_moves": 10,
        "player_b_moves": 10,
        "player_a_crashes": 0,
        "player_b_crashes": 0,
        "response_times_ms": [
          196.26049999999395,
          196.07854199999508,
          196.17866599999445,
          196.40312500000334,
          196.23308399999928,
          196.36075000001085,
          196.50312499999245,
          196.11675000000162,
          196.11791699999515,
          196.43758300000513,
          196.28687499999842,
          196.1567500000001,
          196.57770899999605,
          196.12570799999673,
          196.2440000000072,
          196.26754099999744,
          198.45916699999577,
          196.59350000000586,
          196.13925000000165,
          196.03004199998963
        ],
        "error": ""
      },
      {
        "opening_name": "ruy_lopez",
        "opening_fen": "r1bqkbnr/pppp1ppp/2n5/1B2p3/4P3/5N2/PPPP1PPP/RNBQK2R b KQkq - 3 3",
        "result": "draw",
        "score_a": 0.5,
        "plies": 15,
        "adjudicated": false,
        "player_a_color": "white",
        "player_a_timeouts": 0,
        "player_b_timeouts": 0,
        "player_a_moves": 7,
        "player_b_moves": 8,
        "player_a_crashes": 0,
        "player_b_crashes": 0,
        "response_times_ms": [
          196.40133299999718,
          196.03533299999754,
          196.26345800000422,
          196.25041700000168,
          196.09241700000268,
          196.18316700000094,
          196.19391700000222,
          196.23158399998886,
          196.06679199999633,
          196.03608300000985,
          196.3068330000084,
          196.61887499999864,
          196.4624590000028,
          196.2332499999917,
          196.18225000000677
        ],
        "error": ""
      },
      {
        "opening_name": "ruy_lopez",
        "opening_fen": "r1bqkbnr/pppp1ppp/2n5/1B2p3/4P3/5N2/PPPP1PPP/RNBQK2R b KQkq - 3 3",
        "result": "draw",
        "score_a": 0.5,
        "plies": 15,
        "adjudicated": false,
        "player_a_color": "black",
        "player_a_timeouts": 0,
        "player_b_timeouts": 0,
        "player_a_moves": 8,
        "player_b_moves": 7,
        "player_a_crashes": 0,
        "player_b_crashes": 0,
        "response_times_ms": [
          196.5419579999974,
          196.04816599999708,
          196.08079099999998,
          196.12062499999183,
          196.28141699999446,
          196.30312500000002,
          196.34591699998794,
          196.12570799999673,
          196.10812500000918,
          196.21387499999798,
          196.2649999999968,
          196.24074999998697,
          196.53945800000372,
          196.0537089999974,
          196.08904099999336
        ],
        "error": ""
      },
      {
        "opening_name": "italian_game",
        "opening_fen": "r1bqk1nr/pppp1ppp/2n5/2b1p3/2B1P3/5N2/PPPP1PPP/RNBQK2R w KQkq - 4 4",
        "result": "loss",
        "score_a": 0.0,
        "plies": 10,
        "adjudicated": false,
        "player_a_color": "white",
        "player_a_timeouts": 0,
        "player_b_timeouts": 0,
        "player_a_moves": 5,
        "player_b_moves": 5,
        "player_a_crashes": 0,
        "player_b_crashes": 0,
        "response_times_ms": [
          196.1771250000055,
          196.06529099999648,
          196.255249999993,
          196.18470900000773,
          196.17029200000502,
          196.22270899999705,
          196.1250000000092,
          196.17133300000944,
          196.18537499999888,
          27.512292000011485
        ],
        "error": ""
      },
      {
        "opening_name": "italian_game",
        "opening_fen": "r1bqk1nr/pppp1ppp/2n5/2b1p3/2B1P3/5N2/PPPP1PPP/RNBQK2R w KQkq - 4 4",
        "result": "win",
        "score_a": 1.0,
        "plies": 10,
        "adjudicated": false,
        "player_a_color": "black",
        "player_a_timeouts": 0,
        "player_b_timeouts": 0,
        "player_a_moves": 5,
        "player_b_moves": 5,
        "player_a_crashes": 0,
        "player_b_crashes": 0,