{
  "feedback_source": "self_play",
  "summary": {
    "games": 16,
    "wins_a": 2,
    "losses_a": 2,
    "draws": 12,
    "score_a": 8.0,
    "mean_score_a": 0.5,
    "game_scores_a": [
      0.5,
      0.5,
      0.0,
      1.0,
      0.5,
      0.5,
      0.5,
      0.5,
      1.0,
      0.0,
      0.5,
      0.5,
      0.5,
      0.5,
      0.5,
      0.5
    ],
    "player_a_moves": 116,
    "player_b_moves": 116,
    "player_a_timeouts": 0,
    "player_b_timeouts": 0,
    "player_a_crashes": 0,
    "player_b_crashes": 0,
    "results": [
      {
        "opening_name": "startpos",
        "opening_fen": "rnbqkbnr/pppppppp/8/8/8/8/PPPPPPPP/RNBQKBNR w KQkq - 0 1",
        "result": "draw",
        "score_a": 0.5,
        "plies": 13,
        "adjudicated": false,
        "player_a_color": "white",
        "player_a_timeouts": 0,
        "player_b_timeouts": 0,
        "player_a_moves": 7,
        "player_b_moves": 6,
        "player_a_crashes": 0,
        "player_b_crashes": 0,
        "response_times_ms": [
          196.2229159999822,
          196.43899999999803,
          196.327832999998,
          196.37637499999983,
          196.57408299997314,
          196.16687499998875,
          196.4932909999959,
          196.3369580000176,
          196.22258399999737,
          196.24308300001303,
          196.38112500001625,
          196.26604200001907,
          196.38416600000141
        ],
        "error": ""
      },
      {
        "opening_name": "startpos",
        "opening_fen": "rnbqkbnr/pppppppp/8/8/8/8/PPPPPPPP/RNBQKBNR w KQkq - 0 1",
        "result": "draw",
        "score_a": 0.5,
        "plies": 13,
        "adjudicated": false,
        "player_a_color": "black",
        "player_a_timeouts": 0,
        "player_b_timeouts": 0,
        "player_a_moves": 6,
        "player_b_moves": 7,
        "player_a_crashes": 0,
        "player_b_crashes": 0,
        "response_times_ms": [
          196.0721250000006,
          196.54841700000247,
          196.1270410000111,
          196.11466700001756,
          196.36220799998227,
          196.0719169999834,
          196.57337500001404,
          196.06470900001227,
          196.5854590000049,
          196.44550000001004,
          196.4353750000214,
          196.06058400000848,
          196.05333300000893
        ],
        "error": ""
      },
      {
        "opening_name": "queens_pawn",
        "opening_fen": "rnbqkbnr/ppp1pppp/8/3p4/3P4/8/PPP1PPPP/RNBQKBNR w KQkq - 0 2",
        "result": "loss",
        "score_a": 0.0,
        "plies": 20,
        "adjudicated": true,
        "player_a_color": "white",
        "player_a_timeouts": 0,
        "player_b_timeouts": 0,
        "player_a_moves": 10,
        "player_b_moves": 10,
        "player_a_crashes": 0,
        "player_b_crashes": 0,
        "response_times_ms": [
          196.52516599998648,
          196.772583000012,
          196.53770900001177,
          196.33937499997955,
          196.1307500000089,
          196.2155829999972,
          196.454000000017,
          196.10783400000287,
          196.5973750000103,
          196.34416700000656,
          196.2660000000085,
          217.92729199998462,
          196.38541699998768,
          196.24675000000025,
          196.04375000000118,
          196.4670829999875,
          196.05079100000466,
          196.1619589999941,
          196.49945800000523,
          196.13337499998806
        ],
        "error": ""
      },
      {
        "opening_name": "queens_pawn",
        "opening_fen": "rnbqkbnr/ppp1pppp/8/3p4/3P4/8/PPP1PPPP/RNBQKBNR w KQkq - 0 2",
        "result": "win",
        "score_a": 1.0,
        "plies": 20,
        "adjudicated": true,
        "player_a_color": "black",
        "player_a_timeouts": 0,
        "player_b_timeouts": 0,
        "player_a_moves": 10,
        "player_b_moves": 10,
        "player_a_crashes": 0,
        "player_b_crashes": 0,
        "response_times_ms": [
          196.2037920000057,
          196.0687499999949,
          196.16125000001716,
          196.0881669999992,
          196.58733299999653,
          196.446624999993,
          196.26308300001938,
          196.10741700000744,
          196.39216600000964,
          196.16991700002018,
          196.19937500002038,
          196.1413329999857,
          196.2087499999825,
          196.2038749999806,
          196.04595900000277,
          196.1817090000011,
          196.15237499999694,
          196.06308400000216,
          196.5982500000223,
          196.21674999999072
        ],
        "error": ""
      },
      {
        "opening_name": "ruy_lopez",
        "opening_fen": "r1bqkbnr/pppp1ppp/2n5/1B2p3/4P3/5N2/PPPP1PPP/RNBQK2R b KQkq - 3 3",
        "result": "draw",
        "score_a": 0.5,
        "plies": 12,
        "adjudicated": false,
        "player_a_color": "white",
        "player_a_timeouts": 0,
        "player_b_timeouts": 0,
        "player_a_moves": 6,
        "player_b_moves": 6,
        "player_a_crashes": 0,
        "player_b_crashes": 0,
        "response_times_ms": [
          196.14920800000846,
          196.18462500000078,
          196.05612500001257,
          196.08625000000757,
          196.5515420000088,
          196.26833399999555,
          196.27691700000582,
          196.1879579999959,
          196.31649999999468,
          196.5642919999766,
          196.09387500000253,
          196.21858300001804
        ],
        "error": ""
      },
      {
        "opening_name": "ruy_lopez",
        "opening_fen": "r1bqkbnr/pppp1ppp/2n5/1B2p3/4P3/5N2/PPPP1PPP/RNBQK2R b KQkq - 3 3",
        "result": "draw",
        "score_a": 0.5,
        "plies": 12,
        "adjudicated": false,
        "player_a_color": "black",
        "player_a_timeouts": 0,
        "player_b_timeouts": 0,
        "player_a_moves": 6,
        "player_b_moves": 6,
        "player_a_crashes": 0,
        "player_b_crashes": 0,
        "response_times_ms": [
          196.0622499999829,
          196.10266699999102,
          196.40849999998977,
          196.3900840000008,
          196.10533400000918,
          196.3625420000028,
          196.14745800001288,
          196.17004200000565,
          196.0306249999917,
          196.08925,
          196.4401250000094,
          196.13458300000275
        ],
        "error": ""
      },
      {
        "opening_name": "italian_game",
        "opening_fen": "r1bqk1nr/pppp1ppp/2n5/2b1p3/2B1P3/5N2/PPPP1PPP/RNBQK2R w KQkq - 4 4",
        "result": "draw",
        "score_a": 0.5,
        "plies": 11,
        "adjudicated": false,
        "player_a_color": "white",
        "player_a_timeouts": 0,
        "player_b_timeouts": 0,
        "player_a_moves": 6,
        "player_b_moves": 5,
        "player_a_crashes": 0,
        "player_b_crashes": 0,
        "response_times_ms": [
          196.61291600002073,
          196.46579099998007,
          196.61520800002563,
          196.19958300000917,
          196.09270899999842,
          196.27512499999966,
          196.15312500002346,
          196.218000000016,
          196.2045419999754,
          196.66058299998213,
          196.20704200002592
        ],
        "error": ""
      },
      {
        "opening_name": "italian_game",
        "opening_fen": "r1bqk1nr/pppp1ppp/2n5/2b1p3/2B1P3/5N2/PPPP1PPP/RNBQK2R w KQkq - 4 4",
        "result": "draw",
        "score_a": 0.5,
        "plies": 11,
        "adjudicated": false,
        "player_a_color": "black",
        "player_a_timeouts": 0,
        "player_b_timeouts": 0,
        "player_a_moves": 5,
        "player_b_moves": 6,
        "player_a_crashes": 0,
        "player_b_crashes": 0,