{
  "feedback_source": "self_play",
  "summary": {
    "games": 16,
    "wins_a": 1,
    "losses_a": 2,
    "draws": 13,
    "score_a": 7.5,
    "mean_score_a": 0.46875,
    "game_scores_a": [
      0.5,
      0.5,
      0.5,
      0.5,
      0.5,
      0.5,
      0.5,
      0.5,
      0.5,
      0.5,
      0.5,
      0.5,
      1.0,
      0.0,
      0.5,
      0.0
    ],
    "player_a_moves": 139,
    "player_b_moves": 141,
    "player_a_timeouts": 0,
    "player_b_timeouts": 0,
    "player_a_crashes": 0,
    "player_b_crashes": 0,
    "results": [
      {
        "opening_name": "startpos",
        "opening_fen": "rnbqkbnr/pppppppp/8/8/8/8/PPPPPPPP/RNBQKBNR w KQkq - 0 1",
        "result": "draw",
        "score_a": 0.5,
        "plies": 13,
        "adjudicated": false,
        "player_a_color": "white",
        "player_a_timeouts": 0,
        "player_b_timeouts": 0,
        "player_a_moves": 7,
        "player_b_moves": 6,
        "player_a_crashes": 0,
        "player_b_crashes": 0,
        "response_times_ms": [
          196.32324999997763,
          197.12037500002566,
          196.27070799998592,
          196.5894159999948,
          196.2954580000087,
          197.0088340000018,
          196.05395899998257,
          197.22858299999757,
          196.21399999999767,
          196.69379099997286,
          196.26375000001417,
          196.99308300002372,
          196.80054099998756
        ],
        "error": ""
      },
      {
        "opening_name": "startpos",
        "opening_fen": "rnbqkbnr/pppppppp/8/8/8/8/PPPPPPPP/RNBQKBNR w KQkq - 0 1",
        "result": "draw",
        "score_a": 0.5,
        "plies": 13,
        "adjudicated": false,
        "player_a_color": "black",
        "player_a_timeouts": 0,
        "player_b_timeouts": 0,
        "player_a_moves": 6,
        "player_b_moves": 7,
        "player_a_crashes": 0,
        "player_b_crashes": 0,
        "response_times_ms": [
          196.9766250000191,
          196.72187499998017,
          196.49183300001027,
          196.78887499998154,
          196.14979199999993,
          196.32400000000416,
          196.35791599998242,
          196.3931660000071,
          196.46166699999412,
          228.54075000000762,
          196.0785829999736,
          196.70979199997873,
          196.0482090000255
        ],
        "error": ""
      },
      {
        "opening_name": "queens_pawn",
        "opening_fen": "rnbqkbnr/ppp1pppp/8/3p4/3P4/8/PPP1PPPP/RNBQKBNR w KQkq - 0 2",
        "result": "draw",
        "score_a": 0.5,
        "plies": 11,
        "adjudicated": false,
        "player_a_color": "white",
        "player_a_timeouts": 0,
        "player_b_timeouts": 0,
        "player_a_moves": 6,
        "player_b_moves": 5,
        "player_a_crashes": 0,
        "player_b_crashes": 0,
        "response_times_ms": [
          196.03920800000196,
          196.7232920000015,
          196.49733400001423,
          196.17145800000912,
          196.61191700001268,
          196.33929099998682,
          196.22291700000005,
          196.44224999998983,
          196.59525000000144,
          196.52058399998396,
          196.51645799999073
        ],
        "error": ""
      },
      {
        "opening_name": "queens_pawn",
        "opening_fen": "rnbqkbnr/ppp1pppp/8/3p4/3P4/8/PPP1PPPP/RNBQKBNR w KQkq - 0 2",
        "result": "draw",
        "score_a": 0.5,
        "plies": 17,
        "adjudicated": false,
        "player_a_color": "black",
        "player_a_timeouts": 0,
        "player_b_timeouts": 0,
        "player_a_moves": 8,
        "player_b_moves": 9,
        "player_a_crashes": 0,
        "player_b_crashes": 0,
        "response_times_ms": [
          196.37029200001166,
          196.31195799999546,
          196.61954200000764,
          196.63887499999078,
          196.33395799999676,
          196.32749999999533,
          196.55345799998258,
          196.5997500000185,
          196.38349999999605,
          196.20162499998628,
          196.88125000001833,
          196.08670899998515,
          196.18779200001768,
          196.22229200001584,
          196.1772079999946,
          196.39487499998154,
          196.62512499999707
        ],
        "error": ""
      },
      {
        "opening_name": "ruy_lopez",
        "opening_fen": "r1bqkbnr/pppp1ppp/2n5/1B2p3/4P3/5N2/PPPP1PPP/RNBQK2R b KQkq - 3 3",
        "result": "draw",
        "score_a": 0.5,
        "plies": 17,
        "adjudicated": false,
        "player_a_color": "white",
        "player_a_timeouts": 0,
        "player_b_timeouts": 0,
        "player_a_moves": 8,
        "player_b_moves": 9,
        "player_a_crashes": 0,
        "player_b_crashes": 0,
        "response_times_ms": [
          196.3061659999994,
          197.8409160000183,
          196.1877500000071,
          196.06408399999964,
          196.4465420000181,
          196.47679199999857,
          196.41270799999688,
          196.84716699998717,
          196.24179199999503,
          196.49170799999638,
          196.15095800000404,
          196.25812499998574,
          196.6323750000072,
          196.34500000000799,
          196.68737500001043,
          196.68212499999527,
          196.44650000000752
        ],
        "error": ""
      },
      {
        "opening_name": "ruy_lopez",
        "opening_fen": "r1bqkbnr/pppp1ppp/2n5/1B2p3/4P3/5N2/PPPP1PPP/RNBQK2R b KQkq - 3 3",
        "result": "draw",
        "score_a": 0.5,
        "plies": 17,
        "adjudicated": false,
        "player_a_color": "black",
        "player_a_timeouts": 0,
        "player_b_timeouts": 0,
        "player_a_moves": 9,
        "player_b_moves": 8,
        "player_a_crashes": 0,
        "player_b_crashes": 0,
        "response_times_ms": [
          196.34608299998035,
          196.1394590000225,
          196.6920410000057,
          196.3559590000159,
          196.19095900000616,
          196.23808399998666,
          196.22391699999753,
          196.39254099999448,
          196.781250000015,
          196.35024999999473,
          196.67629200000647,
          197.03433399999426,
          196.09441600002242,
          196.19266700001958,
          196.21804199999815,
          196.35824999997453,
          196.8209169999966
        ],
        "error": ""
      },
      {
        "opening_name": "italian_game",
        "opening_fen": "r1bqk1nr/pppp1ppp/2n5/2b1p3/2B1P3/5N2/PPPP1PPP/RNBQK2R w KQkq - 4 4",
        "result": "draw",
        "score_a": 0.5,
        "plies": 20,
        "adjudicated": false,
        "player_a_color": "white",
        "player_a_timeouts": 0,
        "player_b_timeouts": 0,
        "player_a_moves": 10,
        "player_b_moves": 10,
        "player_a_crashes": 0,
        "player_b_crashes": 0,
        "response_times_ms": [
          196.93958399997769,
          196.91583299999138,
          196.50854200000367,
          196.64374999999268,
          196.83429200000546,
          196.47608400001104,
          196.2497079999821,
          196.24254199999314,
          196.2086670000076,
          196.81116599997495,
          196.77745799998547,
          196.69058300002007,
          196.10683399997697,
          197.28483299999766,
          197.18383299999687,
          196.10058300000333,
          196.16916700002207,
          196.7187079999917,
          196.1604589999979,
          196.33562500001744
        ],
        "error": ""
      },
      {
        "opening_name": "italian_game",
        "opening_fen": "r1bqk1nr/pppp1ppp/2n5/2b1p3/2B1P3/5N2/PPPP1PPP/RNBQK2R w KQkq - 4 4",
        "result": "draw",
        "score_a": 0.5,
        "plies": 20,
        "adjudicated": false,
        "player_a_color": "black",
        "player_a_timeouts": 0,
        "player_b_timeouts": 0,
        "player_a_moves": 10,
        "player_b_moves": 10,
        "player_a_crashes": 0,
        "player_b_crashes": 0,