{
  "feedback_source": "self_play",
  "summary": {
    "games": 16,
    "wins_a": 0,
    "losses_a": 0,
    "draws": 16,
    "score_a": 8.0,
    "mean_score_a": 0.5,
    "game_scores_a": [
      0.5,
      0.5,
      0.5,
      0.5,
      0.5,
      0.5,
      0.5,
      0.5,
      0.5,
      0.5,
      0.5,
      0.5,
      0.5,
      0.5,
      0.5,
      0.5
    ],
    "player_a_moves": 136,
    "player_b_moves": 137,
    "player_a_timeouts": 0,
    "player_b_timeouts": 0,
    "player_a_crashes": 0,
    "player_b_crashes": 0,
    "results": [
      {
        "opening_name": "startpos",
        "opening_fen": "rnbqkbnr/pppppppp/8/8/8/8/PPPPPPPP/RNBQKBNR w KQkq - 0 1",
        "result": "draw",
        "score_a": 0.5,
        "plies": 13,
        "adjudicated": false,
        "player_a_color": "white",
        "player_a_timeouts": 0,
        "player_b_timeouts": 0,
        "player_a_moves": 7,
        "player_b_moves": 6,
        "player_a_crashes": 0,
        "player_b_crashes": 0,
        "response_times_ms": [
          196.4197499999898,
          197.4215839999829,
          196.18345800000725,
          197.10241699999642,
          196.34787499998652,
          196.2195000000122,
          196.17337500000076,
          196.08204200000046,
          196.95749999999634,
          196.5690410000036,
          196.2732500000186,
          196.43891699999472,
          196.85716700001876
        ],
        "error": ""
      },
      {
        "opening_name": "startpos",
        "opening_fen": "rnbqkbnr/pppppppp/8/8/8/8/PPPPPPPP/RNBQKBNR w KQkq - 0 1",
        "result": "draw",
        "score_a": 0.5,
        "plies": 19,
        "adjudicated": false,
        "player_a_color": "black",
        "player_a_timeouts": 0,
        "player_b_timeouts": 0,
        "player_a_moves": 9,
        "player_b_moves": 10,
        "player_a_crashes": 0,
        "player_b_crashes": 0,
        "response_times_ms": [
          196.422124999998,
          196.83883300001526,
          196.30391600000507,
          212.0151670000041,
          741.0901670000101,
          196.72516700001097,
          203.37725000001683,
          226.17920800001912,
          196.38466600000015,
          196.37254200000598,
          196.94783299999585,
          196.6422089999753,
          196.23233400000117,
          196.75408300000186,
          197.1413330000189,
          196.74091699999963,
          196.58037499999637,
          196.22183299998142,
          197.32229200002394
        ],
        "error": ""
      },
      {
        "opening_name": "queens_pawn",
        "opening_fen": "rnbqkbnr/ppp1pppp/8/3p4/3P4/8/PPP1PPPP/RNBQKBNR w KQkq - 0 2",
        "result": "draw",
        "score_a": 0.5,
        "plies": 17,
        "adjudicated": false,
        "player_a_color": "white",
        "player_a_timeouts": 0,
        "player_b_timeouts": 0,
        "player_a_moves": 9,
        "player_b_moves": 8,
        "player_a_crashes": 0,
        "player_b_crashes": 0,
        "response_times_ms": [
          196.6555419999736,
          196.2041250000084,
          196.06183299998747,
          196.11591599999656,
          196.410917000037,
          196.82233300000007,
          196.41570800001773,
          196.65129100002332,
          196.12316600000668,
          200.15279199998304,
          196.51054199999862,
          196.29708400003665,
          196.35070900000073,
          196.7521250000459,
          196.08087499995008,
          196.1714579999807,
          196.59566699999687
        ],
        "error": ""
      },
      {
        "opening_name": "queens_pawn",
        "opening_fen": "rnbqkbnr/ppp1pppp/8/3p4/3P4/8/PPP1PPPP/RNBQKBNR w KQkq - 0 2",
        "result": "draw",
        "score_a": 0.5,
        "plies": 11,
        "adjudicated": false,
        "player_a_color": "black",
        "player_a_timeouts": 0,
        "player_b_timeouts": 0,
        "player_a_moves": 5,
        "player_b_moves": 6,
        "player_a_crashes": 0,
        "player_b_crashes": 0,
        "response_times_ms": [
          196.0530410000274,
          196.33799999996882,
          196.1170000000152,
          196.40333300003476,
          196.29441699999006,
          196.3230000000067,
          197.1571670000003,
          196.49120799999764,
          196.3852920000022,
          196.32445899998174,
          196.32012499999973
        ],
        "error": ""
      },
      {
        "opening_name": "ruy_lopez",
        "opening_fen": "r1bqkbnr/pppp1ppp/2n5/1B2p3/4P3/5N2/PPPP1PPP/RNBQK2R b KQkq - 3 3",
        "result": "draw",
        "score_a": 0.5,
        "plies": 17,
        "adjudicated": false,
        "player_a_color": "white",
        "player_a_timeouts": 0,
        "player_b_timeouts": 0,
        "player_a_moves": 8,
        "player_b_moves": 9,
        "player_a_crashes": 0,
        "player_b_crashes": 0,
        "response_times_ms": [
          196.38170800004673,
          196.18337500003236,
          196.0747500000366,
          196.56724999998687,
          196.63458299999093,
          196.08333300004688,
          196.42054100000905,
          196.38433299996905,
          196.0550000000012,
          196.16979199997786,
          196.72183400001586,
          196.10666699998092,
          196.23641599997654,
          196.44541699994988,
          197.6219999999671,
          196.09662500005243,
          196.1047500000177
        ],
        "error": ""
      },
      {
        "opening_name": "ruy_lopez",
        "opening_fen": "r1bqkbnr/pppp1ppp/2n5/1B2p3/4P3/5N2/PPPP1PPP/RNBQK2R b KQkq - 3 3",
        "result": "draw",
        "score_a": 0.5,
        "plies": 17,
        "adjudicated": false,
        "player_a_color": "black",
        "player_a_timeouts": 0,
        "player_b_timeouts": 0,
        "player_a_moves": 9,
        "player_b_moves": 8,
        "player_a_crashes": 0,
        "player_b_crashes": 0,
        "response_times_ms": [
          196.45783400000028,
          196.30062500004897,
          196.99104099998976,
          196.55462500003296,
          196.20512500000586,
          196.07824999997092,
          196.36045800001511,
          196.49829200000113,
          196.85416599998007,
          196.04295800002092,
          196.06787500003975,
          196.06199999998353,
          196.14662499998303,
          196.31666600002973,
          196.23937500000466,
          196.03224999997337,
          196.24333400003025
        ],
        "error": ""
      },
      {
        "opening_name": "italian_game",
        "opening_fen": "r1bqk1nr/pppp1ppp/2n5/2b1p3/2B1P3/5N2/PPPP1PPP/RNBQK2R w KQkq - 4 4",
        "result": "draw",
        "score_a": 0.5,
        "plies": 20,
        "adjudicated": true,
        "player_a_color": "white",
        "player_a_timeouts": 0,
        "player_b_timeouts": 0,
        "player_a_moves": 10,
        "player_b_moves": 10,
        "player_a_crashes": 0,
        "player_b_crashes": 0,
        "response_times_ms": [
          196.40150000003587,
          198.7888749999911,
          196.84616700004653,
          196.82570800000576,
          196.1441660000105,
          196.64908400000058,
          197.02870800000483,
          196.5209580000078,
          196.0434169999985,
          196.14975000001778,
          196.54004199998099,
          1058.2194999999501,
          248.50650000001906,
          196.67449999997189,
          196.4305000000195,
          196.51862500001016,
          196.11241699999482,
          196.88704099996812,
          196.12745900002437,
          196.31412500001488
        ],
        "error": ""
      },
      {
        "opening_name": "italian_game",
        "opening_fen": "r1bqk1nr/pppp1ppp/2n5/2b1p3/2B1P3/5N2/PPPP1PPP/RNBQK2R w KQkq - 4 4",
        "result": "draw",
        "score_a": 0.5,
        "plies": 20,
        "adjudicated": true,
        "player_a_color": "black",
        "player_a_timeouts": 0,
        "player_b_timeouts": 0,
        "player_a_moves": 10,