{
  "feedback_source": "self_play",
  "summary": {
    "games": 16,
    "wins_a": 1,
    "losses_a": 1,
    "draws": 14,
    "score_a": 8.0,
    "mean_score_a": 0.5,
    "game_scores_a": [
      0.5,
      0.5,
      0.5,
      0.5,
      1.0,
      0.0,
      0.5,
      0.5,
      0.5,
      0.5,
      0.5,
      0.5,
      0.5,
      0.5,
      0.5,
      0.5
    ],
    "player_a_moves": 133,
    "player_b_moves": 132,
    "player_a_timeouts": 0,
    "player_b_timeouts": 0,
    "player_a_crashes": 0,
    "player_b_crashes": 0,
    "results": [
      {
        "opening_name": "startpos",
        "opening_fen": "rnbqkbnr/pppppppp/8/8/8/8/PPPPPPPP/RNBQKBNR w KQkq - 0 1",
        "result": "draw",
        "score_a": 0.5,
        "plies": 13,
        "adjudicated": false,
        "player_a_color": "white",
        "player_a_timeouts": 0,
        "player_b_timeouts": 0,
        "player_a_moves": 7,
        "player_b_moves": 6,
        "player_a_crashes": 0,
        "player_b_crashes": 0,
        "response_times_ms": [
          196.35520899998937,
          196.50591699996767,
          196.56812499999887,
          196.28750000003947,
          196.49954199996955,
          196.29816700000902,
          197.02770900005362,
          196.9527090000156,
          196.27645800005666,
          196.41187499996704,
          196.49487499998486,
          196.57937500005573,
          196.4853330000551
        ],
        "error": ""
      },
      {
        "opening_name": "startpos",
        "opening_fen": "rnbqkbnr/pppppppp/8/8/8/8/PPPPPPPP/RNBQKBNR w KQkq - 0 1",
        "result": "draw",
        "score_a": 0.5,
        "plies": 13,
        "adjudicated": false,
        "player_a_color": "black",
        "player_a_timeouts": 0,
        "player_b_timeouts": 0,
        "player_a_moves": 6,
        "player_b_moves": 7,
        "player_a_crashes": 0,
        "player_b_crashes": 0,
        "response_times_ms": [
          196.2471250000135,
          196.17970800004514,
          196.6909160000796,
          196.82354200006102,
          196.55841700000565,
          196.2252499999977,
          196.5476249999938,
          196.2556249999352,
          196.87645900000916,
          196.36304200002996,
          196.227958999998,
          196.65333399996143,
          196.83137499998793
        ],
        "error": ""
      },
      {
        "opening_name": "queens_pawn",
        "opening_fen": "rnbqkbnr/ppp1pppp/8/3p4/3P4/8/PPP1PPPP/RNBQKBNR w KQkq - 0 2",
        "result": "draw",
        "score_a": 0.5,
        "plies": 17,
        "adjudicated": false,
        "player_a_color": "white",
        "player_a_timeouts": 0,
        "player_b_timeouts": 0,
        "player_a_moves": 9,
        "player_b_moves": 8,
        "player_a_crashes": 0,
        "player_b_crashes": 0,
        "response_times_ms": [
          196.22145799996815,
          196.0845830000153,
          196.04641700004777,
          196.26774999994723,
          196.14041699992413,
          196.9306249999363,
          196.98320800000602,
          196.17770899992593,
          196.2121249999882,
          196.4564169999221,
          196.66062499993586,
          196.82683299993187,
          196.29845800000112,
          196.05200000000877,
          196.1386660000244,
          196.2933330000851,
          196.3428340000064
        ],
        "error": ""
      },
      {
        "opening_name": "queens_pawn",
        "opening_fen": "rnbqkbnr/ppp1pppp/8/3p4/3P4/8/PPP1PPPP/RNBQKBNR w KQkq - 0 2",
        "result": "draw",
        "score_a": 0.5,
        "plies": 20,
        "adjudicated": true,
        "player_a_color": "black",
        "player_a_timeouts": 0,
        "player_b_timeouts": 0,
        "player_a_moves": 10,
        "player_b_moves": 10,
        "player_a_crashes": 0,
        "player_b_crashes": 0,
        "response_times_ms": [
          196.19362499997806,
          196.26787499998954,
          196.09108299994205,
          196.06612500001575,
          196.94849999996222,
          196.22954199996911,
          196.31958299999042,
          196.57745900008194,
          196.24787500004004,
          197.0427500000369,
          196.03495899991685,
          196.19670800000222,
          196.11733300007472,
          196.18550000006962,
          196.84304199995495,
          196.46687499994187,
          196.20533400006934,
          196.2442919999603,
          196.20533300007992,
          196.15770800010068
        ],
        "error": ""
      },
      {
        "opening_name": "ruy_lopez",
        "opening_fen": "r1bqkbnr/pppp1ppp/2n5/1B2p3/4P3/5N2/PPPP1PPP/RNBQK2R b KQkq - 3 3",
        "result": "win",
        "score_a": 1.0,
        "plies": 20,
        "adjudicated": true,
        "player_a_color": "white",
        "player_a_timeouts": 0,
        "player_b_timeouts": 0,
        "player_a_moves": 10,
        "player_b_moves": 10,
        "player_a_crashes": 0,
        "player_b_crashes": 0,
        "response_times_ms": [
          196.07487500002208,
          196.57083300000977,
          196.4488749999873,
          196.21137499996166,
          196.35004099995967,
          196.22004199993626,
          196.05008299993187,
          196.7611659999875,
          196.5000829999326,
          196.15216700003657,
          196.27166700001908,
          196.83666699995683,
          196.42304199999217,
          196.8200829999205,
          196.31683300008262,
          196.0282920000509,
          196.3970420000578,
          196.31779200005894,
          196.3690840000254,
          196.54175000005125
        ],
        "error": ""
      },
      {
        "opening_name": "ruy_lopez",
        "opening_fen": "r1bqkbnr/pppp1ppp/2n5/1B2p3/4P3/5N2/PPPP1PPP/RNBQK2R b KQkq - 3 3",
        "result": "loss",
        "score_a": 0.0,
        "plies": 20,
        "adjudicated": true,
        "player_a_color": "black",
        "player_a_timeouts": 0,
        "player_b_timeouts": 0,
        "player_a_moves": 10,
        "player_b_moves": 10,
        "player_a_crashes": 0,
        "player_b_crashes": 0,
        "response_times_ms": [
          196.64833299998463,
          196.710166999992,
          196.44529200002125,
          196.69499999997697,
          196.11029200007124,
          196.12787500000195,
          196.21008399997208,
          196.07216600002175,
          196.20716600002197,
          196.3347910000266,
          198.45833300007598,
          196.48212499998863,
          196.21716599999672,
          196.07754200001182,
          196.11841599999025,
          196.37387500006298,
          196.3764170000104,
          196.19116599994868,
          196.53520899998966,
          196.21512499998062
        ],
        "error": ""
      },
      {
        "opening_name": "italian_game",
        "opening_fen": "r1bqk1nr/pppp1ppp/2n5/2b1p3/2B1P3/5N2/PPPP1PPP/RNBQK2R w KQkq - 4 4",
        "result": "draw",
        "score_a": 0.5,
        "plies": 11,
        "adjudicated": false,
        "player_a_color": "white",
        "player_a_timeouts": 0,
        "player_b_timeouts": 0,
        "player_a_moves": 6,
        "player_b_moves": 5,
        "player_a_crashes": 0,
        "player_b_crashes": 0,
        "response_times_ms": [
          196.07425000003786,
          196.49795800000902,
          196.26166699993064,
          196.41087499996956,
          196.72745800005487,
          196.10291699996196,
          196.39887499999986,
          196.36974999991708,
          196.2553339999431,
          196.62670799993975,
          196.56620799992197
        ],
        "error": ""
      },
      {
        "opening_name": "italian_game",
        "opening_fen": "r1bqk1nr/pppp1ppp/2n5/2b1p3/2B1P3/5N2/PPPP1PPP/RNBQK2R w KQkq - 4 4",
        "result": "draw",
        "score_a": 0.5,
        "plies": 11,
        "adjudicated": false,
        "player_a_color": "black",
        "player_a_timeouts": 0,
        "player_b_timeouts": 0,
        "player_a_moves": 5,