{
  "feedback_source": "self_play",
  "summary": {
    "games": 16,
    "wins_a": 3,
    "losses_a": 3,
    "draws": 10,
    "score_a": 8.0,
    "mean_score_a": 0.5,
    "game_scores_a": [
      0.5,
      0.5,
      0.0,
      1.0,
      0.5,
      0.5,
      0.0,
      1.0,
      1.0,
      0.0,
      0.5,
      0.5,
      0.5,
      0.5,
      0.5,
      0.5
    ],
    "player_a_moves": 118,
    "player_b_moves": 118,
    "player_a_timeouts": 0,
    "player_b_timeouts": 0,
    "player_a_crashes": 0,
    "player_b_crashes": 0,
    "results": [
      {
        "opening_name": "startpos",
        "opening_fen": "rnbqkbnr/pppppppp/8/8/8/8/PPPPPPPP/RNBQKBNR w KQkq - 0 1",
        "result": "draw",
        "score_a": 0.5,
        "plies": 13,
        "adjudicated": false,
        "player_a_color": "white",
        "player_a_timeouts": 0,
        "player_b_timeouts": 0,
        "player_a_moves": 7,
        "player_b_moves": 6,
        "player_a_crashes": 0,
        "player_b_crashes": 0,
        "response_times_ms": [
          196.20791699999995,
          196.35320799999994,
          196.25724999999994,
          196.05095899999992,
          196.1906659999999,
          196.324583,
          196.1562499999998,
          196.1003750000001,
          196.67858400000006,
          196.34125000000014,
          196.034708,
          196.2129159999999,
          196.1467090000002
        ],
        "error": ""
      },
      {
        "opening_name": "startpos",
        "opening_fen": "rnbqkbnr/pppppppp/8/8/8/8/PPPPPPPP/RNBQKBNR w KQkq - 0 1",
        "result": "draw",
        "score_a": 0.5,
        "plies": 13,
        "adjudicated": false,
        "player_a_color": "black",
        "player_a_timeouts": 0,
        "player_b_timeouts": 0,
        "player_a_moves": 6,
        "player_b_moves": 7,
        "player_a_crashes": 0,
        "player_b_crashes": 0,
        "response_times_ms": [
          196.16487500000002,
          196.07654200000013,
          196.582625,
          196.46383400000022,
          196.1548340000001,
          196.13075000000003,
          196.06725000000003,
          196.42062500000003,
          196.45358299999938,
          196.18112500000075,
          196.09570899999972,
          196.2173749999998,
          196.08141700000027
        ],
        "error": ""
      },
      {
        "opening_name": "queens_pawn",
        "opening_fen": "rnbqkbnr/ppp1pppp/8/3p4/3P4/8/PPP1PPPP/RNBQKBNR w KQkq - 0 2",
        "result": "loss",
        "score_a": 0.0,
        "plies": 20,
        "adjudicated": true,
        "player_a_color": "white",
        "player_a_timeouts": 0,
        "player_b_timeouts": 0,
        "player_a_moves": 10,
        "player_b_moves": 10,
        "player_a_crashes": 0,
        "player_b_crashes": 0,
        "response_times_ms": [
          196.16962499999957,
          196.07212499999972,
          196.1230829999998,
          196.06495800000002,
          196.51929099999955,
          196.241541,
          196.2152079999999,
          196.41179200000013,
          196.56295899999952,
          196.06004099999996,
          196.0704159999995,
          196.2060000000001,
          196.3700839999998,
          196.23525000000086,
          196.1713749999987,
          196.04104200000094,
          196.6462920000005,
          196.07529199999973,
          196.2385409999996,
          196.08483300000046
        ],
        "error": ""
      },
      {
        "opening_name": "queens_pawn",
        "opening_fen": "rnbqkbnr/ppp1pppp/8/3p4/3P4/8/PPP1PPPP/RNBQKBNR w KQkq - 0 2",
        "result": "win",
        "score_a": 1.0,
        "plies": 20,
        "adjudicated": true,
        "player_a_color": "black",
        "player_a_timeouts": 0,
        "player_b_timeouts": 0,
        "player_a_moves": 10,
        "player_b_moves": 10,
        "player_a_crashes": 0,
        "player_b_crashes": 0,
        "response_times_ms": [
          196.15141600000106,
          196.17916699999859,
          196.26170799999977,
          196.21558300000075,
          196.2280829999994,
          196.0601250000007,
          196.37454200000093,
          196.1865000000014,
          196.27883300000093,
          196.0612079999997,
          196.5524160000012,
          196.09625000000008,
          196.27395799999903,
          196.1094999999986,
          196.11416700000106,
          196.45545899999917,
          196.27474999999885,
          196.08641700000007,
          196.6166670000007,
          196.57062499999967
        ],
        "error": ""
      },
      {
        "opening_name": "ruy_lopez",
        "opening_fen": "r1bqkbnr/pppp1ppp/2n5/1B2p3/4P3/5N2/PPPP1PPP/RNBQK2R b KQkq - 3 3",
        "result": "draw",
        "score_a": 0.5,
        "plies": 15,
        "adjudicated": false,
        "player_a_color": "white",
        "player_a_timeouts": 0,
        "player_b_timeouts": 0,
        "player_a_moves": 7,
        "player_b_moves": 8,
        "player_a_crashes": 0,
        "player_b_crashes": 0,
        "response_times_ms": [
          196.4201670000012,
          196.10587500000065,
          196.42587500000099,
          196.10291600000096,
          196.3005000000013,
          196.15087499999896,
          196.11695900000115,
          196.16537499999964,
          196.31966600000084,
          196.39212499999914,
          196.1375839999988,
          196.3247500000005,
          196.10504199999923,
          196.0724589999998,
          196.3219159999987
        ],
        "error": ""
      },
      {
        "opening_name": "ruy_lopez",
        "opening_fen": "r1bqkbnr/pppp1ppp/2n5/1B2p3/4P3/5N2/PPPP1PPP/RNBQK2R b KQkq - 3 3",
        "result": "draw",
        "score_a": 0.5,
        "plies": 15,
        "adjudicated": false,
        "player_a_color": "black",
        "player_a_timeouts": 0,
        "player_b_timeouts": 0,
        "player_a_moves": 8,
        "player_b_moves": 7,
        "player_a_crashes": 0,
        "player_b_crashes": 0,
        "response_times_ms": [
          196.4897499999978,
          196.1517079999986,
          196.22700000000037,
          196.22633399999856,
          196.08162500000148,
          196.08820799999904,
          196.27345900000037,
          196.75949999999887,
          196.1867909999988,
          196.3815000000011,
          196.37187500000053,
          196.56741599999705,
          196.28791599999929,
          196.26429199999862,
          196.16820799999957
        ],
        "error": ""
      },
      {
        "opening_name": "italian_game",
        "opening_fen": "r1bqk1nr/pppp1ppp/2n5/2b1p3/2B1P3/5N2/PPPP1PPP/RNBQK2R w KQkq - 4 4",
        "result": "loss",
        "score_a": 0.0,
        "plies": 10,
        "adjudicated": false,
        "player_a_color": "white",
        "player_a_timeouts": 0,
        "player_b_timeouts": 0,
        "player_a_moves": 5,
        "player_b_moves": 5,
        "player_a_crashes": 0,
        "player_b_crashes": 0,
        "response_times_ms": [
          196.57845800000118,
          196.15200000000144,
          196.5335419999974,
          196.28724999999747,
          196.15812500000018,
          196.2050830000024,
          196.17200000000068,
          196.4251250000011,
          196.11679100000146,
          26.70937499999937
        ],
        "error": ""
      },
      {
        "opening_name": "italian_game",
        "opening_fen": "r1bqk1nr/pppp1ppp/2n5/2b1p3/2B1P3/5N2/PPPP1PPP/RNBQK2R w KQkq - 4 4",
        "result": "win",
        "score_a": 1.0,
        "plies": 10,
        "adjudicated": false,
        "player_a_color": "black",
        "player_a_timeouts": 0,
        "player_b_timeouts": 0,
        "player_a_moves": 5,
        "player_b_moves": 5,
        "player_a_crashes": 0,
        "player_b_crashes": 0,