{
  "feedback_source": "self_play",
  "summary": {
    "games": 16,
    "wins_a": 1,
    "losses_a": 1,
    "draws": 14,
    "score_a": 8.0,
    "mean_score_a": 0.5,
    "game_scores_a": [
      0.5,
      0.5,
      0.0,
      1.0,
      0.5,
      0.5,
      0.5,
      0.5,
      0.5,
      0.5,
      0.5,
      0.5,
      0.5,
      0.5,
      0.5,
      0.5
    ],
    "player_a_moves": 108,
    "player_b_moves": 108,
    "player_a_timeouts": 0,
    "player_b_timeouts": 0,
    "player_a_crashes": 0,
    "player_b_crashes": 0,
    "results": [
      {
        "opening_name": "startpos",
        "opening_fen": "rnbqkbnr/pppppppp/8/8/8/8/PPPPPPPP/RNBQKBNR w KQkq - 0 1",
        "result": "draw",
        "score_a": 0.5,
        "plies": 13,
        "adjudicated": false,
        "player_a_color": "white",
        "player_a_timeouts": 0,
        "player_b_timeouts": 0,
        "player_a_moves": 7,
        "player_b_moves": 6,
        "player_a_crashes": 0,
        "player_b_crashes": 0,
        "response_times_ms": [
          196.38133300000504,
          196.33516700000087,
          196.50379199998724,
          196.50670799998693,
          196.59633400002008,
          196.48570800001153,
          196.26183400001196,
          196.25962500001037,
          196.28316600000062,
          196.55187499998306,
          196.36929199998576,
          196.0832090000224,
          196.0453750000113
        ],
        "error": ""
      },
      {
        "opening_name": "startpos",
        "opening_fen": "rnbqkbnr/pppppppp/8/8/8/8/PPPPPPPP/RNBQKBNR w KQkq - 0 1",
        "result": "draw",
        "score_a": 0.5,
        "plies": 13,
        "adjudicated": false,
        "player_a_color": "black",
        "player_a_timeouts": 0,
        "player_b_timeouts": 0,
        "player_a_moves": 6,
        "player_b_moves": 7,
        "player_a_crashes": 0,
        "player_b_crashes": 0,
        "response_times_ms": [
          196.328292000004,
          196.06050000001574,
          196.18683299998452,
          196.23804099998665,
          196.3681660000134,
          196.03837500000054,
          196.3320409999767,
          196.0770000000025,
          196.1230419999822,
          196.0388329999887,
          196.67004200002225,
          196.232665999986,
          196.09945799999196
        ],
        "error": ""
      },
      {
        "opening_name": "queens_pawn",
        "opening_fen": "rnbqkbnr/ppp1pppp/8/3p4/3P4/8/PPP1PPPP/RNBQKBNR w KQkq - 0 2",
        "result": "loss",
        "score_a": 0.0,
        "plies": 20,
        "adjudicated": true,
        "player_a_color": "white",
        "player_a_timeouts": 0,
        "player_b_timeouts": 0,
        "player_a_moves": 10,
        "player_b_moves": 10,
        "player_a_crashes": 0,
        "player_b_crashes": 0,
        "response_times_ms": [
          196.17916699999682,
          196.58579099998974,
          196.6439580000099,
          196.2618750000047,
          196.39633300002401,
          196.1260000000209,
          196.39229200001296,
          196.48275000000126,
          196.07012500000565,
          196.50025000001392,
          196.49666699999102,
          196.16529199998922,
          196.42979199997512,
          196.21349999999893,
          196.2418330000162,
          196.0770000000025,
          196.16004200000248,
          196.51883299999895,
          196.0685410000167,
          196.0469579999824
        ],
        "error": ""
      },
      {
        "opening_name": "queens_pawn",
        "opening_fen": "rnbqkbnr/ppp1pppp/8/3p4/3P4/8/PPP1PPPP/RNBQKBNR w KQkq - 0 2",
        "result": "win",
        "score_a": 1.0,
        "plies": 20,
        "adjudicated": true,
        "player_a_color": "black",
        "player_a_timeouts": 0,
        "player_b_timeouts": 0,
        "player_a_moves": 10,
        "player_b_moves": 10,
        "player_a_crashes": 0,
        "player_b_crashes": 0,
        "response_times_ms": [
          196.36941600001023,
          196.0554590000072,
          196.41416700000036,
          196.0505410000053,
          196.06116599999268,
          196.19137500001216,
          196.27308299999413,
          196.5212919999999,
          196.04233300000828,
          196.16200000001527,
          196.48866599999337,
          196.0432080000203,
          196.05466599998067,
          196.15008299999204,
          196.42125000001442,
          196.29862499999717,
          196.0816249999766,
          196.0482920000004,
          196.44470800000136,
          196.51633399999469
        ],
        "error": ""
      },
      {
        "opening_name": "ruy_lopez",
        "opening_fen": "r1bqkbnr/pppp1ppp/2n5/1B2p3/4P3/5N2/PPPP1PPP/RNBQK2R b KQkq - 3 3",
        "result": "draw",
        "score_a": 0.5,
        "plies": 11,
        "adjudicated": false,
        "player_a_color": "white",
        "player_a_timeouts": 0,
        "player_b_timeouts": 0,
        "player_a_moves": 5,
        "player_b_moves": 6,
        "player_a_crashes": 0,
        "player_b_crashes": 0,
        "response_times_ms": [
          196.02095900000904,
          196.49033300001406,
          196.14024999998492,
          196.42391700000417,
          196.50175000001013,
          196.4783749999981,
          196.45524999998543,
          196.24862500000972,
          196.40191700000287,
          196.1148339999852,
          196.55204200000753
        ],
        "error": ""
      },
      {
        "opening_name": "ruy_lopez",
        "opening_fen": "r1bqkbnr/pppp1ppp/2n5/1B2p3/4P3/5N2/PPPP1PPP/RNBQK2R b KQkq - 3 3",
        "result": "draw",
        "score_a": 0.5,
        "plies": 11,
        "adjudicated": false,
        "player_a_color": "black",
        "player_a_timeouts": 0,
        "player_b_timeouts": 0,
        "player_a_moves": 6,
        "player_b_moves": 5,
        "player_a_crashes": 0,
        "player_b_crashes": 0,
        "response_times_ms": [
          196.06808400001796,
          196.229207999977,
          196.1442910000244,
          196.10733400000413,
          196.21112500001914,
          196.35237499997515,
          196.33333300001254,
          196.22237499999073,
          196.04820800000766,
          196.32208300001253,
          196.47000000000503
        ],
        "error": ""
      },
      {
        "opening_name": "italian_game",
        "opening_fen": "r1bqk1nr/pppp1ppp/2n5/2b1p3/2B1P3/5N2/PPPP1PPP/RNBQK2R w KQkq - 4 4",
        "result": "draw",
        "score_a": 0.5,
        "plies": 11,
        "adjudicated": false,
        "player_a_color": "white",
        "player_a_timeouts": 0,
        "player_b_timeouts": 0,
        "player_a_moves": 6,
        "player_b_moves": 5,
        "player_a_crashes": 0,
        "player_b_crashes": 0,
        "response_times_ms": [
          196.12754199999927,
          196.42737500001317,
          196.1283329999901,
          196.4316669999846,
          196.4087089999964,
          196.53837500001714,
          196.21858400000747,
          196.34916699999394,
          196.26508399997533,
          196.13829100001112,
          196.51512499999058
        ],
        "error": ""
      },
      {
        "opening_name": "italian_game",
        "opening_fen": "r1bqk1nr/pppp1ppp/2n5/2b1p3/2B1P3/5N2/PPPP1PPP/RNBQK2R w KQkq - 4 4",
        "result": "draw",
        "score_a": 0.5,
        "plies": 11,
        "adjudicated": false,
        "player_a_color": "black",
        "player_a_timeouts": 0,
        "player_b_timeouts": 0,
        "player_a_moves": 5,
        "player_b_moves": 6,
        "player_a_crashes": 0,
        "player_b_crashes": 0,
        "response_times_ms": [
          196.20574999999008,
          196.2553750000211,
          196.07970900000282,
          196.23004100000685,
          196.22437499998568,
          196.0632079999982,
          196.31504100001962,
          196.70616600001267,
          196.12641700001632,
          196.08537499999557,
          196.3098749999972
        ],