{
  "feedback_source": "self_play",
  "summary": {
    "games": 16,
    "wins_a": 2,
    "losses_a": 2,
    "draws": 12,
    "score_a": 8.0,
    "mean_score_a": 0.5,
    "game_scores_a": [
      0.5,
      0.5,
      0.0,
      1.0,
      0.5,
      0.5,
      0.5,
      0.5,
      1.0,
      0.0,
      0.5,
      0.5,
      0.5,
      0.5,
      0.5,
      0.5
    ],
    "player_a_moves": 126,
    "player_b_moves": 126,
    "player_a_timeouts": 0,
    "player_b_timeouts": 0,
    "player_a_crashes": 0,
    "player_b_crashes": 0,
    "results": [
      {
        "opening_name": "startpos",
        "opening_fen": "rnbqkbnr/pppppppp/8/8/8/8/PPPPPPPP/RNBQKBNR w KQkq - 0 1",
        "result": "draw",
        "score_a": 0.5,
        "plies": 13,
        "adjudicated": false,
        "player_a_color": "white",
        "player_a_timeouts": 0,
        "player_b_timeouts": 0,
        "player_a_moves": 7,
        "player_b_moves": 6,
        "player_a_crashes": 0,
        "player_b_crashes": 0,
        "response_times_ms": [
          196.20354200000634,
          196.4135409999983,
          196.30666700001598,
          196.41550000000052,
          196.64891700000453,
          196.02841700000795,
          196.5026670000043,
          196.44566699997768,
          196.18604199999368,
          196.48112500001957,
          196.6359169999805,
          196.0564999999974,
          196.10233399998833
        ],
        "error": ""
      },
      {
        "opening_name": "startpos",
        "opening_fen": "rnbqkbnr/pppppppp/8/8/8/8/PPPPPPPP/RNBQKBNR w KQkq - 0 1",
        "result": "draw",
        "score_a": 0.5,
        "plies": 13,
        "adjudicated": false,
        "player_a_color": "black",
        "player_a_timeouts": 0,
        "player_b_timeouts": 0,
        "player_a_moves": 6,
        "player_b_moves": 7,
        "player_a_crashes": 0,
        "player_b_crashes": 0,
        "response_times_ms": [
          196.03608399998507,
          196.21158400002514,
          196.31645900000194,
          196.1733330000186,
          196.68433300000743,
          196.75874999998655,
          196.2255419999792,
          196.17424999998434,
          196.68291600001453,
          196.220583000013,
          196.05233300001146,
          196.2749580000036,
          196.11066699999924
        ],
        "error": ""
      },
      {
        "opening_name": "queens_pawn",
        "opening_fen": "rnbqkbnr/ppp1pppp/8/3p4/3P4/8/PPP1PPPP/RNBQKBNR w KQkq - 0 2",
        "result": "loss",
        "score_a": 0.0,
        "plies": 20,
        "adjudicated": true,
        "player_a_color": "white",
        "player_a_timeouts": 0,
        "player_b_timeouts": 0,
        "player_a_moves": 10,
        "player_b_moves": 10,
        "player_a_crashes": 0,
        "player_b_crashes": 0,
        "response_times_ms": [
          196.51466700000242,
          196.13912500000197,
          196.13987500000007,
          196.229250000016,
          196.24583299997767,
          196.7040000000111,
          196.07387499999618,
          196.14641699999424,
          196.4410829999963,
          196.4777080000033,
          196.31416699999704,
          196.11995799999704,
          196.21250000000146,
          196.0631249999949,
          196.15758300000152,
          196.41949999999042,
          196.25600000000532,
          196.0522919999903,
          196.25575000000595,
          196.09462500000063
        ],
        "error": ""
      },
      {
        "opening_name": "queens_pawn",
        "opening_fen": "rnbqkbnr/ppp1pppp/8/3p4/3P4/8/PPP1PPPP/RNBQKBNR w KQkq - 0 2",
        "result": "win",
        "score_a": 1.0,
        "plies": 20,
        "adjudicated": true,
        "player_a_color": "black",
        "player_a_timeouts": 0,
        "player_b_timeouts": 0,
        "player_a_moves": 10,
        "player_b_moves": 10,
        "player_a_crashes": 0,
        "player_b_crashes": 0,
        "response_times_ms": [
          196.3312080000037,
          196.2884170000052,
          196.62679199998934,
          196.26904099999365,
          196.42304199999217,
          196.08691700000236,
          196.11020900001108,
          196.23049999998443,
          196.2147079999852,
          196.0540420000143,
          196.04541699999345,
          196.2050409999847,
          196.12941700000874,
          196.09108400001674,
          196.66674999999145,
          196.21949999998378,
          196.23962500000403,
          196.28316700001847,
          196.07462499999428,
          196.14812500000767
        ],
        "error": ""
      },
      {
        "opening_name": "ruy_lopez",
        "opening_fen": "r1bqkbnr/pppp1ppp/2n5/1B2p3/4P3/5N2/PPPP1PPP/RNBQK2R b KQkq - 3 3",
        "result": "draw",
        "score_a": 0.5,
        "plies": 17,
        "adjudicated": false,
        "player_a_color": "white",
        "player_a_timeouts": 0,
        "player_b_timeouts": 0,
        "player_a_moves": 8,
        "player_b_moves": 9,
        "player_a_crashes": 0,
        "player_b_crashes": 0,
        "response_times_ms": [
          196.26449999998385,
          196.21870899999294,
          196.1029999999937,
          196.11575000001835,
          196.2402910000094,
          196.08295899999462,
          196.44650000000752,
          196.24004199999945,
          196.22520900000495,
          196.0499999999854,
          196.15220900001873,
          196.2268329999972,
          196.3071669999863,
          196.2247080000168,
          196.42954200000418,
          196.391540999997,
          196.2350830000048
        ],
        "error": ""
      },
      {
        "opening_name": "ruy_lopez",
        "opening_fen": "r1bqkbnr/pppp1ppp/2n5/1B2p3/4P3/5N2/PPPP1PPP/RNBQK2R b KQkq - 3 3",
        "result": "draw",
        "score_a": 0.5,
        "plies": 17,
        "adjudicated": false,
        "player_a_color": "black",
        "player_a_timeouts": 0,
        "player_b_timeouts": 0,
        "player_a_moves": 9,
        "player_b_moves": 8,
        "player_a_crashes": 0,
        "player_b_crashes": 0,
        "response_times_ms": [
          196.08058400001482,
          196.04804200000103,
          196.46825000000945,
          196.69558300000745,
          196.24704100002077,
          196.15387500002157,
          196.258499999999,
          196.1966249999989,
          196.1036670000169,
          196.06991699998844,
          196.24687500001414,
          197.8858749999972,
          196.32800000002248,
          196.17249999998876,
          196.26525000001038,
          196.63337500000466,
          196.5874999999926
        ],
        "error": ""
      },
      {
        "opening_name": "italian_game",
        "opening_fen": "r1bqk1nr/pppp1ppp/2n5/2b1p3/2B1P3/5N2/PPPP1PPP/RNBQK2R w KQkq - 4 4",
        "result": "draw",
        "score_a": 0.5,
        "plies": 11,
        "adjudicated": false,
        "player_a_color": "white",
        "player_a_timeouts": 0,
        "player_b_timeouts": 0,
        "player_a_moves": 6,
        "player_b_moves": 5,
        "player_a_crashes": 0,
        "player_b_crashes": 0,
        "response_times_ms": [
          196.24399999997877,
          196.05929200000105,
          196.55883299998322,
          196.07587499999113,
          196.07704099999523,
          196.1172089999934,
          196.04166700000292,
          196.6010840000081,
          196.76120799999808,
          196.09725000000822,
          196.55283299999837
        ],
        "error": ""
      },
      {
        "opening_name": "italian_game",
        "opening_fen": "r1bqk1nr/pppp1ppp/2n5/2b1p3/2B1P3/5N2/PPPP1PPP/RNBQK2R w KQkq - 4 4",
        "result": "draw",
        "score_a": 0.5,
        "plies": 11,
        "adjudicated": false,
        "player_a_color": "black",
        "player_a_timeouts": 0,
        "player_b_timeouts": 0,
        "player_a_moves": 5,
        "player_b_moves": 6,
        "player_a_crashes": 0,
        "player_b_crashes": 0,