{
  "feedback_source": "self_play",
  "summary": {
    "games": 16,
    "wins_a": 1,
    "losses_a": 1,
    "draws": 14,
    "score_a": 8.0,
    "mean_score_a": 0.5,
    "game_scores_a": [
      0.5,
      0.5,
      0.0,
      1.0,
      0.5,
      0.5,
      0.5,
      0.5,
      0.5,
      0.5,
      0.5,
      0.5,
      0.5,
      0.5,
      0.5,
      0.5
    ],
    "player_a_moves": 121,
    "player_b_moves": 121,
    "player_a_timeouts": 0,
    "player_b_timeouts": 0,
    "player_a_crashes": 0,
    "player_b_crashes": 0,
    "results": [
      {
        "opening_name": "startpos",
        "opening_fen": "rnbqkbnr/pppppppp/8/8/8/8/PPPPPPPP/RNBQKBNR w KQkq - 0 1",
        "result": "draw",
        "score_a": 0.5,
        "plies": 13,
        "adjudicated": false,
        "player_a_color": "white",
        "player_a_timeouts": 0,
        "player_b_timeouts": 0,
        "player_a_moves": 7,
        "player_b_moves": 6,
        "player_a_crashes": 0,
        "player_b_crashes": 0,
        "response_times_ms": [
          196.18049999999698,
          196.45241700000327,
          196.26820800000644,
          196.13841700000023,
          196.15783400000453,
          196.18970799999147,
          196.15779199999395,
          196.18549999999857,
          196.1484170000034,
          196.12487500000952,
          196.13512499999786,
          196.167250000002,
          196.04529199999376
        ],
        "error": ""
      },
      {
        "opening_name": "startpos",
        "opening_fen": "rnbqkbnr/pppppppp/8/8/8/8/PPPPPPPP/RNBQKBNR w KQkq - 0 1",
        "result": "draw",
        "score_a": 0.5,
        "plies": 13,
        "adjudicated": false,
        "player_a_color": "black",
        "player_a_timeouts": 0,
        "player_b_timeouts": 0,
        "player_a_moves": 6,
        "player_b_moves": 7,
        "player_a_crashes": 0,
        "player_b_crashes": 0,
        "response_times_ms": [
          196.0823339999962,
          196.23720799999944,
          196.21108299999435,
          196.06783300000075,
          196.04400000000055,
          196.15974999999253,
          196.4081670000013,
          196.6095829999972,
          196.25229200001115,
          196.5525000000099,
          196.22054199999184,
          196.69475000000602,
          196.30658399999845
        ],
        "error": ""
      },
      {
        "opening_name": "queens_pawn",
        "opening_fen": "rnbqkbnr/ppp1pppp/8/3p4/3P4/8/PPP1PPPP/RNBQKBNR w KQkq - 0 2",
        "result": "loss",
        "score_a": 0.0,
        "plies": 20,
        "adjudicated": true,
        "player_a_color": "white",
        "player_a_timeouts": 0,
        "player_b_timeouts": 0,
        "player_a_moves": 10,
        "player_b_moves": 10,
        "player_a_crashes": 0,
        "player_b_crashes": 0,
        "response_times_ms": [
          196.17125000000613,
          196.71866699999896,
          196.35820799999237,
          196.3029159999934,
          196.16637500000422,
          196.24216600000466,
          196.1300829999999,
          196.119374999995,
          196.1656249999919,
          196.07099999998923,
          196.0791669999935,
          196.1206670000024,
          196.38191699999652,
          196.2536249999971,
          196.50624999999877,
          196.34945800000025,
          196.26104199998906,
          196.07441600000186,
          196.46825000000945,
          196.19291700000474
        ],
        "error": ""
      },
      {
        "opening_name": "queens_pawn",
        "opening_fen": "rnbqkbnr/ppp1pppp/8/3p4/3P4/8/PPP1PPPP/RNBQKBNR w KQkq - 0 2",
        "result": "win",
        "score_a": 1.0,
        "plies": 20,
        "adjudicated": true,
        "player_a_color": "black",
        "player_a_timeouts": 0,
        "player_b_timeouts": 0,
        "player_a_moves": 10,
        "player_b_moves": 10,
        "player_a_crashes": 0,
        "player_b_crashes": 0,
        "response_times_ms": [
          196.32858300001033,
          196.2748750000003,
          196.10404200000175,
          196.2366249999974,
          196.2691250000006,
          196.0907920000068,
          196.40625000000966,
          196.2299999999999,
          196.05220799999756,
          196.09637499999621,
          196.5780839999951,
          196.2880829999989,
          196.62287499998854,
          196.20133300000475,
          196.11799999999846,
          196.29679199999828,
          196.20050000000333,
          196.17895900000804,
          196.1468749999966,
          196.28779199999258
        ],
        "error": ""
      },
      {
        "opening_name": "ruy_lopez",
        "opening_fen": "r1bqkbnr/pppp1ppp/2n5/1B2p3/4P3/5N2/PPPP1PPP/RNBQK2R b KQkq - 3 3",
        "result": "draw",
        "score_a": 0.5,
        "plies": 17,
        "adjudicated": false,
        "player_a_color": "white",
        "player_a_timeouts": 0,
        "player_b_timeouts": 0,
        "player_a_moves": 8,
        "player_b_moves": 9,
        "player_a_crashes": 0,
        "player_b_crashes": 0,
        "response_times_ms": [
          196.28458400001136,
          196.39225000000238,
          196.48929199999543,
          196.18533300000252,
          196.28016699999762,
          196.20999999999356,
          196.04145799999628,
          196.5110830000043,
          196.18725000000836,
          196.25770900000816,
          196.1063749999994,
          196.1500419999993,
          196.10829199999102,
          196.13441700001033,
          196.0784999999987,
          196.12374999999815,
          196.15183399999125
        ],
        "error": ""
      },
      {
        "opening_name": "ruy_lopez",
        "opening_fen": "r1bqkbnr/pppp1ppp/2n5/1B2p3/4P3/5N2/PPPP1PPP/RNBQK2R b KQkq - 3 3",
        "result": "draw",
        "score_a": 0.5,
        "plies": 17,
        "adjudicated": false,
        "player_a_color": "black",
        "player_a_timeouts": 0,
        "player_b_timeouts": 0,
        "player_a_moves": 9,
        "player_b_moves": 8,
        "player_a_crashes": 0,
        "player_b_crashes": 0,
        "response_times_ms": [
          196.04720799999598,
          196.0770829999916,
          196.30254199999797,
          196.70604099999878,
          196.07783300000392,
          196.20462499999292,
          196.39183299999274,
          196.24087500000087,
          196.2097499999942,
          196.11570799999356,
          196.50149999999655,
          196.15862499999537,
          196.22537500001158,
          196.57670799999494,
          196.42237499999737,
          196.48850000000095,
          196.3546249999979
        ],
        "error": ""
      },
      {
        "opening_name": "italian_game",
        "opening_fen": "r1bqk1nr/pppp1ppp/2n5/2b1p3/2B1P3/5N2/PPPP1PPP/RNBQK2R w KQkq - 4 4",
        "result": "draw",
        "score_a": 0.5,
        "plies": 11,
        "adjudicated": false,
        "player_a_color": "white",
        "player_a_timeouts": 0,
        "player_b_timeouts": 0,
        "player_a_moves": 6,
        "player_b_moves": 5,
        "player_a_crashes": 0,
        "player_b_crashes": 0,
        "response_times_ms": [
          196.17883300000472,
          196.23808400000087,
          196.16320800000153,
          196.11870900000383,
          196.51029199999925,
          196.24683300000356,
          196.6260410000018,
          196.3823749999989,
          196.84004199999094,
          196.42208300000163,
          196.38912499999606
        ],
        "error": ""
      },
      {
        "opening_name": "italian_game",
        "opening_fen": "r1bqk1nr/pppp1ppp/2n5/2b1p3/2B1P3/5N2/PPPP1PPP/RNBQK2R w KQkq - 4 4",
        "result": "draw",
        "score_a": 0.5,
        "plies": 11,
        "adjudicated": false,
        "player_a_color": "black",
        "player_a_timeouts": 0,
        "player_b_timeouts": 0,
        "player_a_moves": 5,
        "player_b_moves": 6,
        "player_a_crashes": 0,
        "player_b_crashes": 0,