{
  "feedback_source": "self_play",
  "summary": {
    "games": 16,
    "wins_a": 0,
    "losses_a": 0,
    "draws": 16,
    "score_a": 8.0,
    "mean_score_a": 0.5,
    "game_scores_a": [
      0.5,
      0.5,
      0.5,
      0.5,
      0.5,
      0.5,
      0.5,
      0.5,
      0.5,
      0.5,
      0.5,
      0.5,
      0.5,
      0.5,
      0.5,
      0.5
    ],
    "player_a_moves": 125,
    "player_b_moves": 123,
    "player_a_timeouts": 0,
    "player_b_timeouts": 0,
    "player_a_crashes": 0,
    "player_b_crashes": 0,
    "results": [
      {
        "opening_name": "startpos",
        "opening_fen": "rnbqkbnr/pppppppp/8/8/8/8/PPPPPPPP/RNBQKBNR w KQkq - 0 1",
        "result": "draw",
        "score_a": 0.5,
        "plies": 13,
        "adjudicated": false,
        "player_a_color": "white",
        "player_a_timeouts": 0,
        "player_b_timeouts": 0,
        "player_a_moves": 7,
        "player_b_moves": 6,
        "player_a_crashes": 0,
        "player_b_crashes": 0,
        "response_times_ms": [
          196.7805829999918,
          196.2914160000082,
          196.93379199998162,
          196.7051660000152,
          196.85783300002413,
          196.36574999998402,
          196.33670800001823,
          196.38491599999952,
          196.04237500001886,
          196.96799999999826,
          196.29733299998975,
          196.3215410000032,
          196.26087500000722
        ],
        "error": ""
      },
      {
        "opening_name": "startpos",
        "opening_fen": "rnbqkbnr/pppppppp/8/8/8/8/PPPPPPPP/RNBQKBNR w KQkq - 0 1",
        "result": "draw",
        "score_a": 0.5,
        "plies": 13,
        "adjudicated": false,
        "player_a_color": "black",
        "player_a_timeouts": 0,
        "player_b_timeouts": 0,
        "player_a_moves": 6,
        "player_b_moves": 7,
        "player_a_crashes": 0,
        "player_b_crashes": 0,
        "response_times_ms": [
          196.47645800000646,
          196.19900000000712,
          196.1199999999792,
          196.42804099999012,
          196.52445799999896,
          196.84295900000848,
          196.5617080000186,
          196.85416599998007,
          197.06725000000347,
          196.17837500001656,
          196.3431249999985,
          196.3007920000166,
          196.17020799998386
        ],
        "error": ""
      },
      {
        "opening_name": "queens_pawn",
        "opening_fen": "rnbqkbnr/ppp1pppp/8/3p4/3P4/8/PPP1PPPP/RNBQKBNR w KQkq - 0 2",
        "result": "draw",
        "score_a": 0.5,
        "plies": 11,
        "adjudicated": false,
        "player_a_color": "white",
        "player_a_timeouts": 0,
        "player_b_timeouts": 0,
        "player_a_moves": 6,
        "player_b_moves": 5,
        "player_a_crashes": 0,
        "player_b_crashes": 0,
        "response_times_ms": [
          196.8723749999981,
          196.44475000001194,
          196.5315830000236,
          196.3165409999874,
          197.70725000000766,
          196.39850000001502,
          196.6021249999983,
          196.06708300000264,
          196.48470800001405,
          196.42600000000243,
          196.31445799998914
        ],
        "error": ""
      },
      {
        "opening_name": "queens_pawn",
        "opening_fen": "rnbqkbnr/ppp1pppp/8/3p4/3P4/8/PPP1PPPP/RNBQKBNR w KQkq - 0 2",
        "result": "draw",
        "score_a": 0.5,
        "plies": 19,
        "adjudicated": false,
        "player_a_color": "black",
        "player_a_timeouts": 0,
        "player_b_timeouts": 0,
        "player_a_moves": 9,
        "player_b_moves": 10,
        "player_a_crashes": 0,
        "player_b_crashes": 0,
        "response_times_ms": [
          217.29949999999576,
          196.283875000006,
          196.38774999998532,
          196.71987500001364,
          196.49683399998708,
          196.55145799998763,
          196.13791699998728,
          196.11933400000225,
          196.13233300000843,
          196.3758750000011,
          196.35483299998668,
          196.61137500000336,
          196.6627909999943,
          196.6573750000009,
          196.53691599998524,
          196.28399999999147,
          196.13987500000007,
          196.76679200000535,
          196.42204100000527
        ],
        "error": ""
      },
      {
        "opening_name": "ruy_lopez",
        "opening_fen": "r1bqkbnr/pppp1ppp/2n5/1B2p3/4P3/5N2/PPPP1PPP/RNBQK2R b KQkq - 3 3",
        "result": "draw",
        "score_a": 0.5,
        "plies": 17,
        "adjudicated": false,
        "player_a_color": "white",
        "player_a_timeouts": 0,
        "player_b_timeouts": 0,
        "player_a_moves": 8,
        "player_b_moves": 9,
        "player_a_crashes": 0,
        "player_b_crashes": 0,
        "response_times_ms": [
          196.96066699998482,
          196.48404200000869,
          196.47629199999983,
          196.0507919999941,
          196.35791700000027,
          196.59641699999497,
          196.16091700001448,
          196.08229199999982,
          196.06262500002458,
          196.80037500000935,
          196.08470800000077,
          196.17783300000724,
          196.84870800000454,
          196.32479199998443,
          196.8429169999979,
          196.85120799999822,
          196.4661250000006
        ],
        "error": ""
      },
      {
        "opening_name": "ruy_lopez",
        "opening_fen": "r1bqkbnr/pppp1ppp/2n5/1B2p3/4P3/5N2/PPPP1PPP/RNBQK2R b KQkq - 3 3",
        "result": "draw",
        "score_a": 0.5,
        "plies": 17,
        "adjudicated": false,
        "player_a_color": "black",
        "player_a_timeouts": 0,
        "player_b_timeouts": 0,
        "player_a_moves": 9,
        "player_b_moves": 8,
        "player_a_crashes": 0,
        "player_b_crashes": 0,
        "response_times_ms": [
          196.6674580000074,
          196.708000000001,
          196.43154199999913,
          196.23487500001602,
          196.60866699999247,
          196.79604199998835,
          196.3360000000023,
          196.62895799999092,
          196.57312500001467,
          196.38883400000395,
          196.14429200001382,
          196.6175420000127,
          196.78987500000744,
          196.032874999986,
          196.17012500000897,
          196.3570000000061,
          196.73912499999346
        ],
        "error": ""
      },
      {
        "opening_name": "italian_game",
        "opening_fen": "r1bqk1nr/pppp1ppp/2n5/2b1p3/2B1P3/5N2/PPPP1PPP/RNBQK2R w KQkq - 4 4",
        "result": "draw",
        "score_a": 0.5,
        "plies": 11,
        "adjudicated": false,
        "player_a_color": "white",
        "player_a_timeouts": 0,
        "player_b_timeouts": 0,
        "player_a_moves": 6,
        "player_b_moves": 5,
        "player_a_crashes": 0,
        "player_b_crashes": 0,
        "response_times_ms": [
          196.23125000001096,
          196.9682090000049,
          196.27012499998386,
          197.4548339999842,
          196.60645799999088,
          197.02679200000262,
          196.4833750000139,
          196.43391700000734,
          196.83849999998415,
          196.55491699998606,
          196.47516599999904
        ],
        "error": ""
      },
      {
        "opening_name": "italian_game",
        "opening_fen": "r1bqk1nr/pppp1ppp/2n5/2b1p3/2B1P3/5N2/PPPP1PPP/RNBQK2R w KQkq - 4 4",
        "result": "draw",
        "score_a": 0.5,
        "plies": 11,
        "adjudicated": false,
        "player_a_color": "black",
        "player_a_timeouts": 0,
        "player_b_timeouts": 0,
        "player_a_moves": 5,
        "player_b_moves": 6,
        "player_a_crashes": 0,
        "player_b_crashes": 0,