{
  "feedback_source": "self_play",
  "summary": {
    "games": 16,
    "wins_a": 2,
    "losses_a": 2,
    "draws": 12,
    "score_a": 8.0,
    "mean_score_a": 0.5,
    "game_scores_a": [
      0.5,
      0.5,
      0.0,
      1.0,
      0.5,
      0.5,
      0.5,
      0.5,
      1.0,
      0.0,
      0.5,
      0.5,
      0.5,
      0.5,
      0.5,
      0.5
    ],
    "player_a_moves": 121,
    "player_b_moves": 121,
    "player_a_timeouts": 0,
    "player_b_timeouts": 0,
    "player_a_crashes": 0,
    "player_b_crashes": 0,
    "results": [
      {
        "opening_name": "startpos",
        "opening_fen": "rnbqkbnr/pppppppp/8/8/8/8/PPPPPPPP/RNBQKBNR w KQkq - 0 1",
        "result": "draw",
        "score_a": 0.5,
        "plies": 13,
        "adjudicated": false,
        "player_a_color": "white",
        "player_a_timeouts": 0,
        "player_b_timeouts": 0,
        "player_a_moves": 7,
        "player_b_moves": 6,
        "player_a_crashes": 0,
        "player_b_crashes": 0,
        "response_times_ms": [
          196.24699999999962,
          196.21750000000304,
          196.06945800001085,
          196.19020900000805,
          196.07062500000438,
          196.325250000001,
          196.62050000000875,
          196.17070800001102,
          196.67541600000504,
          196.17037500000833,
          196.21674999999072,
          196.57695800000852,
          196.22449999999958
        ],
        "error": ""
      },
      {
        "opening_name": "startpos",
        "opening_fen": "rnbqkbnr/pppppppp/8/8/8/8/PPPPPPPP/RNBQKBNR w KQkq - 0 1",
        "result": "draw",
        "score_a": 0.5,
        "plies": 13,
        "adjudicated": false,
        "player_a_color": "black",
        "player_a_timeouts": 0,
        "player_b_timeouts": 0,
        "player_a_moves": 6,
        "player_b_moves": 7,
        "player_a_crashes": 0,
        "player_b_crashes": 0,
        "response_times_ms": [
          196.04195799999502,
          196.37645900000678,
          196.29804099999149,
          196.31329199999925,
          196.3488749999982,
          196.2389170000023,
          196.72045800000149,
          196.5245420000059,
          196.11520799999482,
          196.2661660000009,
          196.66762500000345,
          196.55720800000154,
          196.30395800000144
        ],
        "error": ""
      },
      {
        "opening_name": "queens_pawn",
        "opening_fen": "rnbqkbnr/ppp1pppp/8/3p4/3P4/8/PPP1PPPP/RNBQKBNR w KQkq - 0 2",
        "result": "loss",
        "score_a": 0.0,
        "plies": 20,
        "adjudicated": true,
        "player_a_color": "white",
        "player_a_timeouts": 0,
        "player_b_timeouts": 0,
        "player_a_moves": 10,
        "player_b_moves": 10,
        "player_a_crashes": 0,
        "player_b_crashes": 0,
        "response_times_ms": [
          196.0770830000058,
          196.67825000000505,
          196.15320799999836,
          196.05074999999772,
          196.20016700000065,
          196.10237499999528,
          196.5698330000123,
          196.0411250000078,
          196.0550000000012,
          196.1073330000005,
          196.48854199999732,
          196.42820800000038,
          196.05762499999457,
          196.16816699999617,
          196.10962499999118,
          196.21349999999893,
          196.08291699999825,
          196.02279199999373,
          196.07712500000218,
          196.05070800000135
        ],
        "error": ""
      },
      {
        "opening_name": "queens_pawn",
        "opening_fen": "rnbqkbnr/ppp1pppp/8/3p4/3P4/8/PPP1PPPP/RNBQKBNR w KQkq - 0 2",
        "result": "win",
        "score_a": 1.0,
        "plies": 20,
        "adjudicated": true,
        "player_a_color": "black",
        "player_a_timeouts": 0,
        "player_b_timeouts": 0,
        "player_a_moves": 10,
        "player_b_moves": 10,
        "player_a_crashes": 0,
        "player_b_crashes": 0,
        "response_times_ms": [
          196.40241599999797,
          196.06058400000848,
          196.13845800000718,
          196.28412500000536,
          196.13654200000497,
          196.225124999998,
          196.16445799999838,
          196.30808400000888,
          196.16591700000185,
          196.4408750000075,
          196.16416600000264,
          196.1152499999912,
          196.2237909999942,
          196.04504100000497,
          196.30458299999987,
          196.37241600000266,
          196.39508299999875,
          196.02545799999405,
          196.3298339999966,
          196.58612499999606
        ],
        "error": ""
      },
      {
        "opening_name": "ruy_lopez",
        "opening_fen": "r1bqkbnr/pppp1ppp/2n5/1B2p3/4P3/5N2/PPPP1PPP/RNBQK2R b KQkq - 3 3",
        "result": "draw",
        "score_a": 0.5,
        "plies": 17,
        "adjudicated": false,
        "player_a_color": "white",
        "player_a_timeouts": 0,
        "player_b_timeouts": 0,
        "player_a_moves": 8,
        "player_b_moves": 9,
        "player_a_crashes": 0,
        "player_b_crashes": 0,
        "response_times_ms": [
          196.13737499999218,
          196.13825000000418,
          196.3680409999995,
          196.02949999999453,
          196.2383329999966,
          196.65866699999413,
          196.21966699999405,
          196.09104199999194,
          196.4246249999917,
          196.1313749999931,
          196.23004199999627,
          196.26541699999223,
          196.08633299999667,
          196.24270799999977,
          196.452249999993,
          196.14525000000071,
          196.127833999995
        ],
        "error": ""
      },
      {
        "opening_name": "ruy_lopez",
        "opening_fen": "r1bqkbnr/pppp1ppp/2n5/1B2p3/4P3/5N2/PPPP1PPP/RNBQK2R b KQkq - 3 3",
        "result": "draw",
        "score_a": 0.5,
        "plies": 17,
        "adjudicated": false,
        "player_a_color": "black",
        "player_a_timeouts": 0,
        "player_b_timeouts": 0,
        "player_a_moves": 9,
        "player_b_moves": 8,
        "player_a_crashes": 0,
        "player_b_crashes": 0,
        "response_times_ms": [
          196.11983299999736,
          196.2447500000053,
          196.0455410000037,
          196.24508299999377,
          196.2575419999979,
          196.59500000000207,
          196.21804100000872,
          196.15074999998683,
          196.38420900000142,
          196.16829099999222,
          196.2656670000058,
          196.25000000000625,
          196.5091670000021,
          196.07379099998923,
          196.15000000000293,
          196.133666999998,
          196.72475000000134
        ],
        "error": ""
      },
      {
        "opening_name": "italian_game",
        "opening_fen": "r1bqk1nr/pppp1ppp/2n5/2b1p3/2B1P3/5N2/PPPP1PPP/RNBQK2R w KQkq - 4 4",
        "result": "draw",
        "score_a": 0.5,
        "plies": 11,
        "adjudicated": false,
        "player_a_color": "white",
        "player_a_timeouts": 0,
        "player_b_timeouts": 0,
        "player_a_moves": 6,
        "player_b_moves": 5,
        "player_a_crashes": 0,
        "player_b_crashes": 0,
        "response_times_ms": [
          196.125667000004,
          196.058457999996,
          196.37429200000156,
          196.53879199999835,
          196.4627920000055,
          196.13366700001222,
          196.10675000001265,
          196.25004200000262,
          196.1349580000018,
          196.08266599999524,
          196.0867499999921
        ],
        "error": ""
      },
      {
        "opening_name": "italian_game",
        "opening_fen": "r1bqk1nr/pppp1ppp/2n5/2b1p3/2B1P3/5N2/PPPP1PPP/RNBQK2R w KQkq - 4 4",
        "result": "draw",
        "score_a": 0.5,
        "plies": 11,
        "adjudicated": false,
        "player_a_color": "black",
        "player_a_timeouts": 0,
        "player_b_timeouts": 0,
        "player_a_moves": 5,
        "player_b_moves": 6,
        "player_a_crashes": 0,
        "player_b_crashes": 0,