{
  "feedback_source": "self_play",
  "summary": {
    "games": 16,
    "wins_a": 1,
    "losses_a": 1,
    "draws": 14,
    "score_a": 8.0,
    "mean_score_a": 0.5,
    "game_scores_a": [
      0.5,
      0.5,
      0.0,
      1.0,
      0.5,
      0.5,
      0.5,
      0.5,
      0.5,
      0.5,
      0.5,
      0.5,
      0.5,
      0.5,
      0.5,
      0.5
    ],
    "player_a_moves": 115,
    "player_b_moves": 114,
    "player_a_timeouts": 0,
    "player_b_timeouts": 0,
    "player_a_crashes": 0,
    "player_b_crashes": 0,
    "results": [
      {
        "opening_name": "startpos",
        "opening_fen": "rnbqkbnr/pppppppp/8/8/8/8/PPPPPPPP/RNBQKBNR w KQkq - 0 1",
        "result": "draw",
        "score_a": 0.5,
        "plies": 13,
        "adjudicated": false,
        "player_a_color": "white",
        "player_a_timeouts": 0,
        "player_b_timeouts": 0,
        "player_a_moves": 7,
        "player_b_moves": 6,
        "player_a_crashes": 0,
        "player_b_crashes": 0,
        "response_times_ms": [
          196.23970899999676,
          196.18033400000456,
          196.2080420000092,
          196.54633300000057,
          196.23604200000955,
          196.39925000001313,
          196.3052909999874,
          196.12154100001078,
          196.10958300000902,
          196.46600000000092,
          196.06162499999868,
          196.06862499999522,
          196.10058300000333
        ],
        "error": ""
      },
      {
        "opening_name": "startpos",
        "opening_fen": "rnbqkbnr/pppppppp/8/8/8/8/PPPPPPPP/RNBQKBNR w KQkq - 0 1",
        "result": "draw",
        "score_a": 0.5,
        "plies": 13,
        "adjudicated": false,
        "player_a_color": "black",
        "player_a_timeouts": 0,
        "player_b_timeouts": 0,
        "player_a_moves": 6,
        "player_b_moves": 7,
        "player_a_crashes": 0,
        "player_b_crashes": 0,
        "response_times_ms": [
          196.08266699999888,
          196.3764999999995,
          196.09912500000348,
          196.10662499999876,
          196.3991670000098,
          196.42600000000243,
          196.14454100000955,
          196.29666599999496,
          196.48037500000726,
          196.15995800000974,
          196.1722500000036,
          196.02595799999278,
          196.14566699999614
        ],
        "error": ""
      },
      {
        "opening_name": "queens_pawn",
        "opening_fen": "rnbqkbnr/ppp1pppp/8/3p4/3P4/8/PPP1PPPP/RNBQKBNR w KQkq - 0 2",
        "result": "loss",
        "score_a": 0.0,
        "plies": 20,
        "adjudicated": true,
        "player_a_color": "white",
        "player_a_timeouts": 0,
        "player_b_timeouts": 0,
        "player_a_moves": 10,
        "player_b_moves": 10,
        "player_a_crashes": 0,
        "player_b_crashes": 0,
        "response_times_ms": [
          196.10766600000318,
          196.2480000000113,
          196.062375000011,
          196.1996670000019,
          196.27816599999903,
          196.53649999999345,
          196.16124999998874,
          196.2390000000056,
          196.25995799999885,
          196.16991700000597,
          196.22258300000794,
          196.2332499999917,
          196.10262499999465,
          196.1816660000011,
          196.258959000005,
          196.02691699999752,
          196.21499999999514,
          196.0564169999941,
          196.21829199999752,
          196.03458299999943
        ],
        "error": ""
      },
      {
        "opening_name": "queens_pawn",
        "opening_fen": "rnbqkbnr/ppp1pppp/8/3p4/3P4/8/PPP1PPPP/RNBQKBNR w KQkq - 0 2",
        "result": "win",
        "score_a": 1.0,
        "plies": 20,
        "adjudicated": true,
        "player_a_color": "black",
        "player_a_timeouts": 0,
        "player_b_timeouts": 0,
        "player_a_moves": 10,
        "player_b_moves": 10,
        "player_a_crashes": 0,
        "player_b_crashes": 0,
        "response_times_ms": [
          196.0594159999971,
          196.53583299999866,
          196.23020899999233,
          196.59891599999924,
          196.0674580000017,
          196.0844580000014,
          196.03937499999802,
          196.15366600000073,
          196.37516600000993,
          196.3326250000108,
          196.05983299999252,
          196.42479200000196,
          196.09591700000806,
          196.18016599999066,
          196.04124999999328,
          196.21120799999403,
          196.5140419999898,
          196.0555419999963,
          196.11462500000698,
          196.48741599999653
        ],
        "error": ""
      },
      {
        "opening_name": "ruy_lopez",
        "opening_fen": "r1bqkbnr/pppp1ppp/2n5/1B2p3/4P3/5N2/PPPP1PPP/RNBQK2R b KQkq - 3 3",
        "result": "draw",
        "score_a": 0.5,
        "plies": 11,
        "adjudicated": false,
        "player_a_color": "white",
        "player_a_timeouts": 0,
        "player_b_timeouts": 0,
        "player_a_moves": 5,
        "player_b_moves": 6,
        "player_a_crashes": 0,
        "player_b_crashes": 0,
        "response_times_ms": [
          196.28279100000157,
          196.2731249999905,
          196.17983400000583,
          196.28583300000457,
          196.39262500000143,
          196.2194579999874,
          196.19258299999842,
          196.11033300000713,
          196.23370799999407,
          196.23433400001034,
          196.0470000000072
        ],
        "error": ""
      },
      {
        "opening_name": "ruy_lopez",
        "opening_fen": "r1bqkbnr/pppp1ppp/2n5/1B2p3/4P3/5N2/PPPP1PPP/RNBQK2R b KQkq - 3 3",
        "result": "draw",
        "score_a": 0.5,
        "plies": 11,
        "adjudicated": false,
        "player_a_color": "black",
        "player_a_timeouts": 0,
        "player_b_timeouts": 0,
        "player_a_moves": 6,
        "player_b_moves": 5,
        "player_a_crashes": 0,
        "player_b_crashes": 0,
        "response_times_ms": [
          196.14008300000307,
          196.07349999999713,
          196.09787499999243,
          196.2093340000024,
          196.12645799999484,
          196.2600420000058,
          196.09112500000947,
          196.2672920000017,
          196.4171669999928,
          196.2073330000038,
          196.22658299999785
        ],
        "error": ""
      },
      {
        "opening_name": "italian_game",
        "opening_fen": "r1bqk1nr/pppp1ppp/2n5/2b1p3/2B1P3/5N2/PPPP1PPP/RNBQK2R w KQkq - 4 4",
        "result": "draw",
        "score_a": 0.5,
        "plies": 11,
        "adjudicated": false,
        "player_a_color": "white",
        "player_a_timeouts": 0,
        "player_b_timeouts": 0,
        "player_a_moves": 6,
        "player_b_moves": 5,
        "player_a_crashes": 0,
        "player_b_crashes": 0,
        "response_times_ms": [
          196.3458329999952,
          196.05708299999947,
          196.47125000000187,
          196.3731669999902,
          196.49195799999575,
          196.13262500000417,
          196.57875000000047,
          196.06287499999553,
          196.19399999999132,
          196.12016600000004,
          196.56562500000518
        ],
        "error": ""
      },
      {
        "opening_name": "italian_game",
        "opening_fen": "r1bqk1nr/pppp1ppp/2n5/2b1p3/2B1P3/5N2/PPPP1PPP/RNBQK2R w KQkq - 4 4",
        "result": "draw",
        "score_a": 0.5,
        "plies": 11,
        "adjudicated": false,
        "player_a_color": "black",
        "player_a_timeouts": 0,
        "player_b_timeouts": 0,
        "player_a_moves": 5,
        "player_b_moves": 6,
        "player_a_crashes": 0,
        "player_b_crashes": 0,
        "response_times_ms": [
          196.08095799999603,
          196.03858300000354,
          196.2330419999887,
          196.79800000000114,
          196.21616600001346,
          196.4102909999923,
          196.09458300000426,
          196.4869589999978,
          207.9979580000071,
          196.66370899999208,
          196.192417000006
        ],