{
  "feedback_source": "self_play",
  "summary": {
    "games": 16,
    "wins_a": 1,
    "losses_a": 1,
    "draws": 14,
    "score_a": 8.0,
    "mean_score_a": 0.5,
    "game_scores_a": [
      0.5,
      0.5,
      0.5,
      0.5,
      1.0,
      0.0,
      0.5,
      0.5,
      0.5,
      0.5,
      0.5,
      0.5,
      0.5,
      0.5,
      0.5,
      0.5
    ],
    "player_a_moves": 133,
    "player_b_moves": 134,
    "player_a_timeouts": 0,
    "player_b_timeouts": 0,
    "player_a_crashes": 0,
    "player_b_crashes": 0,
    "results": [
      {
        "opening_name": "startpos",
        "opening_fen": "rnbqkbnr/pppppppp/8/8/8/8/PPPPPPPP/RNBQKBNR w KQkq - 0 1",
        "result": "draw",
        "score_a": 0.5,
        "plies": 13,
        "adjudicated": false,
        "player_a_color": "white",
        "player_a_timeouts": 0,
        "player_b_timeouts": 0,
        "player_a_moves": 7,
        "player_b_moves": 6,
        "player_a_crashes": 0,
        "player_b_crashes": 0,
        "response_times_ms": [
          196.13966599999998,
          196.22479199999998,
          197.13304100000008,
          196.14858300000003,
          196.5232090000002,
          209.36112499999982,
          196.24604200000007,
          196.86541700000015,
          196.44504100000003,
          196.8898750000001,
          196.20079100000032,
          196.4290000000002,
          196.35391700000017
        ],
        "error": ""
      },
      {
        "opening_name": "startpos",
        "opening_fen": "rnbqkbnr/pppppppp/8/8/8/8/PPPPPPPP/RNBQKBNR w KQkq - 0 1",
        "result": "draw",
        "score_a": 0.5,
        "plies": 13,
        "adjudicated": false,
        "player_a_color": "black",
        "player_a_timeouts": 0,
        "player_b_timeouts": 0,
        "player_a_moves": 6,
        "player_b_moves": 7,
        "player_a_crashes": 0,
        "player_b_crashes": 0,
        "response_times_ms": [
          196.42287500000012,
          196.77870900000016,
          196.13504199999988,
          196.49629199999995,
          196.18629200000015,
          196.76983399999992,
          196.53195799999958,
          196.32279200000013,
          196.27341699999957,
          196.36454200000043,
          196.0883330000005,
          196.48804099999938,
          196.13187500000072
        ],
        "error": ""
      },
      {
        "opening_name": "queens_pawn",
        "opening_fen": "rnbqkbnr/ppp1pppp/8/3p4/3P4/8/PPP1PPPP/RNBQKBNR w KQkq - 0 2",
        "result": "draw",
        "score_a": 0.5,
        "plies": 20,
        "adjudicated": true,
        "player_a_color": "white",
        "player_a_timeouts": 0,
        "player_b_timeouts": 0,
        "player_a_moves": 10,
        "player_b_moves": 10,
        "player_a_crashes": 0,
        "player_b_crashes": 0,
        "response_times_ms": [
          196.32445799999942,
          196.61912499999977,
          196.3944169999996,
          196.2075419999998,
          196.63304200000022,
          196.5747499999999,
          196.67683399999981,
          196.19316699999968,
          196.2814159999997,
          196.12583299999997,
          196.24129199999985,
          196.24595799999955,
          196.3099589999997,
          196.22554099999957,
          196.0345839999995,
          196.1387080000012,
          196.9677499999989,
          196.06925000000075,
          196.87716600000016,
          196.32979100000014
        ],
        "error": ""
      },
      {
        "opening_name": "queens_pawn",
        "opening_fen": "rnbqkbnr/ppp1pppp/8/3p4/3P4/8/PPP1PPPP/RNBQKBNR w KQkq - 0 2",
        "result": "draw",
        "score_a": 0.5,
        "plies": 19,
        "adjudicated": false,
        "player_a_color": "black",
        "player_a_timeouts": 0,
        "player_b_timeouts": 0,
        "player_a_moves": 9,
        "player_b_moves": 10,
        "player_a_crashes": 0,
        "player_b_crashes": 0,
        "response_times_ms": [
          196.17320799999936,
          196.37062500000013,
          196.31458300000128,
          196.4608750000014,
          196.05145800000122,
          196.38237500000065,
          196.2530420000004,
          196.06212499999918,
          196.49208300000078,
          196.04816700000072,
          196.49483300000094,
          196.61004199999965,
          196.22941699999961,
          196.84174999999902,
          196.39654200000047,
          196.04137500000007,
          196.22291700000005,
          196.11120900000145,
          196.40120799999926
        ],
        "error": ""
      },
      {
        "opening_name": "ruy_lopez",
        "opening_fen": "r1bqkbnr/pppp1ppp/2n5/1B2p3/4P3/5N2/PPPP1PPP/RNBQK2R b KQkq - 3 3",
        "result": "win",
        "score_a": 1.0,
        "plies": 20,
        "adjudicated": true,
        "player_a_color": "white",
        "player_a_timeouts": 0,
        "player_b_timeouts": 0,
        "player_a_moves": 10,
        "player_b_moves": 10,
        "player_a_crashes": 0,
        "player_b_crashes": 0,
        "response_times_ms": [
          196.22816600000093,
          196.02716700000045,
          196.47741700000054,
          196.11845800000083,
          196.59212500000046,
          196.61999999999935,
          196.4989579999994,
          196.6526249999987,
          196.47229199999927,
          196.35241699999995,
          196.18291700000157,
          196.50829199999896,
          196.52779199999947,
          196.22612499999903,
          196.50050000000084,
          196.46395899999902,
          196.35629200000082,
          196.0924590000026,
          196.60333300000232,
          196.47212499999966
        ],
        "error": ""
      },
      {
        "opening_name": "ruy_lopez",
        "opening_fen": "r1bqkbnr/pppp1ppp/2n5/1B2p3/4P3/5N2/PPPP1PPP/RNBQK2R b KQkq - 3 3",
        "result": "loss",
        "score_a": 0.0,
        "plies": 20,
        "adjudicated": true,
        "player_a_color": "black",
        "player_a_timeouts": 0,
        "player_b_timeouts": 0,
        "player_a_moves": 10,
        "player_b_moves": 10,
        "player_a_crashes": 0,
        "player_b_crashes": 0,
        "response_times_ms": [
          196.29579100000072,
          196.4609589999995,
          196.2828750000014,
          196.39483299999938,
          196.32429099999982,
          196.47708300000133,
          196.02825000000124,
          196.33133299999983,
          196.3007910000023,
          196.03754099999904,
          196.44274999999922,
          196.0683749999994,
          196.2527079999994,
          196.05858299999923,
          196.21962500000123,
          196.19154099999747,
          199.01624999999967,
          196.13329099999888,
          196.36883299999752,
          196.48224999999897
        ],
        "error": ""
      },
      {
        "opening_name": "italian_game",
        "opening_fen": "r1bqk1nr/pppp1ppp/2n5/2b1p3/2B1P3/5N2/PPPP1PPP/RNBQK2R w KQkq - 4 4",
        "result": "draw",
        "score_a": 0.5,
        "plies": 11,
        "adjudicated": false,
        "player_a_color": "white",
        "player_a_timeouts": 0,
        "player_b_timeouts": 0,
        "player_a_moves": 6,
        "player_b_moves": 5,
        "player_a_crashes": 0,
        "player_b_crashes": 0,
        "response_times_ms": [
          196.5225420000003,
          196.90912500000124,
          196.37533300000243,
          196.26166699999814,
          196.47687500000188,
          196.2427499999997,
          196.28112499999872,
          196.39208299999922,
          196.5445420000016,
          197.11391699999936,
          196.45966699999917
        ],
        "error": ""
      },
      {
        "opening_name": "italian_game",
        "opening_fen": "r1bqk1nr/pppp1ppp/2n5/2b1p3/2B1P3/5N2/PPPP1PPP/RNBQK2R w KQkq - 4 4",
        "result": "draw",
        "score_a": 0.5,
        "plies": 11,
        "adjudicated": false,
        "player_a_color": "black",
        "player_a_timeouts": 0,