{
  "feedback_source": "self_play",
  "summary": {
    "games": 16,
    "wins_a": 1,
    "losses_a": 1,
    "draws": 14,
    "score_a": 8.0,
    "mean_score_a": 0.5,
    "game_scores_a": [
      0.5,
      0.5,
      0.0,
      1.0,
      0.5,
      0.5,
      0.5,
      0.5,
      0.5,
      0.5,
      0.5,
      0.5,
      0.5,
      0.5,
      0.5,
      0.5
    ],
    "player_a_moves": 121,
    "player_b_moves": 121,
    "player_a_timeouts": 0,
    "player_b_timeouts": 0,
    "player_a_crashes": 0,
    "player_b_crashes": 0,
    "results": [
      {
        "opening_name": "startpos",
        "opening_fen": "rnbqkbnr/pppppppp/8/8/8/8/PPPPPPPP/RNBQKBNR w KQkq - 0 1",
        "result": "draw",
        "score_a": 0.5,
        "plies": 13,
        "adjudicated": false,
        "player_a_color": "white",
        "player_a_timeouts": 0,
        "player_b_timeouts": 0,
        "player_a_moves": 7,
        "player_b_moves": 6,
        "player_a_crashes": 0,
        "player_b_crashes": 0,
        "response_times_ms": [
          196.2698749999987,
          196.3206659999912,
          196.08558300001278,
          196.50970799999357,
          196.33516700000087,
          196.24741700000925,
          196.47008399999777,
          196.524832999998,
          196.21999999999673,
          196.04116699998997,
          196.3716670000082,
          196.55995899999823,
          196.2769160000022
        ],
        "error": ""
      },
      {
        "opening_name": "startpos",
        "opening_fen": "rnbqkbnr/pppppppp/8/8/8/8/PPPPPPPP/RNBQKBNR w KQkq - 0 1",
        "result": "draw",
        "score_a": 0.5,
        "plies": 13,
        "adjudicated": false,
        "player_a_color": "black",
        "player_a_timeouts": 0,
        "player_b_timeouts": 0,
        "player_a_moves": 6,
        "player_b_moves": 7,
        "player_a_crashes": 0,
        "player_b_crashes": 0,
        "response_times_ms": [
          196.04691699998966,
          196.18400000000236,
          196.19862500000806,
          196.2972089999937,
          196.6028749999964,
          196.34874999999852,
          196.30837500000098,
          196.41741599998852,
          196.43962499999645,
          196.10966700000176,
          196.1380000000048,
          196.5911660000046,
          196.23029199999564
        ],
        "error": ""
      },
      {
        "opening_name": "queens_pawn",
        "opening_fen": "rnbqkbnr/ppp1pppp/8/3p4/3P4/8/PPP1PPPP/RNBQKBNR w KQkq - 0 2",
        "result": "loss",
        "score_a": 0.0,
        "plies": 20,
        "adjudicated": true,
        "player_a_color": "white",
        "player_a_timeouts": 0,
        "player_b_timeouts": 0,
        "player_a_moves": 10,
        "player_b_moves": 10,
        "player_a_crashes": 0,
        "player_b_crashes": 0,
        "response_times_ms": [
          196.11670800000525,
          196.31870900001047,
          196.06708300000264,
          196.51995800001032,
          196.53204099999755,
          196.48254199999826,
          196.14216700000497,
          196.43662500000403,
          196.53100000000734,
          196.067792000008,
          196.07504200000392,
          196.2209999999942,
          196.47016700000108,
          196.03675000000464,
          196.25733299999126,
          196.02441700000384,
          196.14066600000513,
          196.483458000003,
          196.28424999999083,
          196.1823330000101
        ],
        "error": ""
      },
      {
        "opening_name": "queens_pawn",
        "opening_fen": "rnbqkbnr/ppp1pppp/8/3p4/3P4/8/PPP1PPPP/RNBQKBNR w KQkq - 0 2",
        "result": "win",
        "score_a": 1.0,
        "plies": 20,
        "adjudicated": true,
        "player_a_color": "black",
        "player_a_timeouts": 0,
        "player_b_timeouts": 0,
        "player_a_moves": 10,
        "player_b_moves": 10,
        "player_a_crashes": 0,
        "player_b_crashes": 0,
        "response_times_ms": [
          196.55066599999316,
          196.04262500000402,
          196.1009589999918,
          196.04779200000166,
          196.07554199998845,
          196.78799999999796,
          196.07466700000487,
          196.1705420000044,
          196.4440420000102,
          196.11041699999987,
          196.097457999997,
          196.11866699999325,
          196.44137499999204,
          196.35716700000216,
          196.18483300000378,
          196.25091599999678,
          196.42054099999484,
          196.0273329999893,
          196.27754200000425,
          196.22395799999026
        ],
        "error": ""
      },
      {
        "opening_name": "ruy_lopez",
        "opening_fen": "r1bqkbnr/pppp1ppp/2n5/1B2p3/4P3/5N2/PPPP1PPP/RNBQK2R b KQkq - 3 3",
        "result": "draw",
        "score_a": 0.5,
        "plies": 17,
        "adjudicated": false,
        "player_a_color": "white",
        "player_a_timeouts": 0,
        "player_b_timeouts": 0,
        "player_a_moves": 8,
        "player_b_moves": 9,
        "player_a_crashes": 0,
        "player_b_crashes": 0,
        "response_times_ms": [
          196.44679099999962,
          196.4710000000025,
          196.54016699999488,
          196.24329200000545,
          196.13329099999532,
          196.40474999999924,
          196.358625000002,
          196.16695800000628,
          196.12408299998663,
          196.14487500000166,
          196.6536660000031,
          196.26937499999997,
          196.05308299999535,
          196.17000000000928,
          196.2057500000043,
          196.06987499999207,
          196.64083300000357
        ],
        "error": ""
      },
      {
        "opening_name": "ruy_lopez",
        "opening_fen": "r1bqkbnr/pppp1ppp/2n5/1B2p3/4P3/5N2/PPPP1PPP/RNBQK2R b KQkq - 3 3",
        "result": "draw",
        "score_a": 0.5,
        "plies": 17,
        "adjudicated": false,
        "player_a_color": "black",
        "player_a_timeouts": 0,
        "player_b_timeouts": 0,
        "player_a_moves": 9,
        "player_b_moves": 8,
        "player_a_crashes": 0,
        "player_b_crashes": 0,
        "response_times_ms": [
          196.47116699999856,
          196.3487919999949,
          196.28045899999336,
          196.2666250000069,
          196.06749999999806,
          196.16624999999033,
          196.1423330000116,
          196.09924999998896,
          196.30783299999166,
          196.0296249999942,
          196.63308399999835,
          196.02462500000684,
          196.3784579999981,
          196.16441700000564,
          196.0402499999958,
          196.10008400000822,
          196.26508300000012
        ],
        "error": ""
      },
      {
        "opening_name": "italian_game",
        "opening_fen": "r1bqk1nr/pppp1ppp/2n5/2b1p3/2B1P3/5N2/PPPP1PPP/RNBQK2R w KQkq - 4 4",
        "result": "draw",
        "score_a": 0.5,
        "plies": 11,
        "adjudicated": false,
        "player_a_color": "white",
        "player_a_timeouts": 0,
        "player_b_timeouts": 0,
        "player_a_moves": 6,
        "player_b_moves": 5,
        "player_a_crashes": 0,
        "player_b_crashes": 0,
        "response_times_ms": [
          196.12725000000353,
          196.40637499999514,
          196.15929200000437,
          196.030958999998,
          196.07650000000376,
          196.40649999999482,
          196.13279200000022,
          196.20916699999214,
          196.0470000000072,
          196.04424999999992,
          196.2534170000083
        ],
        "error": ""
      },
      {
        "opening_name": "italian_game",
        "opening_fen": "r1bqk1nr/pppp1ppp/2n5/2b1p3/2B1P3/5N2/PPPP1PPP/RNBQK2R w KQkq - 4 4",
        "result": "draw",
        "score_a": 0.5,
        "plies": 11,
        "adjudicated": false,
        "player_a_color": "black",
        "player_a_timeouts": 0,
        "player_b_timeouts": 0,
        "player_a_moves": 5,
        "player_b_moves": 6,
        "player_a_crashes": 0,
        "player_b_crashes": 0,