{
  "feedback_source": "self_play",
  "summary": {
    "games": 16,
    "wins_a": 2,
    "losses_a": 2,
    "draws": 12,
    "score_a": 8.0,
    "mean_score_a": 0.5,
    "game_scores_a": [
      0.5,
      0.5,
      0.0,
      1.0,
      0.5,
      0.5,
      0.5,
      0.5,
      1.0,
      0.0,
      0.5,
      0.5,
      0.5,
      0.5,
      0.5,
      0.5
    ],
    "player_a_moves": 121,
    "player_b_moves": 121,
    "player_a_timeouts": 0,
    "player_b_timeouts": 0,
    "player_a_crashes": 0,
    "player_b_crashes": 0,
    "results": [
      {
        "opening_name": "startpos",
        "opening_fen": "rnbqkbnr/pppppppp/8/8/8/8/PPPPPPPP/RNBQKBNR w KQkq - 0 1",
        "result": "draw",
        "score_a": 0.5,
        "plies": 13,
        "adjudicated": false,
        "player_a_color": "white",
        "player_a_timeouts": 0,
        "player_b_timeouts": 0,
        "player_a_moves": 7,
        "player_b_moves": 6,
        "player_a_crashes": 0,
        "player_b_crashes": 0,
        "response_times_ms": [
          196.2259999999958,
          196.14425000000324,
          196.10570899999402,
          196.2382079999827,
          196.11716700001125,
          196.02354200000605,
          196.0558750000132,
          196.19524999998816,
          196.392832999976,
          196.29329099998927,
          196.3897079999981,
          196.29312500001106,
          196.3404169999876
        ],
        "error": ""
      },
      {
        "opening_name": "startpos",
        "opening_fen": "rnbqkbnr/pppppppp/8/8/8/8/PPPPPPPP/RNBQKBNR w KQkq - 0 1",
        "result": "draw",
        "score_a": 0.5,
        "plies": 13,
        "adjudicated": false,
        "player_a_color": "black",
        "player_a_timeouts": 0,
        "player_b_timeouts": 0,
        "player_a_moves": 6,
        "player_b_moves": 7,
        "player_a_crashes": 0,
        "player_b_crashes": 0,
        "response_times_ms": [
          196.36683400000265,
          196.43745900000908,
          196.2220830000092,
          196.28675000001294,
          196.24858399998857,
          196.52295899999217,
          196.45049999999742,
          196.59816699999055,
          196.7658330000006,
          196.5087909999852,
          196.74345799998605,
          196.2982919999945,
          196.28587500000094
        ],
        "error": ""
      },
      {
        "opening_name": "queens_pawn",
        "opening_fen": "rnbqkbnr/ppp1pppp/8/3p4/3P4/8/PPP1PPPP/RNBQKBNR w KQkq - 0 2",
        "result": "loss",
        "score_a": 0.0,
        "plies": 20,
        "adjudicated": true,
        "player_a_color": "white",
        "player_a_timeouts": 0,
        "player_b_timeouts": 0,
        "player_a_moves": 10,
        "player_b_moves": 10,
        "player_a_crashes": 0,
        "player_b_crashes": 0,
        "response_times_ms": [
          196.15829199997847,
          196.15941699998984,
          196.28662499999905,
          196.54820799999584,
          196.69049999998833,
          196.26624999997944,
          196.47387500000946,
          196.04283300000702,
          196.08783399999652,
          196.12075000000573,
          196.52945900000418,
          196.14612500001272,
          196.24408299998208,
          196.08550000000946,
          196.1610409999821,
          196.1032079999825,
          196.27337500000408,
          196.05937500000437,
          196.08883400002242,
          196.04258300000765
        ],
        "error": ""
      },
      {
        "opening_name": "queens_pawn",
        "opening_fen": "rnbqkbnr/ppp1pppp/8/3p4/3P4/8/PPP1PPPP/RNBQKBNR w KQkq - 0 2",
        "result": "win",
        "score_a": 1.0,
        "plies": 20,
        "adjudicated": true,
        "player_a_color": "black",
        "player_a_timeouts": 0,
        "player_b_timeouts": 0,
        "player_a_moves": 10,
        "player_b_moves": 10,
        "player_a_crashes": 0,
        "player_b_crashes": 0,
        "response_times_ms": [
          196.1157910000111,
          196.3215830000138,
          196.47162499998672,
          196.42999999999233,
          196.17366600002129,
          196.22116700000447,
          196.29133399999432,
          196.07974999999556,
          196.2574169999982,
          196.2138750000122,
          196.16866700002333,
          196.11804199999483,
          196.14974999998935,
          196.13316699999928,
          196.23233400000117,
          196.03470800001332,
          196.48429200000805,
          196.08358400000725,
          196.24820900000373,
          196.23258400000054
        ],
        "error": ""
      },
      {
        "opening_name": "ruy_lopez",
        "opening_fen": "r1bqkbnr/pppp1ppp/2n5/1B2p3/4P3/5N2/PPPP1PPP/RNBQK2R b KQkq - 3 3",
        "result": "draw",
        "score_a": 0.5,
        "plies": 17,
        "adjudicated": false,
        "player_a_color": "white",
        "player_a_timeouts": 0,
        "player_b_timeouts": 0,
        "player_a_moves": 8,
        "player_b_moves": 9,
        "player_a_crashes": 0,
        "player_b_crashes": 0,
        "response_times_ms": [
          196.19629199999622,
          196.3923330000057,
          196.21129199998677,
          196.25862499998448,
          196.58941699998422,
          196.40474999999924,
          196.38470800001073,
          196.1621669999829,
          196.57983399997647,
          196.27491699998245,
          196.06033299999126,
          196.47816699998089,
          196.24429199998872,
          196.0659160000091,
          196.1709589999998,
          196.37295800001198,
          196.08074999999303
        ],
        "error": ""
      },
      {
        "opening_name": "ruy_lopez",
        "opening_fen": "r1bqkbnr/pppp1ppp/2n5/1B2p3/4P3/5N2/PPPP1PPP/RNBQK2R b KQkq - 3 3",
        "result": "draw",
        "score_a": 0.5,
        "plies": 17,
        "adjudicated": false,
        "player_a_color": "black",
        "player_a_timeouts": 0,
        "player_b_timeouts": 0,
        "player_a_moves": 9,
        "player_b_moves": 8,
        "player_a_crashes": 0,
        "player_b_crashes": 0,
        "response_times_ms": [
          196.2790830000074,
          196.35779199998638,
          196.41879100001347,
          196.15020800000593,
          196.17216699998608,
          196.16183400000864,
          196.49154100000032,
          196.09304100001168,
          196.31362499998772,
          196.06508299997927,
          196.61158299999215,
          196.14162499999566,
          196.7309159999786,
          196.02908400000274,
          196.32570800001758,
          196.319625000001,
          196.4734999999962
        ],
        "error": ""
      },
      {
        "opening_name": "italian_game",
        "opening_fen": "r1bqk1nr/pppp1ppp/2n5/2b1p3/2B1P3/5N2/PPPP1PPP/RNBQK2R w KQkq - 4 4",
        "result": "draw",
        "score_a": 0.5,
        "plies": 11,
        "adjudicated": false,
        "player_a_color": "white",
        "player_a_timeouts": 0,
        "player_b_timeouts": 0,
        "player_a_moves": 6,
        "player_b_moves": 5,
        "player_a_crashes": 0,
        "player_b_crashes": 0,
        "response_times_ms": [
          196.0779579999894,
          196.22537500001158,
          196.18358299999272,
          196.64279100001636,
          196.0790840000186,
          196.4420409999832,
          196.35895900000833,
          196.0999579999907,
          196.2858339999798,
          196.06591699999854,
          196.43529199998966
        ],
        "error": ""
      },
      {
        "opening_name": "italian_game",
        "opening_fen": "r1bqk1nr/pppp1ppp/2n5/2b1p3/2B1P3/5N2/PPPP1PPP/RNBQK2R w KQkq - 4 4",
        "result": "draw",
        "score_a": 0.5,
        "plies": 11,
        "adjudicated": false,
        "player_a_color": "black",
        "player_a_timeouts": 0,
        "player_b_timeouts": 0,
        "player_a_moves": 5,
        "player_b_moves": 6,
        "player_a_crashes": 0,
        "player_b_crashes": 0,