{
  "feedback_source": "self_play",
  "summary": {
    "games": 16,
    "wins_a": 3,
    "losses_a": 3,
    "draws": 10,
    "score_a": 8.0,
    "mean_score_a": 0.5,
    "game_scores_a": [
      0.5,
      0.5,
      0.0,
      1.0,
      0.5,
      0.5,
      0.0,
      1.0,
      1.0,
      0.0,
      0.5,
      0.5,
      0.5,
      0.5,
      0.5,
      0.5
    ],
    "player_a_moves": 120,
    "player_b_moves": 120,
    "player_a_timeouts": 0,
    "player_b_timeouts": 0,
    "player_a_crashes": 0,
    "player_b_crashes": 0,
    "results": [
      {
        "opening_name": "startpos",
        "opening_fen": "rnbqkbnr/pppppppp/8/8/8/8/PPPPPPPP/RNBQKBNR w KQkq - 0 1",
        "result": "draw",
        "score_a": 0.5,
        "plies": 13,
        "adjudicated": false,
        "player_a_color": "white",
        "player_a_timeouts": 0,
        "player_b_timeouts": 0,
        "player_a_moves": 7,
        "player_b_moves": 6,
        "player_a_crashes": 0,
        "player_b_crashes": 0,
        "response_times_ms": [
          196.29949999999496,
          196.06441700000232,
          196.0753749999924,
          196.42579199999943,
          196.16958299999965,
          196.0590000000053,
          196.25095799999315,
          196.13620799999865,
          196.159042000005,
          196.4955000000117,
          196.30858300000398,
          196.1662089999976,
          196.27595800000108
        ],
        "error": ""
      },
      {
        "opening_name": "startpos",
        "opening_fen": "rnbqkbnr/pppppppp/8/8/8/8/PPPPPPPP/RNBQKBNR w KQkq - 0 1",
        "result": "draw",
        "score_a": 0.5,
        "plies": 13,
        "adjudicated": false,
        "player_a_color": "black",
        "player_a_timeouts": 0,
        "player_b_timeouts": 0,
        "player_a_moves": 6,
        "player_b_moves": 7,
        "player_a_crashes": 0,
        "player_b_crashes": 0,
        "response_times_ms": [
          196.18400000000236,
          196.22991599999295,
          196.06795900000407,
          196.34845900000641,
          196.16766699999744,
          196.54091600000356,
          196.3541660000061,
          196.53520900000387,
          196.0961660000038,
          196.1071249999975,
          196.20995900000082,
          196.09345899999653,
          196.2055420000013
        ],
        "error": ""
      },
      {
        "opening_name": "queens_pawn",
        "opening_fen": "rnbqkbnr/ppp1pppp/8/3p4/3P4/8/PPP1PPPP/RNBQKBNR w KQkq - 0 2",
        "result": "loss",
        "score_a": 0.0,
        "plies": 20,
        "adjudicated": true,
        "player_a_color": "white",
        "player_a_timeouts": 0,
        "player_b_timeouts": 0,
        "player_a_moves": 10,
        "player_b_moves": 10,
        "player_a_crashes": 0,
        "player_b_crashes": 0,
        "response_times_ms": [
          196.8705419999992,
          196.14816700000404,
          196.30245800000523,
          196.25479200000484,
          196.26916600000754,
          196.8308750000034,
          196.1404999999985,
          196.46425000000534,
          196.05224999999393,
          196.10975000000508,
          196.3652499999995,
          196.1958750000008,
          196.30316599999276,
          196.1825420000025,
          196.32766699999138,
          196.39316699999654,
          196.23729099998855,
          196.03762500000244,
          196.55716599999096,
          196.19266699999116
        ],
        "error": ""
      },
      {
        "opening_name": "queens_pawn",
        "opening_fen": "rnbqkbnr/ppp1pppp/8/3p4/3P4/8/PPP1PPPP/RNBQKBNR w KQkq - 0 2",
        "result": "win",
        "score_a": 1.0,
        "plies": 20,
        "adjudicated": true,
        "player_a_color": "black",
        "player_a_timeouts": 0,
        "player_b_timeouts": 0,
        "player_a_moves": 10,
        "player_b_moves": 10,
        "player_a_crashes": 0,
        "player_b_crashes": 0,
        "response_times_ms": [
          196.0364579999947,
          196.22558300000037,
          196.15116699999646,
          196.66345799998908,
          196.2647919999938,
          196.2903329999932,
          196.14204199999108,
          196.6180839999936,
          196.117459000007,
          196.19116699999495,
          196.5185410000032,
          196.52750000000196,
          196.1143749999934,
          196.12354199999515,
          196.71049999999468,
          196.15199999999788,
          196.2520829999903,
          196.17933300000345,
          196.2007500000027,
          196.3439170000072
        ],
        "error": ""
      },
      {
        "opening_name": "ruy_lopez",
        "opening_fen": "r1bqkbnr/pppp1ppp/2n5/1B2p3/4P3/5N2/PPPP1PPP/RNBQK2R b KQkq - 3 3",
        "result": "draw",
        "score_a": 0.5,
        "plies": 15,
        "adjudicated": false,
        "player_a_color": "white",
        "player_a_timeouts": 0,
        "player_b_timeouts": 0,
        "player_a_moves": 7,
        "player_b_moves": 8,
        "player_a_crashes": 0,
        "player_b_crashes": 0,
        "response_times_ms": [
          196.3339169999898,
          196.08533400000283,
          196.04370900000845,
          196.47625000000346,
          196.29291700000806,
          196.44691700000294,
          196.07750000000124,
          196.06383400000027,
          196.17016699999112,
          196.24641699999756,
          196.29404200000522,
          196.40795800000888,
          196.2773329999976,
          196.27483300000392,
          196.0425420000007
        ],
        "error": ""
      },
      {
        "opening_name": "ruy_lopez",
        "opening_fen": "r1bqkbnr/pppp1ppp/2n5/1B2p3/4P3/5N2/PPPP1PPP/RNBQK2R b KQkq - 3 3",
        "result": "draw",
        "score_a": 0.5,
        "plies": 15,
        "adjudicated": false,
        "player_a_color": "black",
        "player_a_timeouts": 0,
        "player_b_timeouts": 0,
        "player_a_moves": 8,
        "player_b_moves": 7,
        "player_a_crashes": 0,
        "player_b_crashes": 0,
        "response_times_ms": [
          196.3245000000029,
          196.07600000000502,
          196.19524999998816,
          196.34566599999914,
          196.11466699998914,
          196.21254199999782,
          196.16054099999758,
          196.07312499999807,
          196.44150000000593,
          196.30450000001076,
          196.50354200000208,
          196.12308300000336,
          196.07191599999396,
          196.33741600000576,
          196.125875000007
        ],
        "error": ""
      },
      {
        "opening_name": "italian_game",
        "opening_fen": "r1bqk1nr/pppp1ppp/2n5/2b1p3/2B1P3/5N2/PPPP1PPP/RNBQK2R w KQkq - 4 4",
        "result": "loss",
        "score_a": 0.0,
        "plies": 10,
        "adjudicated": false,
        "player_a_color": "white",
        "player_a_timeouts": 0,
        "player_b_timeouts": 0,
        "player_a_moves": 5,
        "player_b_moves": 5,
        "player_a_crashes": 0,
        "player_b_crashes": 0,
        "response_times_ms": [
          196.21175000000335,
          196.19383300000948,
          196.44570900000247,
          196.0741660000025,
          196.08220799999287,
          196.5644999999938,
          196.65308300000106,
          196.3323340000045,
          196.14770799999803,
          27.179500000002577
        ],
        "error": ""
      },
      {
        "opening_name": "italian_game",
        "opening_fen": "r1bqk1nr/pppp1ppp/2n5/2b1p3/2B1P3/5N2/PPPP1PPP/RNBQK2R w KQkq - 4 4",
        "result": "win",
        "score_a": 1.0,
        "plies": 10,
        "adjudicated": false,
        "player_a_color": "black",
        "player_a_timeouts": 0,
        "player_b_timeouts": 0,
        "player_a_moves": 5,
        "player_b_moves": 5,
        "player_a_crashes": 0,
        "player_b_crashes": 0,