{
  "feedback_source": "self_play",
  "summary": {
    "games": 16,
    "wins_a": 2,
    "losses_a": 2,
    "draws": 12,
    "score_a": 8.0,
    "mean_score_a": 0.5,
    "game_scores_a": [
      0.5,
      0.5,
      0.0,
      1.0,
      0.5,
      0.5,
      0.5,
      0.5,
      1.0,
      0.0,
      0.5,
      0.5,
      0.5,
      0.5,
      0.5,
      0.5
    ],
    "player_a_moves": 121,
    "player_b_moves": 121,
    "player_a_timeouts": 0,
    "player_b_timeouts": 0,
    "player_a_crashes": 0,
    "player_b_crashes": 0,
    "results": [
      {
        "opening_name": "startpos",
        "opening_fen": "rnbqkbnr/pppppppp/8/8/8/8/PPPPPPPP/RNBQKBNR w KQkq - 0 1",
        "result": "draw",
        "score_a": 0.5,
        "plies": 13,
        "adjudicated": false,
        "player_a_color": "white",
        "player_a_timeouts": 0,
        "player_b_timeouts": 0,
        "player_a_moves": 7,
        "player_b_moves": 6,
        "player_a_crashes": 0,
        "player_b_crashes": 0,
        "response_times_ms": [
          196.56116700000004,
          196.48700000000002,
          196.28075,
          196.34879100000003,
          196.491333,
          196.22554199999988,
          196.29116700000003,
          196.23975000000016,
          196.25129199999992,
          196.40920799999995,
          196.4032090000001,
          196.1296250000002,
          196.3834170000003
        ],
        "error": ""
      },
      {
        "opening_name": "startpos",
        "opening_fen": "rnbqkbnr/pppppppp/8/8/8/8/PPPPPPPP/RNBQKBNR w KQkq - 0 1",
        "result": "draw",
        "score_a": 0.5,
        "plies": 13,
        "adjudicated": false,
        "player_a_color": "black",
        "player_a_timeouts": 0,
        "player_b_timeouts": 0,
        "player_a_moves": 6,
        "player_b_moves": 7,
        "player_a_crashes": 0,
        "player_b_crashes": 0,
        "response_times_ms": [
          196.2418750000001,
          196.35150000000002,
          196.17474999999996,
          196.55433399999998,
          196.51016700000002,
          196.4403749999999,
          196.23262499999993,
          196.27695800000032,
          196.674958,
          196.04962499999968,
          196.35629199999994,
          196.0964590000005,
          196.4447499999995
        ],
        "error": ""
      },
      {
        "opening_name": "queens_pawn",
        "opening_fen": "rnbqkbnr/ppp1pppp/8/3p4/3P4/8/PPP1PPPP/RNBQKBNR w KQkq - 0 2",
        "result": "loss",
        "score_a": 0.0,
        "plies": 20,
        "adjudicated": true,
        "player_a_color": "white",
        "player_a_timeouts": 0,
        "player_b_timeouts": 0,
        "player_a_moves": 10,
        "player_b_moves": 10,
        "player_a_crashes": 0,
        "player_b_crashes": 0,
        "response_times_ms": [
          196.3420840000003,
          196.36379099999957,
          196.2078749999998,
          196.05020799999994,
          196.66987500000045,
          196.0364590000001,
          196.0454159999996,
          196.57812500000028,
          196.54666600000058,
          196.44458399999996,
          196.68504200000035,
          196.29895799999986,
          196.1962909999997,
          196.04287499999984,
          196.03133300000053,
          196.25237500000026,
          196.02900000000113,
          196.1587920000003,
          196.04333400000053,
          196.24391700000032
        ],
        "error": ""
      },
      {
        "opening_name": "queens_pawn",
        "opening_fen": "rnbqkbnr/ppp1pppp/8/3p4/3P4/8/PPP1PPPP/RNBQKBNR w KQkq - 0 2",
        "result": "win",
        "score_a": 1.0,
        "plies": 20,
        "adjudicated": true,
        "player_a_color": "black",
        "player_a_timeouts": 0,
        "player_b_timeouts": 0,
        "player_a_moves": 10,
        "player_b_moves": 10,
        "player_a_crashes": 0,
        "player_b_crashes": 0,
        "response_times_ms": [
          196.18912500000008,
          196.47979199999986,
          196.63512500000024,
          196.59741599999947,
          196.65654200000125,
          196.19174999999876,
          196.18750000000063,
          196.15625000000136,
          196.11520800000017,
          196.31045900000112,
          196.19108299999866,
          196.5200420000013,
          196.31804200000147,
          196.23108400000078,
          196.02874999999997,
          196.02825000000124,
          196.25004100000075,
          196.18454199999923,
          196.19937499999907,
          196.02479200000113
        ],
        "error": ""
      },
      {
        "opening_name": "ruy_lopez",
        "opening_fen": "r1bqkbnr/pppp1ppp/2n5/1B2p3/4P3/5N2/PPPP1PPP/RNBQK2R b KQkq - 3 3",
        "result": "draw",
        "score_a": 0.5,
        "plies": 17,
        "adjudicated": false,
        "player_a_color": "white",
        "player_a_timeouts": 0,
        "player_b_timeouts": 0,
        "player_a_moves": 8,
        "player_b_moves": 9,
        "player_a_crashes": 0,
        "player_b_crashes": 0,
        "response_times_ms": [
          196.36491700000036,
          196.22587499999966,
          196.26995800000026,
          196.10212499999946,
          196.08837499999865,
          196.34245900000025,
          196.2349589999999,
          196.1910420000006,
          196.16391700000156,
          196.07712499999863,
          197.9499159999989,
          196.18016599999953,
          196.2467090000004,
          196.17116699999926,
          196.49229099999843,
          196.25049999999788,
          196.28370899999936
        ],
        "error": ""
      },
      {
        "opening_name": "ruy_lopez",
        "opening_fen": "r1bqkbnr/pppp1ppp/2n5/1B2p3/4P3/5N2/PPPP1PPP/RNBQK2R b KQkq - 3 3",
        "result": "draw",
        "score_a": 0.5,
        "plies": 17,
        "adjudicated": false,
        "player_a_color": "black",
        "player_a_timeouts": 0,
        "player_b_timeouts": 0,
        "player_a_moves": 9,
        "player_b_moves": 8,
        "player_a_crashes": 0,
        "player_b_crashes": 0,
        "response_times_ms": [
          196.19875000000064,
          196.30537500000145,
          196.38649999999913,
          196.17225000000005,
          196.0407910000015,
          196.0905000000004,
          196.07358400000052,
          196.19329100000016,
          196.39799999999852,
          196.0500420000031,
          196.50324999999924,
          196.17350000000044,
          196.36229199999988,
          196.14774999999796,
          196.21033399999988,
          196.25566700000263,
          196.48116699999818
        ],
        "error": ""
      },
      {
        "opening_name": "italian_game",
        "opening_fen": "r1bqk1nr/pppp1ppp/2n5/2b1p3/2B1P3/5N2/PPPP1PPP/RNBQK2R w KQkq - 4 4",
        "result": "draw",
        "score_a": 0.5,
        "plies": 11,
        "adjudicated": false,
        "player_a_color": "white",
        "player_a_timeouts": 0,
        "player_b_timeouts": 0,
        "player_a_moves": 6,
        "player_b_moves": 5,
        "player_a_crashes": 0,
        "player_b_crashes": 0,
        "response_times_ms": [
          196.09475000000032,
          196.45775000000043,
          196.09545899999858,
          196.47820900000212,
          196.15287500000278,
          196.08083399999998,
          196.10524999999868,
          196.0784579999988,
          196.42724999999928,
          196.42891699999865,
          196.12083299999838
        ],
        "error": ""
      },
      {
        "opening_name": "italian_game",
        "opening_fen": "r1bqk1nr/pppp1ppp/2n5/2b1p3/2B1P3/5N2/PPPP1PPP/RNBQK2R w KQkq - 4 4",
        "result": "draw",
        "score_a": 0.5,
        "plies": 11,
        "adjudicated": false,
        "player_a_color": "black",
        "player_a_timeouts": 0,
        "player_b_timeouts": 0,
        "player_a_moves": 5,
        "player_b_moves": 6,
        "player_a_crashes": 0,
        "player_b_crashes": 0,