{
  "feedback_source": "self_play",
  "summary": {
    "games": 16,
    "wins_a": 3,
    "losses_a": 3,
    "draws": 10,
    "score_a": 8.0,
    "mean_score_a": 0.5,
    "game_scores_a": [
      0.5,
      0.5,
      0.0,
      1.0,
      0.5,
      0.5,
      0.0,
      1.0,
      1.0,
      0.0,
      0.5,
      0.5,
      0.5,
      0.5,
      0.5,
      0.5
    ],
    "player_a_moves": 118,
    "player_b_moves": 118,
    "player_a_timeouts": 0,
    "player_b_timeouts": 0,
    "player_a_crashes": 0,
    "player_b_crashes": 0,
    "results": [
      {
        "opening_name": "startpos",
        "opening_fen": "rnbqkbnr/pppppppp/8/8/8/8/PPPPPPPP/RNBQKBNR w KQkq - 0 1",
        "result": "draw",
        "score_a": 0.5,
        "plies": 13,
        "adjudicated": false,
        "player_a_color": "white",
        "player_a_timeouts": 0,
        "player_b_timeouts": 0,
        "player_a_moves": 7,
        "player_b_moves": 6,
        "player_a_crashes": 0,
        "player_b_crashes": 0,
        "response_times_ms": [
          196.35295800000563,
          196.23995899999613,
          196.44733299999473,
          196.2854579999913,
          196.1378749999909,
          196.1110419999983,
          196.46987500000535,
          196.43041599999833,
          196.12224999998773,
          196.20991600000082,
          196.41870800001016,
          196.29054100001042,
          196.12179199999957
        ],
        "error": ""
      },
      {
        "opening_name": "startpos",
        "opening_fen": "rnbqkbnr/pppppppp/8/8/8/8/PPPPPPPP/RNBQKBNR w KQkq - 0 1",
        "result": "draw",
        "score_a": 0.5,
        "plies": 13,
        "adjudicated": false,
        "player_a_color": "black",
        "player_a_timeouts": 0,
        "player_b_timeouts": 0,
        "player_a_moves": 6,
        "player_b_moves": 7,
        "player_a_crashes": 0,
        "player_b_crashes": 0,
        "response_times_ms": [
          196.2460410000091,
          196.16837499999917,
          196.2945000000076,
          196.26854199999855,
          196.18629200000726,
          196.10837500000855,
          196.6105830000089,
          196.45770799999696,
          196.12625000000605,
          196.37670899999193,
          196.6531669999938,
          196.42554200000006,
          196.07458400000155
        ],
        "error": ""
      },
      {
        "opening_name": "queens_pawn",
        "opening_fen": "rnbqkbnr/ppp1pppp/8/3p4/3P4/8/PPP1PPPP/RNBQKBNR w KQkq - 0 2",
        "result": "loss",
        "score_a": 0.0,
        "plies": 20,
        "adjudicated": true,
        "player_a_color": "white",
        "player_a_timeouts": 0,
        "player_b_timeouts": 0,
        "player_a_moves": 10,
        "player_b_moves": 10,
        "player_a_crashes": 0,
        "player_b_crashes": 0,
        "response_times_ms": [
          196.90654199999358,
          196.27595800000108,
          196.15462500000547,
          196.13270800000748,
          196.25066700000104,
          196.3052079999983,
          196.41625000001284,
          196.16104199999995,
          196.1367089999868,
          196.17154200000186,
          196.09279200000174,
          196.24270799999977,
          196.28591599999368,
          196.28812499999526,
          196.3700000000017,
          196.5287499999988,
          196.04074999999455,
          196.0350840000018,
          196.49270799999385,
          196.0721250000006
        ],
        "error": ""
      },
      {
        "opening_name": "queens_pawn",
        "opening_fen": "rnbqkbnr/ppp1pppp/8/3p4/3P4/8/PPP1PPPP/RNBQKBNR w KQkq - 0 2",
        "result": "win",
        "score_a": 1.0,
        "plies": 20,
        "adjudicated": true,
        "player_a_color": "black",
        "player_a_timeouts": 0,
        "player_b_timeouts": 0,
        "player_a_moves": 10,
        "player_b_moves": 10,
        "player_a_crashes": 0,
        "player_b_crashes": 0,
        "response_times_ms": [
          196.65579200000138,
          196.05095800000072,
          196.65525000000628,
          196.39133399999764,
          196.24199999999803,
          196.0518329999985,
          196.07175000000154,
          196.4397919999925,
          196.0294160000018,
          196.60895799999878,
          196.511208000004,
          196.2442909999993,
          196.43975000001035,
          196.41433299999278,
          196.3019580000065,
          196.4669999999984,
          196.08795800000678,
          196.1894580000063,
          196.65062500000374,
          196.07000000000596
        ],
        "error": ""
      },
      {
        "opening_name": "ruy_lopez",
        "opening_fen": "r1bqkbnr/pppp1ppp/2n5/1B2p3/4P3/5N2/PPPP1PPP/RNBQK2R b KQkq - 3 3",
        "result": "draw",
        "score_a": 0.5,
        "plies": 15,
        "adjudicated": false,
        "player_a_color": "white",
        "player_a_timeouts": 0,
        "player_b_timeouts": 0,
        "player_a_moves": 7,
        "player_b_moves": 8,
        "player_a_crashes": 0,
        "player_b_crashes": 0,
        "response_times_ms": [
          196.17212500000392,
          196.07983299999887,
          196.38162500000078,
          196.1688749999979,
          196.03391699999406,
          196.33529099999691,
          196.07024999999112,
          196.16187500000137,
          196.41837500000747,
          196.55425000000548,
          196.1768339999992,
          196.09699999999464,
          196.22170799999594,
          196.02999999999327,
          196.10133400000507
        ],
        "error": ""
      },
      {
        "opening_name": "ruy_lopez",
        "opening_fen": "r1bqkbnr/pppp1ppp/2n5/1B2p3/4P3/5N2/PPPP1PPP/RNBQK2R b KQkq - 3 3",
        "result": "draw",
        "score_a": 0.5,
        "plies": 15,
        "adjudicated": false,
        "player_a_color": "black",
        "player_a_timeouts": 0,
        "player_b_timeouts": 0,
        "player_a_moves": 8,
        "player_b_moves": 7,
        "player_a_crashes": 0,
        "player_b_crashes": 0,
        "response_times_ms": [
          196.5641660000017,
          196.43141699999944,
          196.07266600000628,
          196.09187499999337,
          196.72495799999012,
          196.58645800001295,
          196.0949999999997,
          196.4458750000091,
          196.1165840000092,
          196.53908300000467,
          196.28366599999936,
          196.06174999999837,
          196.19320799999684,
          196.0612089999927,
          196.62079200000449
        ],
        "error": ""
      },
      {
        "opening_name": "italian_game",
        "opening_fen": "r1bqk1nr/pppp1ppp/2n5/2b1p3/2B1P3/5N2/PPPP1PPP/RNBQK2R w KQkq - 4 4",
        "result": "loss",
        "score_a": 0.0,
        "plies": 10,
        "adjudicated": false,
        "player_a_color": "white",
        "player_a_timeouts": 0,
        "player_b_timeouts": 0,
        "player_a_moves": 5,
        "player_b_moves": 5,
        "player_a_crashes": 0,
        "player_b_crashes": 0,
        "response_times_ms": [
          196.11300000001108,
          196.0386249999999,
          196.23550000000023,
          196.09437500000126,
          196.08941699999605,
          196.26358399999333,
          196.14754200000561,
          196.24349999999424,
          196.0440840000075,
          26.498165999996104
        ],
        "error": ""
      },
      {
        "opening_name": "italian_game",
        "opening_fen": "r1bqk1nr/pppp1ppp/2n5/2b1p3/2B1P3/5N2/PPPP1PPP/RNBQK2R w KQkq - 4 4",
        "result": "win",
        "score_a": 1.0,
        "plies": 10,
        "adjudicated": false,
        "player_a_color": "black",
        "player_a_timeouts": 0,
        "player_b_timeouts": 0,
        "player_a_moves": 5,
        "player_b_moves": 5,
        "player_a_crashes": 0,
        "player_b_crashes": 0,