{
  "feedback_source": "self_play",
  "summary": {
    "games": 16,
    "wins_a": 1,
    "losses_a": 1,
    "draws": 14,
    "score_a": 8.0,
    "mean_score_a": 0.5,
    "game_scores_a": [
      0.5,
      0.5,
      0.0,
      1.0,
      0.5,
      0.5,
      0.5,
      0.5,
      0.5,
      0.5,
      0.5,
      0.5,
      0.5,
      0.5,
      0.5,
      0.5
    ],
    "player_a_moves": 129,
    "player_b_moves": 130,
    "player_a_timeouts": 0,
    "player_b_timeouts": 0,
    "player_a_crashes": 0,
    "player_b_crashes": 0,
    "results": [
      {
        "opening_name": "startpos",
        "opening_fen": "rnbqkbnr/pppppppp/8/8/8/8/PPPPPPPP/RNBQKBNR w KQkq - 0 1",
        "result": "draw",
        "score_a": 0.5,
        "plies": 13,
        "adjudicated": false,
        "player_a_color": "white",
        "player_a_timeouts": 0,
        "player_b_timeouts": 0,
        "player_a_moves": 7,
        "player_b_moves": 6,
        "player_a_crashes": 0,
        "player_b_crashes": 0,
        "response_times_ms": [
          196.41037500000002,
          196.09662500000002,
          196.240666,
          196.45858399999995,
          196.10525,
          196.16262499999993,
          196.47758300000007,
          196.32129099999983,
          196.68558299999984,
          196.49087500000007,
          196.1935829999999,
          196.13574999999983,
          196.07125000000013
        ],
        "error": ""
      },
      {
        "opening_name": "startpos",
        "opening_fen": "rnbqkbnr/pppppppp/8/8/8/8/PPPPPPPP/RNBQKBNR w KQkq - 0 1",
        "result": "draw",
        "score_a": 0.5,
        "plies": 13,
        "adjudicated": false,
        "player_a_color": "black",
        "player_a_timeouts": 0,
        "player_b_timeouts": 0,
        "player_a_moves": 6,
        "player_b_moves": 7,
        "player_a_crashes": 0,
        "player_b_crashes": 0,
        "response_times_ms": [
          196.0971250000001,
          196.06454200000024,
          196.20512499999964,
          196.0817079999999,
          196.20183299999994,
          196.22874999999996,
          196.2074579999995,
          196.2978340000001,
          196.0572909999998,
          196.10566600000024,
          196.34320800000006,
          196.45312499999966,
          196.13033400000023
        ],
        "error": ""
      },
      {
        "opening_name": "queens_pawn",
        "opening_fen": "rnbqkbnr/ppp1pppp/8/3p4/3P4/8/PPP1PPPP/RNBQKBNR w KQkq - 0 2",
        "result": "loss",
        "score_a": 0.0,
        "plies": 20,
        "adjudicated": true,
        "player_a_color": "white",
        "player_a_timeouts": 0,
        "player_b_timeouts": 0,
        "player_a_moves": 10,
        "player_b_moves": 10,
        "player_a_crashes": 0,
        "player_b_crashes": 0,
        "response_times_ms": [
          196.25458400000008,
          196.71983400000047,
          196.19470800000016,
          196.31795799999986,
          196.17345899999972,
          196.36162499999978,
          196.30908300000004,
          196.05116699999937,
          196.37379100000007,
          196.04308300000017,
          196.1252500000006,
          196.1937090000001,
          196.08158300000068,
          196.14654199999927,
          196.29933300000067,
          196.04712499999977,
          196.35833400000104,
          196.14320800000053,
          196.09058300000015,
          196.22104200000123
        ],
        "error": ""
      },
      {
        "opening_name": "queens_pawn",
        "opening_fen": "rnbqkbnr/ppp1pppp/8/3p4/3P4/8/PPP1PPPP/RNBQKBNR w KQkq - 0 2",
        "result": "win",
        "score_a": 1.0,
        "plies": 20,
        "adjudicated": true,
        "player_a_color": "black",
        "player_a_timeouts": 0,
        "player_b_timeouts": 0,
        "player_a_moves": 10,
        "player_b_moves": 10,
        "player_a_crashes": 0,
        "player_b_crashes": 0,
        "response_times_ms": [
          196.1672080000003,
          196.55404200000072,
          196.2234580000004,
          196.03758299999896,
          196.33066699999978,
          196.63629200000088,
          196.56141699999984,
          196.0349170000004,
          196.19812500000046,
          196.04774999999995,
          196.28162499999922,
          196.2725420000009,
          196.53049999999973,
          196.12954100000124,
          196.28037500000062,
          196.2179579999983,
          196.55208300000027,
          196.02895799999942,
          196.09849999999972,
          196.05074999999948
        ],
        "error": ""
      },
      {
        "opening_name": "ruy_lopez",
        "opening_fen": "r1bqkbnr/pppp1ppp/2n5/1B2p3/4P3/5N2/PPPP1PPP/RNBQK2R b KQkq - 3 3",
        "result": "draw",
        "score_a": 0.5,
        "plies": 20,
        "adjudicated": true,
        "player_a_color": "white",
        "player_a_timeouts": 0,
        "player_b_timeouts": 0,
        "player_a_moves": 10,
        "player_b_moves": 10,
        "player_a_crashes": 0,
        "player_b_crashes": 0,
        "response_times_ms": [
          196.21695799999907,
          196.22212500000023,
          196.46541700000063,
          196.11341599999932,
          196.45825000000093,
          196.11495900000085,
          196.4503749999995,
          196.33729200000084,
          196.11691699999943,
          196.2273329999995,
          196.47695799999985,
          196.22804200000132,
          196.10558400000144,
          196.23641699999973,
          196.43904099999963,
          196.04504100000142,
          196.05591700000247,
          196.17787500000006,
          196.30320799999978,
          196.51329200000234
        ],
        "error": ""
      },
      {
        "opening_name": "ruy_lopez",
        "opening_fen": "r1bqkbnr/pppp1ppp/2n5/1B2p3/4P3/5N2/PPPP1PPP/RNBQK2R b KQkq - 3 3",
        "result": "draw",
        "score_a": 0.5,
        "plies": 20,
        "adjudicated": true,
        "player_a_color": "black",
        "player_a_timeouts": 0,
        "player_b_timeouts": 0,
        "player_a_moves": 10,
        "player_b_moves": 10,
        "player_a_crashes": 0,
        "player_b_crashes": 0,
        "response_times_ms": [
          196.1922499999993,
          196.26220799999672,
          196.49924999999868,
          196.16445799999838,
          196.13462499999912,
          196.03304099999974,
          196.17000000000218,
          196.50933300000162,
          196.1937080000027,
          196.2057080000008,
          196.70879199999902,
          196.0477499999982,
          196.0515830000027,
          196.09912499999993,
          196.19458300000048,
          196.17508400000006,
          196.5387079999985,
          196.12312499999973,
          196.09283299999802,
          196.0811249999992
        ],
        "error": ""
      },
      {
        "opening_name": "italian_game",
        "opening_fen": "r1bqk1nr/pppp1ppp/2n5/2b1p3/2B1P3/5N2/PPPP1PPP/RNBQK2R w KQkq - 4 4",
        "result": "draw",
        "score_a": 0.5,
        "plies": 11,
        "adjudicated": false,
        "player_a_color": "white",
        "player_a_timeouts": 0,
        "player_b_timeouts": 0,
        "player_a_moves": 6,
        "player_b_moves": 5,
        "player_a_crashes": 0,
        "player_b_crashes": 0,
        "response_times_ms": [
          196.3876250000034,
          196.12070800000225,
          196.18791599999952,
          196.03649999999817,
          196.7405830000004,
          196.36424999999846,
          196.22525000000124,
          196.14254200000047,
          196.09774999999985,
          196.49858400000042,
          196.75050000000027
        ],
        "error": ""
      },
      {
        "opening_name": "italian_game",
        "opening_fen": "r1bqk1nr/pppp1ppp/2n5/2b1p3/2B1P3/5N2/PPPP1PPP/RNBQK2R w KQkq - 4 4",
        "result": "draw",
        "score_a": 0.5,
        "plies": 11,
        "adjudicated": false,
        "player_a_color": "black",