{
  "feedback_source": "self_play",
  "summary": {
    "games": 16,
    "wins_a": 2,
    "losses_a": 2,
    "draws": 12,
    "score_a": 8.0,
    "mean_score_a": 0.5,
    "game_scores_a": [
      0.5,
      0.5,
      0.0,
      1.0,
      0.5,
      0.5,
      0.5,
      0.5,
      1.0,
      0.0,
      0.5,
      0.5,
      0.5,
      0.5,
      0.5,
      0.5
    ],
    "player_a_moves": 120,
    "player_b_moves": 120,
    "player_a_timeouts": 0,
    "player_b_timeouts": 0,
    "player_a_crashes": 0,
    "player_b_crashes": 0,
    "results": [
      {
        "opening_name": "startpos",
        "opening_fen": "rnbqkbnr/pppppppp/8/8/8/8/PPPPPPPP/RNBQKBNR w KQkq - 0 1",
        "result": "draw",
        "score_a": 0.5,
        "plies": 13,
        "adjudicated": false,
        "player_a_color": "white",
        "player_a_timeouts": 0,
        "player_b_timeouts": 0,
        "player_a_moves": 7,
        "player_b_moves": 6,
        "player_a_crashes": 0,
        "player_b_crashes": 0,
        "response_times_ms": [
          196.64004199999852,
          196.2889160000003,
          196.15216699999394,
          196.6103750000059,
          196.18887500000426,
          196.42583299999217,
          196.21683299999404,
          196.05179200000578,
          196.3144169999964,
          196.2005419999997,
          196.25458400000184,
          196.42587499998854,
          196.17524999999603
        ],
        "error": ""
      },
      {
        "opening_name": "startpos",
        "opening_fen": "rnbqkbnr/pppppppp/8/8/8/8/PPPPPPPP/RNBQKBNR w KQkq - 0 1",
        "result": "draw",
        "score_a": 0.5,
        "plies": 13,
        "adjudicated": false,
        "player_a_color": "black",
        "player_a_timeouts": 0,
        "player_b_timeouts": 0,
        "player_a_moves": 6,
        "player_b_moves": 7,
        "player_a_crashes": 0,
        "player_b_crashes": 0,
        "response_times_ms": [
          196.04658299999755,
          196.122625000001,
          196.13004199999295,
          196.04987499999993,
          196.619124999998,
          196.29062500000316,
          196.04591600000276,
          196.554957999993,
          196.66112500000565,
          196.3619999999935,
          196.23416600001065,
          196.85029100000406,
          196.21120799999403
        ],
        "error": ""
      },
      {
        "opening_name": "queens_pawn",
        "opening_fen": "rnbqkbnr/ppp1pppp/8/3p4/3P4/8/PPP1PPPP/RNBQKBNR w KQkq - 0 2",
        "result": "loss",
        "score_a": 0.0,
        "plies": 20,
        "adjudicated": true,
        "player_a_color": "white",
        "player_a_timeouts": 0,
        "player_b_timeouts": 0,
        "player_a_moves": 10,
        "player_b_moves": 10,
        "player_a_crashes": 0,
        "player_b_crashes": 0,
        "response_times_ms": [
          196.65483299999664,
          196.10750000001076,
          196.1649579999971,
          196.42208399999106,
          196.17845799999145,
          196.12320800000305,
          196.04987499999993,
          196.19541699999843,
          196.35458300000153,
          196.13350000000196,
          196.07941700000708,
          196.2367080000007,
          196.34708299999204,
          196.02683299999057,
          196.22929199999817,
          196.38295900000458,
          196.56870800000092,
          196.16150000000232,
          196.522250000001,
          196.2050830000095
        ],
        "error": ""
      },
      {
        "opening_name": "queens_pawn",
        "opening_fen": "rnbqkbnr/ppp1pppp/8/3p4/3P4/8/PPP1PPPP/RNBQKBNR w KQkq - 0 2",
        "result": "win",
        "score_a": 1.0,
        "plies": 20,
        "adjudicated": true,
        "player_a_color": "black",
        "player_a_timeouts": 0,
        "player_b_timeouts": 0,
        "player_a_moves": 10,
        "player_b_moves": 10,
        "player_a_crashes": 0,
        "player_b_crashes": 0,
        "response_times_ms": [
          196.3715419999943,
          196.71670799999674,
          196.55341700000406,
          196.22237499999073,
          196.2049579999956,
          196.18237499999225,
          196.03795900000875,
          196.0400419999928,
          196.12958300000116,
          196.06404099999963,
          196.2260829999991,
          196.06929199999,
          196.23233400000117,
          196.0420000000056,
          196.27741700000456,
          196.12729100001047,
          196.34462499999472,
          196.38058299999273,
          196.2151670000054,
          196.1444169999993
        ],
        "error": ""
      },
      {
        "opening_name": "ruy_lopez",
        "opening_fen": "r1bqkbnr/pppp1ppp/2n5/1B2p3/4P3/5N2/PPPP1PPP/RNBQK2R b KQkq - 3 3",
        "result": "draw",
        "score_a": 0.5,
        "plies": 20,
        "adjudicated": true,
        "player_a_color": "white",
        "player_a_timeouts": 0,
        "player_b_timeouts": 0,
        "player_a_moves": 10,
        "player_b_moves": 10,
        "player_a_crashes": 0,
        "player_b_crashes": 0,
        "response_times_ms": [
          196.2265420000051,
          196.03433399998949,
          196.55616699999712,
          196.23045800000227,
          196.25041699998746,
          196.1324579999939,
          196.51041699999894,
          196.3946250000106,
          196.15824999999631,
          196.3036660000057,
          196.06808300000012,
          196.36804200000313,
          196.17816699999935,
          196.10262500000886,
          196.36137499999506,
          196.1516670000094,
          196.20987499999387,
          196.60737499999925,
          196.2510420000001,
          196.47725000000094
        ],
        "error": ""
      },
      {
        "opening_name": "ruy_lopez",
        "opening_fen": "r1bqkbnr/pppp1ppp/2n5/1B2p3/4P3/5N2/PPPP1PPP/RNBQK2R b KQkq - 3 3",
        "result": "draw",
        "score_a": 0.5,
        "plies": 12,
        "adjudicated": false,
        "player_a_color": "black",
        "player_a_timeouts": 0,
        "player_b_timeouts": 0,
        "player_a_moves": 6,
        "player_b_moves": 6,
        "player_a_crashes": 0,
        "player_b_crashes": 0,
        "response_times_ms": [
          196.3815000000011,
          196.05287500000657,
          196.44720899999868,
          196.07062500000438,
          196.12416699999358,
          196.58279200000095,
          196.22975000000054,
          196.34458299999835,
          196.41641699999468,
          196.37545799999145,
          196.2021669999956,
          196.2727089999987
        ],
        "error": ""
      },
      {
        "opening_name": "italian_game",
        "opening_fen": "r1bqk1nr/pppp1ppp/2n5/2b1p3/2B1P3/5N2/PPPP1PPP/RNBQK2R w KQkq - 4 4",
        "result": "draw",
        "score_a": 0.5,
        "plies": 11,
        "adjudicated": false,
        "player_a_color": "white",
        "player_a_timeouts": 0,
        "player_b_timeouts": 0,
        "player_a_moves": 6,
        "player_b_moves": 5,
        "player_a_crashes": 0,
        "player_b_crashes": 0,
        "response_times_ms": [
          196.45512499999995,
          196.13145799999643,
          196.38349999999605,
          196.21012499999324,
          196.13174999999217,
          196.41645800000163,
          196.25662500000374,
          196.21570799999688,
          196.585333999991,
          196.16687499998875,
          196.45829199998843
        ],
        "error": ""
      },
      {
        "opening_name": "italian_game",
        "opening_fen": "r1bqk1nr/pppp1ppp/2n5/2b1p3/2B1P3/5N2/PPPP1PPP/RNBQK2R w KQkq - 4 4",
        "result": "draw",
        "score_a": 0.5,
        "plies": 11,
        "adjudicated": false,
        "player_a_color": "black",
        "player_a_timeouts": 0,
        "player_b_timeouts": 0,
        "player_a_moves": 5,
        "player_b_moves": 6,
        "player_a_crashes": 0,
        "player_b_crashes": 0,