{
  "feedback_source": "self_play",
  "summary": {
    "games": 16,
    "wins_a": 3,
    "losses_a": 2,
    "draws": 11,
    "score_a": 8.5,
    "mean_score_a": 0.53125,
    "game_scores_a": [
      0.5,
      0.5,
      0.0,
      1.0,
      1.0,
      0.5,
      0.5,
      0.5,
      1.0,
      0.0,
      0.5,
      0.5,
      0.5,
      0.5,
      0.5,
      0.5
    ],
    "player_a_moves": 125,
    "player_b_moves": 125,
    "player_a_timeouts": 0,
    "player_b_timeouts": 0,
    "player_a_crashes": 0,
    "player_b_crashes": 0,
    "results": [
      {
        "opening_name": "startpos",
        "opening_fen": "rnbqkbnr/pppppppp/8/8/8/8/PPPPPPPP/RNBQKBNR w KQkq - 0 1",
        "result": "draw",
        "score_a": 0.5,
        "plies": 13,
        "adjudicated": false,
        "player_a_color": "white",
        "player_a_timeouts": 0,
        "player_b_timeouts": 0,
        "player_a_moves": 7,
        "player_b_moves": 6,
        "player_a_crashes": 0,
        "player_b_crashes": 0,
        "response_times_ms": [
          196.24975,
          196.364208,
          196.14462499999996,
          196.05929200000006,
          196.34070799999992,
          196.488875,
          196.1715420000001,
          196.15337499999995,
          196.194666,
          196.33154200000024,
          196.8523750000002,
          196.9119159999999,
          196.3649169999999
        ],
        "error": ""
      },
      {
        "opening_name": "startpos",
        "opening_fen": "rnbqkbnr/pppppppp/8/8/8/8/PPPPPPPP/RNBQKBNR w KQkq - 0 1",
        "result": "draw",
        "score_a": 0.5,
        "plies": 13,
        "adjudicated": false,
        "player_a_color": "black",
        "player_a_timeouts": 0,
        "player_b_timeouts": 0,
        "player_a_moves": 6,
        "player_b_moves": 7,
        "player_a_crashes": 0,
        "player_b_crashes": 0,
        "response_times_ms": [
          196.05204200000026,
          196.05629199999976,
          196.06479200000004,
          196.17200000000022,
          196.39287500000034,
          196.3425830000003,
          196.19233299999993,
          196.183875,
          196.1700000000004,
          196.2296669999999,
          196.12833300000077,
          196.5354579999996,
          196.16416700000005
        ],
        "error": ""
      },
      {
        "opening_name": "queens_pawn",
        "opening_fen": "rnbqkbnr/ppp1pppp/8/3p4/3P4/8/PPP1PPPP/RNBQKBNR w KQkq - 0 2",
        "result": "loss",
        "score_a": 0.0,
        "plies": 20,
        "adjudicated": true,
        "player_a_color": "white",
        "player_a_timeouts": 0,
        "player_b_timeouts": 0,
        "player_a_moves": 10,
        "player_b_moves": 10,
        "player_a_crashes": 0,
        "player_b_crashes": 0,
        "response_times_ms": [
          196.26762499999995,
          196.3422079999999,
          196.24766599999964,
          196.22549999999973,
          196.53258399999984,
          196.1450840000003,
          196.21637499999966,
          196.23883299999977,
          196.50187500000004,
          196.24204199999974,
          196.15937500000058,
          196.0409590000003,
          196.14154200000033,
          196.43658300000055,
          196.2049169999993,
          196.27870899999954,
          196.19154199999934,
          196.03645800000004,
          196.59724999999995,
          196.3077500000008
        ],
        "error": ""
      },
      {
        "opening_name": "queens_pawn",
        "opening_fen": "rnbqkbnr/ppp1pppp/8/3p4/3P4/8/PPP1PPPP/RNBQKBNR w KQkq - 0 2",
        "result": "win",
        "score_a": 1.0,
        "plies": 20,
        "adjudicated": true,
        "player_a_color": "black",
        "player_a_timeouts": 0,
        "player_b_timeouts": 0,
        "player_a_moves": 10,
        "player_b_moves": 10,
        "player_a_crashes": 0,
        "player_b_crashes": 0,
        "response_times_ms": [
          204.2379160000003,
          196.44008300000058,
          196.55791599999972,
          196.11225000000053,
          196.15912499999945,
          196.21616699999933,
          196.25512500000042,
          196.09995899999967,
          196.24750000000012,
          196.20187499999986,
          196.32866599999943,
          196.2062919999994,
          196.2084999999991,
          196.17604199999937,
          196.3998329999992,
          196.03883299999936,
          196.3157080000002,
          196.15458299999844,
          196.35270899999924,
          196.49983399999905
        ],
        "error": ""
      },
      {
        "opening_name": "ruy_lopez",
        "opening_fen": "r1bqkbnr/pppp1ppp/2n5/1B2p3/4P3/5N2/PPPP1PPP/RNBQK2R b KQkq - 3 3",
        "result": "win",
        "score_a": 1.0,
        "plies": 20,
        "adjudicated": true,
        "player_a_color": "white",
        "player_a_timeouts": 0,
        "player_b_timeouts": 0,
        "player_a_moves": 10,
        "player_b_moves": 10,
        "player_a_crashes": 0,
        "player_b_crashes": 0,
        "response_times_ms": [
          196.08425000000017,
          196.29758399999986,
          196.13012499999982,
          196.09854099999956,
          196.11237499999845,
          196.03804100000133,
          196.1897500000003,
          196.0372079999999,
          196.16225000000043,
          196.12891599999926,
          196.23912499999994,
          196.22412500000053,
          196.6171249999995,
          196.09912500000172,
          196.216917000001,
          196.51941700000108,
          196.4602919999976,
          196.32733399999935,
          196.1333329999988,
          196.4025420000013
        ],
        "error": ""
      },
      {
        "opening_name": "ruy_lopez",
        "opening_fen": "r1bqkbnr/pppp1ppp/2n5/1B2p3/4P3/5N2/PPPP1PPP/RNBQK2R b KQkq - 3 3",
        "result": "draw",
        "score_a": 0.5,
        "plies": 17,
        "adjudicated": false,
        "player_a_color": "black",
        "player_a_timeouts": 0,
        "player_b_timeouts": 0,
        "player_a_moves": 9,
        "player_b_moves": 8,
        "player_a_crashes": 0,
        "player_b_crashes": 0,
        "response_times_ms": [
          196.20804199999853,
          196.22474999999895,
          196.12416699999713,
          196.07983399999895,
          196.10391699999852,
          196.2483749999997,
          196.39654200000223,
          196.08162499999793,
          196.22462500000282,
          196.2898339999981,
          196.50462499999932,
          196.29850000000104,
          196.53120899999976,
          196.3673330000013,
          196.26491699999704,
          196.2457079999993,
          196.22837500000045
        ],
        "error": ""
      },
      {
        "opening_name": "italian_game",
        "opening_fen": "r1bqk1nr/pppp1ppp/2n5/2b1p3/2B1P3/5N2/PPPP1PPP/RNBQK2R w KQkq - 4 4",
        "result": "draw",
        "score_a": 0.5,
        "plies": 11,
        "adjudicated": false,
        "player_a_color": "white",
        "player_a_timeouts": 0,
        "player_b_timeouts": 0,
        "player_a_moves": 6,
        "player_b_moves": 5,
        "player_a_crashes": 0,
        "player_b_crashes": 0,
        "response_times_ms": [
          196.04874999999922,
          196.0421669999981,
          196.21141600000058,
          196.17449999999792,
          196.08516699999967,
          196.15108400000025,
          196.5329159999989,
          196.44541599999954,
          196.08291699999825,
          196.18166700000117,
          196.18783299999976
        ],
        "error": ""
      },
      {
        "opening_name": "italian_game",
        "opening_fen": "r1bqk1nr/pppp1ppp/2n5/2b1p3/2B1P3/5N2/PPPP1PPP/RNBQK2R w KQkq - 4 4",
        "result": "draw",
        "score_a": 0.5,
        "plies": 11,
        "adjudicated": false,
        "player_a_color": "black",
        "player_a_timeouts": 0,
        "player_b_timeouts": 0,
        "player_a_moves": 5,
        "player_b_moves": 6,