{
  "feedback_source": "self_play",
  "summary": {
    "games": 16,
    "wins_a": 1,
    "losses_a": 1,
    "draws": 14,
    "score_a": 8.0,
    "mean_score_a": 0.5,
    "game_scores_a": [
      0.5,
      0.5,
      0.0,
      1.0,
      0.5,
      0.5,
      0.5,
      0.5,
      0.5,
      0.5,
      0.5,
      0.5,
      0.5,
      0.5,
      0.5,
      0.5
    ],
    "player_a_moves": 121,
    "player_b_moves": 121,
    "player_a_timeouts": 0,
    "player_b_timeouts": 0,
    "player_a_crashes": 0,
    "player_b_crashes": 0,
    "results": [
      {
        "opening_name": "startpos",
        "opening_fen": "rnbqkbnr/pppppppp/8/8/8/8/PPPPPPPP/RNBQKBNR w KQkq - 0 1",
        "result": "draw",
        "score_a": 0.5,
        "plies": 13,
        "adjudicated": false,
        "player_a_color": "white",
        "player_a_timeouts": 0,
        "player_b_timeouts": 0,
        "player_a_moves": 7,
        "player_b_moves": 6,
        "player_a_crashes": 0,
        "player_b_crashes": 0,
        "response_times_ms": [
          196.096209000018,
          196.2177499999882,
          196.11137499998677,
          196.18283400001246,
          196.67216600001325,
          196.40524999999798,
          196.27295899999808,
          196.4188749999778,
          196.11704199999735,
          196.35008299999868,
          196.19233299999905,
          196.25116699998557,
          196.0954999999842
        ],
        "error": ""
      },
      {
        "opening_name": "startpos",
        "opening_fen": "rnbqkbnr/pppppppp/8/8/8/8/PPPPPPPP/RNBQKBNR w KQkq - 0 1",
        "result": "draw",
        "score_a": 0.5,
        "plies": 13,
        "adjudicated": false,
        "player_a_color": "black",
        "player_a_timeouts": 0,
        "player_b_timeouts": 0,
        "player_a_moves": 6,
        "player_b_moves": 7,
        "player_a_crashes": 0,
        "player_b_crashes": 0,
        "response_times_ms": [
          196.4052079999874,
          196.36458400000834,
          196.14887499997735,
          201.56191699999226,
          196.249832999996,
          196.54679199999237,
          196.04766699998777,
          196.1389580000059,
          196.04429099999265,
          196.7394170000034,
          196.2577500000009,
          196.09362500000316,
          196.51954200000432
        ],
        "error": ""
      },
      {
        "opening_name": "queens_pawn",
        "opening_fen": "rnbqkbnr/ppp1pppp/8/3p4/3P4/8/PPP1PPPP/RNBQKBNR w KQkq - 0 2",
        "result": "loss",
        "score_a": 0.0,
        "plies": 20,
        "adjudicated": true,
        "player_a_color": "white",
        "player_a_timeouts": 0,
        "player_b_timeouts": 0,
        "player_a_moves": 10,
        "player_b_moves": 10,
        "player_a_crashes": 0,
        "player_b_crashes": 0,
        "response_times_ms": [
          196.25937499998258,
          196.22787500000527,
          196.1341659999789,
          196.3264159999767,
          196.45604099997627,
          196.28266600000188,
          196.07812500001387,
          196.1696670000208,
          196.3749170000142,
          196.14924999999062,
          196.4401250000094,
          196.11979200001883,
          196.20283300000096,
          196.1899169999981,
          196.23933299999408,
          196.25020799998083,
          196.12900000001332,
          196.10145800001533,
          196.5160830000059,
          196.54162500000893
        ],
        "error": ""
      },
      {
        "opening_name": "queens_pawn",
        "opening_fen": "rnbqkbnr/ppp1pppp/8/3p4/3P4/8/PPP1PPPP/RNBQKBNR w KQkq - 0 2",
        "result": "win",
        "score_a": 1.0,
        "plies": 20,
        "adjudicated": true,
        "player_a_color": "black",
        "player_a_timeouts": 0,
        "player_b_timeouts": 0,
        "player_a_moves": 10,
        "player_b_moves": 10,
        "player_a_crashes": 0,
        "player_b_crashes": 0,
        "response_times_ms": [
          196.4404580000121,
          196.03791700001238,
          196.3555829999848,
          196.4089999999885,
          196.20991700000445,
          196.08683399999904,
          196.39412500001185,
          196.23187499999517,
          196.5600830000085,
          196.11845899999025,
          196.1799160000055,
          196.23204199999122,
          196.02954200001932,
          196.1130830000002,
          196.07358300001465,
          196.08145799998056,
          196.37716599999067,
          196.14208399997324,
          196.13429200001065,
          196.05554099999267
        ],
        "error": ""
      },
      {
        "opening_name": "ruy_lopez",
        "opening_fen": "r1bqkbnr/pppp1ppp/2n5/1B2p3/4P3/5N2/PPPP1PPP/RNBQK2R b KQkq - 3 3",
        "result": "draw",
        "score_a": 0.5,
        "plies": 17,
        "adjudicated": false,
        "player_a_color": "white",
        "player_a_timeouts": 0,
        "player_b_timeouts": 0,
        "player_a_moves": 8,
        "player_b_moves": 9,
        "player_a_crashes": 0,
        "player_b_crashes": 0,
        "response_times_ms": [
          196.27145900000187,
          196.3747920000003,
          196.28420800000868,
          196.14158400000292,
          196.35141699998826,
          196.32570800001758,
          196.45049999999742,
          196.42525000000433,
          196.13574999999628,
          196.03112500001885,
          196.5969590000043,
          196.08054200000424,
          196.34079200000087,
          196.1753749999957,
          196.10383299999512,
          196.1455830000034,
          196.1153750000051
        ],
        "error": ""
      },
      {
        "opening_name": "ruy_lopez",
        "opening_fen": "r1bqkbnr/pppp1ppp/2n5/1B2p3/4P3/5N2/PPPP1PPP/RNBQK2R b KQkq - 3 3",
        "result": "draw",
        "score_a": 0.5,
        "plies": 17,
        "adjudicated": false,
        "player_a_color": "black",
        "player_a_timeouts": 0,
        "player_b_timeouts": 0,
        "player_a_moves": 9,
        "player_b_moves": 8,
        "player_a_crashes": 0,
        "player_b_crashes": 0,
        "response_times_ms": [
          196.07170800000517,
          196.2373750000097,
          196.1966249999989,
          196.25845900000627,
          196.25479200001905,
          196.3346660000127,
          196.42716699999596,
          196.13429100002122,
          196.36012500001243,
          196.10854200001882,
          196.33745799998792,
          196.12029199998915,
          196.50366700000177,
          196.16120800000658,
          196.50375000000508,
          196.22104199999058,
          196.56737500000077
        ],
        "error": ""
      },
      {
        "opening_name": "italian_game",
        "opening_fen": "r1bqk1nr/pppp1ppp/2n5/2b1p3/2B1P3/5N2/PPPP1PPP/RNBQK2R w KQkq - 4 4",
        "result": "draw",
        "score_a": 0.5,
        "plies": 11,
        "adjudicated": false,
        "player_a_color": "white",
        "player_a_timeouts": 0,
        "player_b_timeouts": 0,
        "player_a_moves": 6,
        "player_b_moves": 5,
        "player_a_crashes": 0,
        "player_b_crashes": 0,
        "response_times_ms": [
          196.06829200000675,
          196.38512500000616,
          196.55287500000895,
          196.24662499998635,
          196.30158300000744,
          196.28574999998705,
          196.16929199997912,
          196.5541250000058,
          196.5111659999934,
          196.47887499999683,
          196.18954199998484
        ],
        "error": ""
      },
      {
        "opening_name": "italian_game",
        "opening_fen": "r1bqk1nr/pppp1ppp/2n5/2b1p3/2B1P3/5N2/PPPP1PPP/RNBQK2R w KQkq - 4 4",
        "result": "draw",
        "score_a": 0.5,
        "plies": 11,
        "adjudicated": false,
        "player_a_color": "black",
        "player_a_timeouts": 0,
        "player_b_timeouts": 0,
        "player_a_moves": 5,
        "player_b_moves": 6,
        "player_a_crashes": 0,
        "player_b_crashes": 0,