{
  "feedback_source": "self_play",
  "summary": {
    "games": 16,
    "wins_a": 1,
    "losses_a": 1,
    "draws": 14,
    "score_a": 8.0,
    "mean_score_a": 0.5,
    "game_scores_a": [
      0.5,
      0.5,
      0.0,
      1.0,
      0.5,
      0.5,
      0.5,
      0.5,
      0.5,
      0.5,
      0.5,
      0.5,
      0.5,
      0.5,
      0.5,
      0.5
    ],
    "player_a_moves": 121,
    "player_b_moves": 121,
    "player_a_timeouts": 0,
    "player_b_timeouts": 0,
    "player_a_crashes": 0,
    "player_b_crashes": 0,
    "results": [
      {
        "opening_name": "startpos",
        "opening_fen": "rnbqkbnr/pppppppp/8/8/8/8/PPPPPPPP/RNBQKBNR w KQkq - 0 1",
        "result": "draw",
        "score_a": 0.5,
        "plies": 13,
        "adjudicated": false,
        "player_a_color": "white",
        "player_a_timeouts": 0,
        "player_b_timeouts": 0,
        "player_a_moves": 7,
        "player_b_moves": 6,
        "player_a_crashes": 0,
        "player_b_crashes": 0,
        "response_times_ms": [
          196.17195800000786,
          196.3722919999924,
          196.45558300000232,
          196.28874999999368,
          196.13049999999532,
          196.3400000000064,
          196.16883300000154,
          196.2154579999975,
          196.19562500000143,
          196.19991699998707,
          196.3254579999898,
          196.58224999999163,
          196.26020799999822
        ],
        "error": ""
      },
      {
        "opening_name": "startpos",
        "opening_fen": "rnbqkbnr/pppppppp/8/8/8/8/PPPPPPPP/RNBQKBNR w KQkq - 0 1",
        "result": "draw",
        "score_a": 0.5,
        "plies": 13,
        "adjudicated": false,
        "player_a_color": "black",
        "player_a_timeouts": 0,
        "player_b_timeouts": 0,
        "player_a_moves": 6,
        "player_b_moves": 7,
        "player_a_crashes": 0,
        "player_b_crashes": 0,
        "response_times_ms": [
          196.18354099999635,
          196.02554100001157,
          196.47612500000378,
          196.0747910000009,
          196.17566700000566,
          196.425167000001,
          196.09516700000995,
          196.33408400000008,
          196.09720799999764,
          196.26304199999822,
          196.55374999999253,
          196.44470800000136,
          196.13925000000165
        ],
        "error": ""
      },
      {
        "opening_name": "queens_pawn",
        "opening_fen": "rnbqkbnr/ppp1pppp/8/3p4/3P4/8/PPP1PPPP/RNBQKBNR w KQkq - 0 2",
        "result": "loss",
        "score_a": 0.0,
        "plies": 20,
        "adjudicated": true,
        "player_a_color": "white",
        "player_a_timeouts": 0,
        "player_b_timeouts": 0,
        "player_a_moves": 10,
        "player_b_moves": 10,
        "player_a_crashes": 0,
        "player_b_crashes": 0,
        "response_times_ms": [
          196.71250000000384,
          196.2238330000048,
          196.5529590000017,
          196.2485419999922,
          196.56433299999776,
          196.22691700000416,
          196.0686670000058,
          196.48712499999021,
          196.54766700000437,
          196.25866700000927,
          196.18950000000268,
          196.09383300000616,
          196.42791700000828,
          196.25695800000642,
          196.13600000000986,
          196.22458399999232,
          196.34179199999835,
          196.07833300000266,
          196.55741600000454,
          196.22412500000053
        ],
        "error": ""
      },
      {
        "opening_name": "queens_pawn",
        "opening_fen": "rnbqkbnr/ppp1pppp/8/3p4/3P4/8/PPP1PPPP/RNBQKBNR w KQkq - 0 2",
        "result": "win",
        "score_a": 1.0,
        "plies": 20,
        "adjudicated": true,
        "player_a_color": "black",
        "player_a_timeouts": 0,
        "player_b_timeouts": 0,
        "player_a_moves": 10,
        "player_b_moves": 10,
        "player_a_crashes": 0,
        "player_b_crashes": 0,
        "response_times_ms": [
          196.250500000005,
          196.18995799999084,
          196.50649999999814,
          196.7242500000026,
          196.13837500000386,
          196.63029099999108,
          196.0607500000009,
          196.31499999999846,
          196.03079200000195,
          196.18883299999368,
          196.2034579999994,
          196.48320799998942,
          196.331083000004,
          196.40333299999213,
          196.25408299999947,
          196.20745900000713,
          196.31633400000226,
          196.11587500000383,
          196.06108300000358,
          196.11104099999466
        ],
        "error": ""
      },
      {
        "opening_name": "ruy_lopez",
        "opening_fen": "r1bqkbnr/pppp1ppp/2n5/1B2p3/4P3/5N2/PPPP1PPP/RNBQK2R b KQkq - 3 3",
        "result": "draw",
        "score_a": 0.5,
        "plies": 17,
        "adjudicated": false,
        "player_a_color": "white",
        "player_a_timeouts": 0,
        "player_b_timeouts": 0,
        "player_a_moves": 8,
        "player_b_moves": 9,
        "player_a_crashes": 0,
        "player_b_crashes": 0,
        "response_times_ms": [
          196.23762500000907,
          196.58970800000475,
          196.10174999999685,
          196.19487500000332,
          196.63054100000465,
          196.1036669999885,
          196.16154100000927,
          196.1020419999926,
          196.26254199999948,
          196.21341699999562,
          196.2660000000085,
          196.03891699999565,
          196.56283300000155,
          196.13691600000038,
          196.29212499999937,
          196.17587500000866,
          196.26516700000707
        ],
        "error": ""
      },
      {
        "opening_name": "ruy_lopez",
        "opening_fen": "r1bqkbnr/pppp1ppp/2n5/1B2p3/4P3/5N2/PPPP1PPP/RNBQK2R b KQkq - 3 3",
        "result": "draw",
        "score_a": 0.5,
        "plies": 17,
        "adjudicated": false,
        "player_a_color": "black",
        "player_a_timeouts": 0,
        "player_b_timeouts": 0,
        "player_a_moves": 9,
        "player_b_moves": 8,
        "player_a_crashes": 0,
        "player_b_crashes": 0,
        "response_times_ms": [
          196.23595900000623,
          196.23108299998648,
          196.31641700000557,
          196.17824999998845,
          196.34308300000214,
          196.16800000000012,
          196.43029200000228,
          196.13970900000766,
          196.710374999995,
          196.21724999998946,
          196.14154100000292,
          196.0985409999978,
          196.05779200000484,
          196.45645899998954,
          196.18091600000298,
          196.10541599999465,
          196.64029199999788
        ],
        "error": ""
      },
      {
        "opening_name": "italian_game",
        "opening_fen": "r1bqk1nr/pppp1ppp/2n5/2b1p3/2B1P3/5N2/PPPP1PPP/RNBQK2R w KQkq - 4 4",
        "result": "draw",
        "score_a": 0.5,
        "plies": 11,
        "adjudicated": false,
        "player_a_color": "white",
        "player_a_timeouts": 0,
        "player_b_timeouts": 0,
        "player_a_moves": 6,
        "player_b_moves": 5,
        "player_a_crashes": 0,
        "player_b_crashes": 0,
        "response_times_ms": [
          196.32658300000116,
          196.39620899999954,
          196.097249999994,
          196.32779099998743,
          196.12854100000732,
          196.1621669999971,
          196.04824999998982,
          196.5562919999968,
          196.50791600000161,
          196.1934579999962,
          196.1220830000059
        ],
        "error": ""
      },
      {
        "opening_name": "italian_game",
        "opening_fen": "r1bqk1nr/pppp1ppp/2n5/2b1p3/2B1P3/5N2/PPPP1PPP/RNBQK2R w KQkq - 4 4",
        "result": "draw",
        "score_a": 0.5,
        "plies": 11,
        "adjudicated": false,
        "player_a_color": "black",
        "player_a_timeouts": 0,
        "player_b_timeouts": 0,
        "player_a_moves": 5,
        "player_b_moves": 6,
        "player_a_crashes": 0,
        "player_b_crashes": 0,