{
  "feedback_source": "self_play",
  "summary": {
    "games": 16,
    "wins_a": 1,
    "losses_a": 1,
    "draws": 14,
    "score_a": 8.0,
    "mean_score_a": 0.5,
    "game_scores_a": [
      0.5,
      0.5,
      0.0,
      1.0,
      0.5,
      0.5,
      0.5,
      0.5,
      0.5,
      0.5,
      0.5,
      0.5,
      0.5,
      0.5,
      0.5,
      0.5
    ],
    "player_a_moves": 109,
    "player_b_moves": 110,
    "player_a_timeouts": 0,
    "player_b_timeouts": 0,
    "player_a_crashes": 0,
    "player_b_crashes": 0,
    "results": [
      {
        "opening_name": "startpos",
        "opening_fen": "rnbqkbnr/pppppppp/8/8/8/8/PPPPPPPP/RNBQKBNR w KQkq - 0 1",
        "result": "draw",
        "score_a": 0.5,
        "plies": 13,
        "adjudicated": false,
        "player_a_color": "white",
        "player_a_timeouts": 0,
        "player_b_timeouts": 0,
        "player_a_moves": 7,
        "player_b_moves": 6,
        "player_a_crashes": 0,
        "player_b_crashes": 0,
        "response_times_ms": [
          196.57275,
          196.08216700000003,
          196.27483300000003,
          196.139292,
          196.1768749999999,
          196.49174999999985,
          196.82937499999986,
          196.21158400000004,
          196.38537499999998,
          200.5745000000001,
          197.54525000000012,
          196.1577499999998,
          196.26912500000014
        ],
        "error": ""
      },
      {
        "opening_name": "startpos",
        "opening_fen": "rnbqkbnr/pppppppp/8/8/8/8/PPPPPPPP/RNBQKBNR w KQkq - 0 1",
        "result": "draw",
        "score_a": 0.5,
        "plies": 13,
        "adjudicated": false,
        "player_a_color": "black",
        "player_a_timeouts": 0,
        "player_b_timeouts": 0,
        "player_a_moves": 6,
        "player_b_moves": 7,
        "player_a_crashes": 0,
        "player_b_crashes": 0,
        "response_times_ms": [
          196.349208,
          196.21445899999966,
          196.18929200000014,
          196.438417,
          196.0346249999998,
          196.3267499999999,
          196.18166699999938,
          196.25025000000028,
          196.50562500000035,
          196.2312500000003,
          196.0652500000002,
          196.75829200000015,
          196.32924999999977
        ],
        "error": ""
      },
      {
        "opening_name": "queens_pawn",
        "opening_fen": "rnbqkbnr/ppp1pppp/8/3p4/3P4/8/PPP1PPPP/RNBQKBNR w KQkq - 0 2",
        "result": "loss",
        "score_a": 0.0,
        "plies": 20,
        "adjudicated": true,
        "player_a_color": "white",
        "player_a_timeouts": 0,
        "player_b_timeouts": 0,
        "player_a_moves": 10,
        "player_b_moves": 10,
        "player_a_crashes": 0,
        "player_b_crashes": 0,
        "response_times_ms": [
          196.0587079999998,
          196.3202079999995,
          196.1987090000008,
          196.26870799999983,
          196.51641699999976,
          196.2116250000001,
          196.46829100000042,
          196.43529200000032,
          196.45141700000045,
          196.13475000000057,
          196.1223329999999,
          196.08620799999966,
          196.14387499999975,
          196.12083299999927,
          196.398125,
          196.05033300000053,
          196.06658300000035,
          196.02945799999992,
          196.8633749999995,
          196.51570899999982
        ],
        "error": ""
      },
      {
        "opening_name": "queens_pawn",
        "opening_fen": "rnbqkbnr/ppp1pppp/8/3p4/3P4/8/PPP1PPPP/RNBQKBNR w KQkq - 0 2",
        "result": "win",
        "score_a": 1.0,
        "plies": 20,
        "adjudicated": true,
        "player_a_color": "black",
        "player_a_timeouts": 0,
        "player_b_timeouts": 0,
        "player_a_moves": 10,
        "player_b_moves": 10,
        "player_a_crashes": 0,
        "player_b_crashes": 0,
        "response_times_ms": [
          196.25654200000042,
          196.20129100000128,
          196.31016700000004,
          196.09325000000055,
          196.11920899999902,
          196.31066700000054,
          196.0823749999996,
          196.1911670000003,
          196.61466600000034,
          196.04383300000094,
          196.41874999999942,
          196.4129579999998,
          196.21312499999988,
          196.5102089999995,
          196.21524999999986,
          196.21408299999922,
          196.14341700000006,
          196.02604099999965,
          196.46775000000005,
          196.18687499999865
        ],
        "error": ""
      },
      {
        "opening_name": "ruy_lopez",
        "opening_fen": "r1bqkbnr/pppp1ppp/2n5/1B2p3/4P3/5N2/PPPP1PPP/RNBQK2R b KQkq - 3 3",
        "result": "draw",
        "score_a": 0.5,
        "plies": 11,
        "adjudicated": false,
        "player_a_color": "white",
        "player_a_timeouts": 0,
        "player_b_timeouts": 0,
        "player_a_moves": 5,
        "player_b_moves": 6,
        "player_a_crashes": 0,
        "player_b_crashes": 0,
        "response_times_ms": [
          196.4344159999989,
          196.10179200000033,
          196.05358299999943,
          196.07045799999946,
          196.40316599999963,
          196.08416600000032,
          196.03524999999956,
          196.05816700000034,
          196.35820900000135,
          196.43012500000088,
          196.4307079999994
        ],
        "error": ""
      },
      {
        "opening_name": "ruy_lopez",
        "opening_fen": "r1bqkbnr/pppp1ppp/2n5/1B2p3/4P3/5N2/PPPP1PPP/RNBQK2R b KQkq - 3 3",
        "result": "draw",
        "score_a": 0.5,
        "plies": 11,
        "adjudicated": false,
        "player_a_color": "black",
        "player_a_timeouts": 0,
        "player_b_timeouts": 0,
        "player_a_moves": 6,
        "player_b_moves": 5,
        "player_a_crashes": 0,
        "player_b_crashes": 0,
        "response_times_ms": [
          196.34408300000138,
          196.10587500000065,
          196.69837500000042,
          196.55875000000123,
          196.29412499999788,
          196.24320900000214,
          196.06112499999995,
          196.22133300000044,
          196.15987499999932,
          196.47345799999982,
          196.14945800000072
        ],
        "error": ""
      },
      {
        "opening_name": "italian_game",
        "opening_fen": "r1bqk1nr/pppp1ppp/2n5/2b1p3/2B1P3/5N2/PPPP1PPP/RNBQK2R w KQkq - 4 4",
        "result": "draw",
        "score_a": 0.5,
        "plies": 11,
        "adjudicated": false,
        "player_a_color": "white",
        "player_a_timeouts": 0,
        "player_b_timeouts": 0,
        "player_a_moves": 6,
        "player_b_moves": 5,
        "player_a_crashes": 0,
        "player_b_crashes": 0,
        "response_times_ms": [
          196.13999999999976,
          196.26608300000115,
          196.1322079999981,
          196.6452909999994,
          196.56791599999934,
          196.33608300000205,
          196.30425000000074,
          196.20841700000113,
          196.14750000000214,
          196.12808299999784,
          196.13866600000307
        ],
        "error": ""
      },
      {
        "opening_name": "italian_game",
        "opening_fen": "r1bqk1nr/pppp1ppp/2n5/2b1p3/2B1P3/5N2/PPPP1PPP/RNBQK2R w KQkq - 4 4",
        "result": "draw",
        "score_a": 0.5,
        "plies": 11,
        "adjudicated": false,
        "player_a_color": "black",
        "player_a_timeouts": 0,
        "player_b_timeouts": 0,
        "player_a_moves": 5,
        "player_b_moves": 6,
        "player_a_crashes": 0,
        "player_b_crashes": 0,
        "response_times_ms": [
          196.45491600000042,
          196.38020800000078,
          196.14562499999977,
          196.12975000000077,
          196.63066699999732,
          196.09095800000276,
          196.36829199999895,
          196.3162500000024,
          196.16770799999728,
          196.2801249999977,
          196.3030830000001
        ],