{
  "feedback_source": "self_play",
  "summary": {
    "games": 16,
    "wins_a": 1,
    "losses_a": 1,
    "draws": 14,
    "score_a": 8.0,
    "mean_score_a": 0.5,
    "game_scores_a": [
      0.5,
      0.5,
      0.5,
      0.5,
      1.0,
      0.0,
      0.5,
      0.5,
      0.5,
      0.5,
      0.5,
      0.5,
      0.5,
      0.5,
      0.5,
      0.5
    ],
    "player_a_moves": 133,
    "player_b_moves": 132,
    "player_a_timeouts": 0,
    "player_b_timeouts": 0,
    "player_a_crashes": 0,
    "player_b_crashes": 0,
    "results": [
      {
        "opening_name": "startpos",
        "opening_fen": "rnbqkbnr/pppppppp/8/8/8/8/PPPPPPPP/RNBQKBNR w KQkq - 0 1",
        "result": "draw",
        "score_a": 0.5,
        "plies": 13,
        "adjudicated": false,
        "player_a_color": "white",
        "player_a_timeouts": 0,
        "player_b_timeouts": 0,
        "player_a_moves": 7,
        "player_b_moves": 6,
        "player_a_crashes": 0,
        "player_b_crashes": 0,
        "response_times_ms": [
          196.06112499999995,
          196.40979200002562,
          196.36675000000992,
          196.0405830000127,
          196.5663329999927,
          196.15937500000769,
          196.13641699999107,
          196.2362090000056,
          196.76395799999113,
          196.41699999999673,
          196.4145840000242,
          196.33258299998602,
          196.25600000000532
        ],
        "error": ""
      },
      {
        "opening_name": "startpos",
        "opening_fen": "rnbqkbnr/pppppppp/8/8/8/8/PPPPPPPP/RNBQKBNR w KQkq - 0 1",
        "result": "draw",
        "score_a": 0.5,
        "plies": 13,
        "adjudicated": false,
        "player_a_color": "black",
        "player_a_timeouts": 0,
        "player_b_timeouts": 0,
        "player_a_moves": 6,
        "player_b_moves": 7,
        "player_a_crashes": 0,
        "player_b_crashes": 0,
        "response_times_ms": [
          196.4497920000099,
          196.1549170000012,
          196.31683299999736,
          196.3075829999923,
          196.79516700000477,
          196.27004099999112,
          196.58308300000726,
          196.79420800000003,
          196.81925000000433,
          196.10762499999623,
          196.76166599998623,
          196.45033300000136,
          196.24854099998856
        ],
        "error": ""
      },
      {
        "opening_name": "queens_pawn",
        "opening_fen": "rnbqkbnr/ppp1pppp/8/3p4/3P4/8/PPP1PPPP/RNBQKBNR w KQkq - 0 2",
        "result": "draw",
        "score_a": 0.5,
        "plies": 20,
        "adjudicated": true,
        "player_a_color": "white",
        "player_a_timeouts": 0,
        "player_b_timeouts": 0,
        "player_a_moves": 10,
        "player_b_moves": 10,
        "player_a_crashes": 0,
        "player_b_crashes": 0,
        "response_times_ms": [
          196.61391599998979,
          196.09024999999747,
          196.11562500000446,
          196.26666700000328,
          196.3555000000099,
          196.32466699999895,
          196.35095800001068,
          196.03416699999343,
          196.24650000000088,
          196.3427089999925,
          196.56895899998972,
          196.06454099999837,
          196.0752920000175,
          196.44879099999457,
          196.20191699999623,
          196.03254199998332,
          196.36495800000375,
          196.57387499998435,
          196.2922080000169,
          196.03620799998112
        ],
        "error": ""
      },
      {
        "opening_name": "queens_pawn",
        "opening_fen": "rnbqkbnr/ppp1pppp/8/3p4/3P4/8/PPP1PPPP/RNBQKBNR w KQkq - 0 2",
        "result": "draw",
        "score_a": 0.5,
        "plies": 20,
        "adjudicated": true,
        "player_a_color": "black",
        "player_a_timeouts": 0,
        "player_b_timeouts": 0,
        "player_a_moves": 10,
        "player_b_moves": 10,
        "player_a_crashes": 0,
        "player_b_crashes": 0,
        "response_times_ms": [
          196.3790000000074,
          196.31916700001284,
          196.5432920000012,
          196.19187499998247,
          196.13050000000953,
          196.752833000005,
          196.70999999999594,
          196.3169999999934,
          196.35454199999458,
          196.18799999997805,
          196.5981250000084,
          196.50724999999625,
          196.33883299999866,
          196.22245899998347,
          196.38279099999068,
          196.38212500001373,
          196.2184170000114,
          196.344584000002,
          196.54766700000437,
          196.69891699999198
        ],
        "error": ""
      },
      {
        "opening_name": "ruy_lopez",
        "opening_fen": "r1bqkbnr/pppp1ppp/2n5/1B2p3/4P3/5N2/PPPP1PPP/RNBQK2R b KQkq - 3 3",
        "result": "win",
        "score_a": 1.0,
        "plies": 20,
        "adjudicated": true,
        "player_a_color": "white",
        "player_a_timeouts": 0,
        "player_b_timeouts": 0,
        "player_a_moves": 10,
        "player_b_moves": 10,
        "player_a_crashes": 0,
        "player_b_crashes": 0,
        "response_times_ms": [
          196.51466599998457,
          196.24391599998603,
          196.16808399999286,
          196.14649999999756,
          196.33312500002376,
          196.1870839999733,
          196.2235000000021,
          196.05287499999235,
          196.0438330000045,
          196.11295800001471,
          196.27295799998024,
          196.19400000001974,
          196.44312500000183,
          196.52675000000386,
          196.07750000000124,
          196.23141599998917,
          196.454000000017,
          196.1794999999995,
          196.09437500000126,
          196.17458400000487
        ],
        "error": ""
      },
      {
        "opening_name": "ruy_lopez",
        "opening_fen": "r1bqkbnr/pppp1ppp/2n5/1B2p3/4P3/5N2/PPPP1PPP/RNBQK2R b KQkq - 3 3",
        "result": "loss",
        "score_a": 0.0,
        "plies": 20,
        "adjudicated": true,
        "player_a_color": "black",
        "player_a_timeouts": 0,
        "player_b_timeouts": 0,
        "player_a_moves": 10,
        "player_b_moves": 10,
        "player_a_crashes": 0,
        "player_b_crashes": 0,
        "response_times_ms": [
          196.61008399998536,
          196.1059580000324,
          196.31916700001284,
          196.26504200005002,
          196.01545799997666,
          196.0674580000159,
          196.32962499997575,
          196.2196250000261,
          196.09466599996495,
          196.32591699996738,
          196.18879199998673,
          196.22400000002926,
          196.50820800001156,
          196.0514169999783,
          196.3548339999761,
          196.51991699998916,
          196.28899999997884,
          196.15112500002851,
          196.4222500000119,
          196.20424999999386
        ],
        "error": ""
      },
      {
        "opening_name": "italian_game",
        "opening_fen": "r1bqk1nr/pppp1ppp/2n5/2b1p3/2B1P3/5N2/PPPP1PPP/RNBQK2R w KQkq - 4 4",
        "result": "draw",
        "score_a": 0.5,
        "plies": 11,
        "adjudicated": false,
        "player_a_color": "white",
        "player_a_timeouts": 0,
        "player_b_timeouts": 0,
        "player_a_moves": 6,
        "player_b_moves": 5,
        "player_a_crashes": 0,
        "player_b_crashes": 0,
        "response_times_ms": [
          196.07999999999493,
          196.1992500000065,
          196.07120899996744,
          196.4114160000463,
          196.08133299999508,
          196.4057920000073,
          196.1876249999932,
          196.10870799999702,
          196.02829100000463,
          196.2780000000066,
          196.56987499996603
        ],
        "error": ""
      },
      {
        "opening_name": "italian_game",
        "opening_fen": "r1bqk1nr/pppp1ppp/2n5/2b1p3/2B1P3/5N2/PPPP1PPP/RNBQK2R w KQkq - 4 4",
        "result": "draw",
        "score_a": 0.5,
        "plies": 11,
        "adjudicated": false,
        "player_a_color": "black",