{
  "feedback_source": "self_play",
  "summary": {
    "games": 16,
    "wins_a": 2,
    "losses_a": 2,
    "draws": 12,
    "score_a": 8.0,
    "mean_score_a": 0.5,
    "game_scores_a": [
      0.5,
      0.5,
      0.0,
      1.0,
      0.5,
      0.5,
      0.5,
      0.5,
      1.0,
      0.0,
      0.5,
      0.5,
      0.5,
      0.5,
      0.5,
      0.5
    ],
    "player_a_moves": 121,
    "player_b_moves": 121,
    "player_a_timeouts": 0,
    "player_b_timeouts": 0,
    "player_a_crashes": 0,
    "player_b_crashes": 0,
    "results": [
      {
        "opening_name": "startpos",
        "opening_fen": "rnbqkbnr/pppppppp/8/8/8/8/PPPPPPPP/RNBQKBNR w KQkq - 0 1",
        "result": "draw",
        "score_a": 0.5,
        "plies": 13,
        "adjudicated": false,
        "player_a_color": "white",
        "player_a_timeouts": 0,
        "player_b_timeouts": 0,
        "player_a_moves": 7,
        "player_b_moves": 6,
        "player_a_crashes": 0,
        "player_b_crashes": 0,
        "response_times_ms": [
          196.04779099999996,
          196.142708,
          196.05800000000008,
          196.1498329999999,
          196.72083299999989,
          196.35500000000005,
          196.60058300000017,
          196.20850000000002,
          196.6700829999999,
          196.22370799999976,
          196.52329199999974,
          196.15850000000012,
          196.17633299999991
        ],
        "error": ""
      },
      {
        "opening_name": "startpos",
        "opening_fen": "rnbqkbnr/pppppppp/8/8/8/8/PPPPPPPP/RNBQKBNR w KQkq - 0 1",
        "result": "draw",
        "score_a": 0.5,
        "plies": 13,
        "adjudicated": false,
        "player_a_color": "black",
        "player_a_timeouts": 0,
        "player_b_timeouts": 0,
        "player_a_moves": 6,
        "player_b_moves": 7,
        "player_a_crashes": 0,
        "player_b_crashes": 0,
        "response_times_ms": [
          196.29712500000008,
          196.46958299999983,
          196.07879200000022,
          196.38275000000016,
          196.1382920000001,
          196.09879199999946,
          196.5522919999998,
          196.27791699999975,
          196.246833,
          196.60191600000053,
          196.31391700000034,
          196.22991700000014,
          196.52654199999998
        ],
        "error": ""
      },
      {
        "opening_name": "queens_pawn",
        "opening_fen": "rnbqkbnr/ppp1pppp/8/3p4/3P4/8/PPP1PPPP/RNBQKBNR w KQkq - 0 2",
        "result": "loss",
        "score_a": 0.0,
        "plies": 20,
        "adjudicated": true,
        "player_a_color": "white",
        "player_a_timeouts": 0,
        "player_b_timeouts": 0,
        "player_a_moves": 10,
        "player_b_moves": 10,
        "player_a_crashes": 0,
        "player_b_crashes": 0,
        "response_times_ms": [
          196.30720899999955,
          196.4079999999999,
          196.3682499999999,
          196.41208399999942,
          196.4276250000001,
          196.77008300000054,
          196.5729999999999,
          196.28554099999997,
          196.39216599999986,
          196.2631660000005,
          198.25141699999983,
          196.16370800000027,
          196.22137499999948,
          196.1754169999992,
          196.2072500000005,
          196.20345899999947,
          196.02762499999926,
          196.043125000001,
          196.14233299999916,
          196.23208299999993
        ],
        "error": ""
      },
      {
        "opening_name": "queens_pawn",
        "opening_fen": "rnbqkbnr/ppp1pppp/8/3p4/3P4/8/PPP1PPPP/RNBQKBNR w KQkq - 0 2",
        "result": "win",
        "score_a": 1.0,
        "plies": 20,
        "adjudicated": true,
        "player_a_color": "black",
        "player_a_timeouts": 0,
        "player_b_timeouts": 0,
        "player_a_moves": 10,
        "player_b_moves": 10,
        "player_a_crashes": 0,
        "player_b_crashes": 0,
        "response_times_ms": [
          196.22512499999976,
          196.1570409999993,
          196.55874999999946,
          196.7517910000005,
          196.1808749999996,
          196.38783400000113,
          196.05033299999874,
          196.17970800000074,
          196.33245800000054,
          196.18720799999954,
          196.52012500000103,
          196.25362499999886,
          196.2866250000008,
          196.202207999999,
          196.18320899999907,
          196.24666700000049,
          196.1228749999986,
          196.26479199999915,
          196.07495799999873,
          196.04308300000105
        ],
        "error": ""
      },
      {
        "opening_name": "ruy_lopez",
        "opening_fen": "r1bqkbnr/pppp1ppp/2n5/1B2p3/4P3/5N2/PPPP1PPP/RNBQK2R b KQkq - 3 3",
        "result": "draw",
        "score_a": 0.5,
        "plies": 17,
        "adjudicated": false,
        "player_a_color": "white",
        "player_a_timeouts": 0,
        "player_b_timeouts": 0,
        "player_a_moves": 8,
        "player_b_moves": 9,
        "player_a_crashes": 0,
        "player_b_crashes": 0,
        "response_times_ms": [
          196.05224999999928,
          196.1881659999989,
          196.0972089999995,
          196.60241699999938,
          196.18258400000065,
          196.03758400000083,
          196.22825000000077,
          196.13183299999903,
          196.33495799999957,
          196.51649999999955,
          196.0879999999996,
          196.0492079999998,
          196.11720800000043,
          196.5027500000005,
          196.56437499999768,
          196.14999999999938,
          196.11804199999838
        ],
        "error": ""
      },
      {
        "opening_name": "ruy_lopez",
        "opening_fen": "r1bqkbnr/pppp1ppp/2n5/1B2p3/4P3/5N2/PPPP1PPP/RNBQK2R b KQkq - 3 3",
        "result": "draw",
        "score_a": 0.5,
        "plies": 17,
        "adjudicated": false,
        "player_a_color": "black",
        "player_a_timeouts": 0,
        "player_b_timeouts": 0,
        "player_a_moves": 9,
        "player_b_moves": 8,
        "player_a_crashes": 0,
        "player_b_crashes": 0,
        "response_times_ms": [
          196.15133399999962,
          196.30054199999947,
          196.29408399999804,
          196.11345899999932,
          196.3417079999985,
          196.15183299999828,
          196.29183300000008,
          196.05833399999995,
          196.5522919999998,
          196.22674999999745,
          196.04862499999953,
          196.0705830000009,
          196.558624999998,
          196.09491599999984,
          196.13404200000062,
          196.12112499999768,
          196.15337500000152
        ],
        "error": ""
      },
      {
        "opening_name": "italian_game",
        "opening_fen": "r1bqk1nr/pppp1ppp/2n5/2b1p3/2B1P3/5N2/PPPP1PPP/RNBQK2R w KQkq - 4 4",
        "result": "draw",
        "score_a": 0.5,
        "plies": 11,
        "adjudicated": false,
        "player_a_color": "white",
        "player_a_timeouts": 0,
        "player_b_timeouts": 0,
        "player_a_moves": 6,
        "player_b_moves": 5,
        "player_a_crashes": 0,
        "player_b_crashes": 0,
        "response_times_ms": [
          196.3208750000014,
          196.0666660000001,
          196.10349999999954,
          196.5564999999998,
          196.08949999999936,
          196.57816699999842,
          196.4346670000019,
          196.17716700000187,
          196.27029200000123,
          196.03991700000023,
          196.46724999999776
        ],
        "error": ""
      },
      {
        "opening_name": "italian_game",
        "opening_fen": "r1bqk1nr/pppp1ppp/2n5/2b1p3/2B1P3/5N2/PPPP1PPP/RNBQK2R w KQkq - 4 4",
        "result": "draw",
        "score_a": 0.5,
        "plies": 11,
        "adjudicated": false,
        "player_a_color": "black",
        "player_a_timeouts": 0,
        "player_b_timeouts": 0,
        "player_a_moves": 5,
        "player_b_moves": 6,
        "player_a_crashes": 0,
        "player_b_crashes": 0,