{
  "feedback_source": "self_play",
  "summary": {
    "games": 16,
    "wins_a": 1,
    "losses_a": 1,
    "draws": 14,
    "score_a": 8.0,
    "mean_score_a": 0.5,
    "game_scores_a": [
      0.5,
      0.5,
      0.0,
      1.0,
      0.5,
      0.5,
      0.5,
      0.5,
      0.5,
      0.5,
      0.5,
      0.5,
      0.5,
      0.5,
      0.5,
      0.5
    ],
    "player_a_moves": 121,
    "player_b_moves": 121,
    "player_a_timeouts": 0,
    "player_b_timeouts": 0,
    "player_a_crashes": 0,
    "player_b_crashes": 0,
    "results": [
      {
        "opening_name": "startpos",
        "opening_fen": "rnbqkbnr/pppppppp/8/8/8/8/PPPPPPPP/RNBQKBNR w KQkq - 0 1",
        "result": "draw",
        "score_a": 0.5,
        "plies": 13,
        "adjudicated": false,
        "player_a_color": "white",
        "player_a_timeouts": 0,
        "player_b_timeouts": 0,
        "player_a_moves": 7,
        "player_b_moves": 6,
        "player_a_crashes": 0,
        "player_b_crashes": 0,
        "response_times_ms": [
          196.14587500000002,
          196.25620800000004,
          196.44366700000003,
          196.52812499999993,
          196.07741600000006,
          196.1161250000001,
          196.14025,
          196.572583,
          196.22387500000028,
          196.2778329999999,
          196.12458300000003,
          196.4831659999997,
          196.15854200000004
        ],
        "error": ""
      },
      {
        "opening_name": "startpos",
        "opening_fen": "rnbqkbnr/pppppppp/8/8/8/8/PPPPPPPP/RNBQKBNR w KQkq - 0 1",
        "result": "draw",
        "score_a": 0.5,
        "plies": 13,
        "adjudicated": false,
        "player_a_color": "black",
        "player_a_timeouts": 0,
        "player_b_timeouts": 0,
        "player_a_moves": 6,
        "player_b_moves": 7,
        "player_a_crashes": 0,
        "player_b_crashes": 0,
        "response_times_ms": [
          196.41287500000004,
          196.23725000000024,
          196.41016700000026,
          196.50824999999995,
          196.21691600000003,
          196.10191599999993,
          196.30741700000033,
          196.05391600000033,
          196.0635420000001,
          196.3085840000005,
          196.22229199999987,
          196.12366600000007,
          196.05349999999964
        ],
        "error": ""
      },
      {
        "opening_name": "queens_pawn",
        "opening_fen": "rnbqkbnr/ppp1pppp/8/3p4/3P4/8/PPP1PPPP/RNBQKBNR w KQkq - 0 2",
        "result": "loss",
        "score_a": 0.0,
        "plies": 20,
        "adjudicated": true,
        "player_a_color": "white",
        "player_a_timeouts": 0,
        "player_b_timeouts": 0,
        "player_a_moves": 10,
        "player_b_moves": 10,
        "player_a_crashes": 0,
        "player_b_crashes": 0,
        "response_times_ms": [
          196.13100000000028,
          196.5033749999998,
          196.0307920000002,
          196.44808299999994,
          196.5672500000002,
          196.33291700000032,
          196.17895799999997,
          196.2920419999996,
          196.50541700000002,
          196.0331249999996,
          196.2039579999999,
          196.33774999999963,
          196.35349999999985,
          196.08625000000046,
          196.27391700000095,
          196.24624999999975,
          196.28041700000054,
          196.2194159999999,
          196.11583400000043,
          196.11866600000027
        ],
        "error": ""
      },
      {
        "opening_name": "queens_pawn",
        "opening_fen": "rnbqkbnr/ppp1pppp/8/3p4/3P4/8/PPP1PPPP/RNBQKBNR w KQkq - 0 2",
        "result": "win",
        "score_a": 1.0,
        "plies": 20,
        "adjudicated": true,
        "player_a_color": "black",
        "player_a_timeouts": 0,
        "player_b_timeouts": 0,
        "player_a_moves": 10,
        "player_b_moves": 10,
        "player_a_crashes": 0,
        "player_b_crashes": 0,
        "response_times_ms": [
          196.67104100000012,
          196.25441700000044,
          196.22600000000114,
          196.03395799999925,
          196.30049999999954,
          196.23816700000063,
          196.32241700000108,
          196.4946249999997,
          196.56629199999998,
          196.18037500000085,
          196.21945799999986,
          196.49441600000017,
          196.19604100000032,
          196.18879100000086,
          196.54183299999949,
          196.2312499999985,
          196.6302500000001,
          196.19716599999924,
          196.16212500000074,
          196.21479199999925
        ],
        "error": ""
      },
      {
        "opening_name": "ruy_lopez",
        "opening_fen": "r1bqkbnr/pppp1ppp/2n5/1B2p3/4P3/5N2/PPPP1PPP/RNBQK2R b KQkq - 3 3",
        "result": "draw",
        "score_a": 0.5,
        "plies": 17,
        "adjudicated": false,
        "player_a_color": "white",
        "player_a_timeouts": 0,
        "player_b_timeouts": 0,
        "player_a_moves": 8,
        "player_b_moves": 9,
        "player_a_crashes": 0,
        "player_b_crashes": 0,
        "response_times_ms": [
          196.18599999999907,
          196.33962500000024,
          196.45395799999932,
          196.19904099999985,
          196.13479199999873,
          196.15733399999868,
          196.05679100000017,
          196.43166700000057,
          196.32200000000034,
          196.24783400000112,
          196.193375,
          196.1901250000011,
          196.1462090000001,
          196.16999999999862,
          196.1690830000009,
          196.19766699999985,
          196.11429200000075
        ],
        "error": ""
      },
      {
        "opening_name": "ruy_lopez",
        "opening_fen": "r1bqkbnr/pppp1ppp/2n5/1B2p3/4P3/5N2/PPPP1PPP/RNBQK2R b KQkq - 3 3",
        "result": "draw",
        "score_a": 0.5,
        "plies": 17,
        "adjudicated": false,
        "player_a_color": "black",
        "player_a_timeouts": 0,
        "player_b_timeouts": 0,
        "player_a_moves": 9,
        "player_b_moves": 8,
        "player_a_crashes": 0,
        "player_b_crashes": 0,
        "response_times_ms": [
          196.0968749999985,
          196.1588749999983,
          196.24633299999772,
          196.11691700000122,
          196.47966699999841,
          196.1098330000013,
          196.44279099999906,
          196.589417000002,
          196.13308299999943,
          196.0493339999978,
          196.45008399999853,
          196.18433400000157,
          196.49566700000065,
          196.23412500000015,
          196.5042910000001,
          196.11708300000075,
          196.05658299999718
        ],
        "error": ""
      },
      {
        "opening_name": "italian_game",
        "opening_fen": "r1bqk1nr/pppp1ppp/2n5/2b1p3/2B1P3/5N2/PPPP1PPP/RNBQK2R w KQkq - 4 4",
        "result": "draw",
        "score_a": 0.5,
        "plies": 11,
        "adjudicated": false,
        "player_a_color": "white",
        "player_a_timeouts": 0,
        "player_b_timeouts": 0,
        "player_a_moves": 6,
        "player_b_moves": 5,
        "player_a_crashes": 0,
        "player_b_crashes": 0,
        "response_times_ms": [
          196.18475000000046,
          196.18770800000007,
          196.0749590000006,
          196.23545799999675,
          196.61470899999856,
          196.1424590000007,
          196.69866699999972,
          196.0373749999995,
          196.52854099999928,
          196.51416700000013,
          196.146959
        ],
        "error": ""
      },
      {
        "opening_name": "italian_game",
        "opening_fen": "r1bqk1nr/pppp1ppp/2n5/2b1p3/2B1P3/5N2/PPPP1PPP/RNBQK2R w KQkq - 4 4",
        "result": "draw",
        "score_a": 0.5,
        "plies": 11,
        "adjudicated": false,
        "player_a_color": "black",
        "player_a_timeouts": 0,
        "player_b_timeouts": 0,
        "player_a_moves": 5,
        "player_b_moves": 6,
        "player_a_crashes": 0,
        "player_b_crashes": 0,