{
  "feedback_source": "self_play",
  "summary": {
    "games": 16,
    "wins_a": 1,
    "losses_a": 1,
    "draws": 14,
    "score_a": 8.0,
    "mean_score_a": 0.5,
    "game_scores_a": [
      0.5,
      0.5,
      0.5,
      0.5,
      1.0,
      0.0,
      0.5,
      0.5,
      0.5,
      0.5,
      0.5,
      0.5,
      0.5,
      0.5,
      0.5,
      0.5
    ],
    "player_a_moves": 132,
    "player_b_moves": 130,
    "player_a_timeouts": 0,
    "player_b_timeouts": 0,
    "player_a_crashes": 0,
    "player_b_crashes": 0,
    "results": [
      {
        "opening_name": "startpos",
        "opening_fen": "rnbqkbnr/pppppppp/8/8/8/8/PPPPPPPP/RNBQKBNR w KQkq - 0 1",
        "result": "draw",
        "score_a": 0.5,
        "plies": 13,
        "adjudicated": false,
        "player_a_color": "white",
        "player_a_timeouts": 0,
        "player_b_timeouts": 0,
        "player_a_moves": 7,
        "player_b_moves": 6,
        "player_a_crashes": 0,
        "player_b_crashes": 0,
        "response_times_ms": [
          196.2474580000162,
          196.19395799998074,
          196.69904199997745,
          196.1103329999787,
          196.56304099999033,
          196.5081669999904,
          196.49924999998802,
          196.11445800001093,
          196.17754199998672,
          196.0802920000333,
          196.8651659999523,
          196.74570799998037,
          196.85724999999366
        ],
        "error": ""
      },
      {
        "opening_name": "startpos",
        "opening_fen": "rnbqkbnr/pppppppp/8/8/8/8/PPPPPPPP/RNBQKBNR w KQkq - 0 1",
        "result": "draw",
        "score_a": 0.5,
        "plies": 13,
        "adjudicated": false,
        "player_a_color": "black",
        "player_a_timeouts": 0,
        "player_b_timeouts": 0,
        "player_a_moves": 6,
        "player_b_moves": 7,
        "player_a_crashes": 0,
        "player_b_crashes": 0,
        "response_times_ms": [
          196.31116599998677,
          196.47033399996872,
          196.86137499996903,
          196.36574999998402,
          196.63608299998714,
          196.8180409999718,
          196.52412499999627,
          196.54154099998777,
          196.54612499999757,
          196.58962500000143,
          196.6682500000161,
          196.68870900000002,
          197.0957909999811
        ],
        "error": ""
      },
      {
        "opening_name": "queens_pawn",
        "opening_fen": "rnbqkbnr/ppp1pppp/8/3p4/3P4/8/PPP1PPPP/RNBQKBNR w KQkq - 0 2",
        "result": "draw",
        "score_a": 0.5,
        "plies": 19,
        "adjudicated": false,
        "player_a_color": "white",
        "player_a_timeouts": 0,
        "player_b_timeouts": 0,
        "player_a_moves": 10,
        "player_b_moves": 9,
        "player_a_crashes": 0,
        "player_b_crashes": 0,
        "response_times_ms": [
          196.04724999999235,
          196.58320799999274,
          196.61745799999153,
          196.3022499999738,
          196.6713329999834,
          196.8144169999846,
          196.62199999999075,
          196.27558299998782,
          196.749417000035,
          196.74237499998526,
          196.0864160000142,
          196.76179199996113,
          196.14058399997703,
          196.2683329999777,
          196.24420799999598,
          196.91687499999944,
          196.20924999998124,
          196.77141699997946,
          196.18216700001767
        ],
        "error": ""
      },
      {
        "opening_name": "queens_pawn",
        "opening_fen": "rnbqkbnr/ppp1pppp/8/3p4/3P4/8/PPP1PPPP/RNBQKBNR w KQkq - 0 2",
        "result": "draw",
        "score_a": 0.5,
        "plies": 20,
        "adjudicated": true,
        "player_a_color": "black",
        "player_a_timeouts": 0,
        "player_b_timeouts": 0,
        "player_a_moves": 10,
        "player_b_moves": 10,
        "player_a_crashes": 0,
        "player_b_crashes": 0,
        "response_times_ms": [
          196.6139169999792,
          196.02945799999816,
          196.10870899998645,
          196.52229100000795,
          196.43766699999787,
          196.03416699999343,
          196.480667000003,
          196.4131249999923,
          196.452708000038,
          196.41045800000256,
          196.42616599998064,
          196.54358300005015,
          196.4748749999785,
          196.22920900002327,
          196.2310000000116,
          196.4595420000137,
          196.12137499996152,
          196.08020900000156,
          196.33170899999186,
          196.09429199999795
        ],
        "error": ""
      },
      {
        "opening_name": "ruy_lopez",
        "opening_fen": "r1bqkbnr/pppp1ppp/2n5/1B2p3/4P3/5N2/PPPP1PPP/RNBQK2R b KQkq - 3 3",
        "result": "win",
        "score_a": 1.0,
        "plies": 20,
        "adjudicated": true,
        "player_a_color": "white",
        "player_a_timeouts": 0,
        "player_b_timeouts": 0,
        "player_a_moves": 10,
        "player_b_moves": 10,
        "player_a_crashes": 0,
        "player_b_crashes": 0,
        "response_times_ms": [
          196.03729200002817,
          196.06545900001038,
          196.19637499999953,
          196.1880830000382,
          196.1585000000241,
          196.24379099997213,
          196.07716699999855,
          196.11362499995266,
          196.36608300004355,
          196.9732090000207,
          196.38554199997316,
          196.1372079999819,
          196.67508300000236,
          196.75562499998023,
          196.03312499998538,
          196.2389170000165,
          196.19795799997064,
          196.11183399996435,
          196.0723750000284,
          196.4323330000184
        ],
        "error": ""
      },
      {
        "opening_name": "ruy_lopez",
        "opening_fen": "r1bqkbnr/pppp1ppp/2n5/1B2p3/4P3/5N2/PPPP1PPP/RNBQK2R b KQkq - 3 3",
        "result": "loss",
        "score_a": 0.0,
        "plies": 20,
        "adjudicated": true,
        "player_a_color": "black",
        "player_a_timeouts": 0,
        "player_b_timeouts": 0,
        "player_a_moves": 10,
        "player_b_moves": 10,
        "player_a_crashes": 0,
        "player_b_crashes": 0,
        "response_times_ms": [
          196.87533299997995,
          196.72358400003986,
          196.3042500000256,
          196.42824999999675,
          196.14454199995635,
          196.34150000001682,
          196.27120900003092,
          196.27645799999982,
          196.1682500000279,
          196.38541599999826,
          196.5148340000269,
          196.26104200000327,
          196.20649999995976,
          196.04883299996345,
          196.80008300002783,
          196.45145900000216,
          196.54795799999647,
          196.10470899999655,
          196.06345899995858,
          196.86112499999808
        ],
        "error": ""
      },
      {
        "opening_name": "italian_game",
        "opening_fen": "r1bqk1nr/pppp1ppp/2n5/2b1p3/2B1P3/5N2/PPPP1PPP/RNBQK2R w KQkq - 4 4",
        "result": "draw",
        "score_a": 0.5,
        "plies": 11,
        "adjudicated": false,
        "player_a_color": "white",
        "player_a_timeouts": 0,
        "player_b_timeouts": 0,
        "player_a_moves": 6,
        "player_b_moves": 5,
        "player_a_crashes": 0,
        "player_b_crashes": 0,
        "response_times_ms": [
          196.56424999999444,
          196.93866700004037,
          196.18866700000126,
          196.6844579999929,
          196.6328749999775,
          196.19041699996842,
          196.153417000005,
          196.10745799997176,
          196.05608299997357,
          196.17499999998245,
          196.318749999989
        ],
        "error": ""
      },
      {
        "opening_name": "italian_game",
        "opening_fen": "r1bqk1nr/pppp1ppp/2n5/2b1p3/2B1P3/5N2/PPPP1PPP/RNBQK2R w KQkq - 4 4",
        "result": "draw",
        "score_a": 0.5,
        "plies": 11,
        "adjudicated": false,
        "player_a_color": "black",
        "player_a_timeouts": 0,