{
  "feedback_source": "self_play",
  "summary": {
    "games": 16,
    "wins_a": 2,
    "losses_a": 2,
    "draws": 12,
    "score_a": 8.0,
    "mean_score_a": 0.5,
    "game_scores_a": [
      0.5,
      0.5,
      0.0,
      1.0,
      0.5,
      0.5,
      0.5,
      0.5,
      1.0,
      0.0,
      0.5,
      0.5,
      0.5,
      0.5,
      0.5,
      0.5
    ],
    "player_a_moves": 121,
    "player_b_moves": 121,
    "player_a_timeouts": 0,
    "player_b_timeouts": 0,
    "player_a_crashes": 0,
    "player_b_crashes": 0,
    "results": [
      {
        "opening_name": "startpos",
        "opening_fen": "rnbqkbnr/pppppppp/8/8/8/8/PPPPPPPP/RNBQKBNR w KQkq - 0 1",
        "result": "draw",
        "score_a": 0.5,
        "plies": 13,
        "adjudicated": false,
        "player_a_color": "white",
        "player_a_timeouts": 0,
        "player_b_timeouts": 0,
        "player_a_moves": 7,
        "player_b_moves": 6,
        "player_a_crashes": 0,
        "player_b_crashes": 0,
        "response_times_ms": [
          196.65041700000074,
          196.09320799999352,
          196.6688750000003,
          196.38724999998658,
          196.220167000007,
          196.1063749999994,
          196.58466599999258,
          196.16008300000942,
          196.48991699999385,
          196.5486659999982,
          196.2769590000022,
          196.45208400000058,
          196.54441700001257
        ],
        "error": ""
      },
      {
        "opening_name": "startpos",
        "opening_fen": "rnbqkbnr/pppppppp/8/8/8/8/PPPPPPPP/RNBQKBNR w KQkq - 0 1",
        "result": "draw",
        "score_a": 0.5,
        "plies": 13,
        "adjudicated": false,
        "player_a_color": "black",
        "player_a_timeouts": 0,
        "player_b_timeouts": 0,
        "player_a_moves": 6,
        "player_b_moves": 7,
        "player_a_crashes": 0,
        "player_b_crashes": 0,
        "response_times_ms": [
          196.07170799999096,
          196.0578340000012,
          196.23612499999865,
          196.31879199999958,
          196.255708999999,
          196.28325000000757,
          196.37579100000835,
          196.23445800000638,
          196.13412500000038,
          196.20320800000002,
          196.52133300000685,
          196.16475000000833,
          196.09049999999684
        ],
        "error": ""
      },
      {
        "opening_name": "queens_pawn",
        "opening_fen": "rnbqkbnr/ppp1pppp/8/3p4/3P4/8/PPP1PPPP/RNBQKBNR w KQkq - 0 2",
        "result": "loss",
        "score_a": 0.0,
        "plies": 20,
        "adjudicated": true,
        "player_a_color": "white",
        "player_a_timeouts": 0,
        "player_b_timeouts": 0,
        "player_a_moves": 10,
        "player_b_moves": 10,
        "player_a_crashes": 0,
        "player_b_crashes": 0,
        "response_times_ms": [
          196.17512499999634,
          196.66958300000204,
          196.30200000000286,
          196.27608300000077,
          196.53095799999676,
          196.49670799999797,
          196.10166700000775,
          196.21608299999593,
          196.1698749999954,
          196.18012499999793,
          196.62091600000053,
          196.07545800000992,
          196.2166669999874,
          196.04633299999819,
          196.21899999999926,
          196.037208000007,
          196.0860000000082,
          196.08362499999998,
          196.5295420000075,
          196.2392909999977
        ],
        "error": ""
      },
      {
        "opening_name": "queens_pawn",
        "opening_fen": "rnbqkbnr/ppp1pppp/8/3p4/3P4/8/PPP1PPPP/RNBQKBNR w KQkq - 0 2",
        "result": "win",
        "score_a": 1.0,
        "plies": 20,
        "adjudicated": true,
        "player_a_color": "black",
        "player_a_timeouts": 0,
        "player_b_timeouts": 0,
        "player_a_moves": 10,
        "player_b_moves": 10,
        "player_a_crashes": 0,
        "player_b_crashes": 0,
        "response_times_ms": [
          196.6439159999993,
          196.54862500000547,
          196.38987500000837,
          196.43058299999439,
          196.28391700000236,
          196.76108400000203,
          196.30220799999165,
          196.26254199999948,
          196.54441699999836,
          196.26112499999238,
          196.1982499999948,
          196.15333299999804,
          196.22570800000005,
          196.18170800001167,
          196.16137500000264,
          196.17470800000092,
          196.30458299999987,
          196.47291699999414,
          196.23720799999944,
          196.20899999999608
        ],
        "error": ""
      },
      {
        "opening_name": "ruy_lopez",
        "opening_fen": "r1bqkbnr/pppp1ppp/2n5/1B2p3/4P3/5N2/PPPP1PPP/RNBQK2R b KQkq - 3 3",
        "result": "draw",
        "score_a": 0.5,
        "plies": 17,
        "adjudicated": false,
        "player_a_color": "white",
        "player_a_timeouts": 0,
        "player_b_timeouts": 0,
        "player_a_moves": 8,
        "player_b_moves": 9,
        "player_a_crashes": 0,
        "player_b_crashes": 0,
        "response_times_ms": [
          196.35220899999695,
          196.388958,
          196.15062500000136,
          196.17179200000123,
          196.0984580000087,
          196.13529200000812,
          196.08266699999888,
          196.21116699998709,
          196.40170899999987,
          196.03583299999627,
          196.4476659999974,
          196.05774999999426,
          196.123041000007,
          196.55912500000738,
          196.2779170000033,
          196.2209170000051,
          196.30516700000555
        ],
        "error": ""
      },
      {
        "opening_name": "ruy_lopez",
        "opening_fen": "r1bqkbnr/pppp1ppp/2n5/1B2p3/4P3/5N2/PPPP1PPP/RNBQK2R b KQkq - 3 3",
        "result": "draw",
        "score_a": 0.5,
        "plies": 17,
        "adjudicated": false,
        "player_a_color": "black",
        "player_a_timeouts": 0,
        "player_b_timeouts": 0,
        "player_a_moves": 9,
        "player_b_moves": 8,
        "player_a_crashes": 0,
        "player_b_crashes": 0,
        "response_times_ms": [
          196.352791999999,
          196.21566699998993,
          196.1632499999979,
          196.15708400000642,
          196.32762500000922,
          196.53279100000987,
          196.53004199999202,
          196.25116699999978,
          196.5757090000011,
          196.10470899999655,
          196.26329099999396,
          196.06045800000516,
          196.30029100000002,
          196.26316700001212,
          196.1556669999993,
          196.22975000000054,
          196.31141700000398
        ],
        "error": ""
      },
      {
        "opening_name": "italian_game",
        "opening_fen": "r1bqk1nr/pppp1ppp/2n5/2b1p3/2B1P3/5N2/PPPP1PPP/RNBQK2R w KQkq - 4 4",
        "result": "draw",
        "score_a": 0.5,
        "plies": 11,
        "adjudicated": false,
        "player_a_color": "white",
        "player_a_timeouts": 0,
        "player_b_timeouts": 0,
        "player_a_moves": 6,
        "player_b_moves": 5,
        "player_a_crashes": 0,
        "player_b_crashes": 0,
        "response_times_ms": [
          196.1997920000016,
          196.13408400000765,
          196.03591700000322,
          196.67400000000157,
          196.16100000000358,
          196.40241599999797,
          196.3939580000016,
          196.09762499999306,
          196.52099999998995,
          196.30854199999703,
          196.43583299999534
        ],
        "error": ""
      },
      {
        "opening_name": "italian_game",
        "opening_fen": "r1bqk1nr/pppp1ppp/2n5/2b1p3/2B1P3/5N2/PPPP1PPP/RNBQK2R w KQkq - 4 4",
        "result": "draw",
        "score_a": 0.5,
        "plies": 11,
        "adjudicated": false,
        "player_a_color": "black",
        "player_a_timeouts": 0,
        "player_b_timeouts": 0,
        "player_a_moves": 5,
        "player_b_moves": 6,
        "player_a_crashes": 0,
        "player_b_crashes": 0,