{
  "feedback_source": "self_play",
  "summary": {
    "games": 16,
    "wins_a": 1,
    "losses_a": 1,
    "draws": 14,
    "score_a": 8.0,
    "mean_score_a": 0.5,
    "game_scores_a": [
      0.5,
      0.5,
      0.5,
      0.5,
      1.0,
      0.0,
      0.5,
      0.5,
      0.5,
      0.5,
      0.5,
      0.5,
      0.5,
      0.5,
      0.5,
      0.5
    ],
    "player_a_moves": 133,
    "player_b_moves": 133,
    "player_a_timeouts": 0,
    "player_b_timeouts": 0,
    "player_a_crashes": 0,
    "player_b_crashes": 0,
    "results": [
      {
        "opening_name": "startpos",
        "opening_fen": "rnbqkbnr/pppppppp/8/8/8/8/PPPPPPPP/RNBQKBNR w KQkq - 0 1",
        "result": "draw",
        "score_a": 0.5,
        "plies": 13,
        "adjudicated": false,
        "player_a_color": "white",
        "player_a_timeouts": 0,
        "player_b_timeouts": 0,
        "player_a_moves": 7,
        "player_b_moves": 6,
        "player_a_crashes": 0,
        "player_b_crashes": 0,
        "response_times_ms": [
          196.1750000000393,
          196.69837500009635,
          196.44783299997925,
          196.26162500003375,
          196.16058399992653,
          196.1205830000381,
          196.34979200009184,
          196.0919580000109,
          196.6978329999165,
          196.20499999996355,
          196.07362499993997,
          196.6036249999661,
          196.42195900007664
        ],
        "error": ""
      },
      {
        "opening_name": "startpos",
        "opening_fen": "rnbqkbnr/pppppppp/8/8/8/8/PPPPPPPP/RNBQKBNR w KQkq - 0 1",
        "result": "draw",
        "score_a": 0.5,
        "plies": 13,
        "adjudicated": false,
        "player_a_color": "black",
        "player_a_timeouts": 0,
        "player_b_timeouts": 0,
        "player_a_moves": 6,
        "player_b_moves": 7,
        "player_a_crashes": 0,
        "player_b_crashes": 0,
        "response_times_ms": [
          196.41229100000146,
          196.06837499998164,
          196.23954100006813,
          196.4658330000475,
          196.81037500004095,
          196.31479199995283,
          196.48225000003094,
          196.43883300000198,
          196.83937499996773,
          196.72008300005928,
          196.9421249999641,
          197.01825000004192,
          196.1457080000173
        ],
        "error": ""
      },
      {
        "opening_name": "queens_pawn",
        "opening_fen": "rnbqkbnr/ppp1pppp/8/3p4/3P4/8/PPP1PPPP/RNBQKBNR w KQkq - 0 2",
        "result": "draw",
        "score_a": 0.5,
        "plies": 20,
        "adjudicated": true,
        "player_a_color": "white",
        "player_a_timeouts": 0,
        "player_b_timeouts": 0,
        "player_a_moves": 10,
        "player_b_moves": 10,
        "player_a_crashes": 0,
        "player_b_crashes": 0,
        "response_times_ms": [
          196.49329200001375,
          196.29120799993416,
          196.76945899993825,
          196.69874999999593,
          196.25637499996174,
          196.53062499992302,
          196.18975000003047,
          196.5760829999681,
          196.22758299999532,
          196.05904200000168,
          196.22620799998458,
          196.0425419999865,
          196.26491600001827,
          196.0533750000195,
          196.18224999999256,
          196.19620799994664,
          196.3058750000073,
          196.43262499994307,
          196.20433399995818,
          196.81958399996802
        ],
        "error": ""
      },
      {
        "opening_name": "queens_pawn",
        "opening_fen": "rnbqkbnr/ppp1pppp/8/3p4/3P4/8/PPP1PPPP/RNBQKBNR w KQkq - 0 2",
        "result": "draw",
        "score_a": 0.5,
        "plies": 20,
        "adjudicated": true,
        "player_a_color": "black",
        "player_a_timeouts": 0,
        "player_b_timeouts": 0,
        "player_a_moves": 10,
        "player_b_moves": 10,
        "player_a_crashes": 0,
        "player_b_crashes": 0,
        "response_times_ms": [
          196.26808399993934,
          196.21775000007347,
          196.09216599997126,
          196.16258300004574,
          210.04658399999698,
          196.05712500003847,
          196.87033300010626,
          196.4265000000296,
          196.2042500000507,
          196.07879199998024,
          196.72300000001997,
          196.84762500003217,
          196.47075000000314,
          196.61245800000415,
          196.17570800005524,
          196.27524999998514,
          196.44879099996615,
          196.2655840000025,
          196.22749999996358,
          196.5973749998966
        ],
        "error": ""
      },
      {
        "opening_name": "ruy_lopez",
        "opening_fen": "r1bqkbnr/pppp1ppp/2n5/1B2p3/4P3/5N2/PPPP1PPP/RNBQK2R b KQkq - 3 3",
        "result": "win",
        "score_a": 1.0,
        "plies": 20,
        "adjudicated": true,
        "player_a_color": "white",
        "player_a_timeouts": 0,
        "player_b_timeouts": 0,
        "player_a_moves": 10,
        "player_b_moves": 10,
        "player_a_crashes": 0,
        "player_b_crashes": 0,
        "response_times_ms": [
          196.9430840000541,
          196.05412500004604,
          196.3595830000031,
          196.31654200009052,
          196.44229200002883,
          196.2599579999278,
          196.13254099999722,
          196.87075000001641,
          196.5373750000481,
          196.28241600003093,
          196.15779200000816,
          196.40499999991334,
          196.35362500002884,
          196.30320799990386,
          196.41262499999357,
          196.73183300005803,
          196.23929199997292,
          196.32216699994842,
          196.30591600002845,
          196.53475000006893
        ],
        "error": ""
      },
      {
        "opening_name": "ruy_lopez",
        "opening_fen": "r1bqkbnr/pppp1ppp/2n5/1B2p3/4P3/5N2/PPPP1PPP/RNBQK2R b KQkq - 3 3",
        "result": "loss",
        "score_a": 0.0,
        "plies": 20,
        "adjudicated": true,
        "player_a_color": "black",
        "player_a_timeouts": 0,
        "player_b_timeouts": 0,
        "player_a_moves": 10,
        "player_b_moves": 10,
        "player_a_crashes": 0,
        "player_b_crashes": 0,
        "response_times_ms": [
          196.12591700001758,
          196.26791700000012,
          196.68624999997064,
          196.07270799997423,
          196.41395899998315,
          196.086207999997,
          196.7490419999649,
          196.62416599999233,
          196.16533400005665,
          196.50545900003635,
          196.21745899996768,
          196.34870899994894,
          196.11633300007725,
          196.11220900003445,
          196.07491700003266,
          196.51491699994494,
          196.3674579999406,
          196.1402500000986,
          196.1478339999303,
          196.40604099993197
        ],
        "error": ""
      },
      {
        "opening_name": "italian_game",
        "opening_fen": "r1bqk1nr/pppp1ppp/2n5/2b1p3/2B1P3/5N2/PPPP1PPP/RNBQK2R w KQkq - 4 4",
        "result": "draw",
        "score_a": 0.5,
        "plies": 11,
        "adjudicated": false,
        "player_a_color": "white",
        "player_a_timeouts": 0,
        "player_b_timeouts": 0,
        "player_a_moves": 6,
        "player_b_moves": 5,
        "player_a_crashes": 0,
        "player_b_crashes": 0,
        "response_times_ms": [
          196.31454199998188,
          196.7312500000844,
          196.88766700005544,
          196.81537500002833,
          196.30229200004123,
          200.41537499992046,
          196.48195899992515,
          196.19266699999116,
          199.1374579999956,
          196.5202500000487,
          196.1657079999668
        ],
        "error": ""
      },
      {
        "opening_name": "italian_game",
        "opening_fen": "r1bqk1nr/pppp1ppp/2n5/2b1p3/2B1P3/5N2/PPPP1PPP/RNBQK2R w KQkq - 4 4",
        "result": "draw",
        "score_a": 0.5,
        "plies": 11,
        "adjudicated": false,
        "player_a_color": "black",