{
  "feedback_source": "self_play",
  "summary": {
    "games": 16,
    "wins_a": 1,
    "losses_a": 1,
    "draws": 14,
    "score_a": 8.0,
    "mean_score_a": 0.5,
    "game_scores_a": [
      0.5,
      0.5,
      0.0,
      1.0,
      0.5,
      0.5,
      0.5,
      0.5,
      0.5,
      0.5,
      0.5,
      0.5,
      0.5,
      0.5,
      0.5,
      0.5
    ],
    "player_a_moves": 111,
    "player_b_moves": 111,
    "player_a_timeouts": 0,
    "player_b_timeouts": 0,
    "player_a_crashes": 0,
    "player_b_crashes": 0,
    "results": [
      {
        "opening_name": "startpos",
        "opening_fen": "rnbqkbnr/pppppppp/8/8/8/8/PPPPPPPP/RNBQKBNR w KQkq - 0 1",
        "result": "draw",
        "score_a": 0.5,
        "plies": 13,
        "adjudicated": false,
        "player_a_color": "white",
        "player_a_timeouts": 0,
        "player_b_timeouts": 0,
        "player_a_moves": 7,
        "player_b_moves": 6,
        "player_a_crashes": 0,
        "player_b_crashes": 0,
        "response_times_ms": [
          196.14825000000735,
          196.37537500000235,
          196.0547089999949,
          196.51920900000164,
          196.08529200000646,
          196.22204200000226,
          196.08799999998894,
          196.1574999999982,
          196.222542000001,
          196.3133330000062,
          196.3420840000083,
          196.11916600000256,
          196.53470899999093
        ],
        "error": ""
      },
      {
        "opening_name": "startpos",
        "opening_fen": "rnbqkbnr/pppppppp/8/8/8/8/PPPPPPPP/RNBQKBNR w KQkq - 0 1",
        "result": "draw",
        "score_a": 0.5,
        "plies": 13,
        "adjudicated": false,
        "player_a_color": "black",
        "player_a_timeouts": 0,
        "player_b_timeouts": 0,
        "player_a_moves": 6,
        "player_b_moves": 7,
        "player_a_crashes": 0,
        "player_b_crashes": 0,
        "response_times_ms": [
          196.0589999999911,
          196.15891700000532,
          196.10366599999907,
          196.48779199999922,
          196.05216700000483,
          196.08300000000156,
          196.3057500000076,
          196.11233300000208,
          196.08150000000535,
          196.25645799999347,
          196.1035839999994,
          196.20950000000903,
          196.549332999993
        ],
        "error": ""
      },
      {
        "opening_name": "queens_pawn",
        "opening_fen": "rnbqkbnr/ppp1pppp/8/3p4/3P4/8/PPP1PPPP/RNBQKBNR w KQkq - 0 2",
        "result": "loss",
        "score_a": 0.0,
        "plies": 20,
        "adjudicated": true,
        "player_a_color": "white",
        "player_a_timeouts": 0,
        "player_b_timeouts": 0,
        "player_a_moves": 10,
        "player_b_moves": 10,
        "player_a_crashes": 0,
        "player_b_crashes": 0,
        "response_times_ms": [
          196.16458299999806,
          196.13037500000985,
          196.18091599998877,
          196.73020899999472,
          196.4374169999985,
          196.41166700000667,
          196.2618750000047,
          196.30133299999386,
          196.5482499999922,
          196.2121250000024,
          196.156208000005,
          196.15662500000042,
          196.2715000000088,
          196.06233300000042,
          196.06925000000786,
          196.30408300000113,
          196.5701670000044,
          196.03933400000528,
          196.3175839999991,
          196.18845800000884
        ],
        "error": ""
      },
      {
        "opening_name": "queens_pawn",
        "opening_fen": "rnbqkbnr/ppp1pppp/8/3p4/3P4/8/PPP1PPPP/RNBQKBNR w KQkq - 0 2",
        "result": "win",
        "score_a": 1.0,
        "plies": 20,
        "adjudicated": true,
        "player_a_color": "black",
        "player_a_timeouts": 0,
        "player_b_timeouts": 0,
        "player_a_moves": 10,
        "player_b_moves": 10,
        "player_a_crashes": 0,
        "player_b_crashes": 0,
        "response_times_ms": [
          197.22237500000972,
          196.31262499999025,
          196.2550420000042,
          196.72724999999502,
          196.6466670000102,
          196.07837499999903,
          196.11541599999782,
          196.20462499999292,
          196.16687500000296,
          196.36679199999207,
          196.21616599999925,
          196.05454200001304,
          196.16179199999806,
          196.05575000001352,
          196.13866599999596,
          196.0426670000004,
          196.2056249999904,
          196.25291699999536,
          196.10783299999923,
          196.1199170000043
        ],
        "error": ""
      },
      {
        "opening_name": "ruy_lopez",
        "opening_fen": "r1bqkbnr/pppp1ppp/2n5/1B2p3/4P3/5N2/PPPP1PPP/RNBQK2R b KQkq - 3 3",
        "result": "draw",
        "score_a": 0.5,
        "plies": 11,
        "adjudicated": false,
        "player_a_color": "white",
        "player_a_timeouts": 0,
        "player_b_timeouts": 0,
        "player_a_moves": 5,
        "player_b_moves": 6,
        "player_a_crashes": 0,
        "player_b_crashes": 0,
        "response_times_ms": [
          196.2218750000062,
          196.15512499999,
          196.0780839999927,
          196.55950000000644,
          196.10145800000112,
          196.13545900000418,
          196.48012499999368,
          196.23158400000307,
          196.12466700000653,
          196.18120799999872,
          196.50683399999025
        ],
        "error": ""
      },
      {
        "opening_name": "ruy_lopez",
        "opening_fen": "r1bqkbnr/pppp1ppp/2n5/1B2p3/4P3/5N2/PPPP1PPP/RNBQK2R b KQkq - 3 3",
        "result": "draw",
        "score_a": 0.5,
        "plies": 11,
        "adjudicated": false,
        "player_a_color": "black",
        "player_a_timeouts": 0,
        "player_b_timeouts": 0,
        "player_a_moves": 6,
        "player_b_moves": 5,
        "player_a_crashes": 0,
        "player_b_crashes": 0,
        "response_times_ms": [
          196.22612499999548,
          196.38958299999842,
          196.10329199998944,
          196.18549999999857,
          196.6336670000004,
          196.0852500000101,
          196.52566700000307,
          196.3422919999971,
          196.06512500000406,
          196.2155830000114,
          196.07237499999997
        ],
        "error": ""
      },
      {
        "opening_name": "italian_game",
        "opening_fen": "r1bqk1nr/pppp1ppp/2n5/2b1p3/2B1P3/5N2/PPPP1PPP/RNBQK2R w KQkq - 4 4",
        "result": "draw",
        "score_a": 0.5,
        "plies": 11,
        "adjudicated": false,
        "player_a_color": "white",
        "player_a_timeouts": 0,
        "player_b_timeouts": 0,
        "player_a_moves": 6,
        "player_b_moves": 5,
        "player_a_crashes": 0,
        "player_b_crashes": 0,
        "response_times_ms": [
          196.14541699999677,
          196.08825000000252,
          196.21099999999103,
          196.4717500000006,
          196.07999999999493,
          196.2317500000097,
          196.19600000000048,
          196.20912500000998,
          196.52816700001097,
          196.61949999999706,
          196.25670799999284
        ],
        "error": ""
      },
      {
        "opening_name": "italian_game",
        "opening_fen": "r1bqk1nr/pppp1ppp/2n5/2b1p3/2B1P3/5N2/PPPP1PPP/RNBQK2R w KQkq - 4 4",
        "result": "draw",
        "score_a": 0.5,
        "plies": 11,
        "adjudicated": false,
        "player_a_color": "black",
        "player_a_timeouts": 0,
        "player_b_timeouts": 0,
        "player_a_moves": 5,
        "player_b_moves": 6,
        "player_a_crashes": 0,
        "player_b_crashes": 0,
        "response_times_ms": [
          196.12554200000432,
          196.09058300000015,
          196.67908299999226,
          196.7170829999958,
          196.16820800000312,
          196.1621669999971,
          196.24412500000687,
          196.43070799999407,
          196.60012499998913,
          196.53204200000118,
          196.089917000009
        ],