{
  "feedback_source": "self_play",
  "summary": {
    "games": 16,
    "wins_a": 1,
    "losses_a": 1,
    "draws": 14,
    "score_a": 8.0,
    "mean_score_a": 0.5,
    "game_scores_a": [
      0.5,
      0.5,
      0.0,
      1.0,
      0.5,
      0.5,
      0.5,
      0.5,
      0.5,
      0.5,
      0.5,
      0.5,
      0.5,
      0.5,
      0.5,
      0.5
    ],
    "player_a_moves": 121,
    "player_b_moves": 121,
    "player_a_timeouts": 0,
    "player_b_timeouts": 0,
    "player_a_crashes": 0,
    "player_b_crashes": 0,
    "results": [
      {
        "opening_name": "startpos",
        "opening_fen": "rnbqkbnr/pppppppp/8/8/8/8/PPPPPPPP/RNBQKBNR w KQkq - 0 1",
        "result": "draw",
        "score_a": 0.5,
        "plies": 13,
        "adjudicated": false,
        "player_a_color": "white",
        "player_a_timeouts": 0,
        "player_b_timeouts": 0,
        "player_a_moves": 7,
        "player_b_moves": 6,
        "player_a_crashes": 0,
        "player_b_crashes": 0,
        "response_times_ms": [
          196.25704200001337,
          196.14999999998872,
          196.1207920000163,
          196.4611249999848,
          196.22116700000447,
          196.27362500000345,
          196.2013749999869,
          196.56304200000818,
          196.57833299999083,
          196.23258400000054,
          196.23216599998727,
          196.067792000008,
          196.78445899998565
        ],
        "error": ""
      },
      {
        "opening_name": "startpos",
        "opening_fen": "rnbqkbnr/pppppppp/8/8/8/8/PPPPPPPP/RNBQKBNR w KQkq - 0 1",
        "result": "draw",
        "score_a": 0.5,
        "plies": 13,
        "adjudicated": false,
        "player_a_color": "black",
        "player_a_timeouts": 0,
        "player_b_timeouts": 0,
        "player_a_moves": 6,
        "player_b_moves": 7,
        "player_a_crashes": 0,
        "player_b_crashes": 0,
        "response_times_ms": [
          196.34433400000262,
          196.05570800001715,
          196.2242500000002,
          196.2332920000165,
          196.11145799999008,
          196.21195799999214,
          196.28812499999526,
          196.34441700000593,
          196.1708329999965,
          196.23945800000797,
          196.5581249999957,
          196.20783300001676,
          196.17708399999856
        ],
        "error": ""
      },
      {
        "opening_name": "queens_pawn",
        "opening_fen": "rnbqkbnr/ppp1pppp/8/3p4/3P4/8/PPP1PPPP/RNBQKBNR w KQkq - 0 2",
        "result": "loss",
        "score_a": 0.0,
        "plies": 20,
        "adjudicated": true,
        "player_a_color": "white",
        "player_a_timeouts": 0,
        "player_b_timeouts": 0,
        "player_a_moves": 10,
        "player_b_moves": 10,
        "player_a_crashes": 0,
        "player_b_crashes": 0,
        "response_times_ms": [
          196.64779200002158,
          196.17208299999334,
          196.23129199999312,
          196.45058399999016,
          196.10833300001218,
          196.122416999998,
          196.57020900001498,
          196.16312499999822,
          196.51420900001426,
          196.10925000000634,
          196.43395800000008,
          196.30424999999718,
          196.23379200001523,
          196.16583300000912,
          196.2388749999775,
          196.10445800000775,
          196.08133299999508,
          196.2902500000041,
          196.03512500000875,
          196.16712499998812
        ],
        "error": ""
      },
      {
        "opening_name": "queens_pawn",
        "opening_fen": "rnbqkbnr/ppp1pppp/8/3p4/3P4/8/PPP1PPPP/RNBQKBNR w KQkq - 0 2",
        "result": "win",
        "score_a": 1.0,
        "plies": 20,
        "adjudicated": true,
        "player_a_color": "black",
        "player_a_timeouts": 0,
        "player_b_timeouts": 0,
        "player_a_moves": 10,
        "player_b_moves": 10,
        "player_a_crashes": 0,
        "player_b_crashes": 0,
        "response_times_ms": [
          196.13050000000953,
          196.11724999998614,
          196.2003339999967,
          196.86216699997772,
          196.34574999997767,
          196.0655420000137,
          196.3587500000017,
          196.19333300002495,
          196.36162500000864,
          196.0908750000101,
          196.36841700000218,
          196.23350000000528,
          196.1111249999874,
          196.2125409999942,
          196.02029200001425,
          196.15058400000862,
          196.6209579999827,
          196.19712499999764,
          196.12704200000053,
          196.2028340000188
        ],
        "error": ""
      },
      {
        "opening_name": "ruy_lopez",
        "opening_fen": "r1bqkbnr/pppp1ppp/2n5/1B2p3/4P3/5N2/PPPP1PPP/RNBQK2R b KQkq - 3 3",
        "result": "draw",
        "score_a": 0.5,
        "plies": 17,
        "adjudicated": false,
        "player_a_color": "white",
        "player_a_timeouts": 0,
        "player_b_timeouts": 0,
        "player_a_moves": 8,
        "player_b_moves": 9,
        "player_a_crashes": 0,
        "player_b_crashes": 0,
        "response_times_ms": [
          196.06262499999616,
          196.32387499999027,
          196.10258299999828,
          196.06054100000847,
          196.04908299999124,
          196.20179200001076,
          196.02929199999153,
          196.2626250000028,
          196.07229100000723,
          196.24458299998082,
          196.18162499997993,
          196.19520799997758,
          196.0467920000042,
          196.25133399998163,
          196.57712500000457,
          196.07474999997976,
          196.25575000000595
        ],
        "error": ""
      },
      {
        "opening_name": "ruy_lopez",
        "opening_fen": "r1bqkbnr/pppp1ppp/2n5/1B2p3/4P3/5N2/PPPP1PPP/RNBQK2R b KQkq - 3 3",
        "result": "draw",
        "score_a": 0.5,
        "plies": 17,
        "adjudicated": false,
        "player_a_color": "black",
        "player_a_timeouts": 0,
        "player_b_timeouts": 0,
        "player_a_moves": 9,
        "player_b_moves": 8,
        "player_a_crashes": 0,
        "player_b_crashes": 0,
        "response_times_ms": [
          196.2421249999977,
          196.23258400000054,
          196.58241599998405,
          196.27329100001134,
          196.24037500000213,
          196.15225000001146,
          196.08058299999698,
          196.15300000000957,
          196.3025000000016,
          196.1242500000253,
          196.05812500000752,
          196.14654200000814,
          196.5544589999979,
          196.17120899999918,
          196.26733300000865,
          196.04787500000498,
          196.2362910000195
        ],
        "error": ""
      },
      {
        "opening_name": "italian_game",
        "opening_fen": "r1bqk1nr/pppp1ppp/2n5/2b1p3/2B1P3/5N2/PPPP1PPP/RNBQK2R w KQkq - 4 4",
        "result": "draw",
        "score_a": 0.5,
        "plies": 11,
        "adjudicated": false,
        "player_a_color": "white",
        "player_a_timeouts": 0,
        "player_b_timeouts": 0,
        "player_a_moves": 6,
        "player_b_moves": 5,
        "player_a_crashes": 0,
        "player_b_crashes": 0,
        "response_times_ms": [
          196.17708399999856,
          196.14562499998556,
          196.39241699999843,
          196.53400000001398,
          196.11550000001898,
          196.39749999998912,
          196.5011249999975,
          196.30666699998756,
          196.05795799998305,
          196.56891600001813,
          196.5029579999964
        ],
        "error": ""
      },
      {
        "opening_name": "italian_game",
        "opening_fen": "r1bqk1nr/pppp1ppp/2n5/2b1p3/2B1P3/5N2/PPPP1PPP/RNBQK2R w KQkq - 4 4",
        "result": "draw",
        "score_a": 0.5,
        "plies": 11,
        "adjudicated": false,
        "player_a_color": "black",
        "player_a_timeouts": 0,
        "player_b_timeouts": 0,
        "player_a_moves": 5,
        "player_b_moves": 6,
        "player_a_crashes": 0,
        "player_b_crashes": 0,