{
  "feedback_source": "self_play",
  "summary": {
    "games": 16,
    "wins_a": 2,
    "losses_a": 1,
    "draws": 13,
    "score_a": 8.5,
    "mean_score_a": 0.53125,
    "game_scores_a": [
      0.5,
      0.5,
      0.5,
      0.5,
      0.5,
      0.5,
      0.5,
      0.5,
      0.5,
      0.5,
      1.0,
      0.5,
      1.0,
      0.5,
      0.5,
      0.0
    ],
    "player_a_moves": 142,
    "player_b_moves": 143,
    "player_a_timeouts": 0,
    "player_b_timeouts": 0,
    "player_a_crashes": 0,
    "player_b_crashes": 0,
    "results": [
      {
        "opening_name": "startpos",
        "opening_fen": "rnbqkbnr/pppppppp/8/8/8/8/PPPPPPPP/RNBQKBNR w KQkq - 0 1",
        "result": "draw",
        "score_a": 0.5,
        "plies": 13,
        "adjudicated": false,
        "player_a_color": "white",
        "player_a_timeouts": 0,
        "player_b_timeouts": 0,
        "player_a_moves": 7,
        "player_b_moves": 6,
        "player_a_crashes": 0,
        "player_b_crashes": 0,
        "response_times_ms": [
          197.00095799998962,
          196.54629199999363,
          197.13970800012248,
          197.75141600007373,
          197.13637500012737,
          197.16629199979252,
          196.7048330000125,
          198.22408400000313,
          199.84262499997385,
          198.12112499994328,
          197.40291600010096,
          197.75316699997347,
          221.1378340000465
        ],
        "error": ""
      },
      {
        "opening_name": "startpos",
        "opening_fen": "rnbqkbnr/pppppppp/8/8/8/8/PPPPPPPP/RNBQKBNR w KQkq - 0 1",
        "result": "draw",
        "score_a": 0.5,
        "plies": 13,
        "adjudicated": false,
        "player_a_color": "black",
        "player_a_timeouts": 0,
        "player_b_timeouts": 0,
        "player_a_moves": 6,
        "player_b_moves": 7,
        "player_a_crashes": 0,
        "player_b_crashes": 0,
        "response_times_ms": [
          207.72229199997128,
          196.8677499999103,
          223.18124999992506,
          196.45366700001432,
          196.53087500000765,
          196.43345800000134,
          198.04950000002464,
          197.53508300004796,
          198.85383399991952,
          198.57408400002896,
          197.46233300020322,
          200.72233399992,
          196.64099999999962
        ],
        "error": ""
      },
      {
        "opening_name": "queens_pawn",
        "opening_fen": "rnbqkbnr/ppp1pppp/8/3p4/3P4/8/PPP1PPPP/RNBQKBNR w KQkq - 0 2",
        "result": "draw",
        "score_a": 0.5,
        "plies": 20,
        "adjudicated": true,
        "player_a_color": "white",
        "player_a_timeouts": 0,
        "player_b_timeouts": 0,
        "player_a_moves": 10,
        "player_b_moves": 10,
        "player_a_crashes": 0,
        "player_b_crashes": 0,
        "response_times_ms": [
          196.97500000006585,
          196.75395900003423,
          430.80016699991575,
          198.46341599986772,
          205.2072499998303,
          205.47133299987763,
          197.07024999979694,
          200.36049999998795,
          198.40608299978157,
          197.64708400020936,
          196.7805839999528,
          196.23358400008328,
          196.5595840001697,
          198.0601249999836,
          345.4380420000689,
          198.10158300015246,
          196.11412499989456,
          196.2397909999254,
          198.82208300009552,
          197.0694999999978
        ],
        "error": ""
      },
      {
        "opening_name": "queens_pawn",
        "opening_fen": "rnbqkbnr/ppp1pppp/8/3p4/3P4/8/PPP1PPPP/RNBQKBNR w KQkq - 0 2",
        "result": "draw",
        "score_a": 0.5,
        "plies": 18,
        "adjudicated": false,
        "player_a_color": "black",
        "player_a_timeouts": 0,
        "player_b_timeouts": 0,
        "player_a_moves": 9,
        "player_b_moves": 9,
        "player_a_crashes": 0,
        "player_b_crashes": 0,
        "response_times_ms": [
          197.37429200017687,
          196.8214999999418,
          197.22058299998935,
          196.92812499988577,
          207.37708299998303,
          208.00345799989373,
          196.8374580001182,
          198.8061669999297,
          204.81770900005358,
          208.36791700003232,
          205.4457909998746,
          203.29991600010544,
          198.64837499994792,
          196.95737500001087,
          196.58916699995643,
          196.15199999998367,
          196.69141700001092,
          196.7367079998894
        ],
        "error": ""
      },
      {
        "opening_name": "ruy_lopez",
        "opening_fen": "r1bqkbnr/pppp1ppp/2n5/1B2p3/4P3/5N2/PPPP1PPP/RNBQK2R b KQkq - 3 3",
        "result": "draw",
        "score_a": 0.5,
        "plies": 20,
        "adjudicated": true,
        "player_a_color": "white",
        "player_a_timeouts": 0,
        "player_b_timeouts": 0,
        "player_a_moves": 10,
        "player_b_moves": 10,
        "player_a_crashes": 0,
        "player_b_crashes": 0,
        "response_times_ms": [
          198.0022090001512,
          328.44116599994777,
          217.95483400001103,
          196.944958000131,
          196.72029100001964,
          196.68966699987322,
          196.1572090001482,
          198.1297499999073,
          196.8484169999556,
          206.14120799996272,
          209.902958000157,
          196.4485840001089,
          197.63975000000755,
          208.84437499989872,
          199.72412499987513,
          331.94929199999024,
          199.58166600008553,
          217.4092909999672,
          258.0244580001363,
          256.44229099998483
        ],
        "error": ""
      },
      {
        "opening_name": "ruy_lopez",
        "opening_fen": "r1bqkbnr/pppp1ppp/2n5/1B2p3/4P3/5N2/PPPP1PPP/RNBQK2R b KQkq - 3 3",
        "result": "draw",
        "score_a": 0.5,
        "plies": 20,
        "adjudicated": true,
        "player_a_color": "black",
        "player_a_timeouts": 0,
        "player_b_timeouts": 0,
        "player_a_moves": 10,
        "player_b_moves": 10,
        "player_a_crashes": 0,
        "player_b_crashes": 0,
        "response_times_ms": [
          196.99004199992487,
          197.07162500003506,
          202.12833300001876,
          201.1761660000957,
          197.00012500015873,
          197.18520799983708,
          197.20391700002438,
          196.41808300002594,
          197.02312499998698,
          205.072416999883,
          198.3469580000019,
          196.24820900003215,
          196.37529199985693,
          196.85649999996713,
          197.80400000013287,
          196.40266600003997,
          196.54237500003546,
          197.2342919998482,
          196.64758300018548,
          197.44087499998386
        ],
        "error": ""
      },
      {
        "opening_name": "italian_game",
        "opening_fen": "r1bqk1nr/pppp1ppp/2n5/2b1p3/2B1P3/5N2/PPPP1PPP/RNBQK2R w KQkq - 4 4",
        "result": "draw",
        "score_a": 0.5,
        "plies": 16,
        "adjudicated": false,
        "player_a_color": "white",
        "player_a_timeouts": 0,
        "player_b_timeouts": 0,
        "player_a_moves": 8,
        "player_b_moves": 8,
        "player_a_crashes": 0,
        "player_b_crashes": 0,
        "response_times_ms": [
          196.32333300000937,
          196.71491700000843,
          196.9475829998828,
          196.61091599982683,
          207.70537499993225,
          306.28454099996816,
          198.8606659999732,
          197.015040999986,
          196.7591249999714,
          198.7125840000772,
          196.6554170001018,
          196.58537500004059,
          199.1129580001143,
          201.144708999891,
          196.32062499999847,
          197.46233299997584
        ],
        "error": ""
      },
      {
        "opening_name": "italian_game",
        "opening_fen": "r1bqk1nr/pppp1ppp/2n5/2b1p3/2B1P3/5N2/PPPP1PPP/RNBQK2R w KQkq - 4 4",
        "result": "draw",
        "score_a": 0.5,
        "plies": 20,