{
  "feedback_source": "self_play",
  "summary": {
    "games": 16,
    "wins_a": 2,
    "losses_a": 4,
    "draws": 10,
    "score_a": 7.0,
    "mean_score_a": 0.4375,
    "game_scores_a": [
      0.5,
      0.5,
      0.0,
      1.0,
      0.5,
      0.5,
      0.0,
      0.5,
      1.0,
      0.0,
      0.5,
      0.5,
      0.5,
      0.0,
      0.5,
      0.5
    ],
    "player_a_moves": 129,
    "player_b_moves": 129,
    "player_a_timeouts": 0,
    "player_b_timeouts": 0,
    "player_a_crashes": 0,
    "player_b_crashes": 0,
    "results": [
      {
        "opening_name": "startpos",
        "opening_fen": "rnbqkbnr/pppppppp/8/8/8/8/PPPPPPPP/RNBQKBNR w KQkq - 0 1",
        "result": "draw",
        "score_a": 0.5,
        "plies": 13,
        "adjudicated": false,
        "player_a_color": "white",
        "player_a_timeouts": 0,
        "player_b_timeouts": 0,
        "player_a_moves": 7,
        "player_b_moves": 6,
        "player_a_crashes": 0,
        "player_b_crashes": 0,
        "response_times_ms": [
          196.1892500000033,
          196.1474590000023,
          196.37883300001135,
          196.1275000000171,
          196.10499999998865,
          196.23654099999044,
          196.18741700000442,
          196.18766700000378,
          196.29287499998327,
          196.29587500000412,
          196.10412500000507,
          196.2399580000067,
          196.20912499999577
        ],
        "error": ""
      },
      {
        "opening_name": "startpos",
        "opening_fen": "rnbqkbnr/pppppppp/8/8/8/8/PPPPPPPP/RNBQKBNR w KQkq - 0 1",
        "result": "draw",
        "score_a": 0.5,
        "plies": 13,
        "adjudicated": false,
        "player_a_color": "black",
        "player_a_timeouts": 0,
        "player_b_timeouts": 0,
        "player_a_moves": 6,
        "player_b_moves": 7,
        "player_a_crashes": 0,
        "player_b_crashes": 0,
        "response_times_ms": [
          196.223582999977,
          196.24087500000087,
          196.2798330000055,
          196.2957090000259,
          196.34195800000498,
          196.3009579999948,
          196.15812499998242,
          196.03899999998475,
          196.73287500000924,
          196.43599999997718,
          196.14591700002393,
          196.1815830000262,
          196.34883399999126
        ],
        "error": ""
      },
      {
        "opening_name": "queens_pawn",
        "opening_fen": "rnbqkbnr/ppp1pppp/8/3p4/3P4/8/PPP1PPPP/RNBQKBNR w KQkq - 0 2",
        "result": "loss",
        "score_a": 0.0,
        "plies": 20,
        "adjudicated": true,
        "player_a_color": "white",
        "player_a_timeouts": 0,
        "player_b_timeouts": 0,
        "player_a_moves": 10,
        "player_b_moves": 10,
        "player_a_crashes": 0,
        "player_b_crashes": 0,
        "response_times_ms": [
          196.47812499999873,
          196.27199999999334,
          196.22066700000573,
          196.05095800000072,
          196.24916700001904,
          196.34354199999393,
          196.55862499999444,
          196.08062500000756,
          196.05770900000152,
          196.4458750000233,
          196.29875000001107,
          196.49520899997697,
          238.36858299998198,
          196.4959160000035,
          196.10120799998754,
          196.40937500000177,
          196.33595800002013,
          196.13462500001333,
          196.80441700000983,
          196.19179199997916
        ],
        "error": ""
      },
      {
        "opening_name": "queens_pawn",
        "opening_fen": "rnbqkbnr/ppp1pppp/8/3p4/3P4/8/PPP1PPPP/RNBQKBNR w KQkq - 0 2",
        "result": "win",
        "score_a": 1.0,
        "plies": 20,
        "adjudicated": true,
        "player_a_color": "black",
        "player_a_timeouts": 0,
        "player_b_timeouts": 0,
        "player_a_moves": 10,
        "player_b_moves": 10,
        "player_a_crashes": 0,
        "player_b_crashes": 0,
        "response_times_ms": [
          196.09537499999874,
          196.2534169999799,
          196.16487500002222,
          196.07466600001544,
          196.12958300001537,
          196.56783299998892,
          205.46220800000015,
          196.45850000000564,
          196.2086670000076,
          196.17554100000234,
          196.19879200001833,
          196.2614589999987,
          196.1372499999925,
          196.13674999999375,
          196.1657500000058,
          196.17920799998956,
          196.7375830000151,
          196.2438749999933,
          196.1080829999844,
          196.05408300000704
        ],
        "error": ""
      },
      {
        "opening_name": "ruy_lopez",
        "opening_fen": "r1bqkbnr/pppp1ppp/2n5/1B2p3/4P3/5N2/PPPP1PPP/RNBQK2R b KQkq - 3 3",
        "result": "draw",
        "score_a": 0.5,
        "plies": 15,
        "adjudicated": false,
        "player_a_color": "white",
        "player_a_timeouts": 0,
        "player_b_timeouts": 0,
        "player_a_moves": 7,
        "player_b_moves": 8,
        "player_a_crashes": 0,
        "player_b_crashes": 0,
        "response_times_ms": [
          196.03433300000006,
          196.10508299999196,
          196.40904100000967,
          196.5881249999768,
          196.0688750000088,
          196.49491700002386,
          196.10125000002654,
          196.26666600001386,
          196.57558299999778,
          196.08491600001798,
          196.2109160000125,
          196.36008300000185,
          196.2896659999842,
          196.4300420000029,
          196.39195800002085
        ],
        "error": ""
      },
      {
        "opening_name": "ruy_lopez",
        "opening_fen": "r1bqkbnr/pppp1ppp/2n5/1B2p3/4P3/5N2/PPPP1PPP/RNBQK2R b KQkq - 3 3",
        "result": "draw",
        "score_a": 0.5,
        "plies": 17,
        "adjudicated": false,
        "player_a_color": "black",
        "player_a_timeouts": 0,
        "player_b_timeouts": 0,
        "player_a_moves": 9,
        "player_b_moves": 8,
        "player_a_crashes": 0,
        "player_b_crashes": 0,
        "response_times_ms": [
          196.32845800001064,
          196.22291700000005,
          196.25345800000105,
          196.15529199998605,
          196.39470900000333,
          196.60866699999247,
          196.16804199998228,
          196.03858400000718,
          196.69262499999718,
          196.65758300001812,
          196.07008299999507,
          196.51441700000305,
          196.10491700001376,
          196.34020799998098,
          196.24087500000087,
          196.05145799999946,
          196.11841699997967
        ],
        "error": ""
      },
      {
        "opening_name": "italian_game",
        "opening_fen": "r1bqk1nr/pppp1ppp/2n5/2b1p3/2B1P3/5N2/PPPP1PPP/RNBQK2R w KQkq - 4 4",
        "result": "loss",
        "score_a": 0.0,
        "plies": 20,
        "adjudicated": true,
        "player_a_color": "white",
        "player_a_timeouts": 0,
        "player_b_timeouts": 0,
        "player_a_moves": 10,
        "player_b_moves": 10,
        "player_a_crashes": 0,
        "player_b_crashes": 0,
        "response_times_ms": [
          196.3472500000023,
          196.08304099998008,
          196.09591700000806,
          196.38612500000363,
          196.1335839999947,
          196.09679199999164,
          196.47779100000662,
          196.29341600000316,
          196.14183299998444,
          196.30566699999008,
          198.696874999996,
          196.18858399999795,
          196.73145800001635,
          196.1455830000034,
          196.14095800000086,
          196.09937499998864,
          196.3332919999914,
          196.16854100002,
          196.3671660000159,
          196.36962499998845
        ],
        "error": ""
      },
      {
        "opening_name": "italian_game",
        "opening_fen": "r1bqk1nr/pppp1ppp/2n5/2b1p3/2B1P3/5N2/PPPP1PPP/RNBQK2R w KQkq - 4 4",
        "result": "draw",
        "score_a": 0.5,
        "plies": 11,
        "adjudicated": false,