{
  "feedback_source": "self_play",
  "summary": {
    "games": 16,
    "wins_a": 1,
    "losses_a": 1,
    "draws": 14,
    "score_a": 8.0,
    "mean_score_a": 0.5,
    "game_scores_a": [
      0.5,
      0.5,
      0.0,
      1.0,
      0.5,
      0.5,
      0.5,
      0.5,
      0.5,
      0.5,
      0.5,
      0.5,
      0.5,
      0.5,
      0.5,
      0.5
    ],
    "player_a_moves": 115,
    "player_b_moves": 114,
    "player_a_timeouts": 0,
    "player_b_timeouts": 0,
    "player_a_crashes": 0,
    "player_b_crashes": 0,
    "results": [
      {
        "opening_name": "startpos",
        "opening_fen": "rnbqkbnr/pppppppp/8/8/8/8/PPPPPPPP/RNBQKBNR w KQkq - 0 1",
        "result": "draw",
        "score_a": 0.5,
        "plies": 13,
        "adjudicated": false,
        "player_a_color": "white",
        "player_a_timeouts": 0,
        "player_b_timeouts": 0,
        "player_a_moves": 7,
        "player_b_moves": 6,
        "player_a_crashes": 0,
        "player_b_crashes": 0,
        "response_times_ms": [
          196.51424999999278,
          196.52108300000748,
          196.44700000000626,
          196.10754199999292,
          196.40962500000114,
          196.11929100000225,
          196.81379200000038,
          196.19345800001042,
          196.5231249999988,
          196.4753330000093,
          196.05341700000167,
          196.15495799999394,
          196.17783300000724
        ],
        "error": ""
      },
      {
        "opening_name": "startpos",
        "opening_fen": "rnbqkbnr/pppppppp/8/8/8/8/PPPPPPPP/RNBQKBNR w KQkq - 0 1",
        "result": "draw",
        "score_a": 0.5,
        "plies": 13,
        "adjudicated": false,
        "player_a_color": "black",
        "player_a_timeouts": 0,
        "player_b_timeouts": 0,
        "player_a_moves": 6,
        "player_b_moves": 7,
        "player_a_crashes": 0,
        "player_b_crashes": 0,
        "response_times_ms": [
          196.06387500000722,
          196.34795800000404,
          196.28841600000158,
          196.2817090000044,
          196.4119160000024,
          196.13079200000527,
          196.15774999999758,
          196.20454100000018,
          196.31783300000905,
          196.18975000000205,
          196.15050000000167,
          196.18174999999383,
          196.48704099999748
        ],
        "error": ""
      },
      {
        "opening_name": "queens_pawn",
        "opening_fen": "rnbqkbnr/ppp1pppp/8/3p4/3P4/8/PPP1PPPP/RNBQKBNR w KQkq - 0 2",
        "result": "loss",
        "score_a": 0.0,
        "plies": 20,
        "adjudicated": true,
        "player_a_color": "white",
        "player_a_timeouts": 0,
        "player_b_timeouts": 0,
        "player_a_moves": 10,
        "player_b_moves": 10,
        "player_a_crashes": 0,
        "player_b_crashes": 0,
        "response_times_ms": [
          196.26537499999586,
          196.20025000000396,
          196.13316699999928,
          196.51816599998995,
          196.38241699999526,
          196.26900000000091,
          196.23179199999186,
          196.4903340000035,
          196.31633299999862,
          196.4879169999989,
          196.8420840000107,
          196.20683300000508,
          196.22920800000543,
          196.0949999999997,
          196.2746669999973,
          196.54862499999126,
          196.2063750000027,
          196.02787499999863,
          196.26679099999933,
          196.13079200000527
        ],
        "error": ""
      },
      {
        "opening_name": "queens_pawn",
        "opening_fen": "rnbqkbnr/ppp1pppp/8/3p4/3P4/8/PPP1PPPP/RNBQKBNR w KQkq - 0 2",
        "result": "win",
        "score_a": 1.0,
        "plies": 20,
        "adjudicated": true,
        "player_a_color": "black",
        "player_a_timeouts": 0,
        "player_b_timeouts": 0,
        "player_a_moves": 10,
        "player_b_moves": 10,
        "player_a_crashes": 0,
        "player_b_crashes": 0,
        "response_times_ms": [
          196.2718329999973,
          196.14854199998888,
          196.55783299999996,
          196.2522080000042,
          196.43008299999565,
          196.05895799999473,
          196.27158299999792,
          196.30050000000665,
          196.324833999995,
          196.15116699999646,
          196.2845000000044,
          196.2661660000009,
          196.5768750000052,
          196.03529100000117,
          196.230749999998,
          196.02820900000495,
          196.31175000000667,
          196.17108299999586,
          196.06666699999664,
          197.09904200000494
        ],
        "error": ""
      },
      {
        "opening_name": "ruy_lopez",
        "opening_fen": "r1bqkbnr/pppp1ppp/2n5/1B2p3/4P3/5N2/PPPP1PPP/RNBQK2R b KQkq - 3 3",
        "result": "draw",
        "score_a": 0.5,
        "plies": 11,
        "adjudicated": false,
        "player_a_color": "white",
        "player_a_timeouts": 0,
        "player_b_timeouts": 0,
        "player_a_moves": 5,
        "player_b_moves": 6,
        "player_a_crashes": 0,
        "player_b_crashes": 0,
        "response_times_ms": [
          196.03154200000006,
          196.04824999998982,
          196.57816599999478,
          196.2192090000059,
          196.36408299999175,
          196.04629199999124,
          196.23695800000007,
          196.05645800000104,
          196.72516700001097,
          196.08658299999604,
          196.2276250000059
        ],
        "error": ""
      },
      {
        "opening_name": "ruy_lopez",
        "opening_fen": "r1bqkbnr/pppp1ppp/2n5/1B2p3/4P3/5N2/PPPP1PPP/RNBQK2R b KQkq - 3 3",
        "result": "draw",
        "score_a": 0.5,
        "plies": 11,
        "adjudicated": false,
        "player_a_color": "black",
        "player_a_timeouts": 0,
        "player_b_timeouts": 0,
        "player_a_moves": 6,
        "player_b_moves": 5,
        "player_a_crashes": 0,
        "player_b_crashes": 0,
        "response_times_ms": [
          196.33029199999896,
          196.29183399999306,
          196.13070899998775,
          196.17729200000156,
          196.3777909999891,
          196.21516600000177,
          196.06208300000105,
          196.29441600000064,
          196.12762500000258,
          196.08345800000393,
          196.4448749999974
        ],
        "error": ""
      },
      {
        "opening_name": "italian_game",
        "opening_fen": "r1bqk1nr/pppp1ppp/2n5/2b1p3/2B1P3/5N2/PPPP1PPP/RNBQK2R w KQkq - 4 4",
        "result": "draw",
        "score_a": 0.5,
        "plies": 11,
        "adjudicated": false,
        "player_a_color": "white",
        "player_a_timeouts": 0,
        "player_b_timeouts": 0,
        "player_a_moves": 6,
        "player_b_moves": 5,
        "player_a_crashes": 0,
        "player_b_crashes": 0,
        "response_times_ms": [
          196.16762500000107,
          196.09362500000316,
          196.2931660000038,
          196.4848749999959,
          196.03845799998965,
          196.25425000000973,
          196.07541700000297,
          196.29691600000854,
          196.12820899999406,
          196.50975000000415,
          196.2820420000071
        ],
        "error": ""
      },
      {
        "opening_name": "italian_game",
        "opening_fen": "r1bqk1nr/pppp1ppp/2n5/2b1p3/2B1P3/5N2/PPPP1PPP/RNBQK2R w KQkq - 4 4",
        "result": "draw",
        "score_a": 0.5,
        "plies": 11,
        "adjudicated": false,
        "player_a_color": "black",
        "player_a_timeouts": 0,
        "player_b_timeouts": 0,
        "player_a_moves": 5,
        "player_b_moves": 6,
        "player_a_crashes": 0,
        "player_b_crashes": 0,
        "response_times_ms": [
          196.14291700000308,
          196.07358400000408,
          196.11574999998993,
          196.12524999999437,
          196.28900000000726,
          196.1962910000068,
          196.23425000000339,
          196.60087500000145,
          196.57791600000962,
          196.12549999999374,
          196.05637500001194
        ],