{
  "feedback_source": "self_play",
  "summary": {
    "games": 16,
    "wins_a": 1,
    "losses_a": 1,
    "draws": 14,
    "score_a": 8.0,
    "mean_score_a": 0.5,
    "game_scores_a": [
      0.5,
      0.5,
      0.0,
      1.0,
      0.5,
      0.5,
      0.5,
      0.5,
      0.5,
      0.5,
      0.5,
      0.5,
      0.5,
      0.5,
      0.5,
      0.5
    ],
    "player_a_moves": 120,
    "player_b_moves": 120,
    "player_a_timeouts": 0,
    "player_b_timeouts": 0,
    "player_a_crashes": 0,
    "player_b_crashes": 0,
    "results": [
      {
        "opening_name": "startpos",
        "opening_fen": "rnbqkbnr/pppppppp/8/8/8/8/PPPPPPPP/RNBQKBNR w KQkq - 0 1",
        "result": "draw",
        "score_a": 0.5,
        "plies": 13,
        "adjudicated": false,
        "player_a_color": "white",
        "player_a_timeouts": 0,
        "player_b_timeouts": 0,
        "player_a_moves": 7,
        "player_b_moves": 6,
        "player_a_crashes": 0,
        "player_b_crashes": 0,
        "response_times_ms": [
          196.06591600000002,
          196.316584,
          196.140792,
          196.4218339999999,
          196.04191700000007,
          196.20100000000008,
          196.24308299999993,
          196.60408299999997,
          196.5520409999999,
          196.46766700000006,
          196.15420899999992,
          196.3886669999999,
          196.3200409999999
        ],
        "error": ""
      },
      {
        "opening_name": "startpos",
        "opening_fen": "rnbqkbnr/pppppppp/8/8/8/8/PPPPPPPP/RNBQKBNR w KQkq - 0 1",
        "result": "draw",
        "score_a": 0.5,
        "plies": 13,
        "adjudicated": false,
        "player_a_color": "black",
        "player_a_timeouts": 0,
        "player_b_timeouts": 0,
        "player_a_moves": 6,
        "player_b_moves": 7,
        "player_a_crashes": 0,
        "player_b_crashes": 0,
        "response_times_ms": [
          196.09004200000024,
          196.44012499999963,
          196.232792,
          196.5668749999998,
          196.0690839999999,
          196.10425000000032,
          196.3104160000002,
          196.3104590000002,
          196.7125000000003,
          196.54770899999986,
          196.49579199999945,
          196.46837500000026,
          196.06041599999992
        ],
        "error": ""
      },
      {
        "opening_name": "queens_pawn",
        "opening_fen": "rnbqkbnr/ppp1pppp/8/3p4/3P4/8/PPP1PPPP/RNBQKBNR w KQkq - 0 2",
        "result": "loss",
        "score_a": 0.0,
        "plies": 20,
        "adjudicated": true,
        "player_a_color": "white",
        "player_a_timeouts": 0,
        "player_b_timeouts": 0,
        "player_a_moves": 10,
        "player_b_moves": 10,
        "player_a_crashes": 0,
        "player_b_crashes": 0,
        "response_times_ms": [
          196.05895800000008,
          196.12220800000023,
          196.3709170000003,
          196.02841699999996,
          196.18279200000012,
          196.7525409999995,
          196.14858399999946,
          196.07554199999998,
          196.3110420000005,
          196.1944579999999,
          196.20737500000018,
          196.12804199999977,
          196.5625839999996,
          196.0772500000001,
          196.02520800000002,
          196.33741700000053,
          196.19112500000034,
          196.20891699999987,
          196.19370800000092,
          196.20604200000002
        ],
        "error": ""
      },
      {
        "opening_name": "queens_pawn",
        "opening_fen": "rnbqkbnr/ppp1pppp/8/3p4/3P4/8/PPP1PPPP/RNBQKBNR w KQkq - 0 2",
        "result": "win",
        "score_a": 1.0,
        "plies": 20,
        "adjudicated": true,
        "player_a_color": "black",
        "player_a_timeouts": 0,
        "player_b_timeouts": 0,
        "player_a_moves": 10,
        "player_b_moves": 10,
        "player_a_crashes": 0,
        "player_b_crashes": 0,
        "response_times_ms": [
          196.2917080000004,
          196.1397500000004,
          196.06425000000092,
          196.41399999999896,
          196.11729200000028,
          196.2084999999991,
          196.4397499999997,
          196.15287500000102,
          196.4048330000008,
          196.25504200000066,
          196.48054099999968,
          196.09883300000064,
          196.0335830000002,
          196.06687499999964,
          196.22891700000088,
          196.40791700000017,
          196.09479200000024,
          196.0488750000007,
          196.22008300000005,
          196.1321250000001
        ],
        "error": ""
      },
      {
        "opening_name": "ruy_lopez",
        "opening_fen": "r1bqkbnr/pppp1ppp/2n5/1B2p3/4P3/5N2/PPPP1PPP/RNBQK2R b KQkq - 3 3",
        "result": "draw",
        "score_a": 0.5,
        "plies": 20,
        "adjudicated": true,
        "player_a_color": "white",
        "player_a_timeouts": 0,
        "player_b_timeouts": 0,
        "player_a_moves": 10,
        "player_b_moves": 10,
        "player_a_crashes": 0,
        "player_b_crashes": 0,
        "response_times_ms": [
          196.07437500000026,
          196.4408750000004,
          196.18966699999874,
          196.37474999999858,
          196.4308329999991,
          196.5647500000003,
          196.24083400000103,
          196.6370840000007,
          196.55350000000027,
          196.20904200000132,
          196.2995000000003,
          196.10133299999967,
          196.49641699999876,
          196.4188749999991,
          196.1721660000002,
          196.56820899999872,
          196.34954199999655,
          196.18337500000038,
          196.1835409999999,
          196.27320800000092
        ],
        "error": ""
      },
      {
        "opening_name": "ruy_lopez",
        "opening_fen": "r1bqkbnr/pppp1ppp/2n5/1B2p3/4P3/5N2/PPPP1PPP/RNBQK2R b KQkq - 3 3",
        "result": "draw",
        "score_a": 0.5,
        "plies": 20,
        "adjudicated": true,
        "player_a_color": "black",
        "player_a_timeouts": 0,
        "player_b_timeouts": 0,
        "player_a_moves": 10,
        "player_b_moves": 10,
        "player_a_crashes": 0,
        "player_b_crashes": 0,
        "response_times_ms": [
          196.1535409999975,
          196.13008399999998,
          196.0524169999971,
          196.09479200000024,
          196.17366700000005,
          196.0326660000007,
          196.06970899999965,
          196.05420799999962,
          196.49425000000065,
          196.05745799999852,
          196.11908399999933,
          196.18154200000149,
          196.24595799999867,
          196.41762500000226,
          196.41474999999886,
          196.63258299999953,
          196.0805410000006,
          196.2207499999984,
          196.19204199999984,
          196.2854589999985
        ],
        "error": ""
      },
      {
        "opening_name": "italian_game",
        "opening_fen": "r1bqk1nr/pppp1ppp/2n5/2b1p3/2B1P3/5N2/PPPP1PPP/RNBQK2R w KQkq - 4 4",
        "result": "draw",
        "score_a": 0.5,
        "plies": 11,
        "adjudicated": false,
        "player_a_color": "white",
        "player_a_timeouts": 0,
        "player_b_timeouts": 0,
        "player_a_moves": 6,
        "player_b_moves": 5,
        "player_a_crashes": 0,
        "player_b_crashes": 0,
        "response_times_ms": [
          196.02920900000242,
          196.2430839999989,
          196.16708399999894,
          196.4939579999978,
          196.2492499999975,
          196.571500000001,
          196.20287499999733,
          196.1012079999982,
          196.0415409999996,
          196.09275000000181,
          196.49949999999805
        ],
        "error": ""
      },
      {
        "opening_name": "italian_game",
        "opening_fen": "r1bqk1nr/pppp1ppp/2n5/2b1p3/2B1P3/5N2/PPPP1PPP/RNBQK2R w KQkq - 4 4",
        "result": "draw",
        "score_a": 0.5,
        "plies": 11,
        "adjudicated": false,
        "player_a_color": "black",
        "player_a_timeouts": 0,