{
  "feedback_source": "self_play",
  "summary": {
    "games": 16,
    "wins_a": 2,
    "losses_a": 2,
    "draws": 12,
    "score_a": 8.0,
    "mean_score_a": 0.5,
    "game_scores_a": [
      0.5,
      0.5,
      0.0,
      1.0,
      0.5,
      0.5,
      0.5,
      0.5,
      1.0,
      0.0,
      0.5,
      0.5,
      0.5,
      0.5,
      0.5,
      0.5
    ],
    "player_a_moves": 122,
    "player_b_moves": 121,
    "player_a_timeouts": 0,
    "player_b_timeouts": 0,
    "player_a_crashes": 0,
    "player_b_crashes": 0,
    "results": [
      {
        "opening_name": "startpos",
        "opening_fen": "rnbqkbnr/pppppppp/8/8/8/8/PPPPPPPP/RNBQKBNR w KQkq - 0 1",
        "result": "draw",
        "score_a": 0.5,
        "plies": 13,
        "adjudicated": false,
        "player_a_color": "white",
        "player_a_timeouts": 0,
        "player_b_timeouts": 0,
        "player_a_moves": 7,
        "player_b_moves": 6,
        "player_a_crashes": 0,
        "player_b_crashes": 0,
        "response_times_ms": [
          196.457459,
          196.22962499999997,
          196.24933300000004,
          196.06350000000006,
          196.0647499999999,
          196.11383300000006,
          196.55770800000005,
          196.13287499999998,
          196.33904199999995,
          197.14604099999988,
          196.69758299999972,
          197.73341700000026,
          196.70124999999982
        ],
        "error": ""
      },
      {
        "opening_name": "startpos",
        "opening_fen": "rnbqkbnr/pppppppp/8/8/8/8/PPPPPPPP/RNBQKBNR w KQkq - 0 1",
        "result": "draw",
        "score_a": 0.5,
        "plies": 13,
        "adjudicated": false,
        "player_a_color": "black",
        "player_a_timeouts": 0,
        "player_b_timeouts": 0,
        "player_a_moves": 6,
        "player_b_moves": 7,
        "player_a_crashes": 0,
        "player_b_crashes": 0,
        "response_times_ms": [
          196.26791700000012,
          196.31008299999974,
          196.5142499999999,
          196.31329100000005,
          196.04429199999984,
          196.12079199999988,
          196.40537499999988,
          196.25458299999997,
          196.0359580000004,
          196.48304199999967,
          196.1050420000001,
          196.61316699999975,
          196.31100000000058
        ],
        "error": ""
      },
      {
        "opening_name": "queens_pawn",
        "opening_fen": "rnbqkbnr/ppp1pppp/8/3p4/3P4/8/PPP1PPPP/RNBQKBNR w KQkq - 0 2",
        "result": "loss",
        "score_a": 0.0,
        "plies": 20,
        "adjudicated": true,
        "player_a_color": "white",
        "player_a_timeouts": 0,
        "player_b_timeouts": 0,
        "player_a_moves": 10,
        "player_b_moves": 10,
        "player_a_crashes": 0,
        "player_b_crashes": 0,
        "response_times_ms": [
          196.21166700000003,
          196.62470799999988,
          196.22129100000052,
          196.1851250000004,
          196.16695900000013,
          196.3593329999993,
          196.06454200000024,
          196.33187500000025,
          196.07995800000032,
          196.150791,
          196.2173749999998,
          196.21762500000006,
          196.10466700000018,
          196.22508299999987,
          196.14545800000016,
          196.02341699999926,
          196.6589170000006,
          196.07220899999868,
          196.1224579999996,
          196.12187499999933
        ],
        "error": ""
      },
      {
        "opening_name": "queens_pawn",
        "opening_fen": "rnbqkbnr/ppp1pppp/8/3p4/3P4/8/PPP1PPPP/RNBQKBNR w KQkq - 0 2",
        "result": "win",
        "score_a": 1.0,
        "plies": 20,
        "adjudicated": true,
        "player_a_color": "black",
        "player_a_timeouts": 0,
        "player_b_timeouts": 0,
        "player_a_moves": 10,
        "player_b_moves": 10,
        "player_a_crashes": 0,
        "player_b_crashes": 0,
        "response_times_ms": [
          196.3089999999994,
          196.6688750000003,
          196.41258300000075,
          196.23212499999988,
          196.47895800000015,
          196.05954200000042,
          196.20016699999888,
          196.65512500000125,
          196.08095799999958,
          196.06083300000066,
          196.19408299999998,
          196.11554200000114,
          196.0437919999993,
          196.24841699999962,
          196.15166700000054,
          196.15387500000026,
          196.8095830000003,
          196.41645899999992,
          196.35504199999866,
          196.13854099999983
        ],
        "error": ""
      },
      {
        "opening_name": "ruy_lopez",
        "opening_fen": "r1bqkbnr/pppp1ppp/2n5/1B2p3/4P3/5N2/PPPP1PPP/RNBQK2R b KQkq - 3 3",
        "result": "draw",
        "score_a": 0.5,
        "plies": 17,
        "adjudicated": false,
        "player_a_color": "white",
        "player_a_timeouts": 0,
        "player_b_timeouts": 0,
        "player_a_moves": 8,
        "player_b_moves": 9,
        "player_a_crashes": 0,
        "player_b_crashes": 0,
        "response_times_ms": [
          196.52375000000077,
          196.25670900000003,
          196.3255420000003,
          196.3267079999991,
          196.616542000001,
          196.11054099999947,
          196.04379100000102,
          196.1230839999999,
          196.04508400000142,
          196.07437500000026,
          196.12754200000103,
          196.13683399999894,
          196.7594169999991,
          196.48883400000017,
          196.32216699999816,
          196.54150000000215,
          196.1998749999978
        ],
        "error": ""
      },
      {
        "opening_name": "ruy_lopez",
        "opening_fen": "r1bqkbnr/pppp1ppp/2n5/1B2p3/4P3/5N2/PPPP1PPP/RNBQK2R b KQkq - 3 3",
        "result": "draw",
        "score_a": 0.5,
        "plies": 17,
        "adjudicated": false,
        "player_a_color": "black",
        "player_a_timeouts": 0,
        "player_b_timeouts": 0,
        "player_a_moves": 9,
        "player_b_moves": 8,
        "player_a_crashes": 0,
        "player_b_crashes": 0,
        "response_times_ms": [
          196.3070000000009,
          196.55566699999838,
          196.29354199999938,
          196.0844590000015,
          196.20883300000003,
          196.09170800000086,
          196.55220799999995,
          196.0360420000029,
          196.22979200000046,
          196.2350420000014,
          196.62304100000227,
          196.33216700000133,
          196.54862499999837,
          196.42374999999745,
          196.49533400000152,
          196.2984999999975,
          196.16858400000226
        ],
        "error": ""
      },
      {
        "opening_name": "italian_game",
        "opening_fen": "r1bqk1nr/pppp1ppp/2n5/2b1p3/2B1P3/5N2/PPPP1PPP/RNBQK2R w KQkq - 4 4",
        "result": "draw",
        "score_a": 0.5,
        "plies": 11,
        "adjudicated": false,
        "player_a_color": "white",
        "player_a_timeouts": 0,
        "player_b_timeouts": 0,
        "player_a_moves": 6,
        "player_b_moves": 5,
        "player_a_crashes": 0,
        "player_b_crashes": 0,
        "response_times_ms": [
          196.16575000000225,
          196.19095800000252,
          196.1737499999998,
          196.2489170000019,
          196.19420799999787,
          196.554208000002,
          196.33433299999936,
          196.64179199999765,
          196.36291700000186,
          196.74620800000042,
          196.44887500000152
        ],
        "error": ""
      },
      {
        "opening_name": "italian_game",
        "opening_fen": "r1bqk1nr/pppp1ppp/2n5/2b1p3/2B1P3/5N2/PPPP1PPP/RNBQK2R w KQkq - 4 4",
        "result": "draw",
        "score_a": 0.5,
        "plies": 11,
        "adjudicated": false,
        "player_a_color": "black",
        "player_a_timeouts": 0,
        "player_b_timeouts": 0,
        "player_a_moves": 5,
        "player_b_moves": 6,
        "player_a_crashes": 0,
        "player_b_crashes": 0,