{
  "feedback_source": "self_play",
  "summary": {
    "games": 16,
    "wins_a": 1,
    "losses_a": 0,
    "draws": 15,
    "score_a": 8.5,
    "mean_score_a": 0.53125,
    "game_scores_a": [
      0.5,
      0.5,
      0.5,
      0.5,
      1.0,
      0.5,
      0.5,
      0.5,
      0.5,
      0.5,
      0.5,
      0.5,
      0.5,
      0.5,
      0.5,
      0.5
    ],
    "player_a_moves": 132,
    "player_b_moves": 132,
    "player_a_timeouts": 0,
    "player_b_timeouts": 0,
    "player_a_crashes": 0,
    "player_b_crashes": 0,
    "results": [
      {
        "opening_name": "startpos",
        "opening_fen": "rnbqkbnr/pppppppp/8/8/8/8/PPPPPPPP/RNBQKBNR w KQkq - 0 1",
        "result": "draw",
        "score_a": 0.5,
        "plies": 13,
        "adjudicated": false,
        "player_a_color": "white",
        "player_a_timeouts": 0,
        "player_b_timeouts": 0,
        "player_a_moves": 7,
        "player_b_moves": 6,
        "player_a_crashes": 0,
        "player_b_crashes": 0,
        "response_times_ms": [
          196.30204099996718,
          196.055666999996,
          196.49437500004296,
          196.3708329999463,
          196.10983299992313,
          196.10833399997318,
          196.95583400005034,
          196.28245800004152,
          196.33441599989965,
          196.3488750000124,
          196.55675000001338,
          196.11016700002892,
          196.096582999985
        ],
        "error": ""
      },
      {
        "opening_name": "startpos",
        "opening_fen": "rnbqkbnr/pppppppp/8/8/8/8/PPPPPPPP/RNBQKBNR w KQkq - 0 1",
        "result": "draw",
        "score_a": 0.5,
        "plies": 13,
        "adjudicated": false,
        "player_a_color": "black",
        "player_a_timeouts": 0,
        "player_b_timeouts": 0,
        "player_a_moves": 6,
        "player_b_moves": 7,
        "player_a_crashes": 0,
        "player_b_crashes": 0,
        "response_times_ms": [
          196.8708339999239,
          196.32479200004127,
          196.22354099999484,
          196.6292089999797,
          196.40799999990577,
          196.85500000002776,
          197.10108299989315,
          196.3517919999731,
          196.589208999967,
          196.40429200001108,
          196.19708300001548,
          196.3805840000532,
          196.2189580000313
        ],
        "error": ""
      },
      {
        "opening_name": "queens_pawn",
        "opening_fen": "rnbqkbnr/ppp1pppp/8/3p4/3P4/8/PPP1PPPP/RNBQKBNR w KQkq - 0 2",
        "result": "draw",
        "score_a": 0.5,
        "plies": 20,
        "adjudicated": true,
        "player_a_color": "white",
        "player_a_timeouts": 0,
        "player_b_timeouts": 0,
        "player_a_moves": 10,
        "player_b_moves": 10,
        "player_a_crashes": 0,
        "player_b_crashes": 0,
        "response_times_ms": [
          197.7415830000382,
          196.31766599991352,
          196.32241699991937,
          196.40604099993197,
          196.27041600006123,
          196.73358399995777,
          196.66754200000014,
          196.59070900002007,
          196.85912500005998,
          196.23391699997228,
          196.5327499999603,
          196.1466669999936,
          196.31504200003747,
          196.25729200004116,
          196.6432920000898,
          196.92791599993598,
          196.23375000003307,
          196.03337500007,
          196.34941700007857,
          196.19220899994616
        ],
        "error": ""
      },
      {
        "opening_name": "queens_pawn",
        "opening_fen": "rnbqkbnr/ppp1pppp/8/3p4/3P4/8/PPP1PPPP/RNBQKBNR w KQkq - 0 2",
        "result": "draw",
        "score_a": 0.5,
        "plies": 20,
        "adjudicated": true,
        "player_a_color": "black",
        "player_a_timeouts": 0,
        "player_b_timeouts": 0,
        "player_a_moves": 10,
        "player_b_moves": 10,
        "player_a_crashes": 0,
        "player_b_crashes": 0,
        "response_times_ms": [
          196.34516700000404,
          196.7576670000426,
          196.0692080000399,
          196.1764170000606,
          196.72720799997023,
          196.25979099998858,
          196.16687499990348,
          196.3010839999697,
          196.2018750000425,
          196.89595799991366,
          196.5028340000572,
          196.47308300000077,
          196.3105000000951,
          196.30708300007882,
          196.19891699994696,
          196.09670800002732,
          196.3404169999876,
          196.63500000001477,
          196.125875000007,
          196.54083299997183
        ],
        "error": ""
      },
      {
        "opening_name": "ruy_lopez",
        "opening_fen": "r1bqkbnr/pppp1ppp/2n5/1B2p3/4P3/5N2/PPPP1PPP/RNBQK2R b KQkq - 3 3",
        "result": "win",
        "score_a": 1.0,
        "plies": 20,
        "adjudicated": true,
        "player_a_color": "white",
        "player_a_timeouts": 0,
        "player_b_timeouts": 0,
        "player_a_moves": 10,
        "player_b_moves": 10,
        "player_a_crashes": 0,
        "player_b_crashes": 0,
        "response_times_ms": [
          196.3816659999793,
          196.16070799997942,
          196.36391600010938,
          196.25312499999836,
          196.49695799989786,
          196.1645410000301,
          196.27079199995023,
          196.3253750000149,
          196.16575000009107,
          196.4407499999652,
          196.57504099996004,
          196.05737499989573,
          196.58783399995627,
          196.63291599999866,
          196.2106659999563,
          196.36658399997486,
          196.30658399989898,
          196.2318339999456,
          196.3655420000805,
          196.52166700007
        ],
        "error": ""
      },
      {
        "opening_name": "ruy_lopez",
        "opening_fen": "r1bqkbnr/pppp1ppp/2n5/1B2p3/4P3/5N2/PPPP1PPP/RNBQK2R b KQkq - 3 3",
        "result": "draw",
        "score_a": 0.5,
        "plies": 17,
        "adjudicated": false,
        "player_a_color": "black",
        "player_a_timeouts": 0,
        "player_b_timeouts": 0,
        "player_a_moves": 9,
        "player_b_moves": 8,
        "player_a_crashes": 0,
        "player_b_crashes": 0,
        "response_times_ms": [
          196.31504199992378,
          196.16550000000643,
          196.23670800001491,
          196.4864999999918,
          196.1236250000411,
          196.04462500001318,
          196.36433300001954,
          196.2129170000253,
          196.3207500000408,
          196.3500419999491,
          196.19249999993826,
          196.02583300002152,
          196.18616699995073,
          196.1493750000045,
          196.3940000000548,
          196.04479200006608,
          196.45387500008837
        ],
        "error": ""
      },
      {
        "opening_name": "italian_game",
        "opening_fen": "r1bqk1nr/pppp1ppp/2n5/2b1p3/2B1P3/5N2/PPPP1PPP/RNBQK2R w KQkq - 4 4",
        "result": "draw",
        "score_a": 0.5,
        "plies": 11,
        "adjudicated": false,
        "player_a_color": "white",
        "player_a_timeouts": 0,
        "player_b_timeouts": 0,
        "player_a_moves": 6,
        "player_b_moves": 5,
        "player_a_crashes": 0,
        "player_b_crashes": 0,
        "response_times_ms": [
          196.36712499993791,
          196.53025000002344,
          196.12225000003036,
          196.7597499999556,
          196.77916699993148,
          196.31537500004015,
          196.11029099996813,
          196.99608300004456,
          196.17841699994187,
          196.3394160000007,
          196.04104200004713
        ],
        "error": ""
      },
      {
        "opening_name": "italian_game",
        "opening_fen": "r1bqk1nr/pppp1ppp/2n5/2b1p3/2B1P3/5N2/PPPP1PPP/RNBQK2R w KQkq - 4 4",
        "result": "draw",
        "score_a": 0.5,
        "plies": 11,
        "adjudicated": false,
        "player_a_color": "black",
        "player_a_timeouts": 0,
        "player_b_timeouts": 0,
        "player_a_moves": 5,
        "player_b_moves": 6,