{
  "feedback_source": "self_play",
  "summary": {
    "games": 16,
    "wins_a": 2,
    "losses_a": 2,
    "draws": 12,
    "score_a": 8.0,
    "mean_score_a": 0.5,
    "game_scores_a": [
      0.5,
      0.5,
      0.0,
      1.0,
      0.5,
      0.5,
      0.5,
      0.5,
      1.0,
      0.0,
      0.5,
      0.5,
      0.5,
      0.5,
      0.5,
      0.5
    ],
    "player_a_moves": 119,
    "player_b_moves": 119,
    "player_a_timeouts": 0,
    "player_b_timeouts": 0,
    "player_a_crashes": 0,
    "player_b_crashes": 0,
    "results": [
      {
        "opening_name": "startpos",
        "opening_fen": "rnbqkbnr/pppppppp/8/8/8/8/PPPPPPPP/RNBQKBNR w KQkq - 0 1",
        "result": "draw",
        "score_a": 0.5,
        "plies": 13,
        "adjudicated": false,
        "player_a_color": "white",
        "player_a_timeouts": 0,
        "player_b_timeouts": 0,
        "player_a_moves": 7,
        "player_b_moves": 6,
        "player_a_crashes": 0,
        "player_b_crashes": 0,
        "response_times_ms": [
          196.05045900000002,
          196.50816699999996,
          196.16312499999998,
          196.33933299999995,
          196.21583399999997,
          196.61637500000006,
          196.4036250000001,
          196.34591599999985,
          196.4540830000001,
          196.09104099999985,
          196.187208,
          196.24937500000027,
          196.04508399999963
        ],
        "error": ""
      },
      {
        "opening_name": "startpos",
        "opening_fen": "rnbqkbnr/pppppppp/8/8/8/8/PPPPPPPP/RNBQKBNR w KQkq - 0 1",
        "result": "draw",
        "score_a": 0.5,
        "plies": 13,
        "adjudicated": false,
        "player_a_color": "black",
        "player_a_timeouts": 0,
        "player_b_timeouts": 0,
        "player_a_moves": 6,
        "player_b_moves": 7,
        "player_a_crashes": 0,
        "player_b_crashes": 0,
        "response_times_ms": [
          196.13024999999996,
          196.49312499999994,
          196.1897500000003,
          196.2642080000001,
          196.28354099999967,
          196.61454200000028,
          196.2808330000003,
          196.18466599999974,
          196.09904200000017,
          196.0549579999995,
          196.41133300000035,
          196.05266699999913,
          196.15608400000008
        ],
        "error": ""
      },
      {
        "opening_name": "queens_pawn",
        "opening_fen": "rnbqkbnr/ppp1pppp/8/3p4/3P4/8/PPP1PPPP/RNBQKBNR w KQkq - 0 2",
        "result": "loss",
        "score_a": 0.0,
        "plies": 20,
        "adjudicated": true,
        "player_a_color": "white",
        "player_a_timeouts": 0,
        "player_b_timeouts": 0,
        "player_a_moves": 10,
        "player_b_moves": 10,
        "player_a_crashes": 0,
        "player_b_crashes": 0,
        "response_times_ms": [
          196.378084,
          196.8643330000006,
          196.04649999999958,
          196.81291599999983,
          196.354833,
          196.18920899999992,
          196.07212499999972,
          196.15895899999992,
          196.18591600000013,
          196.1321250000001,
          196.2183340000001,
          196.02791700000034,
          196.11179199999995,
          196.2716250000005,
          196.11341700000116,
          196.18600000000086,
          196.09774999999985,
          196.06958299999988,
          196.4495830000015,
          196.22845800000022
        ],
        "error": ""
      },
      {
        "opening_name": "queens_pawn",
        "opening_fen": "rnbqkbnr/ppp1pppp/8/3p4/3P4/8/PPP1PPPP/RNBQKBNR w KQkq - 0 2",
        "result": "win",
        "score_a": 1.0,
        "plies": 20,
        "adjudicated": true,
        "player_a_color": "black",
        "player_a_timeouts": 0,
        "player_b_timeouts": 0,
        "player_a_moves": 10,
        "player_b_moves": 10,
        "player_a_crashes": 0,
        "player_b_crashes": 0,
        "response_times_ms": [
          196.14437499999937,
          196.46062500000028,
          196.36545800000073,
          196.07633400000068,
          196.174375,
          196.39695800000112,
          196.14733399999906,
          196.08187499999906,
          196.46191699999883,
          196.2810829999988,
          196.75587499999915,
          196.08962499999905,
          196.2800419999997,
          196.1490829999999,
          196.3033749999994,
          196.17633300000037,
          196.29787500000083,
          196.0397080000007,
          196.27645800000158,
          196.10837499999968
        ],
        "error": ""
      },
      {
        "opening_name": "ruy_lopez",
        "opening_fen": "r1bqkbnr/pppp1ppp/2n5/1B2p3/4P3/5N2/PPPP1PPP/RNBQK2R b KQkq - 3 3",
        "result": "draw",
        "score_a": 0.5,
        "plies": 17,
        "adjudicated": false,
        "player_a_color": "white",
        "player_a_timeouts": 0,
        "player_b_timeouts": 0,
        "player_a_moves": 8,
        "player_b_moves": 9,
        "player_a_crashes": 0,
        "player_b_crashes": 0,
        "response_times_ms": [
          196.19987499999957,
          196.6299169999992,
          196.45508300000003,
          196.24991699999939,
          196.26554099999893,
          196.45249999999947,
          196.43654199999895,
          196.2284159999985,
          196.14816599999864,
          196.05858299999923,
          196.57720799999902,
          196.152541,
          196.140999999999,
          196.24825,
          196.2613750000006,
          196.6104580000021,
          196.23879199999905
        ],
        "error": ""
      },
      {
        "opening_name": "ruy_lopez",
        "opening_fen": "r1bqkbnr/pppp1ppp/2n5/1B2p3/4P3/5N2/PPPP1PPP/RNBQK2R b KQkq - 3 3",
        "result": "draw",
        "score_a": 0.5,
        "plies": 17,
        "adjudicated": false,
        "player_a_color": "black",
        "player_a_timeouts": 0,
        "player_b_timeouts": 0,
        "player_a_moves": 9,
        "player_b_moves": 8,
        "player_a_crashes": 0,
        "player_b_crashes": 0,
        "response_times_ms": [
          196.24537500000017,
          196.18712500000157,
          196.16770899999736,
          196.1249159999987,
          196.08541599999896,
          196.2337500000011,
          196.15458299999844,
          196.11387500000177,
          196.72612500000142,
          196.5711249999984,
          196.58229100000213,
          196.2592910000005,
          196.4201249999995,
          196.27649999999974,
          196.46420900000194,
          196.1325830000007,
          196.19275000000158
        ],
        "error": ""
      },
      {
        "opening_name": "italian_game",
        "opening_fen": "r1bqk1nr/pppp1ppp/2n5/2b1p3/2B1P3/5N2/PPPP1PPP/RNBQK2R w KQkq - 4 4",
        "result": "draw",
        "score_a": 0.5,
        "plies": 11,
        "adjudicated": false,
        "player_a_color": "white",
        "player_a_timeouts": 0,
        "player_b_timeouts": 0,
        "player_a_moves": 6,
        "player_b_moves": 5,
        "player_a_crashes": 0,
        "player_b_crashes": 0,
        "response_times_ms": [
          196.10520899999884,
          196.11308299999664,
          196.19329100000016,
          196.14616700000198,
          196.1675420000013,
          196.0689579999979,
          196.42799999999738,
          196.07454199999808,
          196.25220900000073,
          196.26020900000185,
          196.30987500000074
        ],
        "error": ""
      },
      {
        "opening_name": "italian_game",
        "opening_fen": "r1bqk1nr/pppp1ppp/2n5/2b1p3/2B1P3/5N2/PPPP1PPP/RNBQK2R w KQkq - 4 4",
        "result": "draw",
        "score_a": 0.5,
        "plies": 11,
        "adjudicated": false,
        "player_a_color": "black",
        "player_a_timeouts": 0,
        "player_b_timeouts": 0,
        "player_a_moves": 5,
        "player_b_moves": 6,
        "player_a_crashes": 0,
        "player_b_crashes": 0,