{
  "feedback_source": "self_play",
  "summary": {
    "games": 16,
    "wins_a": 3,
    "losses_a": 3,
    "draws": 10,
    "score_a": 8.0,
    "mean_score_a": 0.5,
    "game_scores_a": [
      0.5,
      0.5,
      0.0,
      1.0,
      0.5,
      0.5,
      0.0,
      1.0,
      1.0,
      0.0,
      0.5,
      0.5,
      0.5,
      0.5,
      0.5,
      0.5
    ],
    "player_a_moves": 118,
    "player_b_moves": 118,
    "player_a_timeouts": 0,
    "player_b_timeouts": 0,
    "player_a_crashes": 0,
    "player_b_crashes": 0,
    "results": [
      {
        "opening_name": "startpos",
        "opening_fen": "rnbqkbnr/pppppppp/8/8/8/8/PPPPPPPP/RNBQKBNR w KQkq - 0 1",
        "result": "draw",
        "score_a": 0.5,
        "plies": 13,
        "adjudicated": false,
        "player_a_color": "white",
        "player_a_timeouts": 0,
        "player_b_timeouts": 0,
        "player_a_moves": 7,
        "player_b_moves": 6,
        "player_a_crashes": 0,
        "player_b_crashes": 0,
        "response_times_ms": [
          196.20366700000602,
          196.59241600000144,
          196.57779199999936,
          196.36520800000312,
          196.08558299999856,
          196.26433400000565,
          196.18337499998972,
          196.07837499999903,
          196.2887079999973,
          196.3315419999958,
          196.14412499998934,
          196.10841700000492,
          196.03366600000527
        ],
        "error": ""
      },
      {
        "opening_name": "startpos",
        "opening_fen": "rnbqkbnr/pppppppp/8/8/8/8/PPPPPPPP/RNBQKBNR w KQkq - 0 1",
        "result": "draw",
        "score_a": 0.5,
        "plies": 13,
        "adjudicated": false,
        "player_a_color": "black",
        "player_a_timeouts": 0,
        "player_b_timeouts": 0,
        "player_a_moves": 6,
        "player_b_moves": 7,
        "player_a_crashes": 0,
        "player_b_crashes": 0,
        "response_times_ms": [
          196.17250000000297,
          196.2073330000038,
          196.1031250000076,
          196.41820900000084,
          196.46812500000976,
          196.2473330000023,
          196.4730410000044,
          196.12712500000384,
          196.16158300000563,
          196.34645899999725,
          196.41029199999593,
          196.0607500000009,
          196.58483300000285
        ],
        "error": ""
      },
      {
        "opening_name": "queens_pawn",
        "opening_fen": "rnbqkbnr/ppp1pppp/8/3p4/3P4/8/PPP1PPPP/RNBQKBNR w KQkq - 0 2",
        "result": "loss",
        "score_a": 0.0,
        "plies": 20,
        "adjudicated": true,
        "player_a_color": "white",
        "player_a_timeouts": 0,
        "player_b_timeouts": 0,
        "player_a_moves": 10,
        "player_b_moves": 10,
        "player_a_crashes": 0,
        "player_b_crashes": 0,
        "response_times_ms": [
          196.0369169999865,
          196.05495900000847,
          196.08562499999493,
          196.24070899999424,
          196.13674999999375,
          196.1285830000037,
          196.36066700000754,
          196.1942500000049,
          196.17804200001387,
          196.070583000008,
          196.1251250000089,
          196.06274999999584,
          196.51220799998725,
          196.02845800000068,
          196.55516699999964,
          196.12083399999847,
          196.15595800000563,
          196.1610830000069,
          196.03479200000606,
          196.30912499999909
        ],
        "error": ""
      },
      {
        "opening_name": "queens_pawn",
        "opening_fen": "rnbqkbnr/ppp1pppp/8/3p4/3P4/8/PPP1PPPP/RNBQKBNR w KQkq - 0 2",
        "result": "win",
        "score_a": 1.0,
        "plies": 20,
        "adjudicated": true,
        "player_a_color": "black",
        "player_a_timeouts": 0,
        "player_b_timeouts": 0,
        "player_a_moves": 10,
        "player_b_moves": 10,
        "player_a_crashes": 0,
        "player_b_crashes": 0,
        "response_times_ms": [
          196.5940830000079,
          196.93387499999915,
          196.2267499999939,
          196.2455000000034,
          196.11895799999957,
          196.19158300000095,
          196.6876250000098,
          196.1330419999996,
          196.5011249999975,
          196.14229199999045,
          196.82983299999535,
          196.19145800000126,
          196.40975000000083,
          196.21183299999245,
          196.20937499999513,
          196.06904200000486,
          196.42745799998806,
          196.21995800000036,
          196.15991699998858,
          196.18566700000883
        ],
        "error": ""
      },
      {
        "opening_name": "ruy_lopez",
        "opening_fen": "r1bqkbnr/pppp1ppp/2n5/1B2p3/4P3/5N2/PPPP1PPP/RNBQK2R b KQkq - 3 3",
        "result": "draw",
        "score_a": 0.5,
        "plies": 15,
        "adjudicated": false,
        "player_a_color": "white",
        "player_a_timeouts": 0,
        "player_b_timeouts": 0,
        "player_a_moves": 7,
        "player_b_moves": 8,
        "player_a_crashes": 0,
        "player_b_crashes": 0,
        "response_times_ms": [
          196.4142079999931,
          196.23091600000464,
          196.15124999999978,
          196.38274999999794,
          196.22562499999674,
          196.11975000000825,
          196.46391600001323,
          196.1736669999965,
          196.22045900000273,
          196.1808339999891,
          196.2395420000007,
          196.49070900000254,
          196.30791599999498,
          196.45266700000263,
          196.7759159999929
        ],
        "error": ""
      },
      {
        "opening_name": "ruy_lopez",
        "opening_fen": "r1bqkbnr/pppp1ppp/2n5/1B2p3/4P3/5N2/PPPP1PPP/RNBQK2R b KQkq - 3 3",
        "result": "draw",
        "score_a": 0.5,
        "plies": 15,
        "adjudicated": false,
        "player_a_color": "black",
        "player_a_timeouts": 0,
        "player_b_timeouts": 0,
        "player_a_moves": 8,
        "player_b_moves": 7,
        "player_a_crashes": 0,
        "player_b_crashes": 0,
        "response_times_ms": [
          196.26125000000627,
          196.24979200000325,
          196.22041700000636,
          196.07858400000566,
          196.73308299999803,
          196.47941699999194,
          196.07629200000076,
          196.1396250000007,
          196.1148339999994,
          206.06987499999718,
          196.30599999999276,
          196.30645799999513,
          196.1294590000051,
          196.035916999989,
          196.56641599999602
        ],
        "error": ""
      },
      {
        "opening_name": "italian_game",
        "opening_fen": "r1bqk1nr/pppp1ppp/2n5/2b1p3/2B1P3/5N2/PPPP1PPP/RNBQK2R w KQkq - 4 4",
        "result": "loss",
        "score_a": 0.0,
        "plies": 10,
        "adjudicated": false,
        "player_a_color": "white",
        "player_a_timeouts": 0,
        "player_b_timeouts": 0,
        "player_a_moves": 5,
        "player_b_moves": 5,
        "player_a_crashes": 0,
        "player_b_crashes": 0,
        "response_times_ms": [
          196.086875000006,
          196.51154099999246,
          196.42724999999928,
          196.36737500000834,
          196.42458399999896,
          196.09287500000505,
          196.29729200001123,
          196.4955829999866,
          196.60066600000903,
          27.21820800000785
        ],
        "error": ""
      },
      {
        "opening_name": "italian_game",
        "opening_fen": "r1bqk1nr/pppp1ppp/2n5/2b1p3/2B1P3/5N2/PPPP1PPP/RNBQK2R w KQkq - 4 4",
        "result": "win",
        "score_a": 1.0,
        "plies": 10,
        "adjudicated": false,
        "player_a_color": "black",
        "player_a_timeouts": 0,
        "player_b_timeouts": 0,
        "player_a_moves": 5,
        "player_b_moves": 5,
        "player_a_crashes": 0,
        "player_b_crashes": 0,