{
  "feedback_source": "self_play",
  "summary": {
    "games": 16,
    "wins_a": 3,
    "losses_a": 2,
    "draws": 11,
    "score_a": 8.5,
    "mean_score_a": 0.53125,
    "game_scores_a": [
      0.5,
      0.5,
      0.0,
      1.0,
      0.5,
      0.5,
      0.0,
      1.0,
      1.0,
      0.5,
      0.5,
      0.5,
      0.5,
      0.5,
      0.5,
      0.5
    ],
    "player_a_moves": 118,
    "player_b_moves": 118,
    "player_a_timeouts": 0,
    "player_b_timeouts": 0,
    "player_a_crashes": 0,
    "player_b_crashes": 0,
    "results": [
      {
        "opening_name": "startpos",
        "opening_fen": "rnbqkbnr/pppppppp/8/8/8/8/PPPPPPPP/RNBQKBNR w KQkq - 0 1",
        "result": "draw",
        "score_a": 0.5,
        "plies": 13,
        "adjudicated": false,
        "player_a_color": "white",
        "player_a_timeouts": 0,
        "player_b_timeouts": 0,
        "player_a_moves": 7,
        "player_b_moves": 6,
        "player_a_crashes": 0,
        "player_b_crashes": 0,
        "response_times_ms": [
          196.40091700000002,
          196.11062500000003,
          196.11795899999996,
          196.40983299999994,
          196.4896250000001,
          196.13766700000014,
          196.5179589999999,
          196.04137500000007,
          196.06987499999983,
          196.39329100000015,
          196.05516699999993,
          196.15600000000023,
          196.54637500000004
        ],
        "error": ""
      },
      {
        "opening_name": "startpos",
        "opening_fen": "rnbqkbnr/pppppppp/8/8/8/8/PPPPPPPP/RNBQKBNR w KQkq - 0 1",
        "result": "draw",
        "score_a": 0.5,
        "plies": 13,
        "adjudicated": false,
        "player_a_color": "black",
        "player_a_timeouts": 0,
        "player_b_timeouts": 0,
        "player_a_moves": 6,
        "player_b_moves": 7,
        "player_a_crashes": 0,
        "player_b_crashes": 0,
        "response_times_ms": [
          196.07145899999966,
          196.134292,
          196.19541699999976,
          196.0690839999999,
          196.37724999999983,
          196.1451249999997,
          196.5457499999994,
          196.24191700000006,
          196.09850000000063,
          196.41341699999958,
          196.19670899999963,
          196.0378330000001,
          196.2508750000005
        ],
        "error": ""
      },
      {
        "opening_name": "queens_pawn",
        "opening_fen": "rnbqkbnr/ppp1pppp/8/3p4/3P4/8/PPP1PPPP/RNBQKBNR w KQkq - 0 2",
        "result": "loss",
        "score_a": 0.0,
        "plies": 20,
        "adjudicated": true,
        "player_a_color": "white",
        "player_a_timeouts": 0,
        "player_b_timeouts": 0,
        "player_a_moves": 10,
        "player_b_moves": 10,
        "player_a_crashes": 0,
        "player_b_crashes": 0,
        "response_times_ms": [
          196.07200000000003,
          196.31416599999963,
          196.47054200000014,
          196.25062500000024,
          196.16008399999973,
          196.20137500000024,
          196.40399999999937,
          196.40849999999955,
          196.16741599999978,
          196.2219169999999,
          196.71216599999929,
          196.077292,
          196.39866600000033,
          196.2149170000007,
          196.1048329999997,
          196.1782499999991,
          196.28016599999933,
          196.19287500000127,
          196.28883399999887,
          196.18612499999875
        ],
        "error": ""
      },
      {
        "opening_name": "queens_pawn",
        "opening_fen": "rnbqkbnr/ppp1pppp/8/3p4/3P4/8/PPP1PPPP/RNBQKBNR w KQkq - 0 2",
        "result": "win",
        "score_a": 1.0,
        "plies": 20,
        "adjudicated": true,
        "player_a_color": "black",
        "player_a_timeouts": 0,
        "player_b_timeouts": 0,
        "player_a_moves": 10,
        "player_b_moves": 10,
        "player_a_crashes": 0,
        "player_b_crashes": 0,
        "response_times_ms": [
          196.15629099999944,
          196.42783399999962,
          196.2722079999999,
          196.05325000000028,
          196.06054199999966,
          196.18937499999944,
          196.07095900000004,
          196.18012500000148,
          196.1645000000001,
          196.15758399999982,
          196.24612500000006,
          196.0404589999989,
          196.16812500000157,
          196.1310420000011,
          196.18758400000047,
          196.07425000000057,
          196.43025000000057,
          196.09845799999982,
          196.14750000000038,
          196.22279100000029
        ],
        "error": ""
      },
      {
        "opening_name": "ruy_lopez",
        "opening_fen": "r1bqkbnr/pppp1ppp/2n5/1B2p3/4P3/5N2/PPPP1PPP/RNBQK2R b KQkq - 3 3",
        "result": "draw",
        "score_a": 0.5,
        "plies": 15,
        "adjudicated": false,
        "player_a_color": "white",
        "player_a_timeouts": 0,
        "player_b_timeouts": 0,
        "player_a_moves": 7,
        "player_b_moves": 8,
        "player_a_crashes": 0,
        "player_b_crashes": 0,
        "response_times_ms": [
          196.40795900000006,
          196.39841699999926,
          196.3270829999999,
          196.0761659999992,
          196.13287499999998,
          196.1573750000003,
          196.279917,
          196.38266699999997,
          196.2857499999995,
          196.4017079999998,
          196.19183300000032,
          196.57233299999888,
          196.22054100000065,
          196.33416699999984,
          196.6812089999994
        ],
        "error": ""
      },
      {
        "opening_name": "ruy_lopez",
        "opening_fen": "r1bqkbnr/pppp1ppp/2n5/1B2p3/4P3/5N2/PPPP1PPP/RNBQK2R b KQkq - 3 3",
        "result": "draw",
        "score_a": 0.5,
        "plies": 15,
        "adjudicated": false,
        "player_a_color": "black",
        "player_a_timeouts": 0,
        "player_b_timeouts": 0,
        "player_a_moves": 8,
        "player_b_moves": 7,
        "player_a_crashes": 0,
        "player_b_crashes": 0,
        "response_times_ms": [
          196.51500000000155,
          196.17116699999926,
          196.40604199999956,
          196.17058300000068,
          196.2506669999975,
          196.14675000000048,
          196.04479200000213,
          196.1102920000002,
          196.06229200000058,
          196.29649999999899,
          196.67270899999778,
          196.3395410000004,
          196.14966700000025,
          196.51599999999902,
          196.72708299999897
        ],
        "error": ""
      },
      {
        "opening_name": "italian_game",
        "opening_fen": "r1bqk1nr/pppp1ppp/2n5/2b1p3/2B1P3/5N2/PPPP1PPP/RNBQK2R w KQkq - 4 4",
        "result": "loss",
        "score_a": 0.0,
        "plies": 10,
        "adjudicated": false,
        "player_a_color": "white",
        "player_a_timeouts": 0,
        "player_b_timeouts": 0,
        "player_a_moves": 5,
        "player_b_moves": 5,
        "player_a_crashes": 0,
        "player_b_crashes": 0,
        "response_times_ms": [
          196.13383299999754,
          196.2906249999996,
          196.4826670000015,
          196.2151669999983,
          196.2998330000012,
          196.56437500000123,
          196.1917090000007,
          196.35812499999972,
          196.0506250000016,
          26.60041600000085
        ],
        "error": ""
      },
      {
        "opening_name": "italian_game",
        "opening_fen": "r1bqk1nr/pppp1ppp/2n5/2b1p3/2B1P3/5N2/PPPP1PPP/RNBQK2R w KQkq - 4 4",
        "result": "win",
        "score_a": 1.0,
        "plies": 10,
        "adjudicated": false,
        "player_a_color": "black",
        "player_a_timeouts": 0,
        "player_b_timeouts": 0,
        "player_a_moves": 5,
        "player_b_moves": 5,
        "player_a_crashes": 0,
        "player_b_crashes": 0,