{
  "feedback_source": "self_play",
  "summary": {
    "games": 16,
    "wins_a": 3,
    "losses_a": 2,
    "draws": 11,
    "score_a": 8.5,
    "mean_score_a": 0.53125,
    "game_scores_a": [
      0.5,
      0.5,
      0.0,
      1.0,
      1.0,
      0.5,
      0.5,
      0.5,
      1.0,
      0.0,
      0.5,
      0.5,
      0.5,
      0.5,
      0.5,
      0.5
    ],
    "player_a_moves": 124,
    "player_b_moves": 124,
    "player_a_timeouts": 0,
    "player_b_timeouts": 0,
    "player_a_crashes": 0,
    "player_b_crashes": 0,
    "results": [
      {
        "opening_name": "startpos",
        "opening_fen": "rnbqkbnr/pppppppp/8/8/8/8/PPPPPPPP/RNBQKBNR w KQkq - 0 1",
        "result": "draw",
        "score_a": 0.5,
        "plies": 13,
        "adjudicated": false,
        "player_a_color": "white",
        "player_a_timeouts": 0,
        "player_b_timeouts": 0,
        "player_a_moves": 7,
        "player_b_moves": 6,
        "player_a_crashes": 0,
        "player_b_crashes": 0,
        "response_times_ms": [
          196.10837500002276,
          196.02895899998884,
          196.25941700002159,
          196.2328330000105,
          196.06004199999916,
          196.0924579999812,
          196.14812500000767,
          196.65808299998844,
          196.84783299999253,
          196.17141699998797,
          196.28395799998088,
          196.30895800000303,
          196.2852919999989
        ],
        "error": ""
      },
      {
        "opening_name": "startpos",
        "opening_fen": "rnbqkbnr/pppppppp/8/8/8/8/PPPPPPPP/RNBQKBNR w KQkq - 0 1",
        "result": "draw",
        "score_a": 0.5,
        "plies": 13,
        "adjudicated": false,
        "player_a_color": "black",
        "player_a_timeouts": 0,
        "player_b_timeouts": 0,
        "player_a_moves": 6,
        "player_b_moves": 7,
        "player_a_crashes": 0,
        "player_b_crashes": 0,
        "response_times_ms": [
          196.11487500000635,
          196.1162080000065,
          196.20958299998392,
          196.39874999998597,
          196.35954200001038,
          196.20770800000287,
          196.74925000001053,
          196.28054100002146,
          196.23454200001333,
          196.17695899998466,
          196.44041700001935,
          196.04070799999818,
          196.20358299999907
        ],
        "error": ""
      },
      {
        "opening_name": "queens_pawn",
        "opening_fen": "rnbqkbnr/ppp1pppp/8/3p4/3P4/8/PPP1PPPP/RNBQKBNR w KQkq - 0 2",
        "result": "loss",
        "score_a": 0.0,
        "plies": 20,
        "adjudicated": true,
        "player_a_color": "white",
        "player_a_timeouts": 0,
        "player_b_timeouts": 0,
        "player_a_moves": 10,
        "player_b_moves": 10,
        "player_a_crashes": 0,
        "player_b_crashes": 0,
        "response_times_ms": [
          196.15470799999457,
          196.24404199998935,
          196.45416700001306,
          196.84641699998906,
          196.4869589999978,
          196.4132500000062,
          196.27629100000377,
          196.09850000000506,
          196.3552920000211,
          196.1286659999928,
          196.2684579999916,
          196.20433299999718,
          196.07887500001198,
          196.06587499998795,
          196.21779100000936,
          196.05741600000215,
          196.58679200000506,
          196.1524999999824,
          196.0956249999981,
          196.25962499998195
        ],
        "error": ""
      },
      {
        "opening_name": "queens_pawn",
        "opening_fen": "rnbqkbnr/ppp1pppp/8/3p4/3P4/8/PPP1PPPP/RNBQKBNR w KQkq - 0 2",
        "result": "win",
        "score_a": 1.0,
        "plies": 20,
        "adjudicated": true,
        "player_a_color": "black",
        "player_a_timeouts": 0,
        "player_b_timeouts": 0,
        "player_a_moves": 10,
        "player_b_moves": 10,
        "player_a_crashes": 0,
        "player_b_crashes": 0,
        "response_times_ms": [
          196.53145899999913,
          196.0803329999976,
          196.1282499999868,
          196.28054199998246,
          196.21424999999704,
          196.45512499999995,
          196.14541699999677,
          196.22704200000385,
          196.44079199997577,
          196.15404200001763,
          196.52366700000812,
          196.05508300000452,
          196.14904200000183,
          196.12570800001095,
          196.23858299999597,
          196.21466699999246,
          196.4792909999744,
          196.2798329999771,
          196.19908300001043,
          196.27216599999997
        ],
        "error": ""
      },
      {
        "opening_name": "ruy_lopez",
        "opening_fen": "r1bqkbnr/pppp1ppp/2n5/1B2p3/4P3/5N2/PPPP1PPP/RNBQK2R b KQkq - 3 3",
        "result": "win",
        "score_a": 1.0,
        "plies": 20,
        "adjudicated": true,
        "player_a_color": "white",
        "player_a_timeouts": 0,
        "player_b_timeouts": 0,
        "player_a_moves": 10,
        "player_b_moves": 10,
        "player_a_crashes": 0,
        "player_b_crashes": 0,
        "response_times_ms": [
          196.4426250000031,
          196.16312499999822,
          232.94958300002122,
          545.3287500000101,
          203.5392920000163,
          196.96725000000015,
          196.20504200000255,
          196.34920799998667,
          196.4677499999823,
          196.76183400000014,
          196.1120830000027,
          196.41595799998868,
          196.0772909999946,
          196.1958750000008,
          196.1480829999971,
          196.27729199999067,
          197.45141699999635,
          196.2901670000008,
          196.2937080000131,
          196.04029199999218
        ],
        "error": ""
      },
      {
        "opening_name": "ruy_lopez",
        "opening_fen": "r1bqkbnr/pppp1ppp/2n5/1B2p3/4P3/5N2/PPPP1PPP/RNBQK2R b KQkq - 3 3",
        "result": "draw",
        "score_a": 0.5,
        "plies": 15,
        "adjudicated": false,
        "player_a_color": "black",
        "player_a_timeouts": 0,
        "player_b_timeouts": 0,
        "player_a_moves": 8,
        "player_b_moves": 7,
        "player_a_crashes": 0,
        "player_b_crashes": 0,
        "response_times_ms": [
          196.23950000001855,
          196.07770800001845,
          196.2408329999903,
          196.14283300001034,
          196.70433300001378,
          196.25912500001164,
          196.1827499999913,
          196.34554099999946,
          196.3079169999844,
          196.55320799998321,
          196.03795899999454,
          196.03791699998396,
          196.12504200000558,
          196.26537499999586,
          196.44608400000152
        ],
        "error": ""
      },
      {
        "opening_name": "italian_game",
        "opening_fen": "r1bqk1nr/pppp1ppp/2n5/2b1p3/2B1P3/5N2/PPPP1PPP/RNBQK2R w KQkq - 4 4",
        "result": "draw",
        "score_a": 0.5,
        "plies": 11,
        "adjudicated": false,
        "player_a_color": "white",
        "player_a_timeouts": 0,
        "player_b_timeouts": 0,
        "player_a_moves": 6,
        "player_b_moves": 5,
        "player_a_crashes": 0,
        "player_b_crashes": 0,
        "response_times_ms": [
          196.29504100001327,
          196.32479199998443,
          196.5417499999944,
          196.67612500001042,
          196.44520900001794,
          196.31558399998994,
          196.2569579999922,
          196.51429200001758,
          196.27479199999698,
          196.31325000000288,
          196.08920900000726
        ],
        "error": ""
      },
      {
        "opening_name": "italian_game",
        "opening_fen": "r1bqk1nr/pppp1ppp/2n5/2b1p3/2B1P3/5N2/PPPP1PPP/RNBQK2R w KQkq - 4 4",
        "result": "draw",
        "score_a": 0.5,
        "plies": 11,
        "adjudicated": false,
        "player_a_color": "black",
        "player_a_timeouts": 0,
        "player_b_timeouts": 0,
        "player_a_moves": 5,
        "player_b_moves": 6,
        "player_a_crashes": 0,