{
  "feedback_source": "self_play",
  "summary": {
    "games": 16,
    "wins_a": 2,
    "losses_a": 2,
    "draws": 12,
    "score_a": 8.0,
    "mean_score_a": 0.5,
    "game_scores_a": [
      0.5,
      0.5,
      0.0,
      1.0,
      0.5,
      0.5,
      0.5,
      0.5,
      1.0,
      0.0,
      0.5,
      0.5,
      0.5,
      0.5,
      0.5,
      0.5
    ],
    "player_a_moves": 117,
    "player_b_moves": 117,
    "player_a_timeouts": 0,
    "player_b_timeouts": 0,
    "player_a_crashes": 0,
    "player_b_crashes": 0,
    "results": [
      {
        "opening_name": "startpos",
        "opening_fen": "rnbqkbnr/pppppppp/8/8/8/8/PPPPPPPP/RNBQKBNR w KQkq - 0 1",
        "result": "draw",
        "score_a": 0.5,
        "plies": 13,
        "adjudicated": false,
        "player_a_color": "white",
        "player_a_timeouts": 0,
        "player_b_timeouts": 0,
        "player_a_moves": 7,
        "player_b_moves": 6,
        "player_a_crashes": 0,
        "player_b_crashes": 0,
        "response_times_ms": [
          196.10091699999998,
          196.23654200000001,
          196.36679099999998,
          196.24708400000003,
          196.45608299999995,
          196.1347499999999,
          196.16804200000004,
          196.4159999999999,
          196.1084169999998,
          196.07320899999968,
          196.38341599999976,
          196.12029100000018,
          196.5256659999999
        ],
        "error": ""
      },
      {
        "opening_name": "startpos",
        "opening_fen": "rnbqkbnr/pppppppp/8/8/8/8/PPPPPPPP/RNBQKBNR w KQkq - 0 1",
        "result": "draw",
        "score_a": 0.5,
        "plies": 13,
        "adjudicated": false,
        "player_a_color": "black",
        "player_a_timeouts": 0,
        "player_b_timeouts": 0,
        "player_a_moves": 6,
        "player_b_moves": 7,
        "player_a_crashes": 0,
        "player_b_crashes": 0,
        "response_times_ms": [
          196.146417,
          196.2724589999998,
          196.19695800000025,
          196.2654159999997,
          196.52199999999988,
          196.07149999999996,
          196.38750000000016,
          196.4677090000002,
          196.7102089999999,
          196.1023749999997,
          196.0364170000002,
          196.61774999999972,
          196.3956660000008
        ],
        "error": ""
      },
      {
        "opening_name": "queens_pawn",
        "opening_fen": "rnbqkbnr/ppp1pppp/8/3p4/3P4/8/PPP1PPPP/RNBQKBNR w KQkq - 0 2",
        "result": "loss",
        "score_a": 0.0,
        "plies": 20,
        "adjudicated": true,
        "player_a_color": "white",
        "player_a_timeouts": 0,
        "player_b_timeouts": 0,
        "player_a_moves": 10,
        "player_b_moves": 10,
        "player_a_crashes": 0,
        "player_b_crashes": 0,
        "response_times_ms": [
          196.14279199999984,
          196.15966700000075,
          196.288,
          196.28475000000023,
          196.1259170000007,
          196.23708399999984,
          196.07716600000026,
          196.15637500000017,
          196.28354199999976,
          196.05816700000034,
          196.5030419999998,
          196.1353749999999,
          196.30108299999984,
          196.06583400000056,
          196.21466599999948,
          196.1130830000002,
          196.06424999999916,
          196.02624999999918,
          196.55429099999998,
          196.05079099999932
        ],
        "error": ""
      },
      {
        "opening_name": "queens_pawn",
        "opening_fen": "rnbqkbnr/ppp1pppp/8/3p4/3P4/8/PPP1PPPP/RNBQKBNR w KQkq - 0 2",
        "result": "win",
        "score_a": 1.0,
        "plies": 20,
        "adjudicated": true,
        "player_a_color": "black",
        "player_a_timeouts": 0,
        "player_b_timeouts": 0,
        "player_a_moves": 10,
        "player_b_moves": 10,
        "player_a_crashes": 0,
        "player_b_crashes": 0,
        "response_times_ms": [
          196.13929199999978,
          196.55062500000042,
          196.47679200000033,
          196.26670899999965,
          196.47933300000096,
          196.03929200000005,
          196.06691599999948,
          196.2521670000008,
          196.30391699999984,
          196.05750000000023,
          196.51262500000044,
          196.07658299999997,
          196.04012499999968,
          196.13391699999914,
          196.36220800000004,
          196.2372919999993,
          196.05741699999868,
          196.05579200000102,
          196.39679199999983,
          196.22641600000003
        ],
        "error": ""
      },
      {
        "opening_name": "ruy_lopez",
        "opening_fen": "r1bqkbnr/pppp1ppp/2n5/1B2p3/4P3/5N2/PPPP1PPP/RNBQK2R b KQkq - 3 3",
        "result": "draw",
        "score_a": 0.5,
        "plies": 12,
        "adjudicated": false,
        "player_a_color": "white",
        "player_a_timeouts": 0,
        "player_b_timeouts": 0,
        "player_a_moves": 6,
        "player_b_moves": 6,
        "player_a_crashes": 0,
        "player_b_crashes": 0,
        "response_times_ms": [
          196.74812500000093,
          196.36749999999915,
          196.23616700000036,
          196.6114999999995,
          196.23166699999928,
          196.0565410000008,
          196.33766599999979,
          196.23787499999958,
          196.47620900000007,
          196.38683400000014,
          196.55179100000097,
          196.106541999999
        ],
        "error": ""
      },
      {
        "opening_name": "ruy_lopez",
        "opening_fen": "r1bqkbnr/pppp1ppp/2n5/1B2p3/4P3/5N2/PPPP1PPP/RNBQK2R b KQkq - 3 3",
        "result": "draw",
        "score_a": 0.5,
        "plies": 12,
        "adjudicated": false,
        "player_a_color": "black",
        "player_a_timeouts": 0,
        "player_b_timeouts": 0,
        "player_a_moves": 6,
        "player_b_moves": 6,
        "player_a_crashes": 0,
        "player_b_crashes": 0,
        "response_times_ms": [
          196.33304199999912,
          196.32041700000082,
          196.24699999999962,
          196.11866700000036,
          196.24658400000072,
          196.11033300000003,
          196.11708300000075,
          196.33724999999913,
          196.22333399999903,
          196.02887499999966,
          196.0437920000011,
          196.3444999999986
        ],
        "error": ""
      },
      {
        "opening_name": "italian_game",
        "opening_fen": "r1bqk1nr/pppp1ppp/2n5/2b1p3/2B1P3/5N2/PPPP1PPP/RNBQK2R w KQkq - 4 4",
        "result": "draw",
        "score_a": 0.5,
        "plies": 11,
        "adjudicated": false,
        "player_a_color": "white",
        "player_a_timeouts": 0,
        "player_b_timeouts": 0,
        "player_a_moves": 6,
        "player_b_moves": 5,
        "player_a_crashes": 0,
        "player_b_crashes": 0,
        "response_times_ms": [
          196.4004999999993,
          196.2830000000011,
          196.28504199999952,
          196.19262499999834,
          196.5745830000003,
          196.054457999999,
          196.06233399999695,
          196.23254200000062,
          196.20012499999717,
          196.44537500000325,
          196.33654200000095
        ],
        "error": ""
      },
      {
        "opening_name": "italian_game",
        "opening_fen": "r1bqk1nr/pppp1ppp/2n5/2b1p3/2B1P3/5N2/PPPP1PPP/RNBQK2R w KQkq - 4 4",
        "result": "draw",
        "score_a": 0.5,
        "plies": 11,
        "adjudicated": false,
        "player_a_color": "black",
        "player_a_timeouts": 0,
        "player_b_timeouts": 0,
        "player_a_moves": 5,
        "player_b_moves": 6,
        "player_a_crashes": 0,
        "player_b_crashes": 0,