{
  "feedback_source": "self_play",
  "summary": {
    "games": 16,
    "wins_a": 1,
    "losses_a": 1,
    "draws": 14,
    "score_a": 8.0,
    "mean_score_a": 0.5,
    "game_scores_a": [
      0.5,
      0.5,
      0.5,
      0.5,
      1.0,
      0.0,
      0.5,
      0.5,
      0.5,
      0.5,
      0.5,
      0.5,
      0.5,
      0.5,
      0.5,
      0.5
    ],
    "player_a_moves": 133,
    "player_b_moves": 132,
    "player_a_timeouts": 0,
    "player_b_timeouts": 0,
    "player_a_crashes": 0,
    "player_b_crashes": 0,
    "results": [
      {
        "opening_name": "startpos",
        "opening_fen": "rnbqkbnr/pppppppp/8/8/8/8/PPPPPPPP/RNBQKBNR w KQkq - 0 1",
        "result": "draw",
        "score_a": 0.5,
        "plies": 13,
        "adjudicated": false,
        "player_a_color": "white",
        "player_a_timeouts": 0,
        "player_b_timeouts": 0,
        "player_a_moves": 7,
        "player_b_moves": 6,
        "player_a_crashes": 0,
        "player_b_crashes": 0,
        "response_times_ms": [
          196.60416599999996,
          196.98949999999994,
          196.725916,
          196.47033299999995,
          196.175875,
          196.49333400000012,
          196.36962499999998,
          196.6401659999999,
          196.86262499999984,
          196.2452090000002,
          196.41733399999995,
          196.17820800000007,
          196.32620899999998
        ],
        "error": ""
      },
      {
        "opening_name": "startpos",
        "opening_fen": "rnbqkbnr/pppppppp/8/8/8/8/PPPPPPPP/RNBQKBNR w KQkq - 0 1",
        "result": "draw",
        "score_a": 0.5,
        "plies": 13,
        "adjudicated": false,
        "player_a_color": "black",
        "player_a_timeouts": 0,
        "player_b_timeouts": 0,
        "player_a_moves": 6,
        "player_b_moves": 7,
        "player_a_crashes": 0,
        "player_b_crashes": 0,
        "response_times_ms": [
          196.22508299999987,
          196.12404100000003,
          196.34649999999976,
          196.064083,
          196.54637500000004,
          196.50858299999996,
          196.51933299999945,
          196.07091600000004,
          196.0644580000004,
          196.1276249999999,
          196.2139160000005,
          196.38470800000007,
          196.53929199999976
        ],
        "error": ""
      },
      {
        "opening_name": "queens_pawn",
        "opening_fen": "rnbqkbnr/ppp1pppp/8/3p4/3P4/8/PPP1PPPP/RNBQKBNR w KQkq - 0 2",
        "result": "draw",
        "score_a": 0.5,
        "plies": 20,
        "adjudicated": true,
        "player_a_color": "white",
        "player_a_timeouts": 0,
        "player_b_timeouts": 0,
        "player_a_moves": 10,
        "player_b_moves": 10,
        "player_a_crashes": 0,
        "player_b_crashes": 0,
        "response_times_ms": [
          196.5047499999999,
          196.4929169999996,
          196.18295800000053,
          196.07212499999972,
          196.05350000000055,
          196.44637499999985,
          196.82233300000007,
          196.38904200000073,
          196.06970799999957,
          196.2522920000005,
          196.12562499999964,
          196.20825000000065,
          196.29437499999992,
          196.38741699999952,
          196.35633400000074,
          196.44312500000007,
          196.1192080000007,
          196.197583,
          196.08133400000048,
          196.79358299999984
        ],
        "error": ""
      },
      {
        "opening_name": "queens_pawn",
        "opening_fen": "rnbqkbnr/ppp1pppp/8/3p4/3P4/8/PPP1PPPP/RNBQKBNR w KQkq - 0 2",
        "result": "draw",
        "score_a": 0.5,
        "plies": 20,
        "adjudicated": true,
        "player_a_color": "black",
        "player_a_timeouts": 0,
        "player_b_timeouts": 0,
        "player_a_moves": 10,
        "player_b_moves": 10,
        "player_a_crashes": 0,
        "player_b_crashes": 0,
        "response_times_ms": [
          196.10441599999893,
          196.3272499999995,
          196.25225000000057,
          196.19845799999956,
          196.52416699999975,
          196.10954200000032,
          196.5604170000006,
          196.32545900000054,
          196.20720800000058,
          196.486041,
          196.38970799999987,
          196.6780420000003,
          196.52754100000004,
          196.25879200000008,
          196.5530830000013,
          196.37629099999998,
          196.28979099999987,
          196.56275,
          196.83462499999928,
          196.31295800000004
        ],
        "error": ""
      },
      {
        "opening_name": "ruy_lopez",
        "opening_fen": "r1bqkbnr/pppp1ppp/2n5/1B2p3/4P3/5N2/PPPP1PPP/RNBQK2R b KQkq - 3 3",
        "result": "win",
        "score_a": 1.0,
        "plies": 20,
        "adjudicated": true,
        "player_a_color": "white",
        "player_a_timeouts": 0,
        "player_b_timeouts": 0,
        "player_a_moves": 10,
        "player_b_moves": 10,
        "player_a_crashes": 0,
        "player_b_crashes": 0,
        "response_times_ms": [
          196.31541599999912,
          196.42854200000136,
          196.1857499999997,
          209.8743340000002,
          196.34683399999986,
          196.35008300000044,
          196.65437499999962,
          196.27024999999952,
          196.17520799999966,
          196.3828329999995,
          196.68620799999914,
          196.26599999999962,
          196.53408300000132,
          196.3286249999996,
          196.61337500000187,
          196.34837499999946,
          196.1975840000001,
          196.08516699999967,
          196.28437500000118,
          196.97687499999716
        ],
        "error": ""
      },
      {
        "opening_name": "ruy_lopez",
        "opening_fen": "r1bqkbnr/pppp1ppp/2n5/1B2p3/4P3/5N2/PPPP1PPP/RNBQK2R b KQkq - 3 3",
        "result": "loss",
        "score_a": 0.0,
        "plies": 20,
        "adjudicated": true,
        "player_a_color": "black",
        "player_a_timeouts": 0,
        "player_b_timeouts": 0,
        "player_a_moves": 10,
        "player_b_moves": 10,
        "player_a_crashes": 0,
        "player_b_crashes": 0,
        "response_times_ms": [
          196.59433300000018,
          196.2110000000017,
          196.46691699999863,
          196.2824999999988,
          196.50129100000058,
          196.28045800000038,
          196.15566700000286,
          196.22324999999918,
          196.0720000000009,
          196.91629199999738,
          196.71104200000045,
          196.60541700000067,
          196.06191700000153,
          196.100708000003,
          196.32166599999934,
          196.41112499999736,
          196.59729099999979,
          196.62154199999904,
          196.59833300000074,
          196.03870799999967
        ],
        "error": ""
      },
      {
        "opening_name": "italian_game",
        "opening_fen": "r1bqk1nr/pppp1ppp/2n5/2b1p3/2B1P3/5N2/PPPP1PPP/RNBQK2R w KQkq - 4 4",
        "result": "draw",
        "score_a": 0.5,
        "plies": 11,
        "adjudicated": false,
        "player_a_color": "white",
        "player_a_timeouts": 0,
        "player_b_timeouts": 0,
        "player_a_moves": 6,
        "player_b_moves": 5,
        "player_a_crashes": 0,
        "player_b_crashes": 0,
        "response_times_ms": [
          196.11500000000248,
          196.17895800000085,
          196.28158400000117,
          196.53662500000024,
          196.3878749999992,
          196.08345800000038,
          196.29241600000213,
          196.03612499999912,
          196.3099590000006,
          196.1131250000001,
          196.21841600000067
        ],
        "error": ""
      },
      {
        "opening_name": "italian_game",
        "opening_fen": "r1bqk1nr/pppp1ppp/2n5/2b1p3/2B1P3/5N2/PPPP1PPP/RNBQK2R w KQkq - 4 4",
        "result": "draw",
        "score_a": 0.5,
        "plies": 11,
        "adjudicated": false,
        "player_a_color": "black",
        "player_a_timeouts": 0,
        "player_b_timeouts": 0,