{
  "feedback_source": "self_play",
  "summary": {
    "games": 16,
    "wins_a": 3,
    "losses_a": 3,
    "draws": 10,
    "score_a": 8.0,
    "mean_score_a": 0.5,
    "game_scores_a": [
      0.5,
      0.5,
      0.0,
      1.0,
      0.5,
      0.5,
      0.0,
      1.0,
      1.0,
      0.0,
      0.5,
      0.5,
      0.5,
      0.5,
      0.5,
      0.5
    ],
    "player_a_moves": 118,
    "player_b_moves": 118,
    "player_a_timeouts": 0,
    "player_b_timeouts": 0,
    "player_a_crashes": 0,
    "player_b_crashes": 0,
    "results": [
      {
        "opening_name": "startpos",
        "opening_fen": "rnbqkbnr/pppppppp/8/8/8/8/PPPPPPPP/RNBQKBNR w KQkq - 0 1",
        "result": "draw",
        "score_a": 0.5,
        "plies": 13,
        "adjudicated": false,
        "player_a_color": "white",
        "player_a_timeouts": 0,
        "player_b_timeouts": 0,
        "player_a_moves": 7,
        "player_b_moves": 6,
        "player_a_crashes": 0,
        "player_b_crashes": 0,
        "response_times_ms": [
          196.0371250000037,
          196.1796250000134,
          196.193500000021,
          196.10770799999955,
          196.15754199998037,
          196.09170800001152,
          196.23320899998475,
          196.0959580000008,
          196.20125000000144,
          196.3214579999999,
          196.4907079999989,
          196.42712499998538,
          196.0852500000101
        ],
        "error": ""
      },
      {
        "opening_name": "startpos",
        "opening_fen": "rnbqkbnr/pppppppp/8/8/8/8/PPPPPPPP/RNBQKBNR w KQkq - 0 1",
        "result": "draw",
        "score_a": 0.5,
        "plies": 13,
        "adjudicated": false,
        "player_a_color": "black",
        "player_a_timeouts": 0,
        "player_b_timeouts": 0,
        "player_a_moves": 6,
        "player_b_moves": 7,
        "player_a_crashes": 0,
        "player_b_crashes": 0,
        "response_times_ms": [
          196.09879099999716,
          196.21816700001204,
          196.07279100000596,
          196.2130830000035,
          196.2429999999813,
          196.18504200002462,
          196.38524999999163,
          196.41429199998583,
          196.23112499999706,
          196.09716599998706,
          196.69312499999592,
          196.27137500000913,
          196.56566699998734
        ],
        "error": ""
      },
      {
        "opening_name": "queens_pawn",
        "opening_fen": "rnbqkbnr/ppp1pppp/8/3p4/3P4/8/PPP1PPPP/RNBQKBNR w KQkq - 0 2",
        "result": "loss",
        "score_a": 0.0,
        "plies": 20,
        "adjudicated": true,
        "player_a_color": "white",
        "player_a_timeouts": 0,
        "player_b_timeouts": 0,
        "player_a_moves": 10,
        "player_b_moves": 10,
        "player_a_crashes": 0,
        "player_b_crashes": 0,
        "response_times_ms": [
          196.2555830000099,
          196.45337500000437,
          196.37608299998988,
          196.61879200000953,
          196.58045799999968,
          196.21416699999372,
          196.19683400000554,
          196.0661669999979,
          196.10033299997554,
          196.17812499998877,
          196.65504199997486,
          196.05879099998447,
          196.40199999997776,
          196.27754200001846,
          196.23054099997717,
          196.19204200000695,
          196.2911250000161,
          196.0637090000148,
          196.50070800000208,
          196.17362500000013
        ],
        "error": ""
      },
      {
        "opening_name": "queens_pawn",
        "opening_fen": "rnbqkbnr/ppp1pppp/8/3p4/3P4/8/PPP1PPPP/RNBQKBNR w KQkq - 0 2",
        "result": "win",
        "score_a": 1.0,
        "plies": 20,
        "adjudicated": true,
        "player_a_color": "black",
        "player_a_timeouts": 0,
        "player_b_timeouts": 0,
        "player_a_moves": 10,
        "player_b_moves": 10,
        "player_a_crashes": 0,
        "player_b_crashes": 0,
        "response_times_ms": [
          196.51737500001332,
          196.2134160000062,
          196.29612500000349,
          196.26887499998702,
          196.39341600000648,
          196.32379199998695,
          196.50458299997808,
          196.17399999998497,
          196.23375000000465,
          196.02645899999516,
          196.09133300002668,
          196.5440840000099,
          196.23170799999912,
          196.0790839999902,
          196.63487500000087,
          196.25066699998683,
          196.5570419999949,
          196.08412499999872,
          196.46791700000676,
          196.10183300000017
        ],
        "error": ""
      },
      {
        "opening_name": "ruy_lopez",
        "opening_fen": "r1bqkbnr/pppp1ppp/2n5/1B2p3/4P3/5N2/PPPP1PPP/RNBQK2R b KQkq - 3 3",
        "result": "draw",
        "score_a": 0.5,
        "plies": 15,
        "adjudicated": false,
        "player_a_color": "white",
        "player_a_timeouts": 0,
        "player_b_timeouts": 0,
        "player_a_moves": 7,
        "player_b_moves": 8,
        "player_a_crashes": 0,
        "player_b_crashes": 0,
        "response_times_ms": [
          196.08212499997535,
          196.24091600002203,
          196.0834999999861,
          196.17833300000598,
          196.23316600001317,
          196.08241700001372,
          196.10437500000444,
          196.38333400001784,
          196.10612500000002,
          196.06808300000012,
          196.13583400001744,
          196.29866699997933,
          196.3056670000185,
          196.61066699998742,
          196.125875000007
        ],
        "error": ""
      },
      {
        "opening_name": "ruy_lopez",
        "opening_fen": "r1bqkbnr/pppp1ppp/2n5/1B2p3/4P3/5N2/PPPP1PPP/RNBQK2R b KQkq - 3 3",
        "result": "draw",
        "score_a": 0.5,
        "plies": 15,
        "adjudicated": false,
        "player_a_color": "black",
        "player_a_timeouts": 0,
        "player_b_timeouts": 0,
        "player_a_moves": 8,
        "player_b_moves": 7,
        "player_a_crashes": 0,
        "player_b_crashes": 0,
        "response_times_ms": [
          196.15183399997704,
          196.24275000001035,
          196.0297500000081,
          196.08870900000852,
          196.5295420000075,
          196.30762500000287,
          196.1648749999938,
          196.16966600000296,
          196.43899999999803,
          196.1009589999776,
          196.1226250000152,
          196.37962499999162,
          196.06283299998495,
          196.419958000007,
          196.36791600001402
        ],
        "error": ""
      },
      {
        "opening_name": "italian_game",
        "opening_fen": "r1bqk1nr/pppp1ppp/2n5/2b1p3/2B1P3/5N2/PPPP1PPP/RNBQK2R w KQkq - 4 4",
        "result": "loss",
        "score_a": 0.0,
        "plies": 10,
        "adjudicated": false,
        "player_a_color": "white",
        "player_a_timeouts": 0,
        "player_b_timeouts": 0,
        "player_a_moves": 5,
        "player_b_moves": 5,
        "player_a_crashes": 0,
        "player_b_crashes": 0,
        "response_times_ms": [
          196.32229200001916,
          196.15237499999694,
          196.21987499999705,
          196.13516699999423,
          196.14454099999534,
          196.25204199999757,
          196.23937500000466,
          196.24591699999883,
          196.3758750000011,
          26.414875000000393
        ],
        "error": ""
      },
      {
        "opening_name": "italian_game",
        "opening_fen": "r1bqk1nr/pppp1ppp/2n5/2b1p3/2B1P3/5N2/PPPP1PPP/RNBQK2R w KQkq - 4 4",
        "result": "win",
        "score_a": 1.0,
        "plies": 10,
        "adjudicated": false,
        "player_a_color": "black",
        "player_a_timeouts": 0,
        "player_b_timeouts": 0,
        "player_a_moves": 5,
        "player_b_moves": 5,
        "player_a_crashes": 0,
        "player_b_crashes": 0,