{
  "feedback_source": "self_play",
  "summary": {
    "games": 16,
    "wins_a": 2,
    "losses_a": 2,
    "draws": 12,
    "score_a": 8.0,
    "mean_score_a": 0.5,
    "game_scores_a": [
      0.5,
      0.5,
      0.0,
      1.0,
      0.5,
      0.5,
      0.5,
      0.5,
      1.0,
      0.0,
      0.5,
      0.5,
      0.5,
      0.5,
      0.5,
      0.5
    ],
    "player_a_moves": 116,
    "player_b_moves": 116,
    "player_a_timeouts": 0,
    "player_b_timeouts": 0,
    "player_a_crashes": 0,
    "player_b_crashes": 0,
    "results": [
      {
        "opening_name": "startpos",
        "opening_fen": "rnbqkbnr/pppppppp/8/8/8/8/PPPPPPPP/RNBQKBNR w KQkq - 0 1",
        "result": "draw",
        "score_a": 0.5,
        "plies": 13,
        "adjudicated": false,
        "player_a_color": "white",
        "player_a_timeouts": 0,
        "player_b_timeouts": 0,
        "player_a_moves": 7,
        "player_b_moves": 6,
        "player_a_crashes": 0,
        "player_b_crashes": 0,
        "response_times_ms": [
          196.184833,
          196.10912500000006,
          196.660792,
          196.46666700000003,
          196.27766600000007,
          196.1349590000001,
          196.0771669999999,
          196.55029099999987,
          196.7316670000001,
          196.40020800000002,
          196.33220899999992,
          196.06924999999987,
          196.55958299999998
        ],
        "error": ""
      },
      {
        "opening_name": "startpos",
        "opening_fen": "rnbqkbnr/pppppppp/8/8/8/8/PPPPPPPP/RNBQKBNR w KQkq - 0 1",
        "result": "draw",
        "score_a": 0.5,
        "plies": 13,
        "adjudicated": false,
        "player_a_color": "black",
        "player_a_timeouts": 0,
        "player_b_timeouts": 0,
        "player_a_moves": 6,
        "player_b_moves": 7,
        "player_a_crashes": 0,
        "player_b_crashes": 0,
        "response_times_ms": [
          196.07479100000003,
          196.42454199999992,
          196.07654200000013,
          196.18329200000016,
          196.04395800000017,
          196.16033300000035,
          196.35083300000034,
          196.245459,
          196.10866600000065,
          196.10791699999996,
          196.2092919999998,
          196.29362500000002,
          196.41558300000028
        ],
        "error": ""
      },
      {
        "opening_name": "queens_pawn",
        "opening_fen": "rnbqkbnr/ppp1pppp/8/3p4/3P4/8/PPP1PPPP/RNBQKBNR w KQkq - 0 2",
        "result": "loss",
        "score_a": 0.0,
        "plies": 20,
        "adjudicated": true,
        "player_a_color": "white",
        "player_a_timeouts": 0,
        "player_b_timeouts": 0,
        "player_a_moves": 10,
        "player_b_moves": 10,
        "player_a_crashes": 0,
        "player_b_crashes": 0,
        "response_times_ms": [
          196.3728749999998,
          196.26387499999964,
          196.56487499999997,
          196.12050000000013,
          196.08199999999965,
          196.1554999999997,
          196.43233299999974,
          196.06950000000012,
          196.22504200000003,
          196.06862499999966,
          196.24220900000023,
          196.61866700000007,
          196.21775000000065,
          196.38283300000037,
          196.0883330000005,
          196.17200000000068,
          196.21179199999972,
          196.0520419999998,
          196.58383300000003,
          196.14399999999853
        ],
        "error": ""
      },
      {
        "opening_name": "queens_pawn",
        "opening_fen": "rnbqkbnr/ppp1pppp/8/3p4/3P4/8/PPP1PPPP/RNBQKBNR w KQkq - 0 2",
        "result": "win",
        "score_a": 1.0,
        "plies": 20,
        "adjudicated": true,
        "player_a_color": "black",
        "player_a_timeouts": 0,
        "player_b_timeouts": 0,
        "player_a_moves": 10,
        "player_b_moves": 10,
        "player_a_crashes": 0,
        "player_b_crashes": 0,
        "response_times_ms": [
          196.2800419999997,
          196.14791699999932,
          196.60454099999924,
          196.49420800000073,
          196.03179199999943,
          196.2005830000013,
          196.06375000000043,
          196.13095799999945,
          196.32449999999935,
          196.29254100000003,
          196.1031670000004,
          196.27400000000074,
          196.03816599999925,
          196.0663750000009,
          196.15220799999912,
          196.04908400000022,
          196.21683299999938,
          196.20483299999947,
          196.3123339999999,
          196.30312500000002
        ],
        "error": ""
      },
      {
        "opening_name": "ruy_lopez",
        "opening_fen": "r1bqkbnr/pppp1ppp/2n5/1B2p3/4P3/5N2/PPPP1PPP/RNBQK2R b KQkq - 3 3",
        "result": "draw",
        "score_a": 0.5,
        "plies": 17,
        "adjudicated": false,
        "player_a_color": "white",
        "player_a_timeouts": 0,
        "player_b_timeouts": 0,
        "player_a_moves": 8,
        "player_b_moves": 9,
        "player_a_crashes": 0,
        "player_b_crashes": 0,
        "response_times_ms": [
          196.3709170000012,
          196.6754169999998,
          196.27645799999982,
          196.18929199999968,
          196.51875000000098,
          198.12133299999957,
          196.38516699999897,
          196.28537500000044,
          196.69387500000113,
          196.5722920000008,
          196.1796249999992,
          196.5931249999997,
          196.14062499999994,
          196.24333299999995,
          196.28758400000024,
          196.05679200000026,
          196.07666599999973
        ],
        "error": ""
      },
      {
        "opening_name": "ruy_lopez",
        "opening_fen": "r1bqkbnr/pppp1ppp/2n5/1B2p3/4P3/5N2/PPPP1PPP/RNBQK2R b KQkq - 3 3",
        "result": "draw",
        "score_a": 0.5,
        "plies": 15,
        "adjudicated": false,
        "player_a_color": "black",
        "player_a_timeouts": 0,
        "player_b_timeouts": 0,
        "player_a_moves": 8,
        "player_b_moves": 7,
        "player_a_crashes": 0,
        "player_b_crashes": 0,
        "response_times_ms": [
          196.28587500000094,
          196.1807499999999,
          196.5571670000017,
          196.10087499999906,
          196.27137500000202,
          196.38891700000016,
          196.34100000000032,
          196.44966699999955,
          196.2624580000032,
          196.0552079999971,
          196.0536669999975,
          196.47970799999825,
          196.77870800000008,
          196.0534580000015,
          196.60595900000288
        ],
        "error": ""
      },
      {
        "opening_name": "italian_game",
        "opening_fen": "r1bqk1nr/pppp1ppp/2n5/2b1p3/2B1P3/5N2/PPPP1PPP/RNBQK2R w KQkq - 4 4",
        "result": "draw",
        "score_a": 0.5,
        "plies": 11,
        "adjudicated": false,
        "player_a_color": "white",
        "player_a_timeouts": 0,
        "player_b_timeouts": 0,
        "player_a_moves": 6,
        "player_b_moves": 5,
        "player_a_crashes": 0,
        "player_b_crashes": 0,
        "response_times_ms": [
          196.41908299999855,
          196.56449999999737,
          196.15587499999876,
          196.68675000000135,
          196.26262499999925,
          196.04654100000118,
          196.15808300000026,
          196.57416699999786,
          196.27441700000148,
          196.55837499999862,
          196.21266700000106
        ],
        "error": ""
      },
      {
        "opening_name": "italian_game",
        "opening_fen": "r1bqk1nr/pppp1ppp/2n5/2b1p3/2B1P3/5N2/PPPP1PPP/RNBQK2R w KQkq - 4 4",
        "result": "draw",
        "score_a": 0.5,
        "plies": 11,
        "adjudicated": false,
        "player_a_color": "black",
        "player_a_timeouts": 0,
        "player_b_timeouts": 0,
        "player_a_moves": 5,
        "player_b_moves": 6,
        "player_a_crashes": 0,
        "player_b_crashes": 0,