{
  "feedback_source": "self_play",
  "summary": {
    "games": 16,
    "wins_a": 3,
    "losses_a": 3,
    "draws": 10,
    "score_a": 8.0,
    "mean_score_a": 0.5,
    "game_scores_a": [
      0.5,
      0.5,
      0.0,
      1.0,
      0.5,
      0.5,
      0.0,
      1.0,
      1.0,
      0.0,
      0.5,
      0.5,
      0.5,
      0.5,
      0.5,
      0.5
    ],
    "player_a_moves": 126,
    "player_b_moves": 126,
    "player_a_timeouts": 0,
    "player_b_timeouts": 0,
    "player_a_crashes": 0,
    "player_b_crashes": 0,
    "results": [
      {
        "opening_name": "startpos",
        "opening_fen": "rnbqkbnr/pppppppp/8/8/8/8/PPPPPPPP/RNBQKBNR w KQkq - 0 1",
        "result": "draw",
        "score_a": 0.5,
        "plies": 13,
        "adjudicated": false,
        "player_a_color": "white",
        "player_a_timeouts": 0,
        "player_b_timeouts": 0,
        "player_a_moves": 7,
        "player_b_moves": 6,
        "player_a_crashes": 0,
        "player_b_crashes": 0,
        "response_times_ms": [
          196.0585830000099,
          196.34862499999883,
          196.2498330000102,
          196.27937500000314,
          196.11183399999277,
          196.21258300000477,
          196.0917079999973,
          196.05416699999978,
          196.24233399999014,
          196.1362920000056,
          201.52083300000356,
          196.57262500000172,
          196.61645800000827
        ],
        "error": ""
      },
      {
        "opening_name": "startpos",
        "opening_fen": "rnbqkbnr/pppppppp/8/8/8/8/PPPPPPPP/RNBQKBNR w KQkq - 0 1",
        "result": "draw",
        "score_a": 0.5,
        "plies": 13,
        "adjudicated": false,
        "player_a_color": "black",
        "player_a_timeouts": 0,
        "player_b_timeouts": 0,
        "player_a_moves": 6,
        "player_b_moves": 7,
        "player_a_crashes": 0,
        "player_b_crashes": 0,
        "response_times_ms": [
          196.15266600000325,
          196.3949160000027,
          196.23633300000165,
          196.4292920000048,
          196.16708399999538,
          196.09491600000695,
          196.09762500000727,
          196.03841599999328,
          196.65524999999207,
          196.03879100000654,
          196.35208399999726,
          196.1807089999894,
          196.19254100000205
        ],
        "error": ""
      },
      {
        "opening_name": "queens_pawn",
        "opening_fen": "rnbqkbnr/ppp1pppp/8/3p4/3P4/8/PPP1PPPP/RNBQKBNR w KQkq - 0 2",
        "result": "loss",
        "score_a": 0.0,
        "plies": 20,
        "adjudicated": true,
        "player_a_color": "white",
        "player_a_timeouts": 0,
        "player_b_timeouts": 0,
        "player_a_moves": 10,
        "player_b_moves": 10,
        "player_a_crashes": 0,
        "player_b_crashes": 0,
        "response_times_ms": [
          196.8011660000002,
          196.33320900000228,
          196.05954200000042,
          196.09512500001358,
          196.37066599999287,
          196.0581249999933,
          196.34695799999236,
          196.2276250000059,
          196.36087500001054,
          196.03329199999564,
          196.13091700000496,
          196.25045899999805,
          196.44437499999867,
          196.10483399999623,
          196.5595419999886,
          196.10533300000554,
          196.11795799998788,
          196.24316600000213,
          196.66808399999525,
          196.23370799999407
        ],
        "error": ""
      },
      {
        "opening_name": "queens_pawn",
        "opening_fen": "rnbqkbnr/ppp1pppp/8/3p4/3P4/8/PPP1PPPP/RNBQKBNR w KQkq - 0 2",
        "result": "win",
        "score_a": 1.0,
        "plies": 20,
        "adjudicated": true,
        "player_a_color": "black",
        "player_a_timeouts": 0,
        "player_b_timeouts": 0,
        "player_a_moves": 10,
        "player_b_moves": 10,
        "player_a_crashes": 0,
        "player_b_crashes": 0,
        "response_times_ms": [
          196.80641700000479,
          196.22462499999926,
          196.19158300000095,
          196.5728750000011,
          196.41424999998947,
          196.35629100000074,
          196.4394580000004,
          196.23979200000008,
          196.216917000001,
          196.20579200000066,
          196.04150000000686,
          196.11833300000114,
          196.19883299999685,
          196.1668330000066,
          196.04704099999992,
          196.24091699999724,
          196.04408300000387,
          196.17141599999854,
          196.15495899999758,
          196.195208000006
        ],
        "error": ""
      },
      {
        "opening_name": "ruy_lopez",
        "opening_fen": "r1bqkbnr/pppp1ppp/2n5/1B2p3/4P3/5N2/PPPP1PPP/RNBQK2R b KQkq - 3 3",
        "result": "draw",
        "score_a": 0.5,
        "plies": 15,
        "adjudicated": false,
        "player_a_color": "white",
        "player_a_timeouts": 0,
        "player_b_timeouts": 0,
        "player_a_moves": 7,
        "player_b_moves": 8,
        "player_a_crashes": 0,
        "player_b_crashes": 0,
        "response_times_ms": [
          196.14791600000103,
          196.27741600000093,
          196.22000000001094,
          196.1778750000036,
          196.1681249999998,
          196.28025000000093,
          196.15050000000167,
          196.28104100000598,
          196.16929200000754,
          196.28583300000457,
          196.0574999999949,
          196.21349999999893,
          196.1974999999967,
          196.2796250000025,
          196.1209999999909
        ],
        "error": ""
      },
      {
        "opening_name": "ruy_lopez",
        "opening_fen": "r1bqkbnr/pppp1ppp/2n5/1B2p3/4P3/5N2/PPPP1PPP/RNBQK2R b KQkq - 3 3",
        "result": "draw",
        "score_a": 0.5,
        "plies": 17,
        "adjudicated": false,
        "player_a_color": "black",
        "player_a_timeouts": 0,
        "player_b_timeouts": 0,
        "player_a_moves": 9,
        "player_b_moves": 8,
        "player_a_crashes": 0,
        "player_b_crashes": 0,
        "response_times_ms": [
          196.32195900000227,
          196.43725000000245,
          196.36987500000203,
          196.24808400000404,
          196.44904199999758,
          196.26816600001007,
          196.30912499999909,
          196.21054200000287,
          196.09654199999227,
          196.121749999989,
          196.29566599999748,
          196.30820900000856,
          196.25725000000216,
          196.4557079999878,
          196.3696659999954,
          196.22058299999878,
          196.09966600000917
        ],
        "error": ""
      },
      {
        "opening_name": "italian_game",
        "opening_fen": "r1bqk1nr/pppp1ppp/2n5/2b1p3/2B1P3/5N2/PPPP1PPP/RNBQK2R w KQkq - 4 4",
        "result": "loss",
        "score_a": 0.0,
        "plies": 10,
        "adjudicated": false,
        "player_a_color": "white",
        "player_a_timeouts": 0,
        "player_b_timeouts": 0,
        "player_a_moves": 5,
        "player_b_moves": 5,
        "player_a_crashes": 0,
        "player_b_crashes": 0,
        "response_times_ms": [
          196.12949999999785,
          196.2708750000104,
          196.17449999999792,
          196.119834000001,
          196.7786670000038,
          196.24470799999472,
          196.2668329999957,
          196.95412499999065,
          196.1815839999872,
          26.987875000003214
        ],
        "error": ""
      },
      {
        "opening_name": "italian_game",
        "opening_fen": "r1bqk1nr/pppp1ppp/2n5/2b1p3/2B1P3/5N2/PPPP1PPP/RNBQK2R w KQkq - 4 4",
        "result": "win",
        "score_a": 1.0,
        "plies": 10,
        "adjudicated": false,
        "player_a_color": "black",
        "player_a_timeouts": 0,
        "player_b_timeouts": 0,
        "player_a_moves": 5,
        "player_b_moves": 5,
        "player_a_crashes": 0,
        "player_b_crashes": 0,