{
  "feedback_source": "self_play",
  "summary": {
    "games": 16,
    "wins_a": 2,
    "losses_a": 2,
    "draws": 12,
    "score_a": 8.0,
    "mean_score_a": 0.5,
    "game_scores_a": [
      0.5,
      0.5,
      0.0,
      1.0,
      0.5,
      0.5,
      0.5,
      0.5,
      1.0,
      0.0,
      0.5,
      0.5,
      0.5,
      0.5,
      0.5,
      0.5
    ],
    "player_a_moves": 123,
    "player_b_moves": 124,
    "player_a_timeouts": 0,
    "player_b_timeouts": 0,
    "player_a_crashes": 0,
    "player_b_crashes": 0,
    "results": [
      {
        "opening_name": "startpos",
        "opening_fen": "rnbqkbnr/pppppppp/8/8/8/8/PPPPPPPP/RNBQKBNR w KQkq - 0 1",
        "result": "draw",
        "score_a": 0.5,
        "plies": 13,
        "adjudicated": false,
        "player_a_color": "white",
        "player_a_timeouts": 0,
        "player_b_timeouts": 0,
        "player_a_moves": 7,
        "player_b_moves": 6,
        "player_a_crashes": 0,
        "player_b_crashes": 0,
        "response_times_ms": [
          196.133375,
          197.530791,
          196.0654169999999,
          196.284667,
          196.45237500000002,
          196.3269999999999,
          196.084334,
          196.07237499999997,
          196.25025000000008,
          196.3472089999998,
          196.03329200000007,
          196.06000000000012,
          196.29791699999987
        ],
        "error": ""
      },
      {
        "opening_name": "startpos",
        "opening_fen": "rnbqkbnr/pppppppp/8/8/8/8/PPPPPPPP/RNBQKBNR w KQkq - 0 1",
        "result": "draw",
        "score_a": 0.5,
        "plies": 13,
        "adjudicated": false,
        "player_a_color": "black",
        "player_a_timeouts": 0,
        "player_b_timeouts": 0,
        "player_a_moves": 6,
        "player_b_moves": 7,
        "player_a_crashes": 0,
        "player_b_crashes": 0,
        "response_times_ms": [
          196.15175000000028,
          196.42695900000007,
          196.50454099999993,
          196.11295800000005,
          196.09804200000002,
          196.40954200000004,
          196.13091600000044,
          196.09266699999938,
          196.19499999999945,
          196.24887500000023,
          196.27250000000006,
          196.34162499999962,
          196.14670800000056
        ],
        "error": ""
      },
      {
        "opening_name": "queens_pawn",
        "opening_fen": "rnbqkbnr/ppp1pppp/8/3p4/3P4/8/PPP1PPPP/RNBQKBNR w KQkq - 0 2",
        "result": "loss",
        "score_a": 0.0,
        "plies": 20,
        "adjudicated": true,
        "player_a_color": "white",
        "player_a_timeouts": 0,
        "player_b_timeouts": 0,
        "player_a_moves": 10,
        "player_b_moves": 10,
        "player_a_crashes": 0,
        "player_b_crashes": 0,
        "response_times_ms": [
          196.05537500000025,
          196.35962499999948,
          196.17145799999935,
          196.47820900000033,
          196.10975000000064,
          196.61908299999988,
          196.4053330000004,
          196.21512499999926,
          196.15395800000002,
          196.4417909999998,
          196.44800000000018,
          196.44208400000008,
          196.12437500000013,
          196.19829200000004,
          196.04183300000068,
          196.38966700000003,
          196.26262500000104,
          196.1864999999996,
          196.5610000000009,
          196.1484579999997
        ],
        "error": ""
      },
      {
        "opening_name": "queens_pawn",
        "opening_fen": "rnbqkbnr/ppp1pppp/8/3p4/3P4/8/PPP1PPPP/RNBQKBNR w KQkq - 0 2",
        "result": "win",
        "score_a": 1.0,
        "plies": 20,
        "adjudicated": true,
        "player_a_color": "black",
        "player_a_timeouts": 0,
        "player_b_timeouts": 0,
        "player_a_moves": 10,
        "player_b_moves": 10,
        "player_a_crashes": 0,
        "player_b_crashes": 0,
        "response_times_ms": [
          196.71337499999987,
          196.0451660000011,
          196.29333399999993,
          196.08404200000075,
          196.54145800000043,
          196.30812499999985,
          196.27091600000136,
          196.2112910000009,
          196.08112500000095,
          196.03900000000073,
          196.54087500000017,
          196.5697500000001,
          196.4459999999999,
          196.26508300000012,
          196.2290410000005,
          196.2087920000002,
          196.09462500000063,
          196.1966660000005,
          196.04095899999942,
          196.3412499999997
        ],
        "error": ""
      },
      {
        "opening_name": "ruy_lopez",
        "opening_fen": "r1bqkbnr/pppp1ppp/2n5/1B2p3/4P3/5N2/PPPP1PPP/RNBQK2R b KQkq - 3 3",
        "result": "draw",
        "score_a": 0.5,
        "plies": 17,
        "adjudicated": false,
        "player_a_color": "white",
        "player_a_timeouts": 0,
        "player_b_timeouts": 0,
        "player_a_moves": 8,
        "player_b_moves": 9,
        "player_a_crashes": 0,
        "player_b_crashes": 0,
        "response_times_ms": [
          196.5061249999991,
          196.20212499999923,
          196.5040829999989,
          196.38029200000062,
          196.1989580000001,
          196.25204199999934,
          196.4809590000005,
          196.1410000000008,
          196.56825000000032,
          196.0239159999997,
          196.25287500000076,
          196.08058299999874,
          196.19249999999866,
          196.21212499999885,
          196.52979099999968,
          196.21349999999893,
          196.56045800000044
        ],
        "error": ""
      },
      {
        "opening_name": "ruy_lopez",
        "opening_fen": "r1bqkbnr/pppp1ppp/2n5/1B2p3/4P3/5N2/PPPP1PPP/RNBQK2R b KQkq - 3 3",
        "result": "draw",
        "score_a": 0.5,
        "plies": 17,
        "adjudicated": false,
        "player_a_color": "black",
        "player_a_timeouts": 0,
        "player_b_timeouts": 0,
        "player_a_moves": 9,
        "player_b_moves": 8,
        "player_a_crashes": 0,
        "player_b_crashes": 0,
        "response_times_ms": [
          196.11370900000225,
          196.1410420000007,
          196.24424999999945,
          196.70504199999783,
          196.55445800000138,
          196.3697499999988,
          196.43283299999936,
          196.05004199999954,
          196.235834000003,
          196.20683300000152,
          196.1660839999979,
          196.33441599999912,
          196.05570900000302,
          196.15120799999985,
          196.2527910000027,
          196.33050000000196,
          196.20749999999987
        ],
        "error": ""
      },
      {
        "opening_name": "italian_game",
        "opening_fen": "r1bqk1nr/pppp1ppp/2n5/2b1p3/2B1P3/5N2/PPPP1PPP/RNBQK2R w KQkq - 4 4",
        "result": "draw",
        "score_a": 0.5,
        "plies": 11,
        "adjudicated": false,
        "player_a_color": "white",
        "player_a_timeouts": 0,
        "player_b_timeouts": 0,
        "player_a_moves": 6,
        "player_b_moves": 5,
        "player_a_crashes": 0,
        "player_b_crashes": 0,
        "response_times_ms": [
          196.27491700000022,
          196.25912499999743,
          196.44670899999994,
          196.23891699999874,
          196.58754199999962,
          196.18020800000124,
          196.227958999998,
          196.1786669999981,
          196.4676660000002,
          196.10491699999955,
          196.20966700000153
        ],
        "error": ""
      },
      {
        "opening_name": "italian_game",
        "opening_fen": "r1bqk1nr/pppp1ppp/2n5/2b1p3/2B1P3/5N2/PPPP1PPP/RNBQK2R w KQkq - 4 4",
        "result": "draw",
        "score_a": 0.5,
        "plies": 11,
        "adjudicated": false,
        "player_a_color": "black",
        "player_a_timeouts": 0,
        "player_b_timeouts": 0,
        "player_a_moves": 5,
        "player_b_moves": 6,
        "player_a_crashes": 0,
        "player_b_crashes": 0,