{
  "feedback_source": "self_play",
  "summary": {
    "games": 16,
    "wins_a": 2,
    "losses_a": 2,
    "draws": 12,
    "score_a": 8.0,
    "mean_score_a": 0.5,
    "game_scores_a": [
      0.5,
      0.5,
      0.0,
      1.0,
      0.5,
      0.5,
      0.5,
      0.5,
      1.0,
      0.0,
      0.5,
      0.5,
      0.5,
      0.5,
      0.5,
      0.5
    ],
    "player_a_moves": 121,
    "player_b_moves": 121,
    "player_a_timeouts": 0,
    "player_b_timeouts": 0,
    "player_a_crashes": 0,
    "player_b_crashes": 0,
    "results": [
      {
        "opening_name": "startpos",
        "opening_fen": "rnbqkbnr/pppppppp/8/8/8/8/PPPPPPPP/RNBQKBNR w KQkq - 0 1",
        "result": "draw",
        "score_a": 0.5,
        "plies": 13,
        "adjudicated": false,
        "player_a_color": "white",
        "player_a_timeouts": 0,
        "player_b_timeouts": 0,
        "player_a_moves": 7,
        "player_b_moves": 6,
        "player_a_crashes": 0,
        "player_b_crashes": 0,
        "response_times_ms": [
          196.0596670000001,
          196.18162499999414,
          196.43333300000165,
          196.3423750000004,
          196.21850000000052,
          196.30291699999702,
          196.43470799999818,
          196.04254099999707,
          196.4922500000057,
          196.27012499999807,
          196.3016250000038,
          196.54429199999868,
          196.53325000000166
        ],
        "error": ""
      },
      {
        "opening_name": "startpos",
        "opening_fen": "rnbqkbnr/pppppppp/8/8/8/8/PPPPPPPP/RNBQKBNR w KQkq - 0 1",
        "result": "draw",
        "score_a": 0.5,
        "plies": 13,
        "adjudicated": false,
        "player_a_color": "black",
        "player_a_timeouts": 0,
        "player_b_timeouts": 0,
        "player_a_moves": 6,
        "player_b_moves": 7,
        "player_a_crashes": 0,
        "player_b_crashes": 0,
        "response_times_ms": [
          196.32379200000116,
          196.35491599999,
          196.02912499999547,
          196.14283299999613,
          196.2477919999941,
          196.42749999999864,
          196.33645799999044,
          196.2322920000048,
          196.50583300000335,
          196.1627080000028,
          196.7124589999969,
          196.56237499999918,
          196.82204100000433
        ],
        "error": ""
      },
      {
        "opening_name": "queens_pawn",
        "opening_fen": "rnbqkbnr/ppp1pppp/8/3p4/3P4/8/PPP1PPPP/RNBQKBNR w KQkq - 0 2",
        "result": "loss",
        "score_a": 0.0,
        "plies": 20,
        "adjudicated": true,
        "player_a_color": "white",
        "player_a_timeouts": 0,
        "player_b_timeouts": 0,
        "player_a_moves": 10,
        "player_b_moves": 10,
        "player_a_crashes": 0,
        "player_b_crashes": 0,
        "response_times_ms": [
          196.48204199999952,
          196.08820800000615,
          196.03108300000827,
          196.10524999998802,
          196.1199169999901,
          196.20958299999813,
          196.2852499999883,
          196.49141600000064,
          196.26016700000548,
          196.23354200000165,
          196.40237499999103,
          196.2244580000032,
          196.2205410000024,
          196.2288339999958,
          196.20329199999276,
          196.4347910000015,
          196.37062500000013,
          196.21858299998962,
          196.3309999999865,
          196.02637500000242
        ],
        "error": ""
      },
      {
        "opening_name": "queens_pawn",
        "opening_fen": "rnbqkbnr/ppp1pppp/8/3p4/3P4/8/PPP1PPPP/RNBQKBNR w KQkq - 0 2",
        "result": "win",
        "score_a": 1.0,
        "plies": 20,
        "adjudicated": true,
        "player_a_color": "black",
        "player_a_timeouts": 0,
        "player_b_timeouts": 0,
        "player_a_moves": 10,
        "player_b_moves": 10,
        "player_a_crashes": 0,
        "player_b_crashes": 0,
        "response_times_ms": [
          196.3769159999913,
          196.36049999999727,
          196.41991700000005,
          196.14016700001002,
          196.18749999999352,
          196.19250000000932,
          196.58141700000442,
          196.03370800000164,
          196.2783329999951,
          196.5223750000007,
          196.28879100000063,
          196.38016700000094,
          196.32174999999563,
          196.1515410000061,
          196.05024999999898,
          196.29604200000017,
          196.33895799999834,
          196.2184169999972,
          196.4777080000033,
          196.02929200000574
        ],
        "error": ""
      },
      {
        "opening_name": "ruy_lopez",
        "opening_fen": "r1bqkbnr/pppp1ppp/2n5/1B2p3/4P3/5N2/PPPP1PPP/RNBQK2R b KQkq - 3 3",
        "result": "draw",
        "score_a": 0.5,
        "plies": 17,
        "adjudicated": false,
        "player_a_color": "white",
        "player_a_timeouts": 0,
        "player_b_timeouts": 0,
        "player_a_moves": 8,
        "player_b_moves": 9,
        "player_a_crashes": 0,
        "player_b_crashes": 0,
        "response_times_ms": [
          196.12258400000826,
          196.5395000000001,
          196.35316599999442,
          196.22937500000148,
          196.2770420000055,
          196.27124999999523,
          196.17883300000472,
          196.12687500000447,
          196.1703340000014,
          196.6136250000119,
          196.46629199999666,
          196.02458299999626,
          196.3871670000117,
          196.42912500000875,
          196.65583299999412,
          196.53733300000908,
          196.3794159999992
        ],
        "error": ""
      },
      {
        "opening_name": "ruy_lopez",
        "opening_fen": "r1bqkbnr/pppp1ppp/2n5/1B2p3/4P3/5N2/PPPP1PPP/RNBQK2R b KQkq - 3 3",
        "result": "draw",
        "score_a": 0.5,
        "plies": 17,
        "adjudicated": false,
        "player_a_color": "black",
        "player_a_timeouts": 0,
        "player_b_timeouts": 0,
        "player_a_moves": 9,
        "player_b_moves": 8,
        "player_a_crashes": 0,
        "player_b_crashes": 0,
        "response_times_ms": [
          196.2121250000024,
          196.45425000000216,
          196.1454579999895,
          196.08687499999178,
          196.11383400000193,
          196.23262499999328,
          196.2084589999904,
          196.13395799999012,
          196.3964589999989,
          196.15079100000798,
          196.0295420000051,
          196.2200419999931,
          196.1625830000031,
          196.35133299999552,
          196.1554580000069,
          196.34166599999503,
          196.59091600000522
        ],
        "error": ""
      },
      {
        "opening_name": "italian_game",
        "opening_fen": "r1bqk1nr/pppp1ppp/2n5/2b1p3/2B1P3/5N2/PPPP1PPP/RNBQK2R w KQkq - 4 4",
        "result": "draw",
        "score_a": 0.5,
        "plies": 11,
        "adjudicated": false,
        "player_a_color": "white",
        "player_a_timeouts": 0,
        "player_b_timeouts": 0,
        "player_a_moves": 6,
        "player_b_moves": 5,
        "player_a_crashes": 0,
        "player_b_crashes": 0,
        "response_times_ms": [
          196.15820799999995,
          196.10837499999434,
          196.0503330000023,
          196.4727499999981,
          196.12225000000194,
          196.71816700000022,
          196.05725000000973,
          196.50970800000778,
          196.1346669999955,
          196.59950000000492,
          196.19237500000963
        ],
        "error": ""
      },
      {
        "opening_name": "italian_game",
        "opening_fen": "r1bqk1nr/pppp1ppp/2n5/2b1p3/2B1P3/5N2/PPPP1PPP/RNBQK2R w KQkq - 4 4",
        "result": "draw",
        "score_a": 0.5,
        "plies": 11,
        "adjudicated": false,
        "player_a_color": "black",
        "player_a_timeouts": 0,
        "player_b_timeouts": 0,
        "player_a_moves": 5,
        "player_b_moves": 6,
        "player_a_crashes": 0,
        "player_b_crashes": 0,