{
  "feedback_source": "self_play",
  "summary": {
    "games": 16,
    "wins_a": 3,
    "losses_a": 3,
    "draws": 10,
    "score_a": 8.0,
    "mean_score_a": 0.5,
    "game_scores_a": [
      0.5,
      0.5,
      0.0,
      1.0,
      0.5,
      0.5,
      0.0,
      1.0,
      1.0,
      0.0,
      0.5,
      0.5,
      0.5,
      0.5,
      0.5,
      0.5
    ],
    "player_a_moves": 118,
    "player_b_moves": 118,
    "player_a_timeouts": 0,
    "player_b_timeouts": 0,
    "player_a_crashes": 0,
    "player_b_crashes": 0,
    "results": [
      {
        "opening_name": "startpos",
        "opening_fen": "rnbqkbnr/pppppppp/8/8/8/8/PPPPPPPP/RNBQKBNR w KQkq - 0 1",
        "result": "draw",
        "score_a": 0.5,
        "plies": 13,
        "adjudicated": false,
        "player_a_color": "white",
        "player_a_timeouts": 0,
        "player_b_timeouts": 0,
        "player_a_moves": 7,
        "player_b_moves": 6,
        "player_a_crashes": 0,
        "player_b_crashes": 0,
        "response_times_ms": [
          196.1084590000155,
          196.37333299999682,
          196.04020799999944,
          196.4024170000016,
          196.1900829999763,
          196.33716700002424,
          196.04129199998965,
          196.53391599999281,
          196.33058299999107,
          196.41337499999167,
          196.51920900000164,
          196.23320800002375,
          196.0371250000037
        ],
        "error": ""
      },
      {
        "opening_name": "startpos",
        "opening_fen": "rnbqkbnr/pppppppp/8/8/8/8/PPPPPPPP/RNBQKBNR w KQkq - 0 1",
        "result": "draw",
        "score_a": 0.5,
        "plies": 13,
        "adjudicated": false,
        "player_a_color": "black",
        "player_a_timeouts": 0,
        "player_b_timeouts": 0,
        "player_a_moves": 6,
        "player_b_moves": 7,
        "player_a_crashes": 0,
        "player_b_crashes": 0,
        "response_times_ms": [
          196.18108299999903,
          196.30150000000413,
          196.25204100000815,
          196.3800830000082,
          196.25491700000453,
          196.0897920000093,
          196.17491700000755,
          196.21608299999593,
          196.2377080000124,
          196.06758300000138,
          196.14437500001713,
          196.4311250000037,
          196.27720800002635
        ],
        "error": ""
      },
      {
        "opening_name": "queens_pawn",
        "opening_fen": "rnbqkbnr/ppp1pppp/8/3p4/3P4/8/PPP1PPPP/RNBQKBNR w KQkq - 0 2",
        "result": "loss",
        "score_a": 0.0,
        "plies": 20,
        "adjudicated": true,
        "player_a_color": "white",
        "player_a_timeouts": 0,
        "player_b_timeouts": 0,
        "player_a_moves": 10,
        "player_b_moves": 10,
        "player_a_crashes": 0,
        "player_b_crashes": 0,
        "response_times_ms": [
          196.642125000011,
          196.90695799999958,
          196.1636669999791,
          196.0359589999996,
          196.32766699999138,
          196.14179200002013,
          196.49758399998518,
          196.47395800001277,
          196.1409589999903,
          196.031167000001,
          196.3878749999992,
          196.2485420000064,
          196.20729100000744,
          196.44187500000498,
          196.06425000000627,
          196.04566700002124,
          196.31458399999246,
          196.11483299999577,
          196.02729100000715,
          196.14924999999062
        ],
        "error": ""
      },
      {
        "opening_name": "queens_pawn",
        "opening_fen": "rnbqkbnr/ppp1pppp/8/3p4/3P4/8/PPP1PPPP/RNBQKBNR w KQkq - 0 2",
        "result": "win",
        "score_a": 1.0,
        "plies": 20,
        "adjudicated": true,
        "player_a_color": "black",
        "player_a_timeouts": 0,
        "player_b_timeouts": 0,
        "player_a_moves": 10,
        "player_b_moves": 10,
        "player_a_crashes": 0,
        "player_b_crashes": 0,
        "response_times_ms": [
          196.71862499998838,
          196.54104200000688,
          196.45683299998495,
          196.21674999999072,
          196.17283299999144,
          196.2315419999925,
          196.18104199997788,
          196.14812500000767,
          196.3047090000032,
          196.05441699999915,
          196.15116700001067,
          196.36299999999096,
          196.37841699997693,
          196.42262499999674,
          196.13158399999975,
          196.30516699999134,
          196.54708299998447,
          196.14475000000198,
          196.23875000002045,
          196.0262919999991
        ],
        "error": ""
      },
      {
        "opening_name": "ruy_lopez",
        "opening_fen": "r1bqkbnr/pppp1ppp/2n5/1B2p3/4P3/5N2/PPPP1PPP/RNBQK2R b KQkq - 3 3",
        "result": "draw",
        "score_a": 0.5,
        "plies": 15,
        "adjudicated": false,
        "player_a_color": "white",
        "player_a_timeouts": 0,
        "player_b_timeouts": 0,
        "player_a_moves": 7,
        "player_b_moves": 8,
        "player_a_crashes": 0,
        "player_b_crashes": 0,
        "response_times_ms": [
          196.49254200001565,
          196.22950000001538,
          196.16445799999838,
          196.0839169999815,
          196.61129200000005,
          196.17237500000329,
          196.18020799998703,
          196.42741599997748,
          196.06600000000185,
          196.1819999999932,
          196.09054200000742,
          196.32816700001854,
          196.3985420000256,
          196.10870899998645,
          196.22883299999216
        ],
        "error": ""
      },
      {
        "opening_name": "ruy_lopez",
        "opening_fen": "r1bqkbnr/pppp1ppp/2n5/1B2p3/4P3/5N2/PPPP1PPP/RNBQK2R b KQkq - 3 3",
        "result": "draw",
        "score_a": 0.5,
        "plies": 15,
        "adjudicated": false,
        "player_a_color": "black",
        "player_a_timeouts": 0,
        "player_b_timeouts": 0,
        "player_a_moves": 8,
        "player_b_moves": 7,
        "player_a_crashes": 0,
        "player_b_crashes": 0,
        "response_times_ms": [
          196.24675000000025,
          196.60150000001408,
          196.1821250000071,
          196.1063329999888,
          196.06695899997817,
          196.20391600000175,
          196.07020800000896,
          196.23029199999564,
          196.35737499999095,
          196.17933399999288,
          196.2278329999947,
          196.3989159999926,
          196.03383300000132,
          196.29425000002243,
          196.0698329999957
        ],
        "error": ""
      },
      {
        "opening_name": "italian_game",
        "opening_fen": "r1bqk1nr/pppp1ppp/2n5/2b1p3/2B1P3/5N2/PPPP1PPP/RNBQK2R w KQkq - 4 4",
        "result": "loss",
        "score_a": 0.0,
        "plies": 10,
        "adjudicated": false,
        "player_a_color": "white",
        "player_a_timeouts": 0,
        "player_b_timeouts": 0,
        "player_a_moves": 5,
        "player_b_moves": 5,
        "player_a_crashes": 0,
        "player_b_crashes": 0,
        "response_times_ms": [
          196.3122500000054,
          196.49795899999845,
          196.22129100000052,
          196.27591600001892,
          196.28074999999967,
          196.20141600000807,
          196.34004099998492,
          196.07304199999476,
          196.09320899999716,
          26.93945799998687
        ],
        "error": ""
      },
      {
        "opening_name": "italian_game",
        "opening_fen": "r1bqk1nr/pppp1ppp/2n5/2b1p3/2B1P3/5N2/PPPP1PPP/RNBQK2R w KQkq - 4 4",
        "result": "win",
        "score_a": 1.0,
        "plies": 10,
        "adjudicated": false,
        "player_a_color": "black",
        "player_a_timeouts": 0,
        "player_b_timeouts": 0,
        "player_a_moves": 5,
        "player_b_moves": 5,
        "player_a_crashes": 0,
        "player_b_crashes": 0,