{
  "feedback_source": "self_play",
  "summary": {
    "games": 16,
    "wins_a": 2,
    "losses_a": 2,
    "draws": 12,
    "score_a": 8.0,
    "mean_score_a": 0.5,
    "game_scores_a": [
      0.5,
      0.5,
      0.0,
      1.0,
      0.5,
      0.5,
      0.5,
      0.5,
      1.0,
      0.0,
      0.5,
      0.5,
      0.5,
      0.5,
      0.5,
      0.5
    ],
    "player_a_moves": 122,
    "player_b_moves": 122,
    "player_a_timeouts": 0,
    "player_b_timeouts": 0,
    "player_a_crashes": 0,
    "player_b_crashes": 0,
    "results": [
      {
        "opening_name": "startpos",
        "opening_fen": "rnbqkbnr/pppppppp/8/8/8/8/PPPPPPPP/RNBQKBNR w KQkq - 0 1",
        "result": "draw",
        "score_a": 0.5,
        "plies": 13,
        "adjudicated": false,
        "player_a_color": "white",
        "player_a_timeouts": 0,
        "player_b_timeouts": 0,
        "player_a_moves": 7,
        "player_b_moves": 6,
        "player_a_crashes": 0,
        "player_b_crashes": 0,
        "response_times_ms": [
          196.04537499999998,
          196.450667,
          196.24920899999998,
          196.12712500000006,
          196.29891700000002,
          196.04049999999984,
          196.2063329999999,
          196.161166,
          196.05670799999996,
          196.1925,
          196.329875,
          196.22091699999976,
          196.6937500000001
        ],
        "error": ""
      },
      {
        "opening_name": "startpos",
        "opening_fen": "rnbqkbnr/pppppppp/8/8/8/8/PPPPPPPP/RNBQKBNR w KQkq - 0 1",
        "result": "draw",
        "score_a": 0.5,
        "plies": 13,
        "adjudicated": false,
        "player_a_color": "black",
        "player_a_timeouts": 0,
        "player_b_timeouts": 0,
        "player_a_moves": 6,
        "player_b_moves": 7,
        "player_a_crashes": 0,
        "player_b_crashes": 0,
        "response_times_ms": [
          196.14441699999975,
          196.425375,
          196.0752079999999,
          196.50908300000003,
          196.18383400000016,
          196.60749999999982,
          196.25737500000008,
          196.042834,
          196.48474999999976,
          196.4949159999998,
          196.24283300000033,
          196.32541699999973,
          196.09404200000034
        ],
        "error": ""
      },
      {
        "opening_name": "queens_pawn",
        "opening_fen": "rnbqkbnr/ppp1pppp/8/3p4/3P4/8/PPP1PPPP/RNBQKBNR w KQkq - 0 2",
        "result": "loss",
        "score_a": 0.0,
        "plies": 20,
        "adjudicated": true,
        "player_a_color": "white",
        "player_a_timeouts": 0,
        "player_b_timeouts": 0,
        "player_a_moves": 10,
        "player_b_moves": 10,
        "player_a_crashes": 0,
        "player_b_crashes": 0,
        "response_times_ms": [
          196.4252919999998,
          196.61054100000007,
          196.02954199999976,
          196.3018750000005,
          196.12583299999997,
          196.30970799999938,
          196.32020900000046,
          196.43437499999993,
          196.21225000000032,
          196.1757500000001,
          196.72595800000005,
          196.1162079999994,
          196.25308299999932,
          196.0519999999999,
          196.26920800000036,
          196.1376250000004,
          196.2088340000001,
          196.2368750000003,
          196.05004199999954,
          196.24349999999959
        ],
        "error": ""
      },
      {
        "opening_name": "queens_pawn",
        "opening_fen": "rnbqkbnr/ppp1pppp/8/3p4/3P4/8/PPP1PPPP/RNBQKBNR w KQkq - 0 2",
        "result": "win",
        "score_a": 1.0,
        "plies": 20,
        "adjudicated": true,
        "player_a_color": "black",
        "player_a_timeouts": 0,
        "player_b_timeouts": 0,
        "player_a_moves": 10,
        "player_b_moves": 10,
        "player_a_crashes": 0,
        "player_b_crashes": 0,
        "response_times_ms": [
          196.47974999999997,
          196.14295799999937,
          196.24375000000072,
          196.26966599999918,
          196.07799999999997,
          196.2914170000012,
          196.1716669999998,
          196.03700000000046,
          196.1159170000002,
          196.32050000000055,
          196.0929999999994,
          196.17558300000047,
          196.2471249999993,
          196.49516700000015,
          196.06824999999972,
          196.20804200000032,
          196.22129099999876,
          196.27183299999905,
          196.0812909999987,
          196.03658299999972
        ],
        "error": ""
      },
      {
        "opening_name": "ruy_lopez",
        "opening_fen": "r1bqkbnr/pppp1ppp/2n5/1B2p3/4P3/5N2/PPPP1PPP/RNBQK2R b KQkq - 3 3",
        "result": "draw",
        "score_a": 0.5,
        "plies": 17,
        "adjudicated": false,
        "player_a_color": "white",
        "player_a_timeouts": 0,
        "player_b_timeouts": 0,
        "player_a_moves": 8,
        "player_b_moves": 9,
        "player_a_crashes": 0,
        "player_b_crashes": 0,
        "response_times_ms": [
          196.16737499999994,
          196.0897500000005,
          196.14250000000055,
          196.18966599999865,
          196.35862500000025,
          196.3898749999995,
          196.28312500000078,
          196.03433400000014,
          196.25941700000027,
          196.10950000000037,
          196.4682499999988,
          196.0267919999996,
          196.66895800000006,
          196.24366699999916,
          196.44249999999985,
          196.32091699999776,
          196.26912499999705
        ],
        "error": ""
      },
      {
        "opening_name": "ruy_lopez",
        "opening_fen": "r1bqkbnr/pppp1ppp/2n5/1B2p3/4P3/5N2/PPPP1PPP/RNBQK2R b KQkq - 3 3",
        "result": "draw",
        "score_a": 0.5,
        "plies": 17,
        "adjudicated": false,
        "player_a_color": "black",
        "player_a_timeouts": 0,
        "player_b_timeouts": 0,
        "player_a_moves": 9,
        "player_b_moves": 8,
        "player_a_crashes": 0,
        "player_b_crashes": 0,
        "response_times_ms": [
          196.04845799999993,
          196.12483299999894,
          196.26141699999877,
          196.23225000000133,
          196.65983299999823,
          196.04987499999993,
          196.106750000002,
          196.035375000001,
          196.16454200000177,
          196.19100000000245,
          196.27899999999698,
          196.14858299999938,
          196.11737500000004,
          196.16379200000011,
          196.16537499999964,
          196.11837500000107,
          196.3406660000011
        ],
        "error": ""
      },
      {
        "opening_name": "italian_game",
        "opening_fen": "r1bqk1nr/pppp1ppp/2n5/2b1p3/2B1P3/5N2/PPPP1PPP/RNBQK2R w KQkq - 4 4",
        "result": "draw",
        "score_a": 0.5,
        "plies": 11,
        "adjudicated": false,
        "player_a_color": "white",
        "player_a_timeouts": 0,
        "player_b_timeouts": 0,
        "player_a_moves": 6,
        "player_b_moves": 5,
        "player_a_crashes": 0,
        "player_b_crashes": 0,
        "response_times_ms": [
          196.19245799999874,
          196.05295799999922,
          196.0593750000008,
          196.25658400000034,
          196.24258400000016,
          196.08975000000228,
          196.26699999999886,
          197.6013750000014,
          196.36937499999974,
          196.54212500000057,
          196.5719159999999
        ],
        "error": ""
      },
      {
        "opening_name": "italian_game",
        "opening_fen": "r1bqk1nr/pppp1ppp/2n5/2b1p3/2B1P3/5N2/PPPP1PPP/RNBQK2R w KQkq - 4 4",
        "result": "draw",
        "score_a": 0.5,
        "plies": 11,
        "adjudicated": false,
        "player_a_color": "black",
        "player_a_timeouts": 0,
        "player_b_timeouts": 0,
        "player_a_moves": 5,
        "player_b_moves": 6,
        "player_a_crashes": 0,
        "player_b_crashes": 0,