{
  "feedback_source": "self_play",
  "summary": {
    "games": 16,
    "wins_a": 3,
    "losses_a": 2,
    "draws": 11,
    "score_a": 8.5,
    "mean_score_a": 0.53125,
    "game_scores_a": [
      0.5,
      0.5,
      0.0,
      1.0,
      1.0,
      0.5,
      0.5,
      0.5,
      1.0,
      0.0,
      0.5,
      0.5,
      0.5,
      0.5,
      0.5,
      0.5
    ],
    "player_a_moves": 124,
    "player_b_moves": 123,
    "player_a_timeouts": 0,
    "player_b_timeouts": 0,
    "player_a_crashes": 0,
    "player_b_crashes": 0,
    "results": [
      {
        "opening_name": "startpos",
        "opening_fen": "rnbqkbnr/pppppppp/8/8/8/8/PPPPPPPP/RNBQKBNR w KQkq - 0 1",
        "result": "draw",
        "score_a": 0.5,
        "plies": 13,
        "adjudicated": false,
        "player_a_color": "white",
        "player_a_timeouts": 0,
        "player_b_timeouts": 0,
        "player_a_moves": 7,
        "player_b_moves": 6,
        "player_a_crashes": 0,
        "player_b_crashes": 0,
        "response_times_ms": [
          196.13087499999438,
          196.06024999998795,
          196.24250000001098,
          196.27362500000345,
          196.06133299998874,
          196.48754199999985,
          196.1970840000049,
          196.25808300000358,
          196.1273750000032,
          196.05941700001495,
          196.36020900000517,
          196.2555409999993,
          196.33874999999534
        ],
        "error": ""
      },
      {
        "opening_name": "startpos",
        "opening_fen": "rnbqkbnr/pppppppp/8/8/8/8/PPPPPPPP/RNBQKBNR w KQkq - 0 1",
        "result": "draw",
        "score_a": 0.5,
        "plies": 13,
        "adjudicated": false,
        "player_a_color": "black",
        "player_a_timeouts": 0,
        "player_b_timeouts": 0,
        "player_a_moves": 6,
        "player_b_moves": 7,
        "player_a_crashes": 0,
        "player_b_crashes": 0,
        "response_times_ms": [
          196.0415409999996,
          196.3869999999872,
          196.04995800000324,
          196.07491700000423,
          196.16583300000912,
          196.14574999999945,
          196.39433300000064,
          196.21195800002056,
          196.48070799999573,
          196.14429200001382,
          196.12491699999168,
          196.1292080000021,
          196.21666599999799
        ],
        "error": ""
      },
      {
        "opening_name": "queens_pawn",
        "opening_fen": "rnbqkbnr/ppp1pppp/8/3p4/3P4/8/PPP1PPPP/RNBQKBNR w KQkq - 0 2",
        "result": "loss",
        "score_a": 0.0,
        "plies": 20,
        "adjudicated": true,
        "player_a_color": "white",
        "player_a_timeouts": 0,
        "player_b_timeouts": 0,
        "player_a_moves": 10,
        "player_b_moves": 10,
        "player_a_crashes": 0,
        "player_b_crashes": 0,
        "response_times_ms": [
          196.5216250000026,
          196.7314999999985,
          196.1604159999979,
          196.1827499999913,
          196.5040839999972,
          196.26483400000438,
          196.31720800001062,
          196.54062499998304,
          196.42462500002011,
          196.18745799999715,
          196.10349999999244,
          196.05924999999047,
          196.08562499999493,
          196.48958399997696,
          196.13670900000102,
          196.26704200001654,
          196.21399999999767,
          196.1683330000028,
          196.16820800001733,
          196.2461669999982
        ],
        "error": ""
      },
      {
        "opening_name": "queens_pawn",
        "opening_fen": "rnbqkbnr/ppp1pppp/8/3p4/3P4/8/PPP1PPPP/RNBQKBNR w KQkq - 0 2",
        "result": "win",
        "score_a": 1.0,
        "plies": 20,
        "adjudicated": true,
        "player_a_color": "black",
        "player_a_timeouts": 0,
        "player_b_timeouts": 0,
        "player_a_moves": 10,
        "player_b_moves": 10,
        "player_a_crashes": 0,
        "player_b_crashes": 0,
        "response_times_ms": [
          196.21166700000003,
          196.11337500001014,
          196.0784169999954,
          196.09016699999415,
          196.064750000005,
          196.2925840000196,
          196.27158299999792,
          196.1362920000056,
          196.27104100001702,
          196.3565410000001,
          196.27291599999808,
          196.19191600000363,
          196.55916700000375,
          196.45858399999838,
          196.43737500001635,
          196.26091699998938,
          196.16620799999396,
          196.37845900001594,
          196.2575420000121,
          196.0382080000045
        ],
        "error": ""
      },
      {
        "opening_name": "ruy_lopez",
        "opening_fen": "r1bqkbnr/pppp1ppp/2n5/1B2p3/4P3/5N2/PPPP1PPP/RNBQK2R b KQkq - 3 3",
        "result": "win",
        "score_a": 1.0,
        "plies": 20,
        "adjudicated": true,
        "player_a_color": "white",
        "player_a_timeouts": 0,
        "player_b_timeouts": 0,
        "player_a_moves": 10,
        "player_b_moves": 10,
        "player_a_crashes": 0,
        "player_b_crashes": 0,
        "response_times_ms": [
          196.61287499999958,
          196.8174159999876,
          196.19541699998422,
          196.4435839999794,
          196.27075000002492,
          196.1544579999952,
          196.2259999999958,
          196.16124999998874,
          196.61070799998015,
          196.0812080000096,
          196.02950000000874,
          196.20374999999513,
          196.13191700000243,
          196.64104199998178,
          196.15808300000026,
          196.13624999999502,
          196.74224999999979,
          196.19791700000633,
          196.70399999998267,
          196.41854200000353
        ],
        "error": ""
      },
      {
        "opening_name": "ruy_lopez",
        "opening_fen": "r1bqkbnr/pppp1ppp/2n5/1B2p3/4P3/5N2/PPPP1PPP/RNBQK2R b KQkq - 3 3",
        "result": "draw",
        "score_a": 0.5,
        "plies": 17,
        "adjudicated": false,
        "player_a_color": "black",
        "player_a_timeouts": 0,
        "player_b_timeouts": 0,
        "player_a_moves": 9,
        "player_b_moves": 8,
        "player_a_crashes": 0,
        "player_b_crashes": 0,
        "response_times_ms": [
          196.4770839999801,
          196.13791599999786,
          196.1286659999928,
          196.1739580000028,
          196.1166669999841,
          196.0493750000012,
          196.5377500000045,
          196.07233299998938,
          196.641249999999,
          196.05708299999947,
          196.26558300001307,
          196.18520800000283,
          196.16929200000754,
          196.065166000011,
          196.14691600000356,
          196.17024999999444,
          196.15045899999473
        ],
        "error": ""
      },
      {
        "opening_name": "italian_game",
        "opening_fen": "r1bqk1nr/pppp1ppp/2n5/2b1p3/2B1P3/5N2/PPPP1PPP/RNBQK2R w KQkq - 4 4",
        "result": "draw",
        "score_a": 0.5,
        "plies": 11,
        "adjudicated": false,
        "player_a_color": "white",
        "player_a_timeouts": 0,
        "player_b_timeouts": 0,
        "player_a_moves": 6,
        "player_b_moves": 5,
        "player_a_crashes": 0,
        "player_b_crashes": 0,
        "response_times_ms": [
          196.49987500000066,
          196.09662499999558,
          196.12120900001173,
          196.1857919999943,
          196.1566669999968,
          196.48733399998264,
          196.47291699999414,
          196.68620799998848,
          196.15054100000862,
          196.40183399999955,
          196.0855840000022
        ],
        "error": ""
      },
      {
        "opening_name": "italian_game",
        "opening_fen": "r1bqk1nr/pppp1ppp/2n5/2b1p3/2B1P3/5N2/PPPP1PPP/RNBQK2R w KQkq - 4 4",
        "result": "draw",
        "score_a": 0.5,
        "plies": 11,
        "adjudicated": false,
        "player_a_color": "black",
        "player_a_timeouts": 0,
        "player_b_timeouts": 0,
        "player_a_moves": 5,