{
  "feedback_source": "self_play",
  "summary": {
    "games": 16,
    "wins_a": 1,
    "losses_a": 1,
    "draws": 14,
    "score_a": 8.0,
    "mean_score_a": 0.5,
    "game_scores_a": [
      0.5,
      0.5,
      0.0,
      1.0,
      0.5,
      0.5,
      0.5,
      0.5,
      0.5,
      0.5,
      0.5,
      0.5,
      0.5,
      0.5,
      0.5,
      0.5
    ],
    "player_a_moves": 120,
    "player_b_moves": 120,
    "player_a_timeouts": 0,
    "player_b_timeouts": 0,
    "player_a_crashes": 0,
    "player_b_crashes": 0,
    "results": [
      {
        "opening_name": "startpos",
        "opening_fen": "rnbqkbnr/pppppppp/8/8/8/8/PPPPPPPP/RNBQKBNR w KQkq - 0 1",
        "result": "draw",
        "score_a": 0.5,
        "plies": 13,
        "adjudicated": false,
        "player_a_color": "white",
        "player_a_timeouts": 0,
        "player_b_timeouts": 0,
        "player_a_moves": 7,
        "player_b_moves": 6,
        "player_a_crashes": 0,
        "player_b_crashes": 0,
        "response_times_ms": [
          196.2329590000138,
          196.24758300000167,
          196.50958299999388,
          196.40066700000602,
          196.22899999998822,
          196.0394170000086,
          196.5228340000067,
          196.54854199998795,
          196.13300000000322,
          196.18712499999447,
          196.34054099998366,
          196.10770799999955,
          196.15495799999394
        ],
        "error": ""
      },
      {
        "opening_name": "startpos",
        "opening_fen": "rnbqkbnr/pppppppp/8/8/8/8/PPPPPPPP/RNBQKBNR w KQkq - 0 1",
        "result": "draw",
        "score_a": 0.5,
        "plies": 13,
        "adjudicated": false,
        "player_a_color": "black",
        "player_a_timeouts": 0,
        "player_b_timeouts": 0,
        "player_a_moves": 6,
        "player_b_moves": 7,
        "player_a_crashes": 0,
        "player_b_crashes": 0,
        "response_times_ms": [
          196.0744999999804,
          196.2400830000206,
          196.26312500000154,
          196.12095799999452,
          196.14833299999646,
          196.22704199997543,
          196.16979200000628,
          196.10995799999387,
          196.4355409999996,
          196.13229099999785,
          196.5685419999943,
          196.51104199999736,
          196.7582499999878
        ],
        "error": ""
      },
      {
        "opening_name": "queens_pawn",
        "opening_fen": "rnbqkbnr/ppp1pppp/8/3p4/3P4/8/PPP1PPPP/RNBQKBNR w KQkq - 0 2",
        "result": "loss",
        "score_a": 0.0,
        "plies": 20,
        "adjudicated": true,
        "player_a_color": "white",
        "player_a_timeouts": 0,
        "player_b_timeouts": 0,
        "player_a_moves": 10,
        "player_b_moves": 10,
        "player_a_crashes": 0,
        "player_b_crashes": 0,
        "response_times_ms": [
          196.20429199997602,
          196.63850000000593,
          196.46962499999177,
          196.26074999999332,
          196.28775000001042,
          196.2471249999851,
          196.3137920000122,
          196.17908400002193,
          196.24770799998714,
          196.38870800000063,
          196.59287500002165,
          196.0319169999991,
          196.08425000001262,
          196.0566249999829,
          196.42191599999137,
          196.2806250000142,
          196.19316600000047,
          196.18283299999462,
          196.4980829999945,
          196.2063750000027
        ],
        "error": ""
      },
      {
        "opening_name": "queens_pawn",
        "opening_fen": "rnbqkbnr/ppp1pppp/8/3p4/3P4/8/PPP1PPPP/RNBQKBNR w KQkq - 0 2",
        "result": "win",
        "score_a": 1.0,
        "plies": 20,
        "adjudicated": true,
        "player_a_color": "black",
        "player_a_timeouts": 0,
        "player_b_timeouts": 0,
        "player_a_moves": 10,
        "player_b_moves": 10,
        "player_a_crashes": 0,
        "player_b_crashes": 0,
        "response_times_ms": [
          196.20908400000303,
          196.1291249999988,
          196.4111660000185,
          196.31416699999704,
          196.17575000000897,
          196.64054199998304,
          196.20079099999543,
          196.0389580000026,
          196.44916699999726,
          196.05116600001793,
          196.38720800000442,
          196.29033399999685,
          196.04570800001397,
          196.26162500000532,
          196.26862500001607,
          196.06058299999063,
          196.19929099999922,
          196.10974999997666,
          196.4263750000157,
          196.097917000003
        ],
        "error": ""
      },
      {
        "opening_name": "ruy_lopez",
        "opening_fen": "r1bqkbnr/pppp1ppp/2n5/1B2p3/4P3/5N2/PPPP1PPP/RNBQK2R b KQkq - 3 3",
        "result": "draw",
        "score_a": 0.5,
        "plies": 20,
        "adjudicated": true,
        "player_a_color": "white",
        "player_a_timeouts": 0,
        "player_b_timeouts": 0,
        "player_a_moves": 10,
        "player_b_moves": 10,
        "player_a_crashes": 0,
        "player_b_crashes": 0,
        "response_times_ms": [
          196.58958300001927,
          196.16150000001653,
          196.48637500000632,
          196.16933300000028,
          196.13774999999123,
          196.04712499997845,
          196.17654200001766,
          196.35562499999537,
          196.14900000001967,
          196.10562500000128,
          196.09750000000759,
          196.03937500002644,
          196.35500000001116,
          196.20479200000318,
          196.1811670000202,
          196.18083299999967,
          196.14550000000008,
          196.43691600001034,
          196.3482079999892,
          196.49704100001486
        ],
        "error": ""
      },
      {
        "opening_name": "ruy_lopez",
        "opening_fen": "r1bqkbnr/pppp1ppp/2n5/1B2p3/4P3/5N2/PPPP1PPP/RNBQK2R b KQkq - 3 3",
        "result": "draw",
        "score_a": 0.5,
        "plies": 20,
        "adjudicated": true,
        "player_a_color": "black",
        "player_a_timeouts": 0,
        "player_b_timeouts": 0,
        "player_a_moves": 10,
        "player_b_moves": 10,
        "player_a_crashes": 0,
        "player_b_crashes": 0,
        "response_times_ms": [
          196.14749999999503,
          196.08858399999463,
          196.32979200000023,
          196.54754199999047,
          196.14649999999756,
          196.0499999999854,
          196.21316699999625,
          196.5256250000209,
          196.04724999999235,
          196.35454099997673,
          196.07333299998686,
          196.3000000000079,
          196.389417000006,
          196.2840839999842,
          196.06941600000027,
          196.2544170000058,
          196.04529200000798,
          196.22037499999578,
          196.14845799998193,
          196.33975000002124
        ],
        "error": ""
      },
      {
        "opening_name": "italian_game",
        "opening_fen": "r1bqk1nr/pppp1ppp/2n5/2b1p3/2B1P3/5N2/PPPP1PPP/RNBQK2R w KQkq - 4 4",
        "result": "draw",
        "score_a": 0.5,
        "plies": 11,
        "adjudicated": false,
        "player_a_color": "white",
        "player_a_timeouts": 0,
        "player_b_timeouts": 0,
        "player_a_moves": 6,
        "player_b_moves": 5,
        "player_a_crashes": 0,
        "player_b_crashes": 0,
        "response_times_ms": [
          196.0742919999916,
          196.24683300000356,
          196.05795799998305,
          196.61616700000195,
          196.03454099998885,
          196.29258399999117,
          196.25404199999252,
          196.26541700000644,
          196.1260829999958,
          196.0373329999925,
          196.22499999999832
        ],
        "error": ""
      },
      {
        "opening_name": "italian_game",
        "opening_fen": "r1bqk1nr/pppp1ppp/2n5/2b1p3/2B1P3/5N2/PPPP1PPP/RNBQK2R w KQkq - 4 4",
        "result": "draw",
        "score_a": 0.5,
        "plies": 11,
        "adjudicated": false,
        "player_a_color": "black",