{
  "feedback_source": "self_play",
  "summary": {
    "games": 16,
    "wins_a": 2,
    "losses_a": 1,
    "draws": 13,
    "score_a": 8.5,
    "mean_score_a": 0.53125,
    "game_scores_a": [
      0.5,
      0.5,
      0.5,
      0.5,
      0.5,
      0.5,
      0.5,
      0.5,
      0.5,
      0.5,
      0.5,
      0.5,
      1.0,
      0.0,
      1.0,
      0.5
    ],
    "player_a_moves": 144,
    "player_b_moves": 142,
    "player_a_timeouts": 0,
    "player_b_timeouts": 0,
    "player_a_crashes": 0,
    "player_b_crashes": 0,
    "results": [
      {
        "opening_name": "startpos",
        "opening_fen": "rnbqkbnr/pppppppp/8/8/8/8/PPPPPPPP/RNBQKBNR w KQkq - 0 1",
        "result": "draw",
        "score_a": 0.5,
        "plies": 19,
        "adjudicated": false,
        "player_a_color": "white",
        "player_a_timeouts": 0,
        "player_b_timeouts": 0,
        "player_a_moves": 10,
        "player_b_moves": 9,
        "player_a_crashes": 0,
        "player_b_crashes": 0,
        "response_times_ms": [
          196.9547920000423,
          197.6726249999956,
          196.10787500005245,
          196.53970799993203,
          197.93041699995229,
          197.98933399999896,
          196.14491599998019,
          197.35037500004182,
          196.53916699996898,
          198.9571670000032,
          196.16674999997485,
          197.1558750000213,
          196.6706250000243,
          196.36862499999097,
          197.8375830000232,
          198.28279199998633,
          196.91895799996928,
          197.30120799999895,
          196.70783300000494
        ],
        "error": ""
      },
      {
        "opening_name": "startpos",
        "opening_fen": "rnbqkbnr/pppppppp/8/8/8/8/PPPPPPPP/RNBQKBNR w KQkq - 0 1",
        "result": "draw",
        "score_a": 0.5,
        "plies": 20,
        "adjudicated": true,
        "player_a_color": "black",
        "player_a_timeouts": 0,
        "player_b_timeouts": 0,
        "player_a_moves": 10,
        "player_b_moves": 10,
        "player_a_crashes": 0,
        "player_b_crashes": 0,
        "response_times_ms": [
          197.03362499990362,
          196.73329099998682,
          197.05195899996397,
          196.8195829999786,
          196.27041599994755,
          196.76370899992435,
          197.09437500000604,
          196.6264579999688,
          196.41554200006794,
          196.6645840000183,
          196.0645829999521,
          196.7000409999855,
          197.3422500000197,
          196.50120899996182,
          196.6119170000411,
          197.99695799997608,
          196.45458299999063,
          198.02854199997455,
          197.41995800006862,
          196.17825000000266
        ],
        "error": ""
      },
      {
        "opening_name": "queens_pawn",
        "opening_fen": "rnbqkbnr/ppp1pppp/8/3p4/3P4/8/PPP1PPPP/RNBQKBNR w KQkq - 0 2",
        "result": "draw",
        "score_a": 0.5,
        "plies": 9,
        "adjudicated": false,
        "player_a_color": "white",
        "player_a_timeouts": 0,
        "player_b_timeouts": 0,
        "player_a_moves": 5,
        "player_b_moves": 4,
        "player_a_crashes": 0,
        "player_b_crashes": 0,
        "response_times_ms": [
          196.14691699996456,
          196.70429099994635,
          197.9559580000796,
          201.83308399998623,
          198.41933300006076,
          197.56854099989596,
          196.92700000007335,
          196.63970800002062,
          196.94191700000374
        ],
        "error": ""
      },
      {
        "opening_name": "queens_pawn",
        "opening_fen": "rnbqkbnr/ppp1pppp/8/3p4/3P4/8/PPP1PPPP/RNBQKBNR w KQkq - 0 2",
        "result": "draw",
        "score_a": 0.5,
        "plies": 9,
        "adjudicated": false,
        "player_a_color": "black",
        "player_a_timeouts": 0,
        "player_b_timeouts": 0,
        "player_a_moves": 4,
        "player_b_moves": 5,
        "player_a_crashes": 0,
        "player_b_crashes": 0,
        "response_times_ms": [
          196.1106670000845,
          196.31200000003446,
          231.08733300000495,
          198.18795800006228,
          196.55341700001827,
          196.90479100006542,
          196.64512500003184,
          196.8672499999684,
          197.5110409999843
        ],
        "error": ""
      },
      {
        "opening_name": "ruy_lopez",
        "opening_fen": "r1bqkbnr/pppp1ppp/2n5/1B2p3/4P3/5N2/PPPP1PPP/RNBQK2R b KQkq - 3 3",
        "result": "draw",
        "score_a": 0.5,
        "plies": 17,
        "adjudicated": false,
        "player_a_color": "white",
        "player_a_timeouts": 0,
        "player_b_timeouts": 0,
        "player_a_moves": 8,
        "player_b_moves": 9,
        "player_a_crashes": 0,
        "player_b_crashes": 0,
        "response_times_ms": [
          196.24625000005835,
          196.27949999994598,
          196.47166599997945,
          196.6310830000566,
          196.09662499999558,
          196.96087500005888,
          196.38495900005637,
          196.58908300004896,
          196.4411659999996,
          197.84945900005368,
          197.09537500000351,
          196.80933400002232,
          196.6979999999694,
          196.65579099989827,
          196.2271669999609,
          196.96095799997693,
          196.1815409999872
        ],
        "error": ""
      },
      {
        "opening_name": "ruy_lopez",
        "opening_fen": "r1bqkbnr/pppp1ppp/2n5/1B2p3/4P3/5N2/PPPP1PPP/RNBQK2R b KQkq - 3 3",
        "result": "draw",
        "score_a": 0.5,
        "plies": 20,
        "adjudicated": true,
        "player_a_color": "black",
        "player_a_timeouts": 0,
        "player_b_timeouts": 0,
        "player_a_moves": 10,
        "player_b_moves": 10,
        "player_a_crashes": 0,
        "player_b_crashes": 0,
        "response_times_ms": [
          202.4957920000361,
          196.62270799994985,
          199.36604200006514,
          197.0835839999836,
          196.31420799998978,
          196.1356250000108,
          198.51345900008255,
          196.23204200001965,
          237.00341699998262,
          219.27004199994826,
          197.36745800003064,
          196.63075000005392,
          197.00120800007426,
          196.89529100003256,
          197.00266600000305,
          196.5395830000034,
          196.4730409999902,
          197.029667000038,
          196.97983399998975,
          196.45245799995337
        ],
        "error": ""
      },
      {
        "opening_name": "italian_game",
        "opening_fen": "r1bqk1nr/pppp1ppp/2n5/2b1p3/2B1P3/5N2/PPPP1PPP/RNBQK2R w KQkq - 4 4",
        "result": "draw",
        "score_a": 0.5,
        "plies": 20,
        "adjudicated": true,
        "player_a_color": "white",
        "player_a_timeouts": 0,
        "player_b_timeouts": 0,
        "player_a_moves": 10,
        "player_b_moves": 10,
        "player_a_crashes": 0,
        "player_b_crashes": 0,
        "response_times_ms": [
          196.47087500004545,
          196.55391599997074,
          197.38312499998756,
          198.23812499998894,
          197.49258399997416,
          196.1490829999093,
          197.53850000006423,
          196.848042000056,
          196.608083000001,
          196.71812499996122,
          196.13358300000527,
          196.98216699998738,
          196.77691599997615,
          196.35600000003706,
          196.14079099994797,
          196.25279100000625,
          196.05991699995684,
          196.35141700007352,
          197.21349999997528,
          196.74558300005174
        ],
        "error": ""
      },
      {
        "opening_name": "italian_game",
        "opening_fen": "r1bqk1nr/pppp1ppp/2n5/2b1p3/2B1P3/5N2/PPPP1PPP/RNBQK2R w KQkq - 4 4",
        "result": "draw",
        "score_a": 0.5,
        "plies": 20,
        "adjudicated": false,
        "player_a_color": "black",
        "player_a_timeouts": 0,
        "player_b_timeouts": 0,
        "player_a_moves": 10,