{
  "feedback_source": "self_play",
  "summary": {
    "games": 16,
    "wins_a": 2,
    "losses_a": 1,
    "draws": 13,
    "score_a": 8.5,
    "mean_score_a": 0.53125,
    "game_scores_a": [
      0.5,
      0.5,
      0.5,
      0.5,
      1.0,
      0.0,
      0.5,
      0.5,
      0.5,
      0.5,
      0.5,
      0.5,
      1.0,
      0.5,
      0.5,
      0.5
    ],
    "player_a_moves": 142,
    "player_b_moves": 145,
    "player_a_timeouts": 0,
    "player_b_timeouts": 0,
    "player_a_crashes": 0,
    "player_b_crashes": 0,
    "results": [
      {
        "opening_name": "startpos",
        "opening_fen": "rnbqkbnr/pppppppp/8/8/8/8/PPPPPPPP/RNBQKBNR w KQkq - 0 1",
        "result": "draw",
        "score_a": 0.5,
        "plies": 15,
        "adjudicated": false,
        "player_a_color": "white",
        "player_a_timeouts": 0,
        "player_b_timeouts": 0,
        "player_a_moves": 8,
        "player_b_moves": 7,
        "player_a_crashes": 0,
        "player_b_crashes": 0,
        "response_times_ms": [
          196.10279099998706,
          202.1042909999835,
          196.21666700001583,
          196.39633400001344,
          196.67562500001168,
          196.04995800000324,
          196.25595799999473,
          196.43279199999597,
          196.48112499999115,
          196.80099999999356,
          196.21825000001536,
          196.11304200000745,
          196.20979200001898,
          196.95704100001876,
          196.94549999999822
        ],
        "error": ""
      },
      {
        "opening_name": "startpos",
        "opening_fen": "rnbqkbnr/pppppppp/8/8/8/8/PPPPPPPP/RNBQKBNR w KQkq - 0 1",
        "result": "draw",
        "score_a": 0.5,
        "plies": 13,
        "adjudicated": false,
        "player_a_color": "black",
        "player_a_timeouts": 0,
        "player_b_timeouts": 0,
        "player_a_moves": 6,
        "player_b_moves": 7,
        "player_a_crashes": 0,
        "player_b_crashes": 0,
        "response_times_ms": [
          196.15995800000974,
          196.30154099999686,
          196.1604159999979,
          196.20491600002765,
          196.44745900001226,
          196.0427500000037,
          196.352791999999,
          196.9021669999904,
          196.6542499999946,
          196.11770800000272,
          196.14183299998444,
          196.63524999998572,
          196.80937499998663
        ],
        "error": ""
      },
      {
        "opening_name": "queens_pawn",
        "opening_fen": "rnbqkbnr/ppp1pppp/8/3p4/3P4/8/PPP1PPPP/RNBQKBNR w KQkq - 0 2",
        "result": "draw",
        "score_a": 0.5,
        "plies": 20,
        "adjudicated": true,
        "player_a_color": "white",
        "player_a_timeouts": 0,
        "player_b_timeouts": 0,
        "player_a_moves": 10,
        "player_b_moves": 10,
        "player_a_crashes": 0,
        "player_b_crashes": 0,
        "response_times_ms": [
          196.34262499999977,
          196.36004099999127,
          196.44041699999093,
          196.38766700001042,
          196.20904199999245,
          196.50441600001045,
          196.12599999999247,
          196.6003750000027,
          196.32837500000733,
          196.38891700000727,
          196.23941699998682,
          196.82754100000466,
          196.24662500001477,
          196.0862080000254,
          196.19083300000284,
          196.49741699998913,
          196.18195799998261,
          196.48945800000206,
          196.59183299998517,
          196.1887909999973
        ],
        "error": ""
      },
      {
        "opening_name": "queens_pawn",
        "opening_fen": "rnbqkbnr/ppp1pppp/8/3p4/3P4/8/PPP1PPPP/RNBQKBNR w KQkq - 0 2",
        "result": "draw",
        "score_a": 0.5,
        "plies": 20,
        "adjudicated": true,
        "player_a_color": "black",
        "player_a_timeouts": 0,
        "player_b_timeouts": 0,
        "player_a_moves": 10,
        "player_b_moves": 10,
        "player_a_crashes": 0,
        "player_b_crashes": 0,
        "response_times_ms": [
          196.53245900002503,
          196.064333999999,
          196.14683300000024,
          196.28675000001294,
          196.32162499999595,
          196.35687499999221,
          196.02674999998726,
          196.26462499999775,
          196.51008399998204,
          196.04129200001807,
          196.47975000000883,
          196.588792,
          196.0999579999907,
          196.2909999999738,
          196.06983400001354,
          196.55362500000706,
          196.15279199999236,
          196.37745800000062,
          196.29541699998754,
          196.11087499998803
        ],
        "error": ""
      },
      {
        "opening_name": "ruy_lopez",
        "opening_fen": "r1bqkbnr/pppp1ppp/2n5/1B2p3/4P3/5N2/PPPP1PPP/RNBQK2R b KQkq - 3 3",
        "result": "win",
        "score_a": 1.0,
        "plies": 20,
        "adjudicated": true,
        "player_a_color": "white",
        "player_a_timeouts": 0,
        "player_b_timeouts": 0,
        "player_a_moves": 10,
        "player_b_moves": 10,
        "player_a_crashes": 0,
        "player_b_crashes": 0,
        "response_times_ms": [
          196.0719169999834,
          196.42849999999612,
          196.20383300002686,
          196.2242920000108,
          196.3632920000009,
          196.3495420000072,
          196.6241249999996,
          196.21237500001598,
          196.74700000001621,
          196.282999999994,
          196.40724999999293,
          196.3727080000126,
          196.9532909999998,
          196.13383399999407,
          196.27479100000755,
          196.02579099998252,
          196.38000000000488,
          196.0829159999946,
          196.08070800001087,
          196.21320799998898
        ],
        "error": ""
      },
      {
        "opening_name": "ruy_lopez",
        "opening_fen": "r1bqkbnr/pppp1ppp/2n5/1B2p3/4P3/5N2/PPPP1PPP/RNBQK2R b KQkq - 3 3",
        "result": "loss",
        "score_a": 0.0,
        "plies": 20,
        "adjudicated": true,
        "player_a_color": "black",
        "player_a_timeouts": 0,
        "player_b_timeouts": 0,
        "player_a_moves": 10,
        "player_b_moves": 10,
        "player_a_crashes": 0,
        "player_b_crashes": 0,
        "response_times_ms": [
          196.4767500000164,
          196.49425000000065,
          196.1897080000199,
          196.09520800000269,
          196.46858400000156,
          196.22054199999184,
          196.7193750000149,
          196.5384169999993,
          196.20299999999702,
          196.08612499999367,
          196.6270839999993,
          196.07791699999666,
          196.2716250000085,
          196.74087499998905,
          196.16408400000296,
          196.05024999998477,
          196.4534589999971,
          196.33300000000986,
          196.18008300000156,
          196.14570799998887
        ],
        "error": ""
      },
      {
        "opening_name": "italian_game",
        "opening_fen": "r1bqk1nr/pppp1ppp/2n5/2b1p3/2B1P3/5N2/PPPP1PPP/RNBQK2R w KQkq - 4 4",
        "result": "draw",
        "score_a": 0.5,
        "plies": 20,
        "adjudicated": true,
        "player_a_color": "white",
        "player_a_timeouts": 0,
        "player_b_timeouts": 0,
        "player_a_moves": 10,
        "player_b_moves": 10,
        "player_a_crashes": 0,
        "player_b_crashes": 0,
        "response_times_ms": [
          196.28520800000615,
          196.76095899998813,
          196.1731250000014,
          196.805334000004,
          196.18170800001167,
          196.49395900000854,
          196.33650000000102,
          196.78987499997902,
          196.49162499999306,
          196.69949999999403,
          198.6110840000208,
          224.1621670000029,
          197.0571249999864,
          196.26354199999696,
          196.1441660000105,
          196.63687499999583,
          198.94949999999767,
          196.37841699997693,
          196.27745800002572,
          196.44991599997752
        ],