{
  "feedback_source": "self_play",
  "summary": {
    "games": 16,
    "wins_a": 2,
    "losses_a": 2,
    "draws": 12,
    "score_a": 8.0,
    "mean_score_a": 0.5,
    "game_scores_a": [
      0.5,
      0.5,
      0.0,
      1.0,
      0.5,
      0.5,
      0.5,
      0.5,
      1.0,
      0.0,
      0.5,
      0.5,
      0.5,
      0.5,
      0.5,
      0.5
    ],
    "player_a_moves": 121,
    "player_b_moves": 122,
    "player_a_timeouts": 0,
    "player_b_timeouts": 0,
    "player_a_crashes": 0,
    "player_b_crashes": 0,
    "results": [
      {
        "opening_name": "startpos",
        "opening_fen": "rnbqkbnr/pppppppp/8/8/8/8/PPPPPPPP/RNBQKBNR w KQkq - 0 1",
        "result": "draw",
        "score_a": 0.5,
        "plies": 13,
        "adjudicated": false,
        "player_a_color": "white",
        "player_a_timeouts": 0,
        "player_b_timeouts": 0,
        "player_a_moves": 7,
        "player_b_moves": 6,
        "player_a_crashes": 0,
        "player_b_crashes": 0,
        "response_times_ms": [
          196.58262499999068,
          196.33949999999345,
          196.30645799998092,
          196.20541599999797,
          196.36245799998164,
          196.03658299999438,
          196.04624999999487,
          196.04462499998476,
          196.37762499999667,
          196.43404099997497,
          196.1665000000039,
          196.20404200000507,
          196.25625000000468
        ],
        "error": ""
      },
      {
        "opening_name": "startpos",
        "opening_fen": "rnbqkbnr/pppppppp/8/8/8/8/PPPPPPPP/RNBQKBNR w KQkq - 0 1",
        "result": "draw",
        "score_a": 0.5,
        "plies": 13,
        "adjudicated": false,
        "player_a_color": "black",
        "player_a_timeouts": 0,
        "player_b_timeouts": 0,
        "player_a_moves": 6,
        "player_b_moves": 7,
        "player_a_crashes": 0,
        "player_b_crashes": 0,
        "response_times_ms": [
          196.04724999999235,
          196.19625000001406,
          196.49237499999117,
          196.08645799999636,
          196.33833299999992,
          196.09433299999068,
          196.10629199999607,
          196.25404199999252,
          196.36608400000455,
          196.0574999999949,
          196.27841700000204,
          196.58183399999984,
          196.55962500002033
        ],
        "error": ""
      },
      {
        "opening_name": "queens_pawn",
        "opening_fen": "rnbqkbnr/ppp1pppp/8/3p4/3P4/8/PPP1PPPP/RNBQKBNR w KQkq - 0 2",
        "result": "loss",
        "score_a": 0.0,
        "plies": 20,
        "adjudicated": true,
        "player_a_color": "white",
        "player_a_timeouts": 0,
        "player_b_timeouts": 0,
        "player_a_moves": 10,
        "player_b_moves": 10,
        "player_a_crashes": 0,
        "player_b_crashes": 0,
        "response_times_ms": [
          196.82358400001476,
          196.3525830000208,
          196.15404099999978,
          196.3879170000098,
          196.20154199998296,
          196.70425000001046,
          196.44016700001998,
          196.16354199999364,
          196.45487500000058,
          196.11229200000935,
          196.65358399998922,
          196.5242079999996,
          196.26345800000422,
          196.0795829999995,
          196.20262499998375,
          196.20545800000855,
          196.28383300002383,
          196.16849999999886,
          196.06833299999948,
          196.05320900001288
        ],
        "error": ""
      },
      {
        "opening_name": "queens_pawn",
        "opening_fen": "rnbqkbnr/ppp1pppp/8/3p4/3P4/8/PPP1PPPP/RNBQKBNR w KQkq - 0 2",
        "result": "win",
        "score_a": 1.0,
        "plies": 20,
        "adjudicated": true,
        "player_a_color": "black",
        "player_a_timeouts": 0,
        "player_b_timeouts": 0,
        "player_a_moves": 10,
        "player_b_moves": 10,
        "player_a_crashes": 0,
        "player_b_crashes": 0,
        "response_times_ms": [
          196.84741699998654,
          196.13383399999407,
          196.52383300001475,
          197.00183399999105,
          196.07337500002586,
          196.24662500001477,
          196.1845829999902,
          198.68974999999978,
          201.73462500000028,
          196.14999999998872,
          196.53770799999393,
          196.13920800000528,
          196.08800000000315,
          196.58266700000127,
          196.14512500001524,
          196.49075000000948,
          196.25933300000042,
          196.43350000001192,
          196.3370409999925,
          196.06762500001196
        ],
        "error": ""
      },
      {
        "opening_name": "ruy_lopez",
        "opening_fen": "r1bqkbnr/pppp1ppp/2n5/1B2p3/4P3/5N2/PPPP1PPP/RNBQK2R b KQkq - 3 3",
        "result": "draw",
        "score_a": 0.5,
        "plies": 17,
        "adjudicated": false,
        "player_a_color": "white",
        "player_a_timeouts": 0,
        "player_b_timeouts": 0,
        "player_a_moves": 8,
        "player_b_moves": 9,
        "player_a_crashes": 0,
        "player_b_crashes": 0,
        "response_times_ms": [
          196.1055000000158,
          196.53170800000908,
          196.27329200000077,
          196.2343330000067,
          196.6405830000042,
          196.14899999999125,
          196.0983750000196,
          196.17704199998798,
          196.1560830000053,
          196.1687090000055,
          196.2075410000068,
          196.15216700000815,
          196.24525000000403,
          196.24295799999913,
          196.19229099998847,
          196.25216699998305,
          196.553458000011
        ],
        "error": ""
      },
      {
        "opening_name": "ruy_lopez",
        "opening_fen": "r1bqkbnr/pppp1ppp/2n5/1B2p3/4P3/5N2/PPPP1PPP/RNBQK2R b KQkq - 3 3",
        "result": "draw",
        "score_a": 0.5,
        "plies": 17,
        "adjudicated": false,
        "player_a_color": "black",
        "player_a_timeouts": 0,
        "player_b_timeouts": 0,
        "player_a_moves": 9,
        "player_b_moves": 8,
        "player_a_crashes": 0,
        "player_b_crashes": 0,
        "response_times_ms": [
          196.31108299998346,
          196.1220839999953,
          196.4529170000162,
          196.2030420000076,
          196.28066700002478,
          196.15504099999725,
          196.10925000000634,
          196.2371669999925,
          196.62233299999343,
          196.41891699998837,
          196.4358749999917,
          196.20262500001218,
          196.1290829999882,
          200.85820799999965,
          196.57795799997757,
          196.18808300000978,
          196.20645800000602
        ],
        "error": ""
      },
      {
        "opening_name": "italian_game",
        "opening_fen": "r1bqk1nr/pppp1ppp/2n5/2b1p3/2B1P3/5N2/PPPP1PPP/RNBQK2R w KQkq - 4 4",
        "result": "draw",
        "score_a": 0.5,
        "plies": 11,
        "adjudicated": false,
        "player_a_color": "white",
        "player_a_timeouts": 0,
        "player_b_timeouts": 0,
        "player_a_moves": 6,
        "player_b_moves": 5,
        "player_a_crashes": 0,
        "player_b_crashes": 0,
        "response_times_ms": [
          196.2011660000087,
          196.09687500002337,
          196.3807079999924,
          196.19741600001817,
          196.23241599998664,
          196.59612499998502,
          196.4692499999785,
          196.05275000000688,
          196.09041599997568,
          196.5337500000146,
          196.14208400000166
        ],
        "error": ""
      },
      {
        "opening_name": "italian_game",
        "opening_fen": "r1bqk1nr/pppp1ppp/2n5/2b1p3/2B1P3/5N2/PPPP1PPP/RNBQK2R w KQkq - 4 4",
        "result": "draw",
        "score_a": 0.5,
        "plies": 11,
        "adjudicated": false,
        "player_a_color": "black",
        "player_a_timeouts": 0,
        "player_b_timeouts": 0,
        "player_a_moves": 5,
        "player_b_moves": 6,
        "player_a_crashes": 0,
        "player_b_crashes": 0,