{
  "feedback_source": "self_play",
  "summary": {
    "games": 16,
    "wins_a": 2,
    "losses_a": 2,
    "draws": 12,
    "score_a": 8.0,
    "mean_score_a": 0.5,
    "game_scores_a": [
      0.5,
      0.5,
      0.0,
      1.0,
      0.5,
      0.5,
      0.5,
      0.5,
      1.0,
      0.0,
      0.5,
      0.5,
      0.5,
      0.5,
      0.5,
      0.5
    ],
    "player_a_moves": 122,
    "player_b_moves": 122,
    "player_a_timeouts": 0,
    "player_b_timeouts": 0,
    "player_a_crashes": 0,
    "player_b_crashes": 0,
    "results": [
      {
        "opening_name": "startpos",
        "opening_fen": "rnbqkbnr/pppppppp/8/8/8/8/PPPPPPPP/RNBQKBNR w KQkq - 0 1",
        "result": "draw",
        "score_a": 0.5,
        "plies": 13,
        "adjudicated": false,
        "player_a_color": "white",
        "player_a_timeouts": 0,
        "player_b_timeouts": 0,
        "player_a_moves": 7,
        "player_b_moves": 6,
        "player_a_crashes": 0,
        "player_b_crashes": 0,
        "response_times_ms": [
          196.0364579999947,
          196.07216699999697,
          196.06804199999317,
          196.1092920000027,
          196.27187499999366,
          196.14208299999802,
          196.14504199999772,
          196.22662499999421,
          196.66929199999572,
          196.5117499999991,
          196.16495800001132,
          196.0860000000082,
          197.97041599998977
        ],
        "error": ""
      },
      {
        "opening_name": "startpos",
        "opening_fen": "rnbqkbnr/pppppppp/8/8/8/8/PPPPPPPP/RNBQKBNR w KQkq - 0 1",
        "result": "draw",
        "score_a": 0.5,
        "plies": 13,
        "adjudicated": false,
        "player_a_color": "black",
        "player_a_timeouts": 0,
        "player_b_timeouts": 0,
        "player_a_moves": 6,
        "player_b_moves": 7,
        "player_a_crashes": 0,
        "player_b_crashes": 0,
        "response_times_ms": [
          198.03220800000076,
          197.53554200001133,
          196.52795800000433,
          196.44841699999915,
          196.14837500000704,
          196.50099999999782,
          196.28704200000868,
          196.57116700000188,
          196.04820799999345,
          196.69408299999702,
          196.1502500000023,
          196.0745000000088,
          196.55858299999807
        ],
        "error": ""
      },
      {
        "opening_name": "queens_pawn",
        "opening_fen": "rnbqkbnr/ppp1pppp/8/3p4/3P4/8/PPP1PPPP/RNBQKBNR w KQkq - 0 2",
        "result": "loss",
        "score_a": 0.0,
        "plies": 20,
        "adjudicated": true,
        "player_a_color": "white",
        "player_a_timeouts": 0,
        "player_b_timeouts": 0,
        "player_a_moves": 10,
        "player_b_moves": 10,
        "player_a_crashes": 0,
        "player_b_crashes": 0,
        "response_times_ms": [
          196.09504199999606,
          196.55174999999758,
          196.28487500000347,
          196.1407909999906,
          196.26654199998939,
          196.2264160000018,
          196.12429200000747,
          196.24766700000862,
          196.56358299999965,
          196.26320800000485,
          196.57012499999382,
          196.09133299999826,
          196.22745899999927,
          196.59612499999923,
          196.18033300000093,
          196.25679100001037,
          196.08233300000677,
          196.3079169999986,
          196.3970000000046,
          196.15670800000373
        ],
        "error": ""
      },
      {
        "opening_name": "queens_pawn",
        "opening_fen": "rnbqkbnr/ppp1pppp/8/3p4/3P4/8/PPP1PPPP/RNBQKBNR w KQkq - 0 2",
        "result": "win",
        "score_a": 1.0,
        "plies": 20,
        "adjudicated": true,
        "player_a_color": "black",
        "player_a_timeouts": 0,
        "player_b_timeouts": 0,
        "player_a_moves": 10,
        "player_b_moves": 10,
        "player_a_crashes": 0,
        "player_b_crashes": 0,
        "response_times_ms": [
          196.2549590000009,
          196.3188750000029,
          196.5330830000056,
          196.6701660000041,
          196.0797079999992,
          196.74549999999158,
          196.20708300000445,
          196.24924999999394,
          196.16341700000817,
          196.3075000000032,
          196.56304199999397,
          196.17037499999412,
          196.195000000003,
          196.20924999999545,
          196.03516600000148,
          196.18249999999193,
          196.3440829999996,
          196.24241699999345,
          196.24824999999646,
          196.43212500000118
        ],
        "error": ""
      },
      {
        "opening_name": "ruy_lopez",
        "opening_fen": "r1bqkbnr/pppp1ppp/2n5/1B2p3/4P3/5N2/PPPP1PPP/RNBQK2R b KQkq - 3 3",
        "result": "draw",
        "score_a": 0.5,
        "plies": 17,
        "adjudicated": false,
        "player_a_color": "white",
        "player_a_timeouts": 0,
        "player_b_timeouts": 0,
        "player_a_moves": 8,
        "player_b_moves": 9,
        "player_a_crashes": 0,
        "player_b_crashes": 0,
        "response_times_ms": [
          196.16150000000232,
          196.4022089999986,
          196.33162499999912,
          196.09875000000443,
          196.3488749999982,
          196.19616699999654,
          196.4207080000051,
          196.1489589999985,
          196.6028749999964,
          196.0786249999984,
          196.03725000000338,
          196.06058300000484,
          196.27091700000676,
          196.03308399999264,
          196.64233400000342,
          196.55254200000627,
          196.13275000000385
        ],
        "error": ""
      },
      {
        "opening_name": "ruy_lopez",
        "opening_fen": "r1bqkbnr/pppp1ppp/2n5/1B2p3/4P3/5N2/PPPP1PPP/RNBQK2R b KQkq - 3 3",
        "result": "draw",
        "score_a": 0.5,
        "plies": 17,
        "adjudicated": false,
        "player_a_color": "black",
        "player_a_timeouts": 0,
        "player_b_timeouts": 0,
        "player_a_moves": 9,
        "player_b_moves": 8,
        "player_a_crashes": 0,
        "player_b_crashes": 0,
        "response_times_ms": [
          196.58312499998942,
          196.2180830000051,
          196.08849999998768,
          196.1145830000106,
          196.57170899999699,
          196.06920799999727,
          196.22495800000195,
          196.1075840000035,
          196.1324580000081,
          196.27574999999808,
          196.57791699999905,
          196.03933300000165,
          196.36291700000186,
          196.23837499999297,
          196.10566600000823,
          196.32879200000275,
          196.24708299998872
        ],
        "error": ""
      },
      {
        "opening_name": "italian_game",
        "opening_fen": "r1bqk1nr/pppp1ppp/2n5/2b1p3/2B1P3/5N2/PPPP1PPP/RNBQK2R w KQkq - 4 4",
        "result": "draw",
        "score_a": 0.5,
        "plies": 11,
        "adjudicated": false,
        "player_a_color": "white",
        "player_a_timeouts": 0,
        "player_b_timeouts": 0,
        "player_a_moves": 6,
        "player_b_moves": 5,
        "player_a_crashes": 0,
        "player_b_crashes": 0,
        "response_times_ms": [
          196.3355839999963,
          196.05741599998794,
          196.25712500000247,
          196.13666600000101,
          196.2770420000055,
          196.4308339999974,
          196.0508749999974,
          196.21066700000256,
          196.0371250000037,
          196.37400000000582,
          196.33545800000718
        ],
        "error": ""
      },
      {
        "opening_name": "italian_game",
        "opening_fen": "r1bqk1nr/pppp1ppp/2n5/2b1p3/2B1P3/5N2/PPPP1PPP/RNBQK2R w KQkq - 4 4",
        "result": "draw",
        "score_a": 0.5,
        "plies": 11,
        "adjudicated": false,
        "player_a_color": "black",
        "player_a_timeouts": 0,
        "player_b_timeouts": 0,
        "player_a_moves": 5,
        "player_b_moves": 6,
        "player_a_crashes": 0,
        "player_b_crashes": 0,