{
  "feedback_source": "self_play",
  "summary": {
    "games": 16,
    "wins_a": 2,
    "losses_a": 2,
    "draws": 12,
    "score_a": 8.0,
    "mean_score_a": 0.5,
    "game_scores_a": [
      0.5,
      0.5,
      0.0,
      1.0,
      0.5,
      0.5,
      0.5,
      0.5,
      1.0,
      0.0,
      0.5,
      0.5,
      0.5,
      0.5,
      0.5,
      0.5
    ],
    "player_a_moves": 122,
    "player_b_moves": 122,
    "player_a_timeouts": 0,
    "player_b_timeouts": 0,
    "player_a_crashes": 0,
    "player_b_crashes": 0,
    "results": [
      {
        "opening_name": "startpos",
        "opening_fen": "rnbqkbnr/pppppppp/8/8/8/8/PPPPPPPP/RNBQKBNR w KQkq - 0 1",
        "result": "draw",
        "score_a": 0.5,
        "plies": 13,
        "adjudicated": false,
        "player_a_color": "white",
        "player_a_timeouts": 0,
        "player_b_timeouts": 0,
        "player_a_moves": 7,
        "player_b_moves": 6,
        "player_a_crashes": 0,
        "player_b_crashes": 0,
        "response_times_ms": [
          196.23816699998997,
          196.22195900001316,
          196.2687919999837,
          196.2335830000086,
          196.3607090000039,
          196.24558300000672,
          196.5992910000125,
          196.121541999986,
          196.3347919999876,
          196.13445799998885,
          196.033290999992,
          196.2725000000205,
          196.13512500001207
        ],
        "error": ""
      },
      {
        "opening_name": "startpos",
        "opening_fen": "rnbqkbnr/pppppppp/8/8/8/8/PPPPPPPP/RNBQKBNR w KQkq - 0 1",
        "result": "draw",
        "score_a": 0.5,
        "plies": 13,
        "adjudicated": false,
        "player_a_color": "black",
        "player_a_timeouts": 0,
        "player_b_timeouts": 0,
        "player_a_moves": 6,
        "player_b_moves": 7,
        "player_a_crashes": 0,
        "player_b_crashes": 0,
        "response_times_ms": [
          196.18462500000078,
          196.50745899997446,
          196.25804200001085,
          196.46970799999508,
          196.54258299999583,
          197.99979200001872,
          196.09687499999495,
          196.33854199997813,
          196.2764170000071,
          196.05375000000436,
          196.2328339999999,
          196.1673749999875,
          196.22541699999374
        ],
        "error": ""
      },
      {
        "opening_name": "queens_pawn",
        "opening_fen": "rnbqkbnr/ppp1pppp/8/3p4/3P4/8/PPP1PPPP/RNBQKBNR w KQkq - 0 2",
        "result": "loss",
        "score_a": 0.0,
        "plies": 20,
        "adjudicated": true,
        "player_a_color": "white",
        "player_a_timeouts": 0,
        "player_b_timeouts": 0,
        "player_a_moves": 10,
        "player_b_moves": 10,
        "player_a_crashes": 0,
        "player_b_crashes": 0,
        "response_times_ms": [
          196.14679099998966,
          196.608915999974,
          196.6626659999804,
          196.17695900001308,
          196.49912499997413,
          196.41841700001805,
          196.28812500002368,
          196.05787499997973,
          196.5309590000004,
          197.31995899999788,
          196.09937499998864,
          196.2561250000192,
          196.4110830000152,
          196.18258299999525,
          196.0784999999987,
          196.4254579999931,
          215.59591600001227,
          196.28250000002367,
          196.2007500000027,
          196.1411670000075
        ],
        "error": ""
      },
      {
        "opening_name": "queens_pawn",
        "opening_fen": "rnbqkbnr/ppp1pppp/8/3p4/3P4/8/PPP1PPPP/RNBQKBNR w KQkq - 0 2",
        "result": "win",
        "score_a": 1.0,
        "plies": 20,
        "adjudicated": true,
        "player_a_color": "black",
        "player_a_timeouts": 0,
        "player_b_timeouts": 0,
        "player_a_moves": 10,
        "player_b_moves": 10,
        "player_a_crashes": 0,
        "player_b_crashes": 0,
        "response_times_ms": [
          196.290791999985,
          196.32187499999532,
          196.12112499999057,
          196.97991699999307,
          196.36662499999602,
          196.34545800002456,
          196.03279099999327,
          196.09462500000063,
          197.52812499999095,
          196.17837499998814,
          196.54462500000136,
          196.12787500000195,
          196.21100000000524,
          196.06858299999885,
          196.15304199999173,
          196.47341600000345,
          201.6778330000193,
          196.82304200000544,
          664.5091670000056,
          508.0834999999979
        ],
        "error": ""
      },
      {
        "opening_name": "ruy_lopez",
        "opening_fen": "r1bqkbnr/pppp1ppp/2n5/1B2p3/4P3/5N2/PPPP1PPP/RNBQK2R b KQkq - 3 3",
        "result": "draw",
        "score_a": 0.5,
        "plies": 15,
        "adjudicated": false,
        "player_a_color": "white",
        "player_a_timeouts": 0,
        "player_b_timeouts": 0,
        "player_a_moves": 7,
        "player_b_moves": 8,
        "player_a_crashes": 0,
        "player_b_crashes": 0,
        "response_times_ms": [
          196.51091599999404,
          200.02787500001773,
          196.2875419999932,
          196.20775000001345,
          196.35954099999253,
          196.087542000015,
          196.24529200001462,
          196.41283300001078,
          196.19287500000837,
          196.3152920000084,
          196.0374159999958,
          196.05570900000657,
          196.63229099998603,
          196.2352080000187,
          196.60604099999546
        ],
        "error": ""
      },
      {
        "opening_name": "ruy_lopez",
        "opening_fen": "r1bqkbnr/pppp1ppp/2n5/1B2p3/4P3/5N2/PPPP1PPP/RNBQK2R b KQkq - 3 3",
        "result": "draw",
        "score_a": 0.5,
        "plies": 17,
        "adjudicated": false,
        "player_a_color": "black",
        "player_a_timeouts": 0,
        "player_b_timeouts": 0,
        "player_a_moves": 9,
        "player_b_moves": 8,
        "player_a_crashes": 0,
        "player_b_crashes": 0,
        "response_times_ms": [
          196.38262500001247,
          196.18229100001372,
          196.3394160000007,
          196.27862499999083,
          196.3750829999924,
          196.455708000002,
          196.42012500000305,
          196.1447079999914,
          196.33741699999518,
          196.0977909999997,
          196.04250000000434,
          196.4121670000054,
          196.2427089999892,
          196.02770800000258,
          196.60733300000288,
          196.25320900001952,
          200.0749160000055
        ],
        "error": ""
      },
      {
        "opening_name": "italian_game",
        "opening_fen": "r1bqk1nr/pppp1ppp/2n5/2b1p3/2B1P3/5N2/PPPP1PPP/RNBQK2R w KQkq - 4 4",
        "result": "draw",
        "score_a": 0.5,
        "plies": 11,
        "adjudicated": false,
        "player_a_color": "white",
        "player_a_timeouts": 0,
        "player_b_timeouts": 0,
        "player_a_moves": 6,
        "player_b_moves": 5,
        "player_a_crashes": 0,
        "player_b_crashes": 0,
        "response_times_ms": [
          196.1636659999897,
          196.2659579999979,
          196.24195800000166,
          196.58904199999938,
          196.4915000000076,
          196.3490830000012,
          196.1045420000005,
          196.15937500000769,
          196.06104199999663,
          196.04170799999565,
          196.43633299997987
        ],
        "error": ""
      },
      {
        "opening_name": "italian_game",
        "opening_fen": "r1bqk1nr/pppp1ppp/2n5/2b1p3/2B1P3/5N2/PPPP1PPP/RNBQK2R w KQkq - 4 4",
        "result": "draw",
        "score_a": 0.5,
        "plies": 11,
        "adjudicated": false,
        "player_a_color": "black",
        "player_a_timeouts": 0,
        "player_b_timeouts": 0,
        "player_a_moves": 5,
        "player_b_moves": 6,
        "player_a_crashes": 0,
        "player_b_crashes": 0,