{
  "feedback_source": "self_play",
  "summary": {
    "games": 16,
    "wins_a": 2,
    "losses_a": 2,
    "draws": 12,
    "score_a": 8.0,
    "mean_score_a": 0.5,
    "game_scores_a": [
      0.5,
      0.5,
      0.0,
      1.0,
      0.5,
      0.5,
      0.5,
      0.5,
      1.0,
      0.0,
      0.5,
      0.5,
      0.5,
      0.5,
      0.5,
      0.5
    ],
    "player_a_moves": 121,
    "player_b_moves": 121,
    "player_a_timeouts": 0,
    "player_b_timeouts": 0,
    "player_a_crashes": 0,
    "player_b_crashes": 0,
    "results": [
      {
        "opening_name": "startpos",
        "opening_fen": "rnbqkbnr/pppppppp/8/8/8/8/PPPPPPPP/RNBQKBNR w KQkq - 0 1",
        "result": "draw",
        "score_a": 0.5,
        "plies": 13,
        "adjudicated": false,
        "player_a_color": "white",
        "player_a_timeouts": 0,
        "player_b_timeouts": 0,
        "player_a_moves": 7,
        "player_b_moves": 6,
        "player_a_crashes": 0,
        "player_b_crashes": 0,
        "response_times_ms": [
          196.16754100000833,
          196.22795799999437,
          196.21429100000398,
          196.09608300000048,
          196.17908299998987,
          196.030707999995,
          196.2130830000035,
          196.3263330000018,
          196.4027079999937,
          196.13858299999265,
          196.20012500000428,
          196.0577079999979,
          196.49166700000364
        ],
        "error": ""
      },
      {
        "opening_name": "startpos",
        "opening_fen": "rnbqkbnr/pppppppp/8/8/8/8/PPPPPPPP/RNBQKBNR w KQkq - 0 1",
        "result": "draw",
        "score_a": 0.5,
        "plies": 13,
        "adjudicated": false,
        "player_a_color": "black",
        "player_a_timeouts": 0,
        "player_b_timeouts": 0,
        "player_a_moves": 6,
        "player_b_moves": 7,
        "player_a_crashes": 0,
        "player_b_crashes": 0,
        "response_times_ms": [
          196.57358300000283,
          196.28216700000678,
          196.56633399999635,
          196.10666700000934,
          196.24762499999804,
          196.25195800000483,
          196.07079200000044,
          196.32324999999184,
          196.1762500000077,
          196.50958299999388,
          196.06199999999774,
          196.1071249999975,
          196.31012500001077
        ],
        "error": ""
      },
      {
        "opening_name": "queens_pawn",
        "opening_fen": "rnbqkbnr/ppp1pppp/8/3p4/3P4/8/PPP1PPPP/RNBQKBNR w KQkq - 0 2",
        "result": "loss",
        "score_a": 0.0,
        "plies": 20,
        "adjudicated": true,
        "player_a_color": "white",
        "player_a_timeouts": 0,
        "player_b_timeouts": 0,
        "player_a_moves": 10,
        "player_b_moves": 10,
        "player_a_crashes": 0,
        "player_b_crashes": 0,
        "response_times_ms": [
          196.28962500000569,
          196.31058299999893,
          196.3412919999996,
          196.08154200000172,
          196.24762500001225,
          196.1632499999979,
          196.46187499999712,
          196.30875000000003,
          196.5061250000133,
          196.08279199999856,
          196.26487499999712,
          196.14691600000356,
          196.03166699999974,
          196.03391700000827,
          196.35366600000737,
          196.33729099999186,
          196.18520800000283,
          196.21595800001046,
          196.07266700000991,
          196.1272090000108
        ],
        "error": ""
      },
      {
        "opening_name": "queens_pawn",
        "opening_fen": "rnbqkbnr/ppp1pppp/8/3p4/3P4/8/PPP1PPPP/RNBQKBNR w KQkq - 0 2",
        "result": "win",
        "score_a": 1.0,
        "plies": 20,
        "adjudicated": true,
        "player_a_color": "black",
        "player_a_timeouts": 0,
        "player_b_timeouts": 0,
        "player_a_moves": 10,
        "player_b_moves": 10,
        "player_a_crashes": 0,
        "player_b_crashes": 0,
        "response_times_ms": [
          196.22466699999563,
          196.35474999999758,
          196.33929200000466,
          196.39825000000144,
          196.1607500000042,
          196.42512500000464,
          196.0942909999943,
          196.29158300000427,
          196.58491699999558,
          196.14108300000055,
          196.70849999999973,
          196.17329199999745,
          196.3073750000035,
          196.1044170000008,
          196.05329099999835,
          196.025082999995,
          196.22041699999215,
          196.1397500000004,
          196.1063749999994,
          196.1394169999977
        ],
        "error": ""
      },
      {
        "opening_name": "ruy_lopez",
        "opening_fen": "r1bqkbnr/pppp1ppp/2n5/1B2p3/4P3/5N2/PPPP1PPP/RNBQK2R b KQkq - 3 3",
        "result": "draw",
        "score_a": 0.5,
        "plies": 17,
        "adjudicated": false,
        "player_a_color": "white",
        "player_a_timeouts": 0,
        "player_b_timeouts": 0,
        "player_a_moves": 8,
        "player_b_moves": 9,
        "player_a_crashes": 0,
        "player_b_crashes": 0,
        "response_times_ms": [
          196.36920799999302,
          196.56208300000344,
          196.0461249999952,
          196.15970799999616,
          196.04004100000338,
          196.17033299999775,
          196.32437500000322,
          196.22508300000163,
          196.07854199999508,
          196.26112499999238,
          196.05066600000498,
          196.49162499999306,
          196.24258300000008,
          196.25399999999615,
          196.14891699998793,
          196.01708300000098,
          196.06679199999633
        ],
        "error": ""
      },
      {
        "opening_name": "ruy_lopez",
        "opening_fen": "r1bqkbnr/pppp1ppp/2n5/1B2p3/4P3/5N2/PPPP1PPP/RNBQK2R b KQkq - 3 3",
        "result": "draw",
        "score_a": 0.5,
        "plies": 17,
        "adjudicated": false,
        "player_a_color": "black",
        "player_a_timeouts": 0,
        "player_b_timeouts": 0,
        "player_a_moves": 9,
        "player_b_moves": 8,
        "player_a_crashes": 0,
        "player_b_crashes": 0,
        "response_times_ms": [
          196.12075000000573,
          196.4476659999974,
          196.18150000000867,
          196.21608399999957,
          196.19470800000727,
          196.6282500000034,
          196.43183300000544,
          196.06437500000595,
          196.50770799999862,
          196.33333400000197,
          196.07779199999698,
          196.06837499999585,
          196.57141700000125,
          196.1095000000057,
          196.03958300000102,
          196.64170800000136,
          196.2007500000027
        ],
        "error": ""
      },
      {
        "opening_name": "italian_game",
        "opening_fen": "r1bqk1nr/pppp1ppp/2n5/2b1p3/2B1P3/5N2/PPPP1PPP/RNBQK2R w KQkq - 4 4",
        "result": "draw",
        "score_a": 0.5,
        "plies": 11,
        "adjudicated": false,
        "player_a_color": "white",
        "player_a_timeouts": 0,
        "player_b_timeouts": 0,
        "player_a_moves": 6,
        "player_b_moves": 5,
        "player_a_crashes": 0,
        "player_b_crashes": 0,
        "response_times_ms": [
          196.25570799999537,
          196.42012499998884,
          196.06104199999663,
          196.20816600000524,
          196.0327919999969,
          196.12095800000873,
          196.2392080000086,
          196.11254200000872,
          196.20770800000287,
          196.41287500000715,
          196.12133299999357
        ],
        "error": ""
      },
      {
        "opening_name": "italian_game",
        "opening_fen": "r1bqk1nr/pppp1ppp/2n5/2b1p3/2B1P3/5N2/PPPP1PPP/RNBQK2R w KQkq - 4 4",
        "result": "draw",
        "score_a": 0.5,
        "plies": 11,
        "adjudicated": false,
        "player_a_color": "black",
        "player_a_timeouts": 0,
        "player_b_timeouts": 0,
        "player_a_moves": 5,
        "player_b_moves": 6,
        "player_a_crashes": 0,
        "player_b_crashes": 0,