{
  "feedback_source": "self_play",
  "summary": {
    "games": 16,
    "wins_a": 1,
    "losses_a": 1,
    "draws": 14,
    "score_a": 8.0,
    "mean_score_a": 0.5,
    "game_scores_a": [
      0.5,
      0.5,
      0.0,
      1.0,
      0.5,
      0.5,
      0.5,
      0.5,
      0.5,
      0.5,
      0.5,
      0.5,
      0.5,
      0.5,
      0.5,
      0.5
    ],
    "player_a_moves": 120,
    "player_b_moves": 120,
    "player_a_timeouts": 0,
    "player_b_timeouts": 0,
    "player_a_crashes": 0,
    "player_b_crashes": 0,
    "results": [
      {
        "opening_name": "startpos",
        "opening_fen": "rnbqkbnr/pppppppp/8/8/8/8/PPPPPPPP/RNBQKBNR w KQkq - 0 1",
        "result": "draw",
        "score_a": 0.5,
        "plies": 13,
        "adjudicated": false,
        "player_a_color": "white",
        "player_a_timeouts": 0,
        "player_b_timeouts": 0,
        "player_a_moves": 7,
        "player_b_moves": 6,
        "player_a_crashes": 0,
        "player_b_crashes": 0,
        "response_times_ms": [
          196.24816700000736,
          196.10487499998897,
          196.2747500000006,
          196.16229099999316,
          196.36612499999728,
          196.44858299999157,
          196.24724999999899,
          196.44162500000562,
          196.63020800000197,
          196.414125000004,
          196.51349999999468,
          196.10195799999985,
          196.55858300001228
        ],
        "error": ""
      },
      {
        "opening_name": "startpos",
        "opening_fen": "rnbqkbnr/pppppppp/8/8/8/8/PPPPPPPP/RNBQKBNR w KQkq - 0 1",
        "result": "draw",
        "score_a": 0.5,
        "plies": 13,
        "adjudicated": false,
        "player_a_color": "black",
        "player_a_timeouts": 0,
        "player_b_timeouts": 0,
        "player_a_moves": 6,
        "player_b_moves": 7,
        "player_a_crashes": 0,
        "player_b_crashes": 0,
        "response_times_ms": [
          196.06695800000296,
          196.13666699999044,
          196.2437920000042,
          196.38133399999447,
          196.0610840000072,
          196.39100000000553,
          196.23266700000386,
          196.54412500000262,
          196.2542920000061,
          196.61712500000306,
          196.25387499999647,
          196.21162500000366,
          196.10249999999496
        ],
        "error": ""
      },
      {
        "opening_name": "queens_pawn",
        "opening_fen": "rnbqkbnr/ppp1pppp/8/3p4/3P4/8/PPP1PPPP/RNBQKBNR w KQkq - 0 2",
        "result": "loss",
        "score_a": 0.0,
        "plies": 20,
        "adjudicated": true,
        "player_a_color": "white",
        "player_a_timeouts": 0,
        "player_b_timeouts": 0,
        "player_a_moves": 10,
        "player_b_moves": 10,
        "player_a_crashes": 0,
        "player_b_crashes": 0,
        "response_times_ms": [
          196.2935000000101,
          196.5881670000016,
          196.19041600000742,
          196.7237909999966,
          196.49791599999844,
          196.21891600000652,
          196.16045799999426,
          196.08583299999793,
          196.14133299999992,
          196.18479199999683,
          196.0429579999925,
          196.21100000000524,
          196.15320800001257,
          196.1437499999903,
          196.14412500000356,
          196.19062499999984,
          196.21554200000446,
          196.09700000000885,
          196.09458300000426,
          196.50354200000208
        ],
        "error": ""
      },
      {
        "opening_name": "queens_pawn",
        "opening_fen": "rnbqkbnr/ppp1pppp/8/3p4/3P4/8/PPP1PPPP/RNBQKBNR w KQkq - 0 2",
        "result": "win",
        "score_a": 1.0,
        "plies": 20,
        "adjudicated": true,
        "player_a_color": "black",
        "player_a_timeouts": 0,
        "player_b_timeouts": 0,
        "player_a_moves": 10,
        "player_b_moves": 10,
        "player_a_crashes": 0,
        "player_b_crashes": 0,
        "response_times_ms": [
          196.14925000000483,
          196.45908299999348,
          196.09570800000142,
          196.0490419999985,
          196.5621249999998,
          196.19387500000585,
          196.33450000000607,
          196.1792919999965,
          196.18366699999967,
          196.07987499999524,
          196.55845799999838,
          196.17754200000093,
          196.18941699999937,
          196.0504160000056,
          196.2668330000099,
          196.27141600000186,
          196.0377919999985,
          196.02491699998836,
          196.35350000000074,
          196.1890420000003
        ],
        "error": ""
      },
      {
        "opening_name": "ruy_lopez",
        "opening_fen": "r1bqkbnr/pppp1ppp/2n5/1B2p3/4P3/5N2/PPPP1PPP/RNBQK2R b KQkq - 3 3",
        "result": "draw",
        "score_a": 0.5,
        "plies": 20,
        "adjudicated": true,
        "player_a_color": "white",
        "player_a_timeouts": 0,
        "player_b_timeouts": 0,
        "player_a_moves": 10,
        "player_b_moves": 10,
        "player_a_crashes": 0,
        "player_b_crashes": 0,
        "response_times_ms": [
          196.17366600000707,
          196.5728750000011,
          196.2310000000116,
          196.04779200000166,
          196.3064999999915,
          196.1236659999912,
          196.04654200000482,
          196.12300000000005,
          196.1656670000025,
          196.1857090000052,
          196.12045799999578,
          196.06124999999963,
          196.15162499999883,
          196.20675000000176,
          196.61662500000432,
          196.22737499999232,
          196.23820799999692,
          196.48062500000663,
          196.38274999999794,
          196.6042920000035
        ],
        "error": ""
      },
      {
        "opening_name": "ruy_lopez",
        "opening_fen": "r1bqkbnr/pppp1ppp/2n5/1B2p3/4P3/5N2/PPPP1PPP/RNBQK2R b KQkq - 3 3",
        "result": "draw",
        "score_a": 0.5,
        "plies": 20,
        "adjudicated": true,
        "player_a_color": "black",
        "player_a_timeouts": 0,
        "player_b_timeouts": 0,
        "player_a_moves": 10,
        "player_b_moves": 10,
        "player_a_crashes": 0,
        "player_b_crashes": 0,
        "response_times_ms": [
          196.52741699999865,
          196.12962499999753,
          196.13441699999612,
          196.03641699998775,
          196.14708400000325,
          196.22033400000305,
          196.07000000000596,
          196.55533300000627,
          196.149958999996,
          196.08904099999336,
          196.60645900000873,
          196.11462500000698,
          196.6172089999958,
          196.08541700000615,
          196.151042000011,
          196.05829099999994,
          196.0499999999996,
          196.44333399999425,
          196.05549999999994,
          196.48195800000678
        ],
        "error": ""
      },
      {
        "opening_name": "italian_game",
        "opening_fen": "r1bqk1nr/pppp1ppp/2n5/2b1p3/2B1P3/5N2/PPPP1PPP/RNBQK2R w KQkq - 4 4",
        "result": "draw",
        "score_a": 0.5,
        "plies": 11,
        "adjudicated": false,
        "player_a_color": "white",
        "player_a_timeouts": 0,
        "player_b_timeouts": 0,
        "player_a_moves": 6,
        "player_b_moves": 5,
        "player_a_crashes": 0,
        "player_b_crashes": 0,
        "response_times_ms": [
          196.26649999999302,
          196.08787500000346,
          196.6395000000034,
          196.6749160000063,
          196.18195799999683,
          196.55716600000517,
          196.26208299999348,
          196.0464159999873,
          196.16508400000043,
          196.06983399999933,
          196.0681250000107
        ],
        "error": ""
      },
      {
        "opening_name": "italian_game",
        "opening_fen": "r1bqk1nr/pppp1ppp/2n5/2b1p3/2B1P3/5N2/PPPP1PPP/RNBQK2R w KQkq - 4 4",
        "result": "draw",
        "score_a": 0.5,
        "plies": 11,
        "adjudicated": false,
        "player_a_color": "black",