{
  "feedback_source": "self_play",
  "summary": {
    "games": 16,
    "wins_a": 1,
    "losses_a": 1,
    "draws": 14,
    "score_a": 8.0,
    "mean_score_a": 0.5,
    "game_scores_a": [
      0.5,
      0.5,
      0.0,
      1.0,
      0.5,
      0.5,
      0.5,
      0.5,
      0.5,
      0.5,
      0.5,
      0.5,
      0.5,
      0.5,
      0.5,
      0.5
    ],
    "player_a_moves": 108,
    "player_b_moves": 108,
    "player_a_timeouts": 0,
    "player_b_timeouts": 0,
    "player_a_crashes": 0,
    "player_b_crashes": 0,
    "results": [
      {
        "opening_name": "startpos",
        "opening_fen": "rnbqkbnr/pppppppp/8/8/8/8/PPPPPPPP/RNBQKBNR w KQkq - 0 1",
        "result": "draw",
        "score_a": 0.5,
        "plies": 13,
        "adjudicated": false,
        "player_a_color": "white",
        "player_a_timeouts": 0,
        "player_b_timeouts": 0,
        "player_a_moves": 7,
        "player_b_moves": 6,
        "player_a_crashes": 0,
        "player_b_crashes": 0,
        "response_times_ms": [
          196.46387499999207,
          196.42729199999565,
          196.2175419999994,
          196.53225000000418,
          196.31104200000493,
          196.0250000000059,
          196.2229579999928,
          196.02937499999484,
          196.19508300000632,
          196.38675000000205,
          196.14816700000404,
          196.03650000000528,
          196.13508400000512
        ],
        "error": ""
      },
      {
        "opening_name": "startpos",
        "opening_fen": "rnbqkbnr/pppppppp/8/8/8/8/PPPPPPPP/RNBQKBNR w KQkq - 0 1",
        "result": "draw",
        "score_a": 0.5,
        "plies": 13,
        "adjudicated": false,
        "player_a_color": "black",
        "player_a_timeouts": 0,
        "player_b_timeouts": 0,
        "player_a_moves": 6,
        "player_b_moves": 7,
        "player_a_crashes": 0,
        "player_b_crashes": 0,
        "response_times_ms": [
          196.43637499999045,
          196.11420799999735,
          196.10179199999322,
          196.38004099999762,
          196.09762500000727,
          196.1038749999915,
          196.18283300000883,
          196.04424999999992,
          196.12666599999784,
          196.11920900000257,
          196.38516700000253,
          196.55849999999475,
          196.18699999999478
        ],
        "error": ""
      },
      {
        "opening_name": "queens_pawn",
        "opening_fen": "rnbqkbnr/ppp1pppp/8/3p4/3P4/8/PPP1PPPP/RNBQKBNR w KQkq - 0 2",
        "result": "loss",
        "score_a": 0.0,
        "plies": 20,
        "adjudicated": true,
        "player_a_color": "white",
        "player_a_timeouts": 0,
        "player_b_timeouts": 0,
        "player_a_moves": 10,
        "player_b_moves": 10,
        "player_a_crashes": 0,
        "player_b_crashes": 0,
        "response_times_ms": [
          196.0900830000014,
          196.26508300000012,
          196.53733300000908,
          196.0363750000056,
          196.49845899999718,
          196.04258399999708,
          196.45508300000358,
          196.20883399998945,
          196.2714170000055,
          196.11816699999451,
          196.50000000000034,
          196.0350410000018,
          196.17791599999634,
          196.03687500000433,
          196.04683400000056,
          196.15391700000373,
          196.2016250000005,
          196.15895799999805,
          196.35512500001084,
          196.47575000000472
        ],
        "error": ""
      },
      {
        "opening_name": "queens_pawn",
        "opening_fen": "rnbqkbnr/ppp1pppp/8/3p4/3P4/8/PPP1PPPP/RNBQKBNR w KQkq - 0 2",
        "result": "win",
        "score_a": 1.0,
        "plies": 20,
        "adjudicated": true,
        "player_a_color": "black",
        "player_a_timeouts": 0,
        "player_b_timeouts": 0,
        "player_a_moves": 10,
        "player_b_moves": 10,
        "player_a_crashes": 0,
        "player_b_crashes": 0,
        "response_times_ms": [
          196.08199999998988,
          196.17837500000235,
          196.04325000000244,
          196.0987920000008,
          196.49133400000096,
          196.28324999999336,
          196.28379200000268,
          196.54979099999537,
          196.4978750000057,
          196.05533300000388,
          196.23829200000387,
          196.23274999999296,
          196.11683400000857,
          196.223417000013,
          196.19799999999543,
          196.03425000001096,
          196.5572920000085,
          196.02550000000463,
          196.21237500000177,
          196.52166699999896
        ],
        "error": ""
      },
      {
        "opening_name": "ruy_lopez",
        "opening_fen": "r1bqkbnr/pppp1ppp/2n5/1B2p3/4P3/5N2/PPPP1PPP/RNBQK2R b KQkq - 3 3",
        "result": "draw",
        "score_a": 0.5,
        "plies": 11,
        "adjudicated": false,
        "player_a_color": "white",
        "player_a_timeouts": 0,
        "player_b_timeouts": 0,
        "player_a_moves": 5,
        "player_b_moves": 6,
        "player_a_crashes": 0,
        "player_b_crashes": 0,
        "response_times_ms": [
          196.08670799999572,
          196.13441699999612,
          196.38891600000363,
          196.46595800000455,
          196.40791700000193,
          196.16158299999142,
          196.1020419999926,
          196.1701659999875,
          196.0928339999981,
          196.14912499999093,
          196.14358399999787
        ],
        "error": ""
      },
      {
        "opening_name": "ruy_lopez",
        "opening_fen": "r1bqkbnr/pppp1ppp/2n5/1B2p3/4P3/5N2/PPPP1PPP/RNBQK2R b KQkq - 3 3",
        "result": "draw",
        "score_a": 0.5,
        "plies": 11,
        "adjudicated": false,
        "player_a_color": "black",
        "player_a_timeouts": 0,
        "player_b_timeouts": 0,
        "player_a_moves": 6,
        "player_b_moves": 5,
        "player_a_crashes": 0,
        "player_b_crashes": 0,
        "response_times_ms": [
          196.41020900000683,
          196.04670800001145,
          196.6027919999931,
          196.21004199998993,
          196.4915000000076,
          196.44075000000782,
          196.092500000006,
          196.3124580000084,
          196.08041699999035,
          196.353208000005,
          196.37212500001056
        ],
        "error": ""
      },
      {
        "opening_name": "italian_game",
        "opening_fen": "r1bqk1nr/pppp1ppp/2n5/2b1p3/2B1P3/5N2/PPPP1PPP/RNBQK2R w KQkq - 4 4",
        "result": "draw",
        "score_a": 0.5,
        "plies": 11,
        "adjudicated": false,
        "player_a_color": "white",
        "player_a_timeouts": 0,
        "player_b_timeouts": 0,
        "player_a_moves": 6,
        "player_b_moves": 5,
        "player_a_crashes": 0,
        "player_b_crashes": 0,
        "response_times_ms": [
          196.18879200000094,
          196.15983299999584,
          196.5067499999975,
          196.27370800000676,
          196.24908299999788,
          196.5288749999985,
          196.1899169999981,
          196.83641599999646,
          196.5322080000078,
          196.27945800000646,
          196.32749999999533
        ],
        "error": ""
      },
      {
        "opening_name": "italian_game",
        "opening_fen": "r1bqk1nr/pppp1ppp/2n5/2b1p3/2B1P3/5N2/PPPP1PPP/RNBQK2R w KQkq - 4 4",
        "result": "draw",
        "score_a": 0.5,
        "plies": 11,
        "adjudicated": false,
        "player_a_color": "black",
        "player_a_timeouts": 0,
        "player_b_timeouts": 0,
        "player_a_moves": 5,
        "player_b_moves": 6,
        "player_a_crashes": 0,
        "player_b_crashes": 0,
        "response_times_ms": [
          196.43725000000245,
          196.0997500000019,
          196.12179199999957,
          196.88708399999655,
          196.1510000000004,
          196.23579199999597,
          196.480207999997,
          196.7666250000093,
          196.15454199998794,
          196.3150409999912,
          196.16470799999774
        ],