{
  "feedback_source": "self_play",
  "summary": {
    "games": 16,
    "wins_a": 1,
    "losses_a": 2,
    "draws": 13,
    "score_a": 7.5,
    "mean_score_a": 0.46875,
    "game_scores_a": [
      0.5,
      0.5,
      0.5,
      0.5,
      1.0,
      0.0,
      0.5,
      0.5,
      0.5,
      0.5,
      0.5,
      0.5,
      0.5,
      0.0,
      0.5,
      0.5
    ],
    "player_a_moves": 145,
    "player_b_moves": 143,
    "player_a_timeouts": 0,
    "player_b_timeouts": 0,
    "player_a_crashes": 0,
    "player_b_crashes": 0,
    "results": [
      {
        "opening_name": "startpos",
        "opening_fen": "rnbqkbnr/pppppppp/8/8/8/8/PPPPPPPP/RNBQKBNR w KQkq - 0 1",
        "result": "draw",
        "score_a": 0.5,
        "plies": 13,
        "adjudicated": false,
        "player_a_color": "white",
        "player_a_timeouts": 0,
        "player_b_timeouts": 0,
        "player_a_moves": 7,
        "player_b_moves": 6,
        "player_a_crashes": 0,
        "player_b_crashes": 0,
        "response_times_ms": [
          196.385,
          196.98295899999997,
          196.37424999999996,
          196.15737499999997,
          196.19370800000002,
          196.53420899999995,
          196.51954200000011,
          196.07025,
          196.25229100000018,
          196.80241700000022,
          196.33191699999975,
          196.21537499999997,
          196.19429099999985
        ],
        "error": ""
      },
      {
        "opening_name": "startpos",
        "opening_fen": "rnbqkbnr/pppppppp/8/8/8/8/PPPPPPPP/RNBQKBNR w KQkq - 0 1",
        "result": "draw",
        "score_a": 0.5,
        "plies": 13,
        "adjudicated": false,
        "player_a_color": "black",
        "player_a_timeouts": 0,
        "player_b_timeouts": 0,
        "player_a_moves": 6,
        "player_b_moves": 7,
        "player_a_crashes": 0,
        "player_b_crashes": 0,
        "response_times_ms": [
          196.14862500000018,
          196.7128330000003,
          196.1149999999998,
          196.2182079999999,
          196.7557499999999,
          196.5874160000003,
          196.10604099999972,
          196.29041700000016,
          196.35316699999981,
          196.50891700000005,
          196.84633299999987,
          196.2655409999998,
          196.3020000000002
        ],
        "error": ""
      },
      {
        "opening_name": "queens_pawn",
        "opening_fen": "rnbqkbnr/ppp1pppp/8/3p4/3P4/8/PPP1PPPP/RNBQKBNR w KQkq - 0 2",
        "result": "draw",
        "score_a": 0.5,
        "plies": 19,
        "adjudicated": false,
        "player_a_color": "white",
        "player_a_timeouts": 0,
        "player_b_timeouts": 0,
        "player_a_moves": 10,
        "player_b_moves": 9,
        "player_a_crashes": 0,
        "player_b_crashes": 0,
        "response_times_ms": [
          196.10179100000025,
          196.91625000000013,
          196.4219580000002,
          196.0236250000005,
          196.20837500000033,
          196.70187500000048,
          196.2695830000003,
          196.09712500000055,
          196.27174999999932,
          196.47524999999976,
          196.24079100000014,
          196.40249999999958,
          196.33300000000008,
          196.92195800000079,
          196.31141700000043,
          196.62695799999952,
          196.43891700000006,
          196.82470799999942,
          196.88633399999844
        ],
        "error": ""
      },
      {
        "opening_name": "queens_pawn",
        "opening_fen": "rnbqkbnr/ppp1pppp/8/3p4/3P4/8/PPP1PPPP/RNBQKBNR w KQkq - 0 2",
        "result": "draw",
        "score_a": 0.5,
        "plies": 20,
        "adjudicated": true,
        "player_a_color": "black",
        "player_a_timeouts": 0,
        "player_b_timeouts": 0,
        "player_a_moves": 10,
        "player_b_moves": 10,
        "player_a_crashes": 0,
        "player_b_crashes": 0,
        "response_times_ms": [
          196.44870900000024,
          196.2931250000004,
          196.75308399999915,
          196.23179099999888,
          196.6902079999997,
          196.25633399999919,
          196.1464580000012,
          196.24549999999985,
          196.63650000000032,
          196.44166700000022,
          196.11941700000023,
          196.44162500000027,
          196.12670799999955,
          196.4933749999993,
          196.6024999999991,
          196.15124999999978,
          196.63500000000056,
          196.15279200000123,
          196.4122079999999,
          196.66575000000108
        ],
        "error": ""
      },
      {
        "opening_name": "ruy_lopez",
        "opening_fen": "r1bqkbnr/pppp1ppp/2n5/1B2p3/4P3/5N2/PPPP1PPP/RNBQK2R b KQkq - 3 3",
        "result": "win",
        "score_a": 1.0,
        "plies": 20,
        "adjudicated": true,
        "player_a_color": "white",
        "player_a_timeouts": 0,
        "player_b_timeouts": 0,
        "player_a_moves": 10,
        "player_b_moves": 10,
        "player_a_crashes": 0,
        "player_b_crashes": 0,
        "response_times_ms": [
          196.12258299999928,
          196.34566599999914,
          196.18758400000047,
          196.17158299999994,
          196.1077919999994,
          196.07591699999995,
          196.72695799999929,
          196.22741699999935,
          196.34091600000048,
          196.03712500000015,
          196.0598339999997,
          196.6651670000008,
          196.25612499999966,
          196.08716599999985,
          196.14587499999914,
          196.61066700000163,
          196.26433299999846,
          196.18812499999905,
          196.10308300000057,
          196.1571250000027
        ],
        "error": ""
      },
      {
        "opening_name": "ruy_lopez",
        "opening_fen": "r1bqkbnr/pppp1ppp/2n5/1B2p3/4P3/5N2/PPPP1PPP/RNBQK2R b KQkq - 3 3",
        "result": "loss",
        "score_a": 0.0,
        "plies": 20,
        "adjudicated": true,
        "player_a_color": "black",
        "player_a_timeouts": 0,
        "player_b_timeouts": 0,
        "player_a_moves": 10,
        "player_b_moves": 10,
        "player_a_crashes": 0,
        "player_b_crashes": 0,
        "response_times_ms": [
          196.24887499999843,
          196.14574999999945,
          196.48783399999914,
          196.12941700000164,
          196.3480000000004,
          196.28037500000062,
          196.0457919999996,
          196.12841599999697,
          196.23362499999786,
          196.77854100000047,
          196.06100000000026,
          196.61987499999967,
          196.25716699999884,
          196.17137500000226,
          196.06191700000153,
          196.24033299999866,
          196.27250000000274,
          196.14620800000182,
          196.55787499999988,
          196.10016599999724
        ],
        "error": ""
      },
      {
        "opening_name": "italian_game",
        "opening_fen": "r1bqk1nr/pppp1ppp/2n5/2b1p3/2B1P3/5N2/PPPP1PPP/RNBQK2R w KQkq - 4 4",
        "result": "draw",
        "score_a": 0.5,
        "plies": 11,
        "adjudicated": false,
        "player_a_color": "white",
        "player_a_timeouts": 0,
        "player_b_timeouts": 0,
        "player_a_moves": 6,
        "player_b_moves": 5,
        "player_a_crashes": 0,
        "player_b_crashes": 0,
        "response_times_ms": [
          196.10654200000255,
          196.58829200000127,
          196.23845799999984,
          196.66979200000156,
          196.01975000000138,
          196.23949999999724,
          196.14041599999865,
          196.8225419999996,
          196.37050000000045,
          196.09079199999968,
          196.49783300000223
        ],
        "error": ""
      },
      {
        "opening_name": "italian_game",
        "opening_fen": "r1bqk1nr/pppp1ppp/2n5/2b1p3/2B1P3/5N2/PPPP1PPP/RNBQK2R w KQkq - 4 4",
        "result": "draw",
        "score_a": 0.5,
        "plies": 20,
        "adjudicated": true,
        "player_a_color": "black",
        "player_a_timeouts": 0,