{
  "feedback_source": "self_play",
  "summary": {
    "games": 16,
    "wins_a": 2,
    "losses_a": 2,
    "draws": 12,
    "score_a": 8.0,
    "mean_score_a": 0.5,
    "game_scores_a": [
      0.5,
      0.5,
      0.0,
      1.0,
      0.5,
      0.5,
      0.5,
      0.5,
      1.0,
      0.0,
      0.5,
      0.5,
      0.5,
      0.5,
      0.5,
      0.5
    ],
    "player_a_moves": 121,
    "player_b_moves": 121,
    "player_a_timeouts": 0,
    "player_b_timeouts": 0,
    "player_a_crashes": 0,
    "player_b_crashes": 0,
    "results": [
      {
        "opening_name": "startpos",
        "opening_fen": "rnbqkbnr/pppppppp/8/8/8/8/PPPPPPPP/RNBQKBNR w KQkq - 0 1",
        "result": "draw",
        "score_a": 0.5,
        "plies": 13,
        "adjudicated": false,
        "player_a_color": "white",
        "player_a_timeouts": 0,
        "player_b_timeouts": 0,
        "player_a_moves": 7,
        "player_b_moves": 6,
        "player_a_crashes": 0,
        "player_b_crashes": 0,
        "response_times_ms": [
          196.3922909999951,
          196.38700000000142,
          196.13741599999912,
          196.3358750000026,
          196.36225000000707,
          196.0355829999969,
          196.10416700000144,
          196.1269580000078,
          196.29737499998612,
          196.50912500000572,
          196.5059169999961,
          196.2497079999963,
          196.52566700000307
        ],
        "error": ""
      },
      {
        "opening_name": "startpos",
        "opening_fen": "rnbqkbnr/pppppppp/8/8/8/8/PPPPPPPP/RNBQKBNR w KQkq - 0 1",
        "result": "draw",
        "score_a": 0.5,
        "plies": 13,
        "adjudicated": false,
        "player_a_color": "black",
        "player_a_timeouts": 0,
        "player_b_timeouts": 0,
        "player_a_moves": 6,
        "player_b_moves": 7,
        "player_a_crashes": 0,
        "player_b_crashes": 0,
        "response_times_ms": [
          196.1685409999916,
          196.13470900000607,
          196.09750000000759,
          196.1771250000055,
          196.6434170000042,
          196.22658299999785,
          196.0587920000023,
          196.0849999999965,
          196.34333399999093,
          196.12279100000762,
          196.40049999999576,
          196.40495899999166,
          196.1987919999899
        ],
        "error": ""
      },
      {
        "opening_name": "queens_pawn",
        "opening_fen": "rnbqkbnr/ppp1pppp/8/3p4/3P4/8/PPP1PPPP/RNBQKBNR w KQkq - 0 2",
        "result": "loss",
        "score_a": 0.0,
        "plies": 20,
        "adjudicated": true,
        "player_a_color": "white",
        "player_a_timeouts": 0,
        "player_b_timeouts": 0,
        "player_a_moves": 10,
        "player_b_moves": 10,
        "player_a_crashes": 0,
        "player_b_crashes": 0,
        "response_times_ms": [
          196.28174999999715,
          196.26908399999365,
          196.24266700000703,
          196.125875000007,
          196.26508400000375,
          196.17974999999888,
          196.05820900000026,
          196.05362499999046,
          196.0891250000003,
          196.11412499999403,
          196.24562499998888,
          196.1270839999969,
          196.32108300000084,
          196.27633300000014,
          196.20254100000523,
          196.04175000000623,
          196.25675000000342,
          196.11012500000413,
          196.15366700000436,
          196.08562499999493
        ],
        "error": ""
      },
      {
        "opening_name": "queens_pawn",
        "opening_fen": "rnbqkbnr/ppp1pppp/8/3p4/3P4/8/PPP1PPPP/RNBQKBNR w KQkq - 0 2",
        "result": "win",
        "score_a": 1.0,
        "plies": 20,
        "adjudicated": true,
        "player_a_color": "black",
        "player_a_timeouts": 0,
        "player_b_timeouts": 0,
        "player_a_moves": 10,
        "player_b_moves": 10,
        "player_a_crashes": 0,
        "player_b_crashes": 0,
        "response_times_ms": [
          196.20375000000934,
          196.3857080000082,
          196.44420800000262,
          196.4522500000072,
          196.29095799999163,
          196.30495799999892,
          196.1484170000034,
          196.2141660000043,
          196.4612499999987,
          196.2262079999988,
          196.73749999999757,
          196.24579100000972,
          196.33583399999566,
          196.3245000000029,
          196.49262500000475,
          196.280625,
          196.07616700000108,
          196.0505839999911,
          196.47179199999698,
          196.31645900000194
        ],
        "error": ""
      },
      {
        "opening_name": "ruy_lopez",
        "opening_fen": "r1bqkbnr/pppp1ppp/2n5/1B2p3/4P3/5N2/PPPP1PPP/RNBQK2R b KQkq - 3 3",
        "result": "draw",
        "score_a": 0.5,
        "plies": 17,
        "adjudicated": false,
        "player_a_color": "white",
        "player_a_timeouts": 0,
        "player_b_timeouts": 0,
        "player_a_moves": 8,
        "player_b_moves": 9,
        "player_a_crashes": 0,
        "player_b_crashes": 0,
        "response_times_ms": [
          196.27116699999192,
          196.21924999999862,
          196.5395000000001,
          196.61670799999342,
          196.280625,
          196.162041000008,
          196.27579099999082,
          196.30924999999877,
          196.39070899999922,
          196.2544999999949,
          196.10220799999922,
          196.1194579999983,
          197.54550000000393,
          196.28687499999842,
          196.2682500000028,
          196.21658299999467,
          196.4096669999975
        ],
        "error": ""
      },
      {
        "opening_name": "ruy_lopez",
        "opening_fen": "r1bqkbnr/pppp1ppp/2n5/1B2p3/4P3/5N2/PPPP1PPP/RNBQK2R b KQkq - 3 3",
        "result": "draw",
        "score_a": 0.5,
        "plies": 17,
        "adjudicated": false,
        "player_a_color": "black",
        "player_a_timeouts": 0,
        "player_b_timeouts": 0,
        "player_a_moves": 9,
        "player_b_moves": 8,
        "player_a_crashes": 0,
        "player_b_crashes": 0,
        "response_times_ms": [
          196.0271669999969,
          196.26166599999806,
          196.48875000000032,
          196.50841699998978,
          196.3813750000014,
          196.24345799999787,
          196.04574999999613,
          196.19158399999037,
          196.42704199999628,
          196.22116700000447,
          196.1078749999956,
          196.03270799998995,
          196.3033749999994,
          196.26691700000265,
          196.23470799999154,
          196.21508299999846,
          196.0419170000023
        ],
        "error": ""
      },
      {
        "opening_name": "italian_game",
        "opening_fen": "r1bqk1nr/pppp1ppp/2n5/2b1p3/2B1P3/5N2/PPPP1PPP/RNBQK2R w KQkq - 4 4",
        "result": "draw",
        "score_a": 0.5,
        "plies": 11,
        "adjudicated": false,
        "player_a_color": "white",
        "player_a_timeouts": 0,
        "player_b_timeouts": 0,
        "player_a_moves": 6,
        "player_b_moves": 5,
        "player_a_crashes": 0,
        "player_b_crashes": 0,
        "response_times_ms": [
          196.24266700000703,
          196.26612500000817,
          196.16312499999822,
          196.54362500000389,
          196.18508300000315,
          196.1597920000031,
          196.27549999999871,
          196.31516599999088,
          196.47333399998956,
          196.30262500000129,
          196.2627080000061
        ],
        "error": ""
      },
      {
        "opening_name": "italian_game",
        "opening_fen": "r1bqk1nr/pppp1ppp/2n5/2b1p3/2B1P3/5N2/PPPP1PPP/RNBQK2R w KQkq - 4 4",
        "result": "draw",
        "score_a": 0.5,
        "plies": 11,
        "adjudicated": false,
        "player_a_color": "black",
        "player_a_timeouts": 0,
        "player_b_timeouts": 0,
        "player_a_moves": 5,
        "player_b_moves": 6,
        "player_a_crashes": 0,
        "player_b_crashes": 0,