{
  "feedback_source": "self_play",
  "summary": {
    "games": 16,
    "wins_a": 2,
    "losses_a": 2,
    "draws": 12,
    "score_a": 8.0,
    "mean_score_a": 0.5,
    "game_scores_a": [
      0.5,
      0.5,
      0.0,
      1.0,
      0.5,
      0.5,
      0.5,
      0.5,
      1.0,
      0.0,
      0.5,
      0.5,
      0.5,
      0.5,
      0.5,
      0.5
    ],
    "player_a_moves": 121,
    "player_b_moves": 121,
    "player_a_timeouts": 0,
    "player_b_timeouts": 0,
    "player_a_crashes": 0,
    "player_b_crashes": 0,
    "results": [
      {
        "opening_name": "startpos",
        "opening_fen": "rnbqkbnr/pppppppp/8/8/8/8/PPPPPPPP/RNBQKBNR w KQkq - 0 1",
        "result": "draw",
        "score_a": 0.5,
        "plies": 13,
        "adjudicated": false,
        "player_a_color": "white",
        "player_a_timeouts": 0,
        "player_b_timeouts": 0,
        "player_a_moves": 7,
        "player_b_moves": 6,
        "player_a_crashes": 0,
        "player_b_crashes": 0,
        "response_times_ms": [
          196.262416,
          196.35145800000004,
          196.44408399999992,
          196.431708,
          196.51787500000006,
          197.4106659999999,
          196.19625000000008,
          196.074458,
          196.32562500000006,
          196.39466699999986,
          196.11454100000003,
          196.11870799999974,
          199.454958
        ],
        "error": ""
      },
      {
        "opening_name": "startpos",
        "opening_fen": "rnbqkbnr/pppppppp/8/8/8/8/PPPPPPPP/RNBQKBNR w KQkq - 0 1",
        "result": "draw",
        "score_a": 0.5,
        "plies": 13,
        "adjudicated": false,
        "player_a_color": "black",
        "player_a_timeouts": 0,
        "player_b_timeouts": 0,
        "player_a_moves": 6,
        "player_b_moves": 7,
        "player_a_crashes": 0,
        "player_b_crashes": 0,
        "response_times_ms": [
          196.33254099999985,
          196.42683399999993,
          196.1926669999996,
          196.31850000000028,
          196.10895799999994,
          196.1079579999998,
          196.0995419999998,
          196.4159159999994,
          196.2739579999999,
          196.1596659999998,
          196.25179199999997,
          196.1684159999999,
          196.8649580000008
        ],
        "error": ""
      },
      {
        "opening_name": "queens_pawn",
        "opening_fen": "rnbqkbnr/ppp1pppp/8/3p4/3P4/8/PPP1PPPP/RNBQKBNR w KQkq - 0 2",
        "result": "loss",
        "score_a": 0.0,
        "plies": 20,
        "adjudicated": true,
        "player_a_color": "white",
        "player_a_timeouts": 0,
        "player_b_timeouts": 0,
        "player_a_moves": 10,
        "player_b_moves": 10,
        "player_a_crashes": 0,
        "player_b_crashes": 0,
        "response_times_ms": [
          196.09662500000002,
          196.2914169999994,
          196.07900000000012,
          196.31908299999967,
          196.27279199999936,
          196.6303749999998,
          196.05320800000038,
          196.1659170000001,
          196.42891599999945,
          196.12799999999987,
          196.22145800000013,
          196.53162499999954,
          196.38216700000032,
          196.2508749999996,
          196.1740420000009,
          196.03354200000035,
          196.0263330000007,
          196.0303750000012,
          196.59954099999942,
          196.0231669999999
        ],
        "error": ""
      },
      {
        "opening_name": "queens_pawn",
        "opening_fen": "rnbqkbnr/ppp1pppp/8/3p4/3P4/8/PPP1PPPP/RNBQKBNR w KQkq - 0 2",
        "result": "win",
        "score_a": 1.0,
        "plies": 20,
        "adjudicated": true,
        "player_a_color": "black",
        "player_a_timeouts": 0,
        "player_b_timeouts": 0,
        "player_a_moves": 10,
        "player_b_moves": 10,
        "player_a_crashes": 0,
        "player_b_crashes": 0,
        "response_times_ms": [
          196.9481670000004,
          196.42587500000099,
          196.56570899999969,
          196.10516599999883,
          220.5669580000009,
          196.48487500000124,
          196.25462499999992,
          196.46679200000074,
          196.39470900000157,
          196.12237499999986,
          196.15124999999978,
          196.12162499999997,
          196.11816599999975,
          196.1766659999995,
          196.18666700000097,
          196.29874999999862,
          196.1982080000002,
          196.09983299999988,
          196.9662920000008,
          196.3547919999993
        ],
        "error": ""
      },
      {
        "opening_name": "ruy_lopez",
        "opening_fen": "r1bqkbnr/pppp1ppp/2n5/1B2p3/4P3/5N2/PPPP1PPP/RNBQK2R b KQkq - 3 3",
        "result": "draw",
        "score_a": 0.5,
        "plies": 17,
        "adjudicated": false,
        "player_a_color": "white",
        "player_a_timeouts": 0,
        "player_b_timeouts": 0,
        "player_a_moves": 8,
        "player_b_moves": 9,
        "player_a_crashes": 0,
        "player_b_crashes": 0,
        "response_times_ms": [
          196.33479200000005,
          196.35879199999982,
          196.04041699999897,
          196.19641599999937,
          196.46762500000037,
          196.271458,
          196.26504200000028,
          196.2161249999994,
          196.53858300000059,
          196.1349170000002,
          196.10199999999978,
          196.5898750000008,
          196.62545899999984,
          196.05749999999844,
          196.22741699999935,
          196.01904199999964,
          196.20062499999946
        ],
        "error": ""
      },
      {
        "opening_name": "ruy_lopez",
        "opening_fen": "r1bqkbnr/pppp1ppp/2n5/1B2p3/4P3/5N2/PPPP1PPP/RNBQK2R b KQkq - 3 3",
        "result": "draw",
        "score_a": 0.5,
        "plies": 17,
        "adjudicated": false,
        "player_a_color": "black",
        "player_a_timeouts": 0,
        "player_b_timeouts": 0,
        "player_a_moves": 9,
        "player_b_moves": 8,
        "player_a_crashes": 0,
        "player_b_crashes": 0,
        "response_times_ms": [
          196.15937500000058,
          196.27516699999958,
          196.28741700000063,
          196.0591249999979,
          196.09750000000048,
          196.14266700000016,
          196.30841699999735,
          196.2015000000008,
          196.65508299999956,
          196.18129199999856,
          196.42741699999888,
          196.2176669999991,
          196.0613329999994,
          196.05541700000018,
          196.0905000000004,
          196.06416600000287,
          196.26900000000091
        ],
        "error": ""
      },
      {
        "opening_name": "italian_game",
        "opening_fen": "r1bqk1nr/pppp1ppp/2n5/2b1p3/2B1P3/5N2/PPPP1PPP/RNBQK2R w KQkq - 4 4",
        "result": "draw",
        "score_a": 0.5,
        "plies": 11,
        "adjudicated": false,
        "player_a_color": "white",
        "player_a_timeouts": 0,
        "player_b_timeouts": 0,
        "player_a_moves": 6,
        "player_b_moves": 5,
        "player_a_crashes": 0,
        "player_b_crashes": 0,
        "response_times_ms": [
          196.31304199999988,
          196.2855829999981,
          196.32962500000062,
          196.0797499999991,
          196.35212500000065,
          196.27616600000053,
          196.24133300000324,
          196.1643329999987,
          196.1431669999989,
          196.07262499999933,
          196.12066599999878
        ],
        "error": ""
      },
      {
        "opening_name": "italian_game",
        "opening_fen": "r1bqk1nr/pppp1ppp/2n5/2b1p3/2B1P3/5N2/PPPP1PPP/RNBQK2R w KQkq - 4 4",
        "result": "draw",
        "score_a": 0.5,
        "plies": 11,
        "adjudicated": false,
        "player_a_color": "black",
        "player_a_timeouts": 0,
        "player_b_timeouts": 0,
        "player_a_moves": 5,
        "player_b_moves": 6,
        "player_a_crashes": 0,
        "player_b_crashes": 0,