{
  "feedback_source": "self_play",
  "summary": {
    "games": 16,
    "wins_a": 1,
    "losses_a": 1,
    "draws": 14,
    "score_a": 8.0,
    "mean_score_a": 0.5,
    "game_scores_a": [
      0.5,
      0.5,
      0.5,
      0.5,
      0.5,
      0.5,
      0.5,
      0.5,
      0.5,
      0.5,
      0.5,
      0.5,
      1.0,
      0.0,
      0.5,
      0.5
    ],
    "player_a_moves": 135,
    "player_b_moves": 134,
    "player_a_timeouts": 0,
    "player_b_timeouts": 0,
    "player_a_crashes": 0,
    "player_b_crashes": 0,
    "results": [
      {
        "opening_name": "startpos",
        "opening_fen": "rnbqkbnr/pppppppp/8/8/8/8/PPPPPPPP/RNBQKBNR w KQkq - 0 1",
        "result": "draw",
        "score_a": 0.5,
        "plies": 13,
        "adjudicated": false,
        "player_a_color": "white",
        "player_a_timeouts": 0,
        "player_b_timeouts": 0,
        "player_a_moves": 7,
        "player_b_moves": 6,
        "player_a_crashes": 0,
        "player_b_crashes": 0,
        "response_times_ms": [
          196.9357499999944,
          196.16504199999696,
          196.82808300000687,
          196.6257500000026,
          196.63812499999977,
          197.3810419999964,
          196.22366699999816,
          197.33537500000153,
          196.46879199999745,
          196.52729199999897,
          196.32779100000164,
          196.96604099999604,
          196.5476250000009
        ],
        "error": ""
      },
      {
        "opening_name": "startpos",
        "opening_fen": "rnbqkbnr/pppppppp/8/8/8/8/PPPPPPPP/RNBQKBNR w KQkq - 0 1",
        "result": "draw",
        "score_a": 0.5,
        "plies": 13,
        "adjudicated": false,
        "player_a_color": "black",
        "player_a_timeouts": 0,
        "player_b_timeouts": 0,
        "player_a_moves": 6,
        "player_b_moves": 7,
        "player_a_crashes": 0,
        "player_b_crashes": 0,
        "response_times_ms": [
          196.09133299999826,
          197.3495000000014,
          196.2387919999955,
          197.47924999999356,
          197.04041699999664,
          196.42837500000354,
          197.12816700000246,
          197.65491699999416,
          196.70341700000904,
          196.40179099999955,
          196.4758750000044,
          196.41595900000652,
          196.85112500000912
        ],
        "error": ""
      },
      {
        "opening_name": "queens_pawn",
        "opening_fen": "rnbqkbnr/ppp1pppp/8/3p4/3P4/8/PPP1PPPP/RNBQKBNR w KQkq - 0 2",
        "result": "draw",
        "score_a": 0.5,
        "plies": 17,
        "adjudicated": false,
        "player_a_color": "white",
        "player_a_timeouts": 0,
        "player_b_timeouts": 0,
        "player_a_moves": 9,
        "player_b_moves": 8,
        "player_a_crashes": 0,
        "player_b_crashes": 0,
        "response_times_ms": [
          197.21116699999186,
          196.2929580000008,
          196.39454199999307,
          196.3680839999995,
          196.46512500000313,
          196.3356670000138,
          196.14275000000703,
          196.13425000000007,
          196.24758299998746,
          196.6217500000056,
          196.5044579999926,
          196.7067919999863,
          196.10733400000413,
          196.15441599999883,
          196.60025000000303,
          196.25229100000752,
          196.94554099999095
        ],
        "error": ""
      },
      {
        "opening_name": "queens_pawn",
        "opening_fen": "rnbqkbnr/ppp1pppp/8/3p4/3P4/8/PPP1PPPP/RNBQKBNR w KQkq - 0 2",
        "result": "draw",
        "score_a": 0.5,
        "plies": 15,
        "adjudicated": false,
        "player_a_color": "black",
        "player_a_timeouts": 0,
        "player_b_timeouts": 0,
        "player_a_moves": 7,
        "player_b_moves": 8,
        "player_a_crashes": 0,
        "player_b_crashes": 0,
        "response_times_ms": [
          196.75141700000154,
          196.5310419999895,
          196.45520800000327,
          196.64283400000215,
          196.25237500000026,
          196.5719999999891,
          196.07820800000297,
          196.54699999999536,
          196.25487500000816,
          196.84879199999727,
          196.19929200000286,
          196.37779199999272,
          196.45691600000248,
          196.57187500000362,
          196.3708749999995
        ],
        "error": ""
      },
      {
        "opening_name": "ruy_lopez",
        "opening_fen": "r1bqkbnr/pppp1ppp/2n5/1B2p3/4P3/5N2/PPPP1PPP/RNBQK2R b KQkq - 3 3",
        "result": "draw",
        "score_a": 0.5,
        "plies": 17,
        "adjudicated": false,
        "player_a_color": "white",
        "player_a_timeouts": 0,
        "player_b_timeouts": 0,
        "player_a_moves": 8,
        "player_b_moves": 9,
        "player_a_crashes": 0,
        "player_b_crashes": 0,
        "response_times_ms": [
          196.07162500000186,
          196.18583300000125,
          196.0943330000049,
          196.09383300000616,
          196.26604199999065,
          196.56487500000708,
          196.0360420000029,
          196.39812500000176,
          196.88304199999607,
          196.05845899999963,
          196.29087499998832,
          196.1968330000019,
          196.78558399999702,
          196.15191699999457,
          196.5328750000026,
          196.27341700000045,
          196.17737500000487
        ],
        "error": ""
      },
      {
        "opening_name": "ruy_lopez",
        "opening_fen": "r1bqkbnr/pppp1ppp/2n5/1B2p3/4P3/5N2/PPPP1PPP/RNBQK2R b KQkq - 3 3",
        "result": "draw",
        "score_a": 0.5,
        "plies": 17,
        "adjudicated": false,
        "player_a_color": "black",
        "player_a_timeouts": 0,
        "player_b_timeouts": 0,
        "player_a_moves": 9,
        "player_b_moves": 8,
        "player_a_crashes": 0,
        "player_b_crashes": 0,
        "response_times_ms": [
          196.16474999999411,
          196.30358400000603,
          196.3392079999977,
          196.56704199999808,
          196.56504199998892,
          196.30558299999734,
          196.61612499999137,
          196.52808300000402,
          196.26991600000565,
          196.52916699999423,
          196.47491599999967,
          196.8737920000052,
          196.50766700000588,
          196.50941600001204,
          196.13200000000575,
          196.13104200000464,
          196.13049999999532
        ],
        "error": ""
      },
      {
        "opening_name": "italian_game",
        "opening_fen": "r1bqk1nr/pppp1ppp/2n5/2b1p3/2B1P3/5N2/PPPP1PPP/RNBQK2R w KQkq - 4 4",
        "result": "draw",
        "score_a": 0.5,
        "plies": 11,
        "adjudicated": false,
        "player_a_color": "white",
        "player_a_timeouts": 0,
        "player_b_timeouts": 0,
        "player_a_moves": 6,
        "player_b_moves": 5,
        "player_a_crashes": 0,
        "player_b_crashes": 0,
        "response_times_ms": [
          196.2934169999926,
          196.65150000000153,
          196.4897499999978,
          196.516625000001,
          196.6785420000008,
          197.03966699999853,
          196.6061250000024,
          196.61237500000084,
          196.60441599999956,
          196.34291700000972,
          196.24216699999408
        ],
        "error": ""
      },
      {
        "opening_name": "italian_game",
        "opening_fen": "r1bqk1nr/pppp1ppp/2n5/2b1p3/2B1P3/5N2/PPPP1PPP/RNBQK2R w KQkq - 4 4",
        "result": "draw",
        "score_a": 0.5,
        "plies": 11,
        "adjudicated": false,
        "player_a_color": "black",
        "player_a_timeouts": 0,
        "player_b_timeouts": 0,
        "player_a_moves": 5,
        "player_b_moves": 6,
        "player_a_crashes": 0,
        "player_b_crashes": 0,