{
  "feedback_source": "self_play",
  "summary": {
    "games": 16,
    "wins_a": 2,
    "losses_a": 1,
    "draws": 13,
    "score_a": 8.5,
    "mean_score_a": 0.53125,
    "game_scores_a": [
      0.5,
      0.5,
      0.5,
      0.5,
      1.0,
      0.0,
      0.5,
      0.5,
      0.5,
      0.5,
      0.5,
      0.5,
      0.5,
      0.5,
      1.0,
      0.5
    ],
    "player_a_moves": 140,
    "player_b_moves": 138,
    "player_a_timeouts": 0,
    "player_b_timeouts": 0,
    "player_a_crashes": 0,
    "player_b_crashes": 0,
    "results": [
      {
        "opening_name": "startpos",
        "opening_fen": "rnbqkbnr/pppppppp/8/8/8/8/PPPPPPPP/RNBQKBNR w KQkq - 0 1",
        "result": "draw",
        "score_a": 0.5,
        "plies": 13,
        "adjudicated": false,
        "player_a_color": "white",
        "player_a_timeouts": 0,
        "player_b_timeouts": 0,
        "player_a_moves": 7,
        "player_b_moves": 6,
        "player_a_crashes": 0,
        "player_b_crashes": 0,
        "response_times_ms": [
          196.70716600001015,
          196.10016700005417,
          196.59579200003918,
          196.71733400002722,
          196.14558299997498,
          196.23237500002233,
          196.1679579999327,
          196.3642080000909,
          196.78675000000112,
          196.2924590000057,
          196.28095799998846,
          196.1570409999922,
          196.4389999999412
        ],
        "error": ""
      },
      {
        "opening_name": "startpos",
        "opening_fen": "rnbqkbnr/pppppppp/8/8/8/8/PPPPPPPP/RNBQKBNR w KQkq - 0 1",
        "result": "draw",
        "score_a": 0.5,
        "plies": 13,
        "adjudicated": false,
        "player_a_color": "black",
        "player_a_timeouts": 0,
        "player_b_timeouts": 0,
        "player_a_moves": 6,
        "player_b_moves": 7,
        "player_a_crashes": 0,
        "player_b_crashes": 0,
        "response_times_ms": [
          196.20516700001644,
          196.04137499993612,
          196.24020800006292,
          196.62395799991828,
          196.0325829999192,
          196.6888750000635,
          196.64729099997658,
          196.25587500001984,
          196.71833300003527,
          196.35862500001622,
          196.11016699991524,
          196.29212500001358,
          196.55783400003202
        ],
        "error": ""
      },
      {
        "opening_name": "queens_pawn",
        "opening_fen": "rnbqkbnr/ppp1pppp/8/3p4/3P4/8/PPP1PPPP/RNBQKBNR w KQkq - 0 2",
        "result": "draw",
        "score_a": 0.5,
        "plies": 15,
        "adjudicated": false,
        "player_a_color": "white",
        "player_a_timeouts": 0,
        "player_b_timeouts": 0,
        "player_a_moves": 8,
        "player_b_moves": 7,
        "player_a_crashes": 0,
        "player_b_crashes": 0,
        "response_times_ms": [
          196.516416999998,
          196.36174999993727,
          196.4140420000149,
          196.24199999998382,
          196.04004099994654,
          196.18879200004358,
          196.14816699993298,
          196.36879200004387,
          196.33391699994718,
          209.51870900000813,
          196.42787500004033,
          196.31154100000003,
          196.5640829999984,
          196.36791699997502,
          196.2316249999958
        ],
        "error": ""
      },
      {
        "opening_name": "queens_pawn",
        "opening_fen": "rnbqkbnr/ppp1pppp/8/3p4/3P4/8/PPP1PPPP/RNBQKBNR w KQkq - 0 2",
        "result": "draw",
        "score_a": 0.5,
        "plies": 20,
        "adjudicated": true,
        "player_a_color": "black",
        "player_a_timeouts": 0,
        "player_b_timeouts": 0,
        "player_a_moves": 10,
        "player_b_moves": 10,
        "player_a_crashes": 0,
        "player_b_crashes": 0,
        "response_times_ms": [
          196.060459000023,
          196.30816699998377,
          196.46958299995276,
          196.1165829999345,
          196.12870899993595,
          196.48195800004942,
          196.1537079999971,
          196.70966699993642,
          196.15295899996,
          196.7098329999999,
          196.52158300004885,
          196.40774999993482,
          196.42516600004,
          196.2809169999673,
          196.15320899993094,
          196.24258299995745,
          196.2264999999661,
          196.2749580000036,
          196.29212500001358,
          196.53079199997592
        ],
        "error": ""
      },
      {
        "opening_name": "ruy_lopez",
        "opening_fen": "r1bqkbnr/pppp1ppp/2n5/1B2p3/4P3/5N2/PPPP1PPP/RNBQK2R b KQkq - 3 3",
        "result": "win",
        "score_a": 1.0,
        "plies": 20,
        "adjudicated": true,
        "player_a_color": "white",
        "player_a_timeouts": 0,
        "player_b_timeouts": 0,
        "player_a_moves": 10,
        "player_b_moves": 10,
        "player_a_crashes": 0,
        "player_b_crashes": 0,
        "response_times_ms": [
          196.92379200000687,
          227.14958299991395,
          196.26312499997312,
          196.22979199994006,
          196.4232919999631,
          196.09979199992722,
          196.80745799996657,
          196.37549999993098,
          196.51637499998742,
          196.24150000004192,
          196.26087500000722,
          196.190042000012,
          196.92683300002045,
          196.46387499994944,
          196.67883299996447,
          196.58116699997663,
          196.09741600004327,
          196.23583400004918,
          196.68108300004405,
          196.22095800002626
        ],
        "error": ""
      },
      {
        "opening_name": "ruy_lopez",
        "opening_fen": "r1bqkbnr/pppp1ppp/2n5/1B2p3/4P3/5N2/PPPP1PPP/RNBQK2R b KQkq - 3 3",
        "result": "loss",
        "score_a": 0.0,
        "plies": 20,
        "adjudicated": true,
        "player_a_color": "black",
        "player_a_timeouts": 0,
        "player_b_timeouts": 0,
        "player_a_moves": 10,
        "player_b_moves": 10,
        "player_a_crashes": 0,
        "player_b_crashes": 0,
        "response_times_ms": [
          196.27516599996397,
          196.5882499999907,
          196.14062499999818,
          196.90491599999405,
          196.39995800002907,
          196.06137499999932,
          196.78312500002448,
          196.85641600005965,
          196.0790000000543,
          196.02770900007727,
          196.3164159999451,
          196.18337500003236,
          196.2917920000109,
          196.13025000001016,
          196.68974999990496,
          196.51187500005562,
          196.54433300001983,
          196.1719590000257,
          196.4079159999983,
          196.13700000002154
        ],
        "error": ""
      },
      {
        "opening_name": "italian_game",
        "opening_fen": "r1bqk1nr/pppp1ppp/2n5/2b1p3/2B1P3/5N2/PPPP1PPP/RNBQK2R w KQkq - 4 4",
        "result": "draw",
        "score_a": 0.5,
        "plies": 11,
        "adjudicated": false,
        "player_a_color": "white",
        "player_a_timeouts": 0,
        "player_b_timeouts": 0,
        "player_a_moves": 6,
        "player_b_moves": 5,
        "player_a_crashes": 0,
        "player_b_crashes": 0,
        "response_times_ms": [
          196.6575000000148,
          196.33587500004523,
          196.39483299999938,
          196.75074999997832,
          196.01541699989866,
          196.21595800003888,
          218.4954159999961,
          196.85804100004134,
          196.35733299992353,
          196.7570000000478,
          196.29320900003222
        ],
        "error": ""
      },
      {
        "opening_name": "italian_game",
        "opening_fen": "r1bqk1nr/pppp1ppp/2n5/2b1p3/2B1P3/5N2/PPPP1PPP/RNBQK2R w KQkq - 4 4",
        "result": "draw",
        "score_a": 0.5,
        "plies": 11,
        "adjudicated": false,
        "player_a_color": "black",
        "player_a_timeouts": 0,
        "player_b_timeouts": 0,
        "player_a_moves": 5,
        "player_b_moves": 6,
        "player_a_crashes": 0,