{
  "feedback_source": "self_play",
  "summary": {
    "games": 16,
    "wins_a": 1,
    "losses_a": 1,
    "draws": 14,
    "score_a": 8.0,
    "mean_score_a": 0.5,
    "game_scores_a": [
      0.5,
      0.5,
      0.5,
      0.5,
      0.5,
      0.5,
      0.5,
      0.5,
      0.5,
      0.5,
      0.5,
      0.5,
      1.0,
      0.0,
      0.5,
      0.5
    ],
    "player_a_moves": 137,
    "player_b_moves": 136,
    "player_a_timeouts": 0,
    "player_b_timeouts": 0,
    "player_a_crashes": 0,
    "player_b_crashes": 0,
    "results": [
      {
        "opening_name": "startpos",
        "opening_fen": "rnbqkbnr/pppppppp/8/8/8/8/PPPPPPPP/RNBQKBNR w KQkq - 0 1",
        "result": "draw",
        "score_a": 0.5,
        "plies": 13,
        "adjudicated": false,
        "player_a_color": "white",
        "player_a_timeouts": 0,
        "player_b_timeouts": 0,
        "player_a_moves": 7,
        "player_b_moves": 6,
        "player_a_crashes": 0,
        "player_b_crashes": 0,
        "response_times_ms": [
          196.57941599999995,
          196.78866599999995,
          196.71045900000007,
          196.71545800000013,
          196.55762500000006,
          196.445875,
          196.49583299999995,
          196.13795900000008,
          196.07733399999995,
          196.04745799999978,
          196.57908399999968,
          196.3218339999999,
          196.0499579999997
        ],
        "error": ""
      },
      {
        "opening_name": "startpos",
        "opening_fen": "rnbqkbnr/pppppppp/8/8/8/8/PPPPPPPP/RNBQKBNR w KQkq - 0 1",
        "result": "draw",
        "score_a": 0.5,
        "plies": 13,
        "adjudicated": false,
        "player_a_color": "black",
        "player_a_timeouts": 0,
        "player_b_timeouts": 0,
        "player_a_moves": 6,
        "player_b_moves": 7,
        "player_a_crashes": 0,
        "player_b_crashes": 0,
        "response_times_ms": [
          196.91724999999983,
          196.32983400000015,
          196.738458,
          196.36579199999994,
          196.5342080000001,
          196.49437499999945,
          196.10662499999964,
          196.96645899999953,
          196.16524999999996,
          196.77324999999968,
          196.40220900000037,
          196.2285829999999,
          197.18020899999988
        ],
        "error": ""
      },
      {
        "opening_name": "queens_pawn",
        "opening_fen": "rnbqkbnr/ppp1pppp/8/3p4/3P4/8/PPP1PPPP/RNBQKBNR w KQkq - 0 2",
        "result": "draw",
        "score_a": 0.5,
        "plies": 15,
        "adjudicated": false,
        "player_a_color": "white",
        "player_a_timeouts": 0,
        "player_b_timeouts": 0,
        "player_a_moves": 8,
        "player_b_moves": 7,
        "player_a_crashes": 0,
        "player_b_crashes": 0,
        "response_times_ms": [
          196.43770800000038,
          196.2282919999998,
          196.22079200000007,
          196.58566699999992,
          196.50220800000005,
          196.82716700000037,
          196.51733300000006,
          196.55720799999978,
          196.39025000000032,
          196.62566700000016,
          196.38979199999972,
          196.45633300000043,
          196.427334,
          196.10620800000066,
          196.34454100000022
        ],
        "error": ""
      },
      {
        "opening_name": "queens_pawn",
        "opening_fen": "rnbqkbnr/ppp1pppp/8/3p4/3P4/8/PPP1PPPP/RNBQKBNR w KQkq - 0 2",
        "result": "draw",
        "score_a": 0.5,
        "plies": 12,
        "adjudicated": false,
        "player_a_color": "black",
        "player_a_timeouts": 0,
        "player_b_timeouts": 0,
        "player_a_moves": 6,
        "player_b_moves": 6,
        "player_a_crashes": 0,
        "player_b_crashes": 0,
        "response_times_ms": [
          196.13904100000036,
          196.29770799999946,
          196.3100830000002,
          196.20049999999978,
          196.36237499999964,
          196.5404589999995,
          196.94233300000087,
          196.18037499999906,
          197.13245800000044,
          196.06670800000003,
          196.26374999999996,
          196.68854099999857
        ],
        "error": ""
      },
      {
        "opening_name": "ruy_lopez",
        "opening_fen": "r1bqkbnr/pppp1ppp/2n5/1B2p3/4P3/5N2/PPPP1PPP/RNBQK2R b KQkq - 3 3",
        "result": "draw",
        "score_a": 0.5,
        "plies": 17,
        "adjudicated": false,
        "player_a_color": "white",
        "player_a_timeouts": 0,
        "player_b_timeouts": 0,
        "player_a_moves": 8,
        "player_b_moves": 9,
        "player_a_crashes": 0,
        "player_b_crashes": 0,
        "response_times_ms": [
          199.8032090000006,
          196.39300000000048,
          196.48929200000077,
          196.19204199999984,
          196.3557500000004,
          200.58699999999874,
          196.23758400000037,
          196.88904200000047,
          196.7972919999994,
          196.5385840000007,
          196.3527910000007,
          196.73150000000027,
          197.04520900000057,
          196.29737500000033,
          196.49612499999947,
          196.3554589999994,
          196.4742089999998
        ],
        "error": ""
      },
      {
        "opening_name": "ruy_lopez",
        "opening_fen": "r1bqkbnr/pppp1ppp/2n5/1B2p3/4P3/5N2/PPPP1PPP/RNBQK2R b KQkq - 3 3",
        "result": "draw",
        "score_a": 0.5,
        "plies": 17,
        "adjudicated": false,
        "player_a_color": "black",
        "player_a_timeouts": 0,
        "player_b_timeouts": 0,
        "player_a_moves": 9,
        "player_b_moves": 8,
        "player_a_crashes": 0,
        "player_b_crashes": 0,
        "response_times_ms": [
          196.34487499999943,
          197.06766700000065,
          196.87045799999936,
          196.02595899999997,
          196.35429100000044,
          196.21133299999906,
          196.78004200000032,
          196.41400000000075,
          196.48616700000156,
          196.09195900000032,
          196.35624999999735,
          196.37062500000013,
          196.41137500000028,
          196.11816699999807,
          196.15358300000096,
          196.04950000000088,
          196.16537499999964
        ],
        "error": ""
      },
      {
        "opening_name": "italian_game",
        "opening_fen": "r1bqk1nr/pppp1ppp/2n5/2b1p3/2B1P3/5N2/PPPP1PPP/RNBQK2R w KQkq - 4 4",
        "result": "draw",
        "score_a": 0.5,
        "plies": 11,
        "adjudicated": false,
        "player_a_color": "white",
        "player_a_timeouts": 0,
        "player_b_timeouts": 0,
        "player_a_moves": 6,
        "player_b_moves": 5,
        "player_a_crashes": 0,
        "player_b_crashes": 0,
        "response_times_ms": [
          196.46150000000162,
          196.4620840000002,
          196.04129100000023,
          196.25779100000074,
          196.6372920000019,
          196.565666999998,
          196.0701250000021,
          196.89862499999933,
          196.50012500000003,
          196.18220799999975,
          196.41108299999743
        ],
        "error": ""
      },
      {
        "opening_name": "italian_game",
        "opening_fen": "r1bqk1nr/pppp1ppp/2n5/2b1p3/2B1P3/5N2/PPPP1PPP/RNBQK2R w KQkq - 4 4",
        "result": "draw",
        "score_a": 0.5,
        "plies": 20,
        "adjudicated": true,
        "player_a_color": "black",
        "player_a_timeouts": 0,
        "player_b_timeouts": 0,
        "player_a_moves": 10,
        "player_b_moves": 10,
        "player_a_crashes": 0,
        "player_b_crashes": 0,