{
  "feedback_source": "self_play",
  "summary": {
    "games": 16,
    "wins_a": 1,
    "losses_a": 0,
    "draws": 15,
    "score_a": 8.5,
    "mean_score_a": 0.53125,
    "game_scores_a": [
      0.5,
      0.5,
      0.5,
      0.5,
      1.0,
      0.5,
      0.5,
      0.5,
      0.5,
      0.5,
      0.5,
      0.5,
      0.5,
      0.5,
      0.5,
      0.5
    ],
    "player_a_moves": 133,
    "player_b_moves": 134,
    "player_a_timeouts": 0,
    "player_b_timeouts": 0,
    "player_a_crashes": 0,
    "player_b_crashes": 0,
    "results": [
      {
        "opening_name": "startpos",
        "opening_fen": "rnbqkbnr/pppppppp/8/8/8/8/PPPPPPPP/RNBQKBNR w KQkq - 0 1",
        "result": "draw",
        "score_a": 0.5,
        "plies": 13,
        "adjudicated": false,
        "player_a_color": "white",
        "player_a_timeouts": 0,
        "player_b_timeouts": 0,
        "player_a_moves": 7,
        "player_b_moves": 6,
        "player_a_crashes": 0,
        "player_b_crashes": 0,
        "response_times_ms": [
          196.18233299999588,
          196.77870800001074,
          196.30929199999514,
          196.61583300000984,
          197.0437909999987,
          196.4957080000147,
          196.194792,
          196.2473330000023,
          196.4550830000178,
          196.44237500000372,
          196.18829200001642,
          196.2415000000135,
          196.41070800000193
        ],
        "error": ""
      },
      {
        "opening_name": "startpos",
        "opening_fen": "rnbqkbnr/pppppppp/8/8/8/8/PPPPPPPP/RNBQKBNR w KQkq - 0 1",
        "result": "draw",
        "score_a": 0.5,
        "plies": 13,
        "adjudicated": false,
        "player_a_color": "black",
        "player_a_timeouts": 0,
        "player_b_timeouts": 0,
        "player_a_moves": 6,
        "player_b_moves": 7,
        "player_a_crashes": 0,
        "player_b_crashes": 0,
        "response_times_ms": [
          196.2099589999866,
          196.16016700001637,
          196.46529199999918,
          196.5409999999963,
          196.07270800000265,
          196.20129200001202,
          196.44733399999836,
          196.28370800000994,
          196.38025000000425,
          196.52183400000922,
          196.5906249999989,
          196.34912499998336,
          196.31370799999104
        ],
        "error": ""
      },
      {
        "opening_name": "queens_pawn",
        "opening_fen": "rnbqkbnr/ppp1pppp/8/3p4/3P4/8/PPP1PPPP/RNBQKBNR w KQkq - 0 2",
        "result": "draw",
        "score_a": 0.5,
        "plies": 20,
        "adjudicated": true,
        "player_a_color": "white",
        "player_a_timeouts": 0,
        "player_b_timeouts": 0,
        "player_a_moves": 10,
        "player_b_moves": 10,
        "player_a_crashes": 0,
        "player_b_crashes": 0,
        "response_times_ms": [
          196.27004200000897,
          196.70304100000635,
          196.12575000002153,
          196.281292000009,
          196.2765000000104,
          196.26645800002507,
          196.79841699999656,
          196.63445800000545,
          196.8367080000064,
          196.3121670000021,
          196.45737499999427,
          196.09587499999748,
          196.29125000000158,
          196.06812499998227,
          197.00237500001094,
          196.30754199999956,
          196.09529200002385,
          196.10912500002087,
          196.03404100001853,
          196.40000000001123
        ],
        "error": ""
      },
      {
        "opening_name": "queens_pawn",
        "opening_fen": "rnbqkbnr/ppp1pppp/8/3p4/3P4/8/PPP1PPPP/RNBQKBNR w KQkq - 0 2",
        "result": "draw",
        "score_a": 0.5,
        "plies": 20,
        "adjudicated": true,
        "player_a_color": "black",
        "player_a_timeouts": 0,
        "player_b_timeouts": 0,
        "player_a_moves": 10,
        "player_b_moves": 10,
        "player_a_crashes": 0,
        "player_b_crashes": 0,
        "response_times_ms": [
          196.50637499998425,
          196.20941700000571,
          196.5078329999983,
          196.25891699999443,
          196.3454170000034,
          196.5285840000206,
          197.08870799999545,
          196.197374999997,
          196.05799999999363,
          196.55099999999948,
          196.47970899998768,
          196.2630410000088,
          196.85562500001197,
          196.68799999999464,
          196.85724999999366,
          196.16683299997817,
          196.30004199999007,
          196.26904099999365,
          196.71495800000116,
          196.33341599998744
        ],
        "error": ""
      },
      {
        "opening_name": "ruy_lopez",
        "opening_fen": "r1bqkbnr/pppp1ppp/2n5/1B2p3/4P3/5N2/PPPP1PPP/RNBQK2R b KQkq - 3 3",
        "result": "win",
        "score_a": 1.0,
        "plies": 20,
        "adjudicated": true,
        "player_a_color": "white",
        "player_a_timeouts": 0,
        "player_b_timeouts": 0,
        "player_a_moves": 10,
        "player_b_moves": 10,
        "player_a_crashes": 0,
        "player_b_crashes": 0,
        "response_times_ms": [
          196.26466700000833,
          196.35237499997515,
          196.78354199999148,
          196.31099999998014,
          196.34404199999267,
          196.16274999998495,
          196.24666699999693,
          196.75058400000012,
          196.17229199999997,
          196.87112500000126,
          196.12787500000195,
          196.46108399999207,
          196.16741699999807,
          196.78079199999843,
          196.04662500000813,
          196.51999999999248,
          196.3336250000225,
          196.29491599999938,
          196.25237500000026,
          196.19995900001186
        ],
        "error": ""
      },
      {
        "opening_name": "ruy_lopez",
        "opening_fen": "r1bqkbnr/pppp1ppp/2n5/1B2p3/4P3/5N2/PPPP1PPP/RNBQK2R b KQkq - 3 3",
        "result": "draw",
        "score_a": 0.5,
        "plies": 17,
        "adjudicated": false,
        "player_a_color": "black",
        "player_a_timeouts": 0,
        "player_b_timeouts": 0,
        "player_a_moves": 9,
        "player_b_moves": 8,
        "player_a_crashes": 0,
        "player_b_crashes": 0,
        "response_times_ms": [
          196.325250000001,
          196.56258300000218,
          196.33258299998602,
          196.32908299999485,
          196.1399580000034,
          196.44908300000452,
          196.2138330000016,
          196.29495899999938,
          197.02933400000688,
          196.41179100000272,
          196.10512500000254,
          196.43570799999566,
          196.62033299999848,
          196.32195799999863,
          196.26145800000927,
          196.35033299999805,
          196.2381250000078
        ],
        "error": ""
      },
      {
        "opening_name": "italian_game",
        "opening_fen": "r1bqk1nr/pppp1ppp/2n5/2b1p3/2B1P3/5N2/PPPP1PPP/RNBQK2R w KQkq - 4 4",
        "result": "draw",
        "score_a": 0.5,
        "plies": 16,
        "adjudicated": false,
        "player_a_color": "white",
        "player_a_timeouts": 0,
        "player_b_timeouts": 0,
        "player_a_moves": 8,
        "player_b_moves": 8,
        "player_a_crashes": 0,
        "player_b_crashes": 0,
        "response_times_ms": [
          196.79287499999987,
          196.2829579999834,
          196.75504099998875,
          197.40629099999296,
          196.08783299997867,
          196.5772089999973,
          196.50887500000636,
          196.3445419999914,
          196.46108300000265,
          196.43333300001586,
          196.25691699999948,
          197.15308300001766,
          196.1487079999813,
          196.5701670000044,
          196.03462500001,
          197.27491699998723
        ],
        "error": ""
      },
      {
        "opening_name": "italian_game",
        "opening_fen": "r1bqk1nr/pppp1ppp/2n5/2b1p3/2B1P3/5N2/PPPP1PPP/RNBQK2R w KQkq - 4 4",
        "result": "draw",
        "score_a": 0.5,
        "plies": 11,
        "adjudicated": false,