{
  "feedback_source": "self_play",
  "summary": {
    "games": 16,
    "wins_a": 2,
    "losses_a": 2,
    "draws": 12,
    "score_a": 8.0,
    "mean_score_a": 0.5,
    "game_scores_a": [
      0.5,
      0.5,
      0.0,
      1.0,
      0.5,
      0.5,
      0.5,
      0.5,
      1.0,
      0.0,
      0.5,
      0.5,
      0.5,
      0.5,
      0.5,
      0.5
    ],
    "player_a_moves": 121,
    "player_b_moves": 121,
    "player_a_timeouts": 0,
    "player_b_timeouts": 0,
    "player_a_crashes": 0,
    "player_b_crashes": 0,
    "results": [
      {
        "opening_name": "startpos",
        "opening_fen": "rnbqkbnr/pppppppp/8/8/8/8/PPPPPPPP/RNBQKBNR w KQkq - 0 1",
        "result": "draw",
        "score_a": 0.5,
        "plies": 13,
        "adjudicated": false,
        "player_a_color": "white",
        "player_a_timeouts": 0,
        "player_b_timeouts": 0,
        "player_a_moves": 7,
        "player_b_moves": 6,
        "player_a_crashes": 0,
        "player_b_crashes": 0,
        "response_times_ms": [
          196.05275000000688,
          196.42412500000717,
          196.19504199999938,
          196.13124999999343,
          196.0600000000028,
          196.13795899999786,
          196.1383330000075,
          196.3284999999928,
          196.30612500000666,
          196.22170799999594,
          196.15300000000957,
          196.07479199999034,
          196.53704200000277
        ],
        "error": ""
      },
      {
        "opening_name": "startpos",
        "opening_fen": "rnbqkbnr/pppppppp/8/8/8/8/PPPPPPPP/RNBQKBNR w KQkq - 0 1",
        "result": "draw",
        "score_a": 0.5,
        "plies": 13,
        "adjudicated": false,
        "player_a_color": "black",
        "player_a_timeouts": 0,
        "player_b_timeouts": 0,
        "player_a_moves": 6,
        "player_b_moves": 7,
        "player_a_crashes": 0,
        "player_b_crashes": 0,
        "response_times_ms": [
          196.38987499999416,
          196.08545799999888,
          196.61645800000827,
          196.2090829999994,
          196.27854200000172,
          196.1404999999985,
          196.28312499999367,
          196.26729099999807,
          196.40770899999893,
          196.29504099999906,
          196.0580420000042,
          196.15895800001226,
          196.21920800000225
        ],
        "error": ""
      },
      {
        "opening_name": "queens_pawn",
        "opening_fen": "rnbqkbnr/ppp1pppp/8/3p4/3P4/8/PPP1PPPP/RNBQKBNR w KQkq - 0 2",
        "result": "loss",
        "score_a": 0.0,
        "plies": 20,
        "adjudicated": true,
        "player_a_color": "white",
        "player_a_timeouts": 0,
        "player_b_timeouts": 0,
        "player_a_moves": 10,
        "player_b_moves": 10,
        "player_a_crashes": 0,
        "player_b_crashes": 0,
        "response_times_ms": [
          196.5929170000038,
          196.37020900000834,
          196.03458299999943,
          196.43516700000418,
          196.47604100001104,
          196.39383399999133,
          196.09254099999873,
          196.0428329999928,
          196.04641700000514,
          196.4156250000002,
          196.18558300000188,
          196.05654199999378,
          196.45987500000217,
          196.1737920000104,
          196.25754100000847,
          196.2681669999995,
          196.13666600000101,
          196.08029100000124,
          196.09750000000759,
          196.26645900000028
        ],
        "error": ""
      },
      {
        "opening_name": "queens_pawn",
        "opening_fen": "rnbqkbnr/ppp1pppp/8/3p4/3P4/8/PPP1PPPP/RNBQKBNR w KQkq - 0 2",
        "result": "win",
        "score_a": 1.0,
        "plies": 20,
        "adjudicated": true,
        "player_a_color": "black",
        "player_a_timeouts": 0,
        "player_b_timeouts": 0,
        "player_a_moves": 10,
        "player_b_moves": 10,
        "player_a_crashes": 0,
        "player_b_crashes": 0,
        "response_times_ms": [
          196.15870900000232,
          196.3685829999946,
          196.6147090000021,
          196.68183299999953,
          196.25608299999442,
          196.42533300000764,
          196.30991600000414,
          196.11454100000003,
          196.04749999999171,
          196.44991600000594,
          196.77124999999762,
          196.21458400000336,
          196.39683399999797,
          196.46529199999918,
          196.259375000011,
          196.15012500000262,
          196.22441699999627,
          196.36808299999586,
          196.38533299999494,
          196.21704099999704
        ],
        "error": ""
      },
      {
        "opening_name": "ruy_lopez",
        "opening_fen": "r1bqkbnr/pppp1ppp/2n5/1B2p3/4P3/5N2/PPPP1PPP/RNBQK2R b KQkq - 3 3",
        "result": "draw",
        "score_a": 0.5,
        "plies": 17,
        "adjudicated": false,
        "player_a_color": "white",
        "player_a_timeouts": 0,
        "player_b_timeouts": 0,
        "player_a_moves": 8,
        "player_b_moves": 9,
        "player_a_crashes": 0,
        "player_b_crashes": 0,
        "response_times_ms": [
          196.54295799999488,
          196.48175000000379,
          196.06104199999663,
          196.35608299999774,
          196.4454160000031,
          196.35274999998842,
          196.31325000000288,
          196.1707500000074,
          196.62083299999722,
          196.06554099999585,
          196.59124999999733,
          196.14462499998808,
          196.06687499999964,
          196.08670799999572,
          196.5271249999887,
          196.38204200001041,
          196.74170800000468
        ],
        "error": ""
      },
      {
        "opening_name": "ruy_lopez",
        "opening_fen": "r1bqkbnr/pppp1ppp/2n5/1B2p3/4P3/5N2/PPPP1PPP/RNBQK2R b KQkq - 3 3",
        "result": "draw",
        "score_a": 0.5,
        "plies": 17,
        "adjudicated": false,
        "player_a_color": "black",
        "player_a_timeouts": 0,
        "player_b_timeouts": 0,
        "player_a_moves": 9,
        "player_b_moves": 8,
        "player_a_crashes": 0,
        "player_b_crashes": 0,
        "response_times_ms": [
          196.27679199999193,
          196.10812499999497,
          196.51625000000195,
          196.30920900000604,
          196.36470900000802,
          196.05333400001257,
          196.06041599999458,
          196.12062500000604,
          196.63058400000466,
          196.52012499999216,
          196.5022079999983,
          196.1757079999984,
          196.4980000000054,
          196.17399999999918,
          196.26379199999633,
          196.5874999999926,
          196.54083300000025
        ],
        "error": ""
      },
      {
        "opening_name": "italian_game",
        "opening_fen": "r1bqk1nr/pppp1ppp/2n5/2b1p3/2B1P3/5N2/PPPP1PPP/RNBQK2R w KQkq - 4 4",
        "result": "draw",
        "score_a": 0.5,
        "plies": 11,
        "adjudicated": false,
        "player_a_color": "white",
        "player_a_timeouts": 0,
        "player_b_timeouts": 0,
        "player_a_moves": 6,
        "player_b_moves": 5,
        "player_a_crashes": 0,
        "player_b_crashes": 0,
        "response_times_ms": [
          196.13050000000953,
          196.13670799999738,
          196.21962499999768,
          196.5670420000123,
          196.12129200000084,
          196.13916699999834,
          196.2058329999934,
          196.29679199999828,
          196.48904199999606,
          196.64954200000295,
          196.47529099999872
        ],
        "error": ""
      },
      {
        "opening_name": "italian_game",
        "opening_fen": "r1bqk1nr/pppp1ppp/2n5/2b1p3/2B1P3/5N2/PPPP1PPP/RNBQK2R w KQkq - 4 4",
        "result": "draw",
        "score_a": 0.5,
        "plies": 11,
        "adjudicated": false,
        "player_a_color": "black",
        "player_a_timeouts": 0,
        "player_b_timeouts": 0,
        "player_a_moves": 5,
        "player_b_moves": 6,
        "player_a_crashes": 0,
        "player_b_crashes": 0,