{
  "feedback_source": "self_play",
  "summary": {
    "games": 16,
    "wins_a": 1,
    "losses_a": 1,
    "draws": 14,
    "score_a": 8.0,
    "mean_score_a": 0.5,
    "game_scores_a": [
      0.5,
      0.5,
      0.5,
      0.5,
      1.0,
      0.0,
      0.5,
      0.5,
      0.5,
      0.5,
      0.5,
      0.5,
      0.5,
      0.5,
      0.5,
      0.5
    ],
    "player_a_moves": 132,
    "player_b_moves": 131,
    "player_a_timeouts": 0,
    "player_b_timeouts": 0,
    "player_a_crashes": 0,
    "player_b_crashes": 0,
    "results": [
      {
        "opening_name": "startpos",
        "opening_fen": "rnbqkbnr/pppppppp/8/8/8/8/PPPPPPPP/RNBQKBNR w KQkq - 0 1",
        "result": "draw",
        "score_a": 0.5,
        "plies": 13,
        "adjudicated": false,
        "player_a_color": "white",
        "player_a_timeouts": 0,
        "player_b_timeouts": 0,
        "player_a_moves": 7,
        "player_b_moves": 6,
        "player_a_crashes": 0,
        "player_b_crashes": 0,
        "response_times_ms": [
          196.4688750000505,
          196.6376670000045,
          196.4827080000191,
          196.33349999998018,
          196.46833299998434,
          196.3563329999829,
          196.16908300002933,
          196.80925000000116,
          196.54616700000815,
          196.30408400001897,
          196.23087500002612,
          196.9475000000216,
          196.16058299999395
        ],
        "error": ""
      },
      {
        "opening_name": "startpos",
        "opening_fen": "rnbqkbnr/pppppppp/8/8/8/8/PPPPPPPP/RNBQKBNR w KQkq - 0 1",
        "result": "draw",
        "score_a": 0.5,
        "plies": 13,
        "adjudicated": false,
        "player_a_color": "black",
        "player_a_timeouts": 0,
        "player_b_timeouts": 0,
        "player_a_moves": 6,
        "player_b_moves": 7,
        "player_a_crashes": 0,
        "player_b_crashes": 0,
        "response_times_ms": [
          196.2700420000374,
          196.1210409999694,
          196.81308399998443,
          196.1157920000005,
          196.47924999998168,
          196.21683299999404,
          196.2261250000097,
          196.32825000002185,
          196.2487499999952,
          196.05108399997562,
          196.63566700000956,
          196.53120800001034,
          196.81145900000274
        ],
        "error": ""
      },
      {
        "opening_name": "queens_pawn",
        "opening_fen": "rnbqkbnr/ppp1pppp/8/3p4/3P4/8/PPP1PPPP/RNBQKBNR w KQkq - 0 2",
        "result": "draw",
        "score_a": 0.5,
        "plies": 20,
        "adjudicated": true,
        "player_a_color": "white",
        "player_a_timeouts": 0,
        "player_b_timeouts": 0,
        "player_a_moves": 10,
        "player_b_moves": 10,
        "player_a_crashes": 0,
        "player_b_crashes": 0,
        "response_times_ms": [
          196.62158300002375,
          196.43283300001713,
          196.30883299998914,
          196.26404100000627,
          196.3860410000393,
          196.08112500003472,
          196.05454100002362,
          196.67270799999415,
          196.53695800002424,
          196.2587080000162,
          196.3651249999998,
          196.28712499996936,
          196.25920800001495,
          196.3765829999602,
          196.72300000001997,
          196.23375000003307,
          196.11537499997667,
          196.28887499999337,
          196.70137500003193,
          196.0785420000093
        ],
        "error": ""
      },
      {
        "opening_name": "queens_pawn",
        "opening_fen": "rnbqkbnr/ppp1pppp/8/3p4/3P4/8/PPP1PPPP/RNBQKBNR w KQkq - 0 2",
        "result": "draw",
        "score_a": 0.5,
        "plies": 20,
        "adjudicated": true,
        "player_a_color": "black",
        "player_a_timeouts": 0,
        "player_b_timeouts": 0,
        "player_a_moves": 10,
        "player_b_moves": 10,
        "player_a_crashes": 0,
        "player_b_crashes": 0,
        "response_times_ms": [
          196.25966699999253,
          196.59987500000398,
          196.13562499995396,
          196.84654200000296,
          196.4751250000063,
          196.7502499999796,
          196.30379099999118,
          196.52395800000022,
          196.50791700001946,
          196.46745800002918,
          196.4201669999852,
          196.21579099998598,
          196.40816699995867,
          196.59733400004598,
          196.27458299999034,
          196.06999999996333,
          196.25250000001415,
          196.3847499999929,
          196.30891600002087,
          196.14695799998572
        ],
        "error": ""
      },
      {
        "opening_name": "ruy_lopez",
        "opening_fen": "r1bqkbnr/pppp1ppp/2n5/1B2p3/4P3/5N2/PPPP1PPP/RNBQK2R b KQkq - 3 3",
        "result": "win",
        "score_a": 1.0,
        "plies": 20,
        "adjudicated": true,
        "player_a_color": "white",
        "player_a_timeouts": 0,
        "player_b_timeouts": 0,
        "player_a_moves": 10,
        "player_b_moves": 10,
        "player_a_crashes": 0,
        "player_b_crashes": 0,
        "response_times_ms": [
          196.53516699997908,
          196.07583300000897,
          196.30829199996924,
          196.06799999996838,
          196.3354580000214,
          196.34187499997324,
          196.27212500000724,
          196.21549999999388,
          196.124583000028,
          196.68137500002558,
          196.46929099997124,
          196.33070800000496,
          196.82929199996124,
          196.04808299999377,
          196.37745899996162,
          196.54820800002426,
          196.13129200001822,
          196.41633300000194,
          196.57533399998783,
          196.1397079999756
        ],
        "error": ""
      },
      {
        "opening_name": "ruy_lopez",
        "opening_fen": "r1bqkbnr/pppp1ppp/2n5/1B2p3/4P3/5N2/PPPP1PPP/RNBQK2R b KQkq - 3 3",
        "result": "loss",
        "score_a": 0.0,
        "plies": 20,
        "adjudicated": true,
        "player_a_color": "black",
        "player_a_timeouts": 0,
        "player_b_timeouts": 0,
        "player_a_moves": 10,
        "player_b_moves": 10,
        "player_a_crashes": 0,
        "player_b_crashes": 0,
        "response_times_ms": [
          196.3676249999935,
          196.29291699999385,
          196.34024999999156,
          196.36445899999444,
          196.19299999999384,
          196.08458400000472,
          196.22245799996563,
          196.2871250000262,
          196.39920800000255,
          196.35099999999284,
          196.72741699997687,
          196.27099999996744,
          196.32554100002153,
          196.4851250000379,
          196.09804199996006,
          196.49833399995487,
          196.2798330000055,
          196.13158300001032,
          196.40766699995993,
          196.38670900002353
        ],
        "error": ""
      },
      {
        "opening_name": "italian_game",
        "opening_fen": "r1bqk1nr/pppp1ppp/2n5/2b1p3/2B1P3/5N2/PPPP1PPP/RNBQK2R w KQkq - 4 4",
        "result": "draw",
        "score_a": 0.5,
        "plies": 11,
        "adjudicated": false,
        "player_a_color": "white",
        "player_a_timeouts": 0,
        "player_b_timeouts": 0,
        "player_a_moves": 6,
        "player_b_moves": 5,
        "player_a_crashes": 0,
        "player_b_crashes": 0,
        "response_times_ms": [
          196.12966700003653,
          196.1170829999901,
          196.6146660000163,
          196.5980829999694,
          196.83199999997214,
          196.4944999999716,
          196.36279100001275,
          196.03920800000196,
          196.6010840000081,
          197.0095000000356,
          196.10937499999181
        ],
        "error": ""
      },
      {
        "opening_name": "italian_game",
        "opening_fen": "r1bqk1nr/pppp1ppp/2n5/2b1p3/2B1P3/5N2/PPPP1PPP/RNBQK2R w KQkq - 4 4",
        "result": "draw",
        "score_a": 0.5,
        "plies": 11,
        "adjudicated": false,
        "player_a_color": "black",