{
  "feedback_source": "self_play",
  "summary": {
    "games": 16,
    "wins_a": 1,
    "losses_a": 1,
    "draws": 14,
    "score_a": 8.0,
    "mean_score_a": 0.5,
    "game_scores_a": [
      0.5,
      0.5,
      0.0,
      1.0,
      0.5,
      0.5,
      0.5,
      0.5,
      0.5,
      0.5,
      0.5,
      0.5,
      0.5,
      0.5,
      0.5,
      0.5
    ],
    "player_a_moves": 121,
    "player_b_moves": 121,
    "player_a_timeouts": 0,
    "player_b_timeouts": 0,
    "player_a_crashes": 0,
    "player_b_crashes": 0,
    "results": [
      {
        "opening_name": "startpos",
        "opening_fen": "rnbqkbnr/pppppppp/8/8/8/8/PPPPPPPP/RNBQKBNR w KQkq - 0 1",
        "result": "draw",
        "score_a": 0.5,
        "plies": 13,
        "adjudicated": false,
        "player_a_color": "white",
        "player_a_timeouts": 0,
        "player_b_timeouts": 0,
        "player_a_moves": 7,
        "player_b_moves": 6,
        "player_a_crashes": 0,
        "player_b_crashes": 0,
        "response_times_ms": [
          196.1658750000197,
          196.08954200000994,
          196.15920900000106,
          196.5631250000115,
          196.0749589999864,
          196.05054199999472,
          196.2137499999983,
          196.77504199998452,
          196.1665000000039,
          196.19020899997963,
          196.09208299999636,
          196.47112499998798,
          196.19858299998327
        ],
        "error": ""
      },
      {
        "opening_name": "startpos",
        "opening_fen": "rnbqkbnr/pppppppp/8/8/8/8/PPPPPPPP/RNBQKBNR w KQkq - 0 1",
        "result": "draw",
        "score_a": 0.5,
        "plies": 13,
        "adjudicated": false,
        "player_a_color": "black",
        "player_a_timeouts": 0,
        "player_b_timeouts": 0,
        "player_a_moves": 6,
        "player_b_moves": 7,
        "player_a_crashes": 0,
        "player_b_crashes": 0,
        "response_times_ms": [
          196.20916700000635,
          196.50029100000665,
          196.46045899997944,
          196.34849999999915,
          196.32945800000812,
          196.27912500001798,
          196.1005,
          196.26420900002017,
          196.19712499999764,
          208.20237500001326,
          196.3357920000135,
          196.57250000000204,
          196.2760840000044
        ],
        "error": ""
      },
      {
        "opening_name": "queens_pawn",
        "opening_fen": "rnbqkbnr/ppp1pppp/8/3p4/3P4/8/PPP1PPPP/RNBQKBNR w KQkq - 0 2",
        "result": "loss",
        "score_a": 0.0,
        "plies": 20,
        "adjudicated": true,
        "player_a_color": "white",
        "player_a_timeouts": 0,
        "player_b_timeouts": 0,
        "player_a_moves": 10,
        "player_b_moves": 10,
        "player_a_crashes": 0,
        "player_b_crashes": 0,
        "response_times_ms": [
          196.4392499999974,
          196.8958749999956,
          196.36191699999017,
          196.2888329999828,
          196.12712500000384,
          196.35270800000626,
          196.29766699998186,
          196.14916599999788,
          196.36608399997613,
          196.50816600000098,
          196.1182919999942,
          196.2540840000031,
          196.39570800001138,
          196.14879100001303,
          196.46574999998734,
          196.1729999999875,
          196.13849999998934,
          196.05058299998745,
          196.0378750000018,
          196.20341700002086
        ],
        "error": ""
      },
      {
        "opening_name": "queens_pawn",
        "opening_fen": "rnbqkbnr/ppp1pppp/8/3p4/3P4/8/PPP1PPPP/RNBQKBNR w KQkq - 0 2",
        "result": "win",
        "score_a": 1.0,
        "plies": 20,
        "adjudicated": true,
        "player_a_color": "black",
        "player_a_timeouts": 0,
        "player_b_timeouts": 0,
        "player_a_moves": 10,
        "player_b_moves": 10,
        "player_a_crashes": 0,
        "player_b_crashes": 0,
        "response_times_ms": [
          196.06274999998163,
          196.45108299999947,
          196.38654199999905,
          196.35337500000105,
          196.25229199999694,
          196.04062499999486,
          196.11870899998962,
          196.11862499999688,
          196.29562500000475,
          196.12708299999326,
          196.10287500000823,
          196.0549169999979,
          196.2168340000119,
          196.33854200000656,
          196.16300000001274,
          196.0793750000107,
          196.29270799998721,
          196.04891700001303,
          196.10479100001044,
          196.48891699998217
        ],
        "error": ""
      },
      {
        "opening_name": "ruy_lopez",
        "opening_fen": "r1bqkbnr/pppp1ppp/2n5/1B2p3/4P3/5N2/PPPP1PPP/RNBQK2R b KQkq - 3 3",
        "result": "draw",
        "score_a": 0.5,
        "plies": 17,
        "adjudicated": false,
        "player_a_color": "white",
        "player_a_timeouts": 0,
        "player_b_timeouts": 0,
        "player_a_moves": 8,
        "player_b_moves": 9,
        "player_a_crashes": 0,
        "player_b_crashes": 0,
        "response_times_ms": [
          196.1566249999862,
          196.2844999999902,
          196.0640829999818,
          196.3857909999831,
          196.22400000000084,
          196.3689160000115,
          196.53733300000908,
          196.66033299998276,
          196.62141599999927,
          196.14724999999567,
          196.44695799999567,
          196.1630419999949,
          196.2421670000083,
          196.06899999999428,
          196.19816599998785,
          196.02262500001189,
          196.59695799998644
        ],
        "error": ""
      },
      {
        "opening_name": "ruy_lopez",
        "opening_fen": "r1bqkbnr/pppp1ppp/2n5/1B2p3/4P3/5N2/PPPP1PPP/RNBQK2R b KQkq - 3 3",
        "result": "draw",
        "score_a": 0.5,
        "plies": 17,
        "adjudicated": false,
        "player_a_color": "black",
        "player_a_timeouts": 0,
        "player_b_timeouts": 0,
        "player_a_moves": 9,
        "player_b_moves": 8,
        "player_a_crashes": 0,
        "player_b_crashes": 0,
        "response_times_ms": [
          196.22229200001584,
          196.43054200000165,
          196.0627089999889,
          196.47104199998466,
          196.19887499999322,
          196.0973750000221,
          196.2438749999933,
          196.13691600000038,
          196.57445800001483,
          196.08541600001672,
          196.32754100001648,
          196.20412499997997,
          196.04095899998697,
          196.11799999998425,
          196.22787500000527,
          196.45004099999142,
          196.5869580000117
        ],
        "error": ""
      },
      {
        "opening_name": "italian_game",
        "opening_fen": "r1bqk1nr/pppp1ppp/2n5/2b1p3/2B1P3/5N2/PPPP1PPP/RNBQK2R w KQkq - 4 4",
        "result": "draw",
        "score_a": 0.5,
        "plies": 11,
        "adjudicated": false,
        "player_a_color": "white",
        "player_a_timeouts": 0,
        "player_b_timeouts": 0,
        "player_a_moves": 6,
        "player_b_moves": 5,
        "player_a_crashes": 0,
        "player_b_crashes": 0,
        "response_times_ms": [
          196.1928329999978,
          196.43541700000355,
          196.2666249999927,
          196.22691699998995,
          196.33341600001586,
          196.26666699997486,
          196.26404100000627,
          196.25325000001226,
          196.75795900002413,
          196.10429200000112,
          196.5527080000129
        ],
        "error": ""
      },
      {
        "opening_name": "italian_game",
        "opening_fen": "r1bqk1nr/pppp1ppp/2n5/2b1p3/2B1P3/5N2/PPPP1PPP/RNBQK2R w KQkq - 4 4",
        "result": "draw",
        "score_a": 0.5,
        "plies": 11,
        "adjudicated": false,
        "player_a_color": "black",
        "player_a_timeouts": 0,
        "player_b_timeouts": 0,
        "player_a_moves": 5,
        "player_b_moves": 6,
        "player_a_crashes": 0,
        "player_b_crashes": 0,