{
  "feedback_source": "self_play",
  "summary": {
    "games": 16,
    "wins_a": 4,
    "losses_a": 3,
    "draws": 9,
    "score_a": 8.5,
    "mean_score_a": 0.53125,
    "game_scores_a": [
      0.5,
      0.5,
      0.0,
      1.0,
      0.5,
      0.5,
      0.0,
      1.0,
      1.0,
      0.0,
      0.5,
      0.5,
      1.0,
      0.5,
      0.5,
      0.5
    ],
    "player_a_moves": 122,
    "player_b_moves": 123,
    "player_a_timeouts": 0,
    "player_b_timeouts": 0,
    "player_a_crashes": 0,
    "player_b_crashes": 0,
    "results": [
      {
        "opening_name": "startpos",
        "opening_fen": "rnbqkbnr/pppppppp/8/8/8/8/PPPPPPPP/RNBQKBNR w KQkq - 0 1",
        "result": "draw",
        "score_a": 0.5,
        "plies": 13,
        "adjudicated": false,
        "player_a_color": "white",
        "player_a_timeouts": 0,
        "player_b_timeouts": 0,
        "player_a_moves": 7,
        "player_b_moves": 6,
        "player_a_crashes": 0,
        "player_b_crashes": 0,
        "response_times_ms": [
          196.483417,
          196.31433400000003,
          196.17875000000006,
          196.05583299999995,
          196.084833,
          196.08770899999993,
          196.72400000000013,
          196.33458300000007,
          196.56383300000013,
          196.15454199999994,
          196.4110419999998,
          196.427334,
          196.52283299999996
        ],
        "error": ""
      },
      {
        "opening_name": "startpos",
        "opening_fen": "rnbqkbnr/pppppppp/8/8/8/8/PPPPPPPP/RNBQKBNR w KQkq - 0 1",
        "result": "draw",
        "score_a": 0.5,
        "plies": 13,
        "adjudicated": false,
        "player_a_color": "black",
        "player_a_timeouts": 0,
        "player_b_timeouts": 0,
        "player_a_moves": 6,
        "player_b_moves": 7,
        "player_a_crashes": 0,
        "player_b_crashes": 0,
        "response_times_ms": [
          196.56366699999995,
          196.40204199999988,
          196.0846669999996,
          196.1212090000002,
          196.43449999999962,
          196.19762499999993,
          196.29566699999978,
          196.33650000000014,
          196.20908300000028,
          196.49683300000032,
          196.47400000000027,
          196.39954099999989,
          196.4912080000003
        ],
        "error": ""
      },
      {
        "opening_name": "queens_pawn",
        "opening_fen": "rnbqkbnr/ppp1pppp/8/3p4/3P4/8/PPP1PPPP/RNBQKBNR w KQkq - 0 2",
        "result": "loss",
        "score_a": 0.0,
        "plies": 20,
        "adjudicated": true,
        "player_a_color": "white",
        "player_a_timeouts": 0,
        "player_b_timeouts": 0,
        "player_a_moves": 10,
        "player_b_moves": 10,
        "player_a_crashes": 0,
        "player_b_crashes": 0,
        "response_times_ms": [
          196.36504099999996,
          196.37875000000005,
          196.59808300000049,
          196.521583,
          196.37845799999985,
          196.19199999999992,
          196.71641600000012,
          196.28679200000045,
          196.26916700000052,
          196.1944580000008,
          196.44441699999948,
          196.34237499999952,
          196.23587500000016,
          196.1967920000003,
          196.1718749999992,
          196.19324999999856,
          196.21283400000067,
          196.03691699999894,
          196.2017499999984,
          196.1820000000003
        ],
        "error": ""
      },
      {
        "opening_name": "queens_pawn",
        "opening_fen": "rnbqkbnr/ppp1pppp/8/3p4/3P4/8/PPP1PPPP/RNBQKBNR w KQkq - 0 2",
        "result": "win",
        "score_a": 1.0,
        "plies": 20,
        "adjudicated": true,
        "player_a_color": "black",
        "player_a_timeouts": 0,
        "player_b_timeouts": 0,
        "player_a_moves": 10,
        "player_b_moves": 10,
        "player_a_crashes": 0,
        "player_b_crashes": 0,
        "response_times_ms": [
          196.84349999999995,
          196.81199999999956,
          196.6294580000003,
          196.48254099999997,
          196.5301669999988,
          196.16962499999957,
          196.15149999999915,
          196.17712500000016,
          196.08191700000077,
          196.03954199999941,
          196.55020900000153,
          196.2050420000008,
          196.21349999999893,
          196.03329200000098,
          196.11749999999972,
          196.0516659999989,
          196.48320800000008,
          196.19820799999843,
          196.0634170000013,
          196.30120899999957
        ],
        "error": ""
      },
      {
        "opening_name": "ruy_lopez",
        "opening_fen": "r1bqkbnr/pppp1ppp/2n5/1B2p3/4P3/5N2/PPPP1PPP/RNBQK2R b KQkq - 3 3",
        "result": "draw",
        "score_a": 0.5,
        "plies": 15,
        "adjudicated": false,
        "player_a_color": "white",
        "player_a_timeouts": 0,
        "player_b_timeouts": 0,
        "player_a_moves": 7,
        "player_b_moves": 8,
        "player_a_crashes": 0,
        "player_b_crashes": 0,
        "response_times_ms": [
          196.5361250000015,
          196.5125840000006,
          196.44904199999934,
          196.37458300000077,
          196.57599999999854,
          196.11479199999948,
          196.2169590000009,
          196.3412499999997,
          196.5155000000003,
          196.14175000000068,
          196.34487499999943,
          196.538125,
          196.17916700000038,
          196.20170800000025,
          196.54020800000183
        ],
        "error": ""
      },
      {
        "opening_name": "ruy_lopez",
        "opening_fen": "r1bqkbnr/pppp1ppp/2n5/1B2p3/4P3/5N2/PPPP1PPP/RNBQK2R b KQkq - 3 3",
        "result": "draw",
        "score_a": 0.5,
        "plies": 15,
        "adjudicated": false,
        "player_a_color": "black",
        "player_a_timeouts": 0,
        "player_b_timeouts": 0,
        "player_a_moves": 8,
        "player_b_moves": 7,
        "player_a_crashes": 0,
        "player_b_crashes": 0,
        "response_times_ms": [
          196.46125000000225,
          196.1325830000007,
          196.2775410000006,
          196.2111670000013,
          196.54195900000104,
          199.08750000000097,
          196.48208299999936,
          196.47162500000093,
          196.19483399999993,
          196.25587500000208,
          196.30295800000042,
          196.57458400000039,
          196.0811249999992,
          196.2889170000004,
          196.29037500000024
        ],
        "error": ""
      },
      {
        "opening_name": "italian_game",
        "opening_fen": "r1bqk1nr/pppp1ppp/2n5/2b1p3/2B1P3/5N2/PPPP1PPP/RNBQK2R w KQkq - 4 4",
        "result": "loss",
        "score_a": 0.0,
        "plies": 10,
        "adjudicated": false,
        "player_a_color": "white",
        "player_a_timeouts": 0,
        "player_b_timeouts": 0,
        "player_a_moves": 5,
        "player_b_moves": 5,
        "player_a_crashes": 0,
        "player_b_crashes": 0,
        "response_times_ms": [
          196.4787500000007,
          196.2855420000018,
          196.50587499999972,
          196.13033399999935,
          196.43945900000048,
          196.23033299999904,
          196.12474999999918,
          196.03841700000046,
          196.17570899999848,
          26.89170900000093
        ],
        "error": ""
      },
      {
        "opening_name": "italian_game",
        "opening_fen": "r1bqk1nr/pppp1ppp/2n5/2b1p3/2B1P3/5N2/PPPP1PPP/RNBQK2R w KQkq - 4 4",
        "result": "win",
        "score_a": 1.0,
        "plies": 10,
        "adjudicated": false,
        "player_a_color": "black",
        "player_a_timeouts": 0,
        "player_b_timeouts": 0,
        "player_a_moves": 5,
        "player_b_moves": 5,
        "player_a_crashes": 0,
        "player_b_crashes": 0,