{
  "feedback_source": "self_play",
  "summary": {
    "games": 16,
    "wins_a": 2,
    "losses_a": 2,
    "draws": 12,
    "score_a": 8.0,
    "mean_score_a": 0.5,
    "game_scores_a": [
      0.5,
      0.5,
      0.0,
      1.0,
      0.5,
      0.5,
      0.5,
      0.5,
      1.0,
      0.0,
      0.5,
      0.5,
      0.5,
      0.5,
      0.5,
      0.5
    ],
    "player_a_moves": 117,
    "player_b_moves": 118,
    "player_a_timeouts": 0,
    "player_b_timeouts": 0,
    "player_a_crashes": 0,
    "player_b_crashes": 0,
    "results": [
      {
        "opening_name": "startpos",
        "opening_fen": "rnbqkbnr/pppppppp/8/8/8/8/PPPPPPPP/RNBQKBNR w KQkq - 0 1",
        "result": "draw",
        "score_a": 0.5,
        "plies": 13,
        "adjudicated": false,
        "player_a_color": "white",
        "player_a_timeouts": 0,
        "player_b_timeouts": 0,
        "player_a_moves": 7,
        "player_b_moves": 6,
        "player_a_crashes": 0,
        "player_b_crashes": 0,
        "response_times_ms": [
          196.05070800000135,
          196.08545900000252,
          196.0461249999952,
          196.3769159999913,
          196.22766700000227,
          196.10654100000602,
          196.3784580000123,
          196.51995899999974,
          196.34166599999503,
          196.15233300000057,
          196.32512500000132,
          196.16820900000675,
          196.43625000000497
        ],
        "error": ""
      },
      {
        "opening_name": "startpos",
        "opening_fen": "rnbqkbnr/pppppppp/8/8/8/8/PPPPPPPP/RNBQKBNR w KQkq - 0 1",
        "result": "draw",
        "score_a": 0.5,
        "plies": 13,
        "adjudicated": false,
        "player_a_color": "black",
        "player_a_timeouts": 0,
        "player_b_timeouts": 0,
        "player_a_moves": 6,
        "player_b_moves": 7,
        "player_a_crashes": 0,
        "player_b_crashes": 0,
        "response_times_ms": [
          196.16787500000044,
          196.57854099999383,
          196.23862500000655,
          196.19637499999953,
          196.37470799999335,
          196.25433299999884,
          196.2832910000003,
          196.21800000000178,
          196.1092089999994,
          196.21158299999308,
          196.3713340000055,
          196.65633300000707,
          196.24899999999457
        ],
        "error": ""
      },
      {
        "opening_name": "queens_pawn",
        "opening_fen": "rnbqkbnr/ppp1pppp/8/3p4/3P4/8/PPP1PPPP/RNBQKBNR w KQkq - 0 2",
        "result": "loss",
        "score_a": 0.0,
        "plies": 20,
        "adjudicated": true,
        "player_a_color": "white",
        "player_a_timeouts": 0,
        "player_b_timeouts": 0,
        "player_a_moves": 10,
        "player_b_moves": 10,
        "player_a_crashes": 0,
        "player_b_crashes": 0,
        "response_times_ms": [
          196.23149999999612,
          196.20995900000082,
          196.33512499999028,
          196.33650000000102,
          196.3802910000112,
          196.0322500000018,
          196.0837910000066,
          196.0315000000037,
          196.32854099999975,
          196.03399999999738,
          196.75429199999428,
          196.47991600000125,
          196.29587500000412,
          196.20525000000555,
          196.34954100000357,
          196.03879099999233,
          196.33387500000765,
          196.2312089999898,
          196.384000000009,
          196.23462500000244
        ],
        "error": ""
      },
      {
        "opening_name": "queens_pawn",
        "opening_fen": "rnbqkbnr/ppp1pppp/8/3p4/3P4/8/PPP1PPPP/RNBQKBNR w KQkq - 0 2",
        "result": "win",
        "score_a": 1.0,
        "plies": 20,
        "adjudicated": true,
        "player_a_color": "black",
        "player_a_timeouts": 0,
        "player_b_timeouts": 0,
        "player_a_moves": 10,
        "player_b_moves": 10,
        "player_a_crashes": 0,
        "player_b_crashes": 0,
        "response_times_ms": [
          196.68308300001058,
          196.76666599998782,
          196.59579199999655,
          196.35175000000515,
          196.28933300000995,
          196.2458339999955,
          196.07629200000076,
          196.0989999999896,
          196.21837500000083,
          196.5118330000024,
          196.3808330000063,
          196.19241600000237,
          196.52779099999407,
          196.08387499999935,
          196.03420800000038,
          196.11737500000004,
          196.26420899999175,
          196.13287500000354,
          196.30120799999418,
          196.15475000000515
        ],
        "error": ""
      },
      {
        "opening_name": "ruy_lopez",
        "opening_fen": "r1bqkbnr/pppp1ppp/2n5/1B2p3/4P3/5N2/PPPP1PPP/RNBQK2R b KQkq - 3 3",
        "result": "draw",
        "score_a": 0.5,
        "plies": 12,
        "adjudicated": false,
        "player_a_color": "white",
        "player_a_timeouts": 0,
        "player_b_timeouts": 0,
        "player_a_moves": 6,
        "player_b_moves": 6,
        "player_a_crashes": 0,
        "player_b_crashes": 0,
        "response_times_ms": [
          196.1283329999901,
          196.2786670000014,
          196.1300829999999,
          196.14820799999677,
          196.13833400001113,
          196.4404580000121,
          196.0848340000041,
          196.50712500001077,
          196.06208399999048,
          196.05408299999283,
          196.0435000000018,
          196.26037499999427
        ],
        "error": ""
      },
      {
        "opening_name": "ruy_lopez",
        "opening_fen": "r1bqkbnr/pppp1ppp/2n5/1B2p3/4P3/5N2/PPPP1PPP/RNBQK2R b KQkq - 3 3",
        "result": "draw",
        "score_a": 0.5,
        "plies": 12,
        "adjudicated": false,
        "player_a_color": "black",
        "player_a_timeouts": 0,
        "player_b_timeouts": 0,
        "player_a_moves": 6,
        "player_b_moves": 6,
        "player_a_crashes": 0,
        "player_b_crashes": 0,
        "response_times_ms": [
          196.47279199999446,
          196.26733299999444,
          196.24220800000103,
          196.0894159999924,
          196.16545800001006,
          196.07520799999634,
          196.20641699999908,
          196.18304199998704,
          196.2079999999986,
          196.15904100000137,
          196.17641700000377,
          196.23400000000402
        ],
        "error": ""
      },
      {
        "opening_name": "italian_game",
        "opening_fen": "r1bqk1nr/pppp1ppp/2n5/2b1p3/2B1P3/5N2/PPPP1PPP/RNBQK2R w KQkq - 4 4",
        "result": "draw",
        "score_a": 0.5,
        "plies": 11,
        "adjudicated": false,
        "player_a_color": "white",
        "player_a_timeouts": 0,
        "player_b_timeouts": 0,
        "player_a_moves": 6,
        "player_b_moves": 5,
        "player_a_crashes": 0,
        "player_b_crashes": 0,
        "response_times_ms": [
          196.17270800000597,
          196.49645900000223,
          196.2404999999876,
          196.4675420000077,
          196.4112919999934,
          196.0928339999981,
          196.10362499999212,
          196.1143749999934,
          196.14916599999788,
          196.22745800000985,
          196.2480830000004
        ],
        "error": ""
      },
      {
        "opening_name": "italian_game",
        "opening_fen": "r1bqk1nr/pppp1ppp/2n5/2b1p3/2B1P3/5N2/PPPP1PPP/RNBQK2R w KQkq - 4 4",
        "result": "draw",
        "score_a": 0.5,
        "plies": 11,
        "adjudicated": false,
        "player_a_color": "black",
        "player_a_timeouts": 0,
        "player_b_timeouts": 0,
        "player_a_moves": 5,
        "player_b_moves": 6,
        "player_a_crashes": 0,
        "player_b_crashes": 0,