{
  "feedback_source": "self_play",
  "summary": {
    "games": 16,
    "wins_a": 1,
    "losses_a": 1,
    "draws": 14,
    "score_a": 8.0,
    "mean_score_a": 0.5,
    "game_scores_a": [
      0.5,
      0.5,
      0.0,
      1.0,
      0.5,
      0.5,
      0.5,
      0.5,
      0.5,
      0.5,
      0.5,
      0.5,
      0.5,
      0.5,
      0.5,
      0.5
    ],
    "player_a_moves": 111,
    "player_b_moves": 111,
    "player_a_timeouts": 0,
    "player_b_timeouts": 0,
    "player_a_crashes": 0,
    "player_b_crashes": 0,
    "results": [
      {
        "opening_name": "startpos",
        "opening_fen": "rnbqkbnr/pppppppp/8/8/8/8/PPPPPPPP/RNBQKBNR w KQkq - 0 1",
        "result": "draw",
        "score_a": 0.5,
        "plies": 13,
        "adjudicated": false,
        "player_a_color": "white",
        "player_a_timeouts": 0,
        "player_b_timeouts": 0,
        "player_a_moves": 7,
        "player_b_moves": 6,
        "player_a_crashes": 0,
        "player_b_crashes": 0,
        "response_times_ms": [
          196.16137500000264,
          196.41687499999705,
          196.31191700000272,
          196.44208300000798,
          196.62829199999976,
          196.08037499999398,
          196.13300000000322,
          196.48579200000427,
          196.70608299999515,
          196.1150420000024,
          196.06687499999964,
          196.0902080000011,
          196.5968340000046
        ],
        "error": ""
      },
      {
        "opening_name": "startpos",
        "opening_fen": "rnbqkbnr/pppppppp/8/8/8/8/PPPPPPPP/RNBQKBNR w KQkq - 0 1",
        "result": "draw",
        "score_a": 0.5,
        "plies": 13,
        "adjudicated": false,
        "player_a_color": "black",
        "player_a_timeouts": 0,
        "player_b_timeouts": 0,
        "player_a_moves": 6,
        "player_b_moves": 7,
        "player_a_crashes": 0,
        "player_b_crashes": 0,
        "response_times_ms": [
          196.1986660000008,
          196.54066700000783,
          196.4194589999977,
          196.27862500000504,
          196.574291999994,
          196.05712500001005,
          196.27937500000314,
          196.20675000000176,
          196.67850000000442,
          196.14845899999978,
          196.24279100000308,
          196.22116700000447,
          196.52716699999928
        ],
        "error": ""
      },
      {
        "opening_name": "queens_pawn",
        "opening_fen": "rnbqkbnr/ppp1pppp/8/3p4/3P4/8/PPP1PPPP/RNBQKBNR w KQkq - 0 2",
        "result": "loss",
        "score_a": 0.0,
        "plies": 20,
        "adjudicated": true,
        "player_a_color": "white",
        "player_a_timeouts": 0,
        "player_b_timeouts": 0,
        "player_a_moves": 10,
        "player_b_moves": 10,
        "player_a_crashes": 0,
        "player_b_crashes": 0,
        "response_times_ms": [
          196.18262500000583,
          196.0533749999911,
          196.2062919999994,
          196.07741699999792,
          196.43291700000987,
          196.50241699999071,
          196.52554199998917,
          196.13612499999533,
          196.20308300000033,
          196.41970899999706,
          196.14987500000325,
          196.42104199999721,
          196.30991699999356,
          196.4387080000023,
          196.14350000000513,
          196.18720900000142,
          196.18595800000094,
          196.17512499999634,
          196.16550000000643,
          196.12324999999942
        ],
        "error": ""
      },
      {
        "opening_name": "queens_pawn",
        "opening_fen": "rnbqkbnr/ppp1pppp/8/3p4/3P4/8/PPP1PPPP/RNBQKBNR w KQkq - 0 2",
        "result": "win",
        "score_a": 1.0,
        "plies": 20,
        "adjudicated": true,
        "player_a_color": "black",
        "player_a_timeouts": 0,
        "player_b_timeouts": 0,
        "player_a_moves": 10,
        "player_b_moves": 10,
        "player_a_crashes": 0,
        "player_b_crashes": 0,
        "response_times_ms": [
          196.20979200000477,
          196.2097500000084,
          196.07954100000313,
          196.2475410000053,
          196.2600420000058,
          196.10841700000492,
          196.1828750000052,
          196.04874999998856,
          196.3039999999978,
          196.39412499999764,
          196.2973340000076,
          196.11170800000366,
          196.20391699999118,
          196.38170799998989,
          196.21870900000715,
          196.0775419999976,
          196.36087499999633,
          196.25704100000974,
          196.70770799999104,
          196.23883300000955
        ],
        "error": ""
      },
      {
        "opening_name": "ruy_lopez",
        "opening_fen": "r1bqkbnr/pppp1ppp/2n5/1B2p3/4P3/5N2/PPPP1PPP/RNBQK2R b KQkq - 3 3",
        "result": "draw",
        "score_a": 0.5,
        "plies": 11,
        "adjudicated": false,
        "player_a_color": "white",
        "player_a_timeouts": 0,
        "player_b_timeouts": 0,
        "player_a_moves": 5,
        "player_b_moves": 6,
        "player_a_crashes": 0,
        "player_b_crashes": 0,
        "response_times_ms": [
          196.3033749999994,
          196.225541000004,
          196.32887500000606,
          196.15804099998968,
          196.21345899999199,
          196.54345899999726,
          196.43604200000198,
          196.20958400000177,
          196.37850000000867,
          196.55383399999948,
          196.32508300000495
        ],
        "error": ""
      },
      {
        "opening_name": "ruy_lopez",
        "opening_fen": "r1bqkbnr/pppp1ppp/2n5/1B2p3/4P3/5N2/PPPP1PPP/RNBQK2R b KQkq - 3 3",
        "result": "draw",
        "score_a": 0.5,
        "plies": 11,
        "adjudicated": false,
        "player_a_color": "black",
        "player_a_timeouts": 0,
        "player_b_timeouts": 0,
        "player_a_moves": 6,
        "player_b_moves": 5,
        "player_a_crashes": 0,
        "player_b_crashes": 0,
        "response_times_ms": [
          196.12091700000178,
          196.17529100000297,
          196.1965419999956,
          196.1231669999961,
          196.04816700000072,
          196.14237499999376,
          196.12783299999137,
          196.1432909999985,
          196.12283399999342,
          196.1763750000074,
          196.03441600000338
        ],
        "error": ""
      },
      {
        "opening_name": "italian_game",
        "opening_fen": "r1bqk1nr/pppp1ppp/2n5/2b1p3/2B1P3/5N2/PPPP1PPP/RNBQK2R w KQkq - 4 4",
        "result": "draw",
        "score_a": 0.5,
        "plies": 11,
        "adjudicated": false,
        "player_a_color": "white",
        "player_a_timeouts": 0,
        "player_b_timeouts": 0,
        "player_a_moves": 6,
        "player_b_moves": 5,
        "player_a_crashes": 0,
        "player_b_crashes": 0,
        "response_times_ms": [
          196.1682079999889,
          196.24100000000055,
          196.2146249999961,
          196.34270800000309,
          196.60216699999467,
          196.39129200000127,
          196.1716659999979,
          196.23720899998887,
          196.15241700000752,
          196.35383300000342,
          196.1972920000079
        ],
        "error": ""
      },
      {
        "opening_name": "italian_game",
        "opening_fen": "r1bqk1nr/pppp1ppp/2n5/2b1p3/2B1P3/5N2/PPPP1PPP/RNBQK2R w KQkq - 4 4",
        "result": "draw",
        "score_a": 0.5,
        "plies": 11,
        "adjudicated": false,
        "player_a_color": "black",
        "player_a_timeouts": 0,
        "player_b_timeouts": 0,
        "player_a_moves": 5,
        "player_b_moves": 6,
        "player_a_crashes": 0,
        "player_b_crashes": 0,
        "response_times_ms": [
          196.11629199999925,
          196.47983400000157,
          196.57191699999998,
          196.1493750000045,
          196.27274999999145,
          196.47604200000046,
          196.12399999999752,
          196.32087499999784,
          196.43141699999944,
          196.56154100000833,
          196.62750000000528
        ],