{
  "feedback_source": "self_play",
  "summary": {
    "games": 16,
    "wins_a": 1,
    "losses_a": 1,
    "draws": 14,
    "score_a": 8.0,
    "mean_score_a": 0.5,
    "game_scores_a": [
      0.5,
      0.5,
      0.0,
      1.0,
      0.5,
      0.5,
      0.5,
      0.5,
      0.5,
      0.5,
      0.5,
      0.5,
      0.5,
      0.5,
      0.5,
      0.5
    ],
    "player_a_moves": 121,
    "player_b_moves": 121,
    "player_a_timeouts": 0,
    "player_b_timeouts": 0,
    "player_a_crashes": 0,
    "player_b_crashes": 0,
    "results": [
      {
        "opening_name": "startpos",
        "opening_fen": "rnbqkbnr/pppppppp/8/8/8/8/PPPPPPPP/RNBQKBNR w KQkq - 0 1",
        "result": "draw",
        "score_a": 0.5,
        "plies": 13,
        "adjudicated": false,
        "player_a_color": "white",
        "player_a_timeouts": 0,
        "player_b_timeouts": 0,
        "player_a_moves": 7,
        "player_b_moves": 6,
        "player_a_crashes": 0,
        "player_b_crashes": 0,
        "response_times_ms": [
          196.0612920000102,
          196.05841700000326,
          196.4609160000066,
          196.2654160000028,
          196.1399159999928,
          196.1388750000026,
          196.1924999999951,
          196.27625000001103,
          196.1131659999893,
          196.28475000000378,
          196.09475000000032,
          196.42458299999532,
          196.18370900001025
        ],
        "error": ""
      },
      {
        "opening_name": "startpos",
        "opening_fen": "rnbqkbnr/pppppppp/8/8/8/8/PPPPPPPP/RNBQKBNR w KQkq - 0 1",
        "result": "draw",
        "score_a": 0.5,
        "plies": 13,
        "adjudicated": false,
        "player_a_color": "black",
        "player_a_timeouts": 0,
        "player_b_timeouts": 0,
        "player_a_moves": 6,
        "player_b_moves": 7,
        "player_a_crashes": 0,
        "player_b_crashes": 0,
        "response_times_ms": [
          196.16199999998685,
          196.0381659999939,
          196.12275000000068,
          196.0897919999951,
          196.2635000000006,
          196.34208299999045,
          196.09395800000584,
          196.62333300000512,
          196.22808300000827,
          196.4732920000074,
          196.24087499998666,
          196.09774999999274,
          196.5064589999912
        ],
        "error": ""
      },
      {
        "opening_name": "queens_pawn",
        "opening_fen": "rnbqkbnr/ppp1pppp/8/3p4/3P4/8/PPP1PPPP/RNBQKBNR w KQkq - 0 2",
        "result": "loss",
        "score_a": 0.0,
        "plies": 20,
        "adjudicated": true,
        "player_a_color": "white",
        "player_a_timeouts": 0,
        "player_b_timeouts": 0,
        "player_a_moves": 10,
        "player_b_moves": 10,
        "player_a_crashes": 0,
        "player_b_crashes": 0,
        "response_times_ms": [
          196.34708300000625,
          196.4717500000006,
          196.57833400000868,
          196.24612500000183,
          196.3993749999986,
          196.63104099998918,
          196.07424999999523,
          196.2551249999933,
          196.21362499999861,
          196.2820420000071,
          196.69362499999465,
          196.22562499999674,
          196.16762500000107,
          196.4359999999914,
          196.03533300001175,
          196.07791700001087,
          196.3300419999996,
          196.2443339999993,
          196.26670799999602,
          196.128250000001
        ],
        "error": ""
      },
      {
        "opening_name": "queens_pawn",
        "opening_fen": "rnbqkbnr/ppp1pppp/8/3p4/3P4/8/PPP1PPPP/RNBQKBNR w KQkq - 0 2",
        "result": "win",
        "score_a": 1.0,
        "plies": 20,
        "adjudicated": true,
        "player_a_color": "black",
        "player_a_timeouts": 0,
        "player_b_timeouts": 0,
        "player_a_moves": 10,
        "player_b_moves": 10,
        "player_a_crashes": 0,
        "player_b_crashes": 0,
        "response_times_ms": [
          196.69329100000255,
          196.6675409999965,
          196.2513330000064,
          196.43204199999786,
          196.0375839999955,
          196.15116699999646,
          196.05787500000815,
          196.12775000000227,
          196.605292000001,
          196.0998750000016,
          196.05908399999805,
          196.06337499999427,
          196.38254100000552,
          196.20966700000508,
          196.34687500000325,
          196.03658399999802,
          196.69799999999782,
          196.0441669999966,
          196.4467500000069,
          196.51125000000036
        ],
        "error": ""
      },
      {
        "opening_name": "ruy_lopez",
        "opening_fen": "r1bqkbnr/pppp1ppp/2n5/1B2p3/4P3/5N2/PPPP1PPP/RNBQK2R b KQkq - 3 3",
        "result": "draw",
        "score_a": 0.5,
        "plies": 17,
        "adjudicated": false,
        "player_a_color": "white",
        "player_a_timeouts": 0,
        "player_b_timeouts": 0,
        "player_a_moves": 8,
        "player_b_moves": 9,
        "player_a_crashes": 0,
        "player_b_crashes": 0,
        "response_times_ms": [
          196.12612500000637,
          196.19958300000917,
          196.0305000000062,
          196.1974170000076,
          196.10929099999908,
          196.42216600000495,
          196.4677500000107,
          196.28270799999825,
          196.29616699999985,
          196.156000000002,
          196.60866699999247,
          196.26070899998638,
          196.27137499999492,
          196.2172909999964,
          196.61683300000732,
          196.21791599999483,
          196.45408399999553
        ],
        "error": ""
      },
      {
        "opening_name": "ruy_lopez",
        "opening_fen": "r1bqkbnr/pppp1ppp/2n5/1B2p3/4P3/5N2/PPPP1PPP/RNBQK2R b KQkq - 3 3",
        "result": "draw",
        "score_a": 0.5,
        "plies": 17,
        "adjudicated": false,
        "player_a_color": "black",
        "player_a_timeouts": 0,
        "player_b_timeouts": 0,
        "player_a_moves": 9,
        "player_b_moves": 8,
        "player_a_crashes": 0,
        "player_b_crashes": 0,
        "response_times_ms": [
          196.0499999999996,
          196.49525000001233,
          196.15679200001068,
          196.40541699999403,
          196.33833399998935,
          196.17925000000014,
          196.22920800000543,
          196.05204200000514,
          196.72037500001238,
          196.03383300000132,
          196.15399999999283,
          196.1351659999906,
          196.29395799999827,
          196.18654199999241,
          196.1655420000028,
          196.18412499998783,
          196.11087499998803
        ],
        "error": ""
      },
      {
        "opening_name": "italian_game",
        "opening_fen": "r1bqk1nr/pppp1ppp/2n5/2b1p3/2B1P3/5N2/PPPP1PPP/RNBQK2R w KQkq - 4 4",
        "result": "draw",
        "score_a": 0.5,
        "plies": 11,
        "adjudicated": false,
        "player_a_color": "white",
        "player_a_timeouts": 0,
        "player_b_timeouts": 0,
        "player_a_moves": 6,
        "player_b_moves": 5,
        "player_a_crashes": 0,
        "player_b_crashes": 0,
        "response_times_ms": [
          196.05308300000956,
          196.38025000000425,
          196.16829200001007,
          196.5682910000055,
          196.1688749999979,
          196.22495800000195,
          196.36758299999713,
          196.69658399999435,
          196.76241599999855,
          196.07304099999112,
          196.3976669999994
        ],
        "error": ""
      },
      {
        "opening_name": "italian_game",
        "opening_fen": "r1bqk1nr/pppp1ppp/2n5/2b1p3/2B1P3/5N2/PPPP1PPP/RNBQK2R w KQkq - 4 4",
        "result": "draw",
        "score_a": 0.5,
        "plies": 11,
        "adjudicated": false,
        "player_a_color": "black",
        "player_a_timeouts": 0,
        "player_b_timeouts": 0,
        "player_a_moves": 5,
        "player_b_moves": 6,
        "player_a_crashes": 0,
        "player_b_crashes": 0,