{
  "feedback_source": "self_play",
  "summary": {
    "games": 16,
    "wins_a": 3,
    "losses_a": 3,
    "draws": 10,
    "score_a": 8.0,
    "mean_score_a": 0.5,
    "game_scores_a": [
      0.5,
      0.5,
      0.0,
      1.0,
      0.5,
      0.5,
      0.0,
      1.0,
      1.0,
      0.0,
      0.5,
      0.5,
      0.5,
      0.5,
      0.5,
      0.5
    ],
    "player_a_moves": 118,
    "player_b_moves": 118,
    "player_a_timeouts": 0,
    "player_b_timeouts": 0,
    "player_a_crashes": 0,
    "player_b_crashes": 0,
    "results": [
      {
        "opening_name": "startpos",
        "opening_fen": "rnbqkbnr/pppppppp/8/8/8/8/PPPPPPPP/RNBQKBNR w KQkq - 0 1",
        "result": "draw",
        "score_a": 0.5,
        "plies": 13,
        "adjudicated": false,
        "player_a_color": "white",
        "player_a_timeouts": 0,
        "player_b_timeouts": 0,
        "player_a_moves": 7,
        "player_b_moves": 6,
        "player_a_crashes": 0,
        "player_b_crashes": 0,
        "response_times_ms": [
          196.12870900002122,
          196.4313329999925,
          196.3024169999983,
          196.25304199999505,
          196.37420899999825,
          196.40050000000997,
          196.10145900000475,
          196.28900000000726,
          196.21316600000682,
          196.22154200001773,
          196.30395900000508,
          196.28737499999716,
          196.47041700000045
        ],
        "error": ""
      },
      {
        "opening_name": "startpos",
        "opening_fen": "rnbqkbnr/pppppppp/8/8/8/8/PPPPPPPP/RNBQKBNR w KQkq - 0 1",
        "result": "draw",
        "score_a": 0.5,
        "plies": 13,
        "adjudicated": false,
        "player_a_color": "black",
        "player_a_timeouts": 0,
        "player_b_timeouts": 0,
        "player_a_moves": 6,
        "player_b_moves": 7,
        "player_a_crashes": 0,
        "player_b_crashes": 0,
        "response_times_ms": [
          196.3674170000047,
          196.1349579999876,
          196.2000000000046,
          196.08458299998688,
          196.2127920000114,
          196.08904100002178,
          196.2687080000194,
          196.02983300001142,
          196.2682500000028,
          196.44491600001857,
          196.13029200002075,
          196.39312499998596,
          196.48254199998405
        ],
        "error": ""
      },
      {
        "opening_name": "queens_pawn",
        "opening_fen": "rnbqkbnr/ppp1pppp/8/3p4/3P4/8/PPP1PPPP/RNBQKBNR w KQkq - 0 2",
        "result": "loss",
        "score_a": 0.0,
        "plies": 20,
        "adjudicated": true,
        "player_a_color": "white",
        "player_a_timeouts": 0,
        "player_b_timeouts": 0,
        "player_a_moves": 10,
        "player_b_moves": 10,
        "player_a_crashes": 0,
        "player_b_crashes": 0,
        "response_times_ms": [
          196.08399999998483,
          196.21779099998093,
          196.15345899998715,
          196.22474999999895,
          196.19562500000143,
          196.43262499999992,
          196.6636669999957,
          196.42937500000812,
          196.0524999999791,
          196.0549169999979,
          196.87829200000806,
          196.05566600000657,
          196.3422499999865,
          196.07670899998197,
          196.1763750000216,
          196.12366699999484,
          196.21775000001662,
          196.12829100000795,
          196.5552080000066,
          196.26904199998307
        ],
        "error": ""
      },
      {
        "opening_name": "queens_pawn",
        "opening_fen": "rnbqkbnr/ppp1pppp/8/3p4/3P4/8/PPP1PPPP/RNBQKBNR w KQkq - 0 2",
        "result": "win",
        "score_a": 1.0,
        "plies": 20,
        "adjudicated": true,
        "player_a_color": "black",
        "player_a_timeouts": 0,
        "player_b_timeouts": 0,
        "player_a_moves": 10,
        "player_b_moves": 10,
        "player_a_crashes": 0,
        "player_b_crashes": 0,
        "response_times_ms": [
          196.24687500001414,
          196.23608300000228,
          196.3075829999923,
          196.41125000001125,
          196.1687920000088,
          205.2370830000143,
          196.36408299999175,
          196.2398329999928,
          196.28183300000046,
          196.1152500000196,
          196.6419999999971,
          196.0502500000132,
          196.45008399999142,
          196.0426670000004,
          196.06241600001795,
          196.05612500001257,
          196.09333400001105,
          196.2224999999762,
          196.64350000002173,
          196.33616600000892
        ],
        "error": ""
      },
      {
        "opening_name": "ruy_lopez",
        "opening_fen": "r1bqkbnr/pppp1ppp/2n5/1B2p3/4P3/5N2/PPPP1PPP/RNBQK2R b KQkq - 3 3",
        "result": "draw",
        "score_a": 0.5,
        "plies": 15,
        "adjudicated": false,
        "player_a_color": "white",
        "player_a_timeouts": 0,
        "player_b_timeouts": 0,
        "player_a_moves": 7,
        "player_b_moves": 8,
        "player_a_crashes": 0,
        "player_b_crashes": 0,
        "response_times_ms": [
          196.18887500001847,
          196.07874999999808,
          196.6010840000081,
          196.07316700000865,
          196.11441699998977,
          196.68400000000474,
          196.14587499998493,
          196.24291699997798,
          196.15970799998195,
          196.0315000000037,
          196.33224999998333,
          196.2614169999881,
          196.2364169999944,
          196.0781660000066,
          196.1697499999957
        ],
        "error": ""
      },
      {
        "opening_name": "ruy_lopez",
        "opening_fen": "r1bqkbnr/pppp1ppp/2n5/1B2p3/4P3/5N2/PPPP1PPP/RNBQK2R b KQkq - 3 3",
        "result": "draw",
        "score_a": 0.5,
        "plies": 15,
        "adjudicated": false,
        "player_a_color": "black",
        "player_a_timeouts": 0,
        "player_b_timeouts": 0,
        "player_a_moves": 8,
        "player_b_moves": 7,
        "player_a_crashes": 0,
        "player_b_crashes": 0,
        "response_times_ms": [
          196.30504200000587,
          196.9075829999838,
          196.33837499998208,
          196.20083399999544,
          196.21387499998377,
          196.10162499998296,
          196.25974999999585,
          196.3715420000085,
          196.2073329999896,
          196.20187499998565,
          196.16908399999033,
          196.481083000009,
          196.15158299998825,
          196.0372909999819,
          196.24899999999457
        ],
        "error": ""
      },
      {
        "opening_name": "italian_game",
        "opening_fen": "r1bqk1nr/pppp1ppp/2n5/2b1p3/2B1P3/5N2/PPPP1PPP/RNBQK2R w KQkq - 4 4",
        "result": "loss",
        "score_a": 0.0,
        "plies": 10,
        "adjudicated": false,
        "player_a_color": "white",
        "player_a_timeouts": 0,
        "player_b_timeouts": 0,
        "player_a_moves": 5,
        "player_b_moves": 5,
        "player_a_crashes": 0,
        "player_b_crashes": 0,
        "response_times_ms": [
          196.0636660000148,
          196.17237499997486,
          196.13699999999312,
          196.2578750000148,
          196.1133340000174,
          196.09545800000205,
          196.1795420000101,
          196.31816700001536,
          196.05774999999426,
          26.860666000004585
        ],
        "error": ""
      },
      {
        "opening_name": "italian_game",
        "opening_fen": "r1bqk1nr/pppp1ppp/2n5/2b1p3/2B1P3/5N2/PPPP1PPP/RNBQK2R w KQkq - 4 4",
        "result": "win",
        "score_a": 1.0,
        "plies": 10,
        "adjudicated": false,
        "player_a_color": "black",
        "player_a_timeouts": 0,
        "player_b_timeouts": 0,
        "player_a_moves": 5,
        "player_b_moves": 5,
        "player_a_crashes": 0,
        "player_b_crashes": 0,