{
  "feedback_source": "self_play",
  "summary": {
    "games": 16,
    "wins_a": 2,
    "losses_a": 2,
    "draws": 12,
    "score_a": 8.0,
    "mean_score_a": 0.5,
    "game_scores_a": [
      0.5,
      0.5,
      0.0,
      1.0,
      0.5,
      0.5,
      0.5,
      0.5,
      1.0,
      0.0,
      0.5,
      0.5,
      0.5,
      0.5,
      0.5,
      0.5
    ],
    "player_a_moves": 121,
    "player_b_moves": 121,
    "player_a_timeouts": 0,
    "player_b_timeouts": 0,
    "player_a_crashes": 0,
    "player_b_crashes": 0,
    "results": [
      {
        "opening_name": "startpos",
        "opening_fen": "rnbqkbnr/pppppppp/8/8/8/8/PPPPPPPP/RNBQKBNR w KQkq - 0 1",
        "result": "draw",
        "score_a": 0.5,
        "plies": 13,
        "adjudicated": false,
        "player_a_color": "white",
        "player_a_timeouts": 0,
        "player_b_timeouts": 0,
        "player_a_moves": 7,
        "player_b_moves": 6,
        "player_a_crashes": 0,
        "player_b_crashes": 0,
        "response_times_ms": [
          196.26179199997296,
          196.14804200000435,
          196.17933300000345,
          196.13258399999722,
          196.59858399998598,
          196.27033300000107,
          196.33470799999486,
          196.13320900000986,
          196.47620900002494,
          196.28241699999194,
          196.1769170000025,
          196.49620799998502,
          196.04291699999976
        ],
        "error": ""
      },
      {
        "opening_name": "startpos",
        "opening_fen": "rnbqkbnr/pppppppp/8/8/8/8/PPPPPPPP/RNBQKBNR w KQkq - 0 1",
        "result": "draw",
        "score_a": 0.5,
        "plies": 13,
        "adjudicated": false,
        "player_a_color": "black",
        "player_a_timeouts": 0,
        "player_b_timeouts": 0,
        "player_a_moves": 6,
        "player_b_moves": 7,
        "player_a_crashes": 0,
        "player_b_crashes": 0,
        "response_times_ms": [
          196.0780830000033,
          196.05787500000815,
          196.56850000001214,
          196.51141599999278,
          196.5935409999986,
          196.06662499998606,
          196.22779100001253,
          196.08625000000757,
          196.5435829999933,
          196.04116700000418,
          196.45675000001006,
          196.30570900000066,
          196.23495900000876
        ],
        "error": ""
      },
      {
        "opening_name": "queens_pawn",
        "opening_fen": "rnbqkbnr/ppp1pppp/8/3p4/3P4/8/PPP1PPPP/RNBQKBNR w KQkq - 0 2",
        "result": "loss",
        "score_a": 0.0,
        "plies": 20,
        "adjudicated": true,
        "player_a_color": "white",
        "player_a_timeouts": 0,
        "player_b_timeouts": 0,
        "player_a_moves": 10,
        "player_b_moves": 10,
        "player_a_crashes": 0,
        "player_b_crashes": 0,
        "response_times_ms": [
          196.28224999999588,
          196.15137499999946,
          196.3421670000116,
          196.42724999999928,
          196.2162500000204,
          196.12037500002089,
          196.22408399999358,
          196.48424999999747,
          196.20604200000002,
          196.0702920000017,
          196.46783300001402,
          196.1526249999963,
          196.097457999997,
          196.1097909999978,
          196.24408299998208,
          196.4857499999937,
          196.34945799998604,
          196.12970899999027,
          196.19983399999796,
          196.22470799998837
        ],
        "error": ""
      },
      {
        "opening_name": "queens_pawn",
        "opening_fen": "rnbqkbnr/ppp1pppp/8/3p4/3P4/8/PPP1PPPP/RNBQKBNR w KQkq - 0 2",
        "result": "win",
        "score_a": 1.0,
        "plies": 20,
        "adjudicated": true,
        "player_a_color": "black",
        "player_a_timeouts": 0,
        "player_b_timeouts": 0,
        "player_a_moves": 10,
        "player_b_moves": 10,
        "player_a_crashes": 0,
        "player_b_crashes": 0,
        "response_times_ms": [
          196.53845799999203,
          196.41558399999326,
          196.4542080000058,
          196.45520800000327,
          196.23249999997938,
          196.31779100001268,
          196.132791999986,
          196.40037499999607,
          196.25587500001984,
          196.04879100000971,
          196.67695800001184,
          196.0282080000013,
          196.55216600000358,
          196.18062499998246,
          196.03845800000386,
          196.05225000000814,
          196.09124999999494,
          196.3126660000114,
          196.4409579999824,
          196.17716700000187
        ],
        "error": ""
      },
      {
        "opening_name": "ruy_lopez",
        "opening_fen": "r1bqkbnr/pppp1ppp/2n5/1B2p3/4P3/5N2/PPPP1PPP/RNBQK2R b KQkq - 3 3",
        "result": "draw",
        "score_a": 0.5,
        "plies": 17,
        "adjudicated": false,
        "player_a_color": "white",
        "player_a_timeouts": 0,
        "player_b_timeouts": 0,
        "player_a_moves": 8,
        "player_b_moves": 9,
        "player_a_crashes": 0,
        "player_b_crashes": 0,
        "response_times_ms": [
          196.38662500000237,
          196.02862499999674,
          196.5338329999895,
          196.49308399999654,
          196.2813750000123,
          196.11424999999372,
          196.18066700002146,
          196.14179100000229,
          196.6478329999859,
          196.13516700002265,
          196.2392080000086,
          196.20929199999182,
          196.37708300001577,
          196.13316600000985,
          196.64558300002,
          196.21512499998062,
          196.43149999998855
        ],
        "error": ""
      },
      {
        "opening_name": "ruy_lopez",
        "opening_fen": "r1bqkbnr/pppp1ppp/2n5/1B2p3/4P3/5N2/PPPP1PPP/RNBQK2R b KQkq - 3 3",
        "result": "draw",
        "score_a": 0.5,
        "plies": 17,
        "adjudicated": false,
        "player_a_color": "black",
        "player_a_timeouts": 0,
        "player_b_timeouts": 0,
        "player_a_moves": 9,
        "player_b_moves": 8,
        "player_a_crashes": 0,
        "player_b_crashes": 0,
        "response_times_ms": [
          196.16550000000643,
          196.5336670000113,
          196.214542000007,
          196.32104100000447,
          196.4498750000132,
          196.4196670000149,
          196.25037499997688,
          196.0432919999846,
          196.10341699998912,
          196.2519170000121,
          196.28587500000094,
          196.0457920000067,
          196.33287499999597,
          196.034166000004,
          196.0598750000031,
          196.22533399999043,
          196.2198330000149
        ],
        "error": ""
      },
      {
        "opening_name": "italian_game",
        "opening_fen": "r1bqk1nr/pppp1ppp/2n5/2b1p3/2B1P3/5N2/PPPP1PPP/RNBQK2R w KQkq - 4 4",
        "result": "draw",
        "score_a": 0.5,
        "plies": 11,
        "adjudicated": false,
        "player_a_color": "white",
        "player_a_timeouts": 0,
        "player_b_timeouts": 0,
        "player_a_moves": 6,
        "player_b_moves": 5,
        "player_a_crashes": 0,
        "player_b_crashes": 0,
        "response_times_ms": [
          196.06425000000627,
          196.06341700000485,
          196.09254200000237,
          196.10737499999686,
          196.1022499999956,
          196.1329169999999,
          196.52829100002123,
          196.03041599998505,
          196.3167090000013,
          196.07174999998733,
          196.0907920000068
        ],
        "error": ""
      },
      {
        "opening_name": "italian_game",
        "opening_fen": "r1bqk1nr/pppp1ppp/2n5/2b1p3/2B1P3/5N2/PPPP1PPP/RNBQK2R w KQkq - 4 4",
        "result": "draw",
        "score_a": 0.5,
        "plies": 11,
        "adjudicated": false,
        "player_a_color": "black",
        "player_a_timeouts": 0,
        "player_b_timeouts": 0,
        "player_a_moves": 5,
        "player_b_moves": 6,
        "player_a_crashes": 0,
        "player_b_crashes": 0,