{
  "feedback_source": "self_play",
  "summary": {
    "games": 16,
    "wins_a": 1,
    "losses_a": 1,
    "draws": 14,
    "score_a": 8.0,
    "mean_score_a": 0.5,
    "game_scores_a": [
      0.5,
      0.5,
      0.0,
      1.0,
      0.5,
      0.5,
      0.5,
      0.5,
      0.5,
      0.5,
      0.5,
      0.5,
      0.5,
      0.5,
      0.5,
      0.5
    ],
    "player_a_moves": 120,
    "player_b_moves": 120,
    "player_a_timeouts": 0,
    "player_b_timeouts": 0,
    "player_a_crashes": 0,
    "player_b_crashes": 0,
    "results": [
      {
        "opening_name": "startpos",
        "opening_fen": "rnbqkbnr/pppppppp/8/8/8/8/PPPPPPPP/RNBQKBNR w KQkq - 0 1",
        "result": "draw",
        "score_a": 0.5,
        "plies": 13,
        "adjudicated": false,
        "player_a_color": "white",
        "player_a_timeouts": 0,
        "player_b_timeouts": 0,
        "player_a_moves": 7,
        "player_b_moves": 6,
        "player_a_crashes": 0,
        "player_b_crashes": 0,
        "response_times_ms": [
          196.126750000019,
          196.03237499998727,
          196.1102499999754,
          196.27679199999193,
          196.4933330000065,
          196.19229200000632,
          196.3403330000233,
          196.22262500001852,
          196.41399999997589,
          196.46195900000407,
          196.19412500000522,
          196.39025000000743,
          196.46691699998087
        ],
        "error": ""
      },
      {
        "opening_name": "startpos",
        "opening_fen": "rnbqkbnr/pppppppp/8/8/8/8/PPPPPPPP/RNBQKBNR w KQkq - 0 1",
        "result": "draw",
        "score_a": 0.5,
        "plies": 13,
        "adjudicated": false,
        "player_a_color": "black",
        "player_a_timeouts": 0,
        "player_b_timeouts": 0,
        "player_a_moves": 6,
        "player_b_moves": 7,
        "player_a_crashes": 0,
        "player_b_crashes": 0,
        "response_times_ms": [
          196.24016700001334,
          196.15162499999883,
          196.0644590000129,
          196.446624999993,
          196.24841699999251,
          196.05366700000104,
          196.7518749999897,
          196.54420899999536,
          196.37791700000662,
          196.575791000015,
          196.06762500001196,
          196.43770800001903,
          196.43787500001508
        ],
        "error": ""
      },
      {
        "opening_name": "queens_pawn",
        "opening_fen": "rnbqkbnr/ppp1pppp/8/3p4/3P4/8/PPP1PPPP/RNBQKBNR w KQkq - 0 2",
        "result": "loss",
        "score_a": 0.0,
        "plies": 20,
        "adjudicated": true,
        "player_a_color": "white",
        "player_a_timeouts": 0,
        "player_b_timeouts": 0,
        "player_a_moves": 10,
        "player_b_moves": 10,
        "player_a_crashes": 0,
        "player_b_crashes": 0,
        "response_times_ms": [
          196.4977499999918,
          196.56758300001798,
          196.23725000002423,
          196.59687500001155,
          196.26629199999002,
          196.40554099999008,
          196.2771249999946,
          196.24995799998146,
          196.21316699999625,
          196.54162500000893,
          196.1273750000032,
          196.58666699999117,
          196.0982079999951,
          196.12895800000274,
          196.65258399999175,
          196.08049999999366,
          196.17629199998987,
          196.18825000000584,
          196.5952919999836,
          196.12129199998662
        ],
        "error": ""
      },
      {
        "opening_name": "queens_pawn",
        "opening_fen": "rnbqkbnr/ppp1pppp/8/3p4/3P4/8/PPP1PPPP/RNBQKBNR w KQkq - 0 2",
        "result": "win",
        "score_a": 1.0,
        "plies": 20,
        "adjudicated": true,
        "player_a_color": "black",
        "player_a_timeouts": 0,
        "player_b_timeouts": 0,
        "player_a_moves": 10,
        "player_b_moves": 10,
        "player_a_crashes": 0,
        "player_b_crashes": 0,
        "response_times_ms": [
          196.20499999999197,
          196.43658299997924,
          196.41220899998757,
          196.6557499999908,
          196.39479199997822,
          196.3865830000202,
          196.14091700000813,
          196.45887499999048,
          196.38825000001248,
          196.4930000000038,
          196.4327500000138,
          196.04420799998934,
          196.03629200000228,
          196.11912499999562,
          196.23141599998917,
          196.03004199998963,
          196.21912499999894,
          196.10287500000823,
          196.1347499999988,
          196.14429200001382
        ],
        "error": ""
      },
      {
        "opening_name": "ruy_lopez",
        "opening_fen": "r1bqkbnr/pppp1ppp/2n5/1B2p3/4P3/5N2/PPPP1PPP/RNBQK2R b KQkq - 3 3",
        "result": "draw",
        "score_a": 0.5,
        "plies": 20,
        "adjudicated": true,
        "player_a_color": "white",
        "player_a_timeouts": 0,
        "player_b_timeouts": 0,
        "player_a_moves": 10,
        "player_b_moves": 10,
        "player_a_crashes": 0,
        "player_b_crashes": 0,
        "response_times_ms": [
          196.28337500000725,
          196.11158300000398,
          196.3550410000039,
          196.57495800001357,
          196.14641699999424,
          196.2543749999952,
          196.24241600001824,
          196.59200000000965,
          196.0521669999764,
          196.47875000001136,
          196.19254199997727,
          196.15087500000072,
          196.19050000000016,
          196.4072920000035,
          196.0847919999935,
          196.14112499999692,
          196.06395799999632,
          196.19004099999415,
          196.558207999999,
          196.31604200000652
        ],
        "error": ""
      },
      {
        "opening_name": "ruy_lopez",
        "opening_fen": "r1bqkbnr/pppp1ppp/2n5/1B2p3/4P3/5N2/PPPP1PPP/RNBQK2R b KQkq - 3 3",
        "result": "draw",
        "score_a": 0.5,
        "plies": 20,
        "adjudicated": true,
        "player_a_color": "black",
        "player_a_timeouts": 0,
        "player_b_timeouts": 0,
        "player_a_moves": 10,
        "player_b_moves": 10,
        "player_a_crashes": 0,
        "player_b_crashes": 0,
        "response_times_ms": [
          196.46320799998307,
          196.07033400001228,
          196.25562500002047,
          196.06804099998953,
          196.18970799999147,
          196.23887500000592,
          196.09445900002243,
          196.166790999996,
          196.097457999997,
          196.32799999999406,
          196.14237499999376,
          196.19770900001754,
          196.50508300000524,
          196.07024999999112,
          196.80183400001283,
          196.66754200000014,
          196.13604099998838,
          196.27704100000187,
          196.23875000002045,
          196.19879100000048
        ],
        "error": ""
      },
      {
        "opening_name": "italian_game",
        "opening_fen": "r1bqk1nr/pppp1ppp/2n5/2b1p3/2B1P3/5N2/PPPP1PPP/RNBQK2R w KQkq - 4 4",
        "result": "draw",
        "score_a": 0.5,
        "plies": 11,
        "adjudicated": false,
        "player_a_color": "white",
        "player_a_timeouts": 0,
        "player_b_timeouts": 0,
        "player_a_moves": 6,
        "player_b_moves": 5,
        "player_a_crashes": 0,
        "player_b_crashes": 0,
        "response_times_ms": [
          196.22708299999658,
          196.2187500000141,
          196.1829580000085,
          196.70295800000304,
          196.34416700000656,
          196.57383399999162,
          196.16849999999886,
          196.41808299999752,
          196.22862500000338,
          196.6067920000114,
          196.6973749999852
        ],
        "error": ""
      },
      {
        "opening_name": "italian_game",
        "opening_fen": "r1bqk1nr/pppp1ppp/2n5/2b1p3/2B1P3/5N2/PPPP1PPP/RNBQK2R w KQkq - 4 4",
        "result": "draw",
        "score_a": 0.5,
        "plies": 11,
        "adjudicated": false,
        "player_a_color": "black",