{
  "feedback_source": "self_play",
  "summary": {
    "games": 16,
    "wins_a": 3,
    "losses_a": 3,
    "draws": 10,
    "score_a": 8.0,
    "mean_score_a": 0.5,
    "game_scores_a": [
      0.5,
      0.5,
      0.0,
      1.0,
      0.5,
      0.5,
      0.0,
      1.0,
      1.0,
      0.0,
      0.5,
      0.5,
      0.5,
      0.5,
      0.5,
      0.5
    ],
    "player_a_moves": 118,
    "player_b_moves": 118,
    "player_a_timeouts": 0,
    "player_b_timeouts": 0,
    "player_a_crashes": 0,
    "player_b_crashes": 0,
    "results": [
      {
        "opening_name": "startpos",
        "opening_fen": "rnbqkbnr/pppppppp/8/8/8/8/PPPPPPPP/RNBQKBNR w KQkq - 0 1",
        "result": "draw",
        "score_a": 0.5,
        "plies": 13,
        "adjudicated": false,
        "player_a_color": "white",
        "player_a_timeouts": 0,
        "player_b_timeouts": 0,
        "player_a_moves": 7,
        "player_b_moves": 6,
        "player_a_crashes": 0,
        "player_b_crashes": 0,
        "response_times_ms": [
          196.12491600000226,
          196.13383399999407,
          196.60712499998567,
          196.28958399999874,
          196.3037910000196,
          197.76837500000966,
          205.29562499999088,
          196.05820799998241,
          196.6810829999872,
          196.25020800000925,
          196.47908399997505,
          196.15899999999442,
          196.2421249999977
        ],
        "error": ""
      },
      {
        "opening_name": "startpos",
        "opening_fen": "rnbqkbnr/pppppppp/8/8/8/8/PPPPPPPP/RNBQKBNR w KQkq - 0 1",
        "result": "draw",
        "score_a": 0.5,
        "plies": 13,
        "adjudicated": false,
        "player_a_color": "black",
        "player_a_timeouts": 0,
        "player_b_timeouts": 0,
        "player_a_moves": 6,
        "player_b_moves": 7,
        "player_a_crashes": 0,
        "player_b_crashes": 0,
        "response_times_ms": [
          196.14770799998382,
          196.3360000000023,
          196.2297919999969,
          196.3588750000156,
          196.0650409999971,
          196.24066700001208,
          196.10675000001265,
          196.12104099999783,
          196.73700000001304,
          196.44116699998904,
          196.14474999997356,
          196.25541700000326,
          196.03187499998853
        ],
        "error": ""
      },
      {
        "opening_name": "queens_pawn",
        "opening_fen": "rnbqkbnr/ppp1pppp/8/3p4/3P4/8/PPP1PPPP/RNBQKBNR w KQkq - 0 2",
        "result": "loss",
        "score_a": 0.0,
        "plies": 20,
        "adjudicated": true,
        "player_a_color": "white",
        "player_a_timeouts": 0,
        "player_b_timeouts": 0,
        "player_a_moves": 10,
        "player_b_moves": 10,
        "player_a_crashes": 0,
        "player_b_crashes": 0,
        "response_times_ms": [
          196.63695799999914,
          196.08599999997978,
          196.24033299999155,
          196.1126669999942,
          196.47833400000536,
          196.12158300000715,
          196.37470800000756,
          196.05104100000403,
          196.3017079999929,
          196.03633399998444,
          196.37241699999208,
          196.20441699998992,
          196.06699999999933,
          196.0539999999753,
          196.12237499998741,
          196.39683400001218,
          196.33204100000512,
          196.13287499998933,
          196.06979200000296,
          196.34874999999852
        ],
        "error": ""
      },
      {
        "opening_name": "queens_pawn",
        "opening_fen": "rnbqkbnr/ppp1pppp/8/3p4/3P4/8/PPP1PPPP/RNBQKBNR w KQkq - 0 2",
        "result": "win",
        "score_a": 1.0,
        "plies": 20,
        "adjudicated": true,
        "player_a_color": "black",
        "player_a_timeouts": 0,
        "player_b_timeouts": 0,
        "player_a_moves": 10,
        "player_b_moves": 10,
        "player_a_crashes": 0,
        "player_b_crashes": 0,
        "response_times_ms": [
          196.30916699998124,
          196.2032499999964,
          196.23645799998712,
          196.18412499997362,
          196.28566699998373,
          196.1597920000031,
          196.04062499999486,
          196.3658749999979,
          196.26704199998812,
          196.261542000002,
          196.4800000000082,
          196.03383300000132,
          196.33254199999328,
          196.05929100001163,
          196.0656249999886,
          196.54475000001526,
          196.2422500000116,
          196.22745800000985,
          196.11600000001772,
          196.04483400001982
        ],
        "error": ""
      },
      {
        "opening_name": "ruy_lopez",
        "opening_fen": "r1bqkbnr/pppp1ppp/2n5/1B2p3/4P3/5N2/PPPP1PPP/RNBQK2R b KQkq - 3 3",
        "result": "draw",
        "score_a": 0.5,
        "plies": 15,
        "adjudicated": false,
        "player_a_color": "white",
        "player_a_timeouts": 0,
        "player_b_timeouts": 0,
        "player_a_moves": 7,
        "player_b_moves": 8,
        "player_a_crashes": 0,
        "player_b_crashes": 0,
        "response_times_ms": [
          196.3448749999941,
          196.248125000011,
          196.09279200000174,
          196.54962499998874,
          196.12620800000968,
          196.14858400001367,
          196.22325000000274,
          196.4247500000056,
          196.0994590000098,
          196.32541699999706,
          196.20437499997934,
          196.23404099999675,
          196.19733400000428,
          196.1610829999927,
          196.20266699999434
        ],
        "error": ""
      },
      {
        "opening_name": "ruy_lopez",
        "opening_fen": "r1bqkbnr/pppp1ppp/2n5/1B2p3/4P3/5N2/PPPP1PPP/RNBQK2R b KQkq - 3 3",
        "result": "draw",
        "score_a": 0.5,
        "plies": 15,
        "adjudicated": false,
        "player_a_color": "black",
        "player_a_timeouts": 0,
        "player_b_timeouts": 0,
        "player_a_moves": 8,
        "player_b_moves": 7,
        "player_a_crashes": 0,
        "player_b_crashes": 0,
        "response_times_ms": [
          196.08733300000836,
          196.20412499997997,
          196.5628749999837,
          196.09220799998184,
          196.05762500000878,
          196.65362500001038,
          196.57875000001468,
          196.32008300001758,
          196.27166699999066,
          196.1202079999964,
          196.4546670000118,
          196.47029199998656,
          196.2045420000038,
          196.35141699998826,
          196.0835829999894
        ],
        "error": ""
      },
      {
        "opening_name": "italian_game",
        "opening_fen": "r1bqk1nr/pppp1ppp/2n5/2b1p3/2B1P3/5N2/PPPP1PPP/RNBQK2R w KQkq - 4 4",
        "result": "loss",
        "score_a": 0.0,
        "plies": 10,
        "adjudicated": false,
        "player_a_color": "white",
        "player_a_timeouts": 0,
        "player_b_timeouts": 0,
        "player_a_moves": 5,
        "player_b_moves": 5,
        "player_a_crashes": 0,
        "player_b_crashes": 0,
        "response_times_ms": [
          196.324374999989,
          196.12470800001347,
          196.4697909999984,
          196.14095800000086,
          196.08358400000725,
          196.06904199997643,
          196.15995800000974,
          196.3618749999796,
          196.2389999999914,
          26.5473749999785
        ],
        "error": ""
      },
      {
        "opening_name": "italian_game",
        "opening_fen": "r1bqk1nr/pppp1ppp/2n5/2b1p3/2B1P3/5N2/PPPP1PPP/RNBQK2R w KQkq - 4 4",
        "result": "win",
        "score_a": 1.0,
        "plies": 10,
        "adjudicated": false,
        "player_a_color": "black",
        "player_a_timeouts": 0,
        "player_b_timeouts": 0,
        "player_a_moves": 5,
        "player_b_moves": 5,
        "player_a_crashes": 0,
        "player_b_crashes": 0,