{
  "feedback_source": "self_play",
  "summary": {
    "games": 16,
    "wins_a": 1,
    "losses_a": 1,
    "draws": 14,
    "score_a": 8.0,
    "mean_score_a": 0.5,
    "game_scores_a": [
      0.5,
      0.5,
      0.0,
      1.0,
      0.5,
      0.5,
      0.5,
      0.5,
      0.5,
      0.5,
      0.5,
      0.5,
      0.5,
      0.5,
      0.5,
      0.5
    ],
    "player_a_moves": 111,
    "player_b_moves": 111,
    "player_a_timeouts": 0,
    "player_b_timeouts": 0,
    "player_a_crashes": 0,
    "player_b_crashes": 0,
    "results": [
      {
        "opening_name": "startpos",
        "opening_fen": "rnbqkbnr/pppppppp/8/8/8/8/PPPPPPPP/RNBQKBNR w KQkq - 0 1",
        "result": "draw",
        "score_a": 0.5,
        "plies": 13,
        "adjudicated": false,
        "player_a_color": "white",
        "player_a_timeouts": 0,
        "player_b_timeouts": 0,
        "player_a_moves": 7,
        "player_b_moves": 6,
        "player_a_crashes": 0,
        "player_b_crashes": 0,
        "response_times_ms": [
          196.262875,
          196.22945800000002,
          196.42616599999997,
          196.5581249999999,
          196.17108300000007,
          196.05741599999993,
          196.11404200000004,
          196.07137500000005,
          196.182917,
          196.3308340000003,
          196.61204099999986,
          196.53370800000002,
          196.15854099999996
        ],
        "error": ""
      },
      {
        "opening_name": "startpos",
        "opening_fen": "rnbqkbnr/pppppppp/8/8/8/8/PPPPPPPP/RNBQKBNR w KQkq - 0 1",
        "result": "draw",
        "score_a": 0.5,
        "plies": 13,
        "adjudicated": false,
        "player_a_color": "black",
        "player_a_timeouts": 0,
        "player_b_timeouts": 0,
        "player_a_moves": 6,
        "player_b_moves": 7,
        "player_a_crashes": 0,
        "player_b_crashes": 0,
        "response_times_ms": [
          196.07891700000036,
          196.39324999999985,
          196.19529200000008,
          196.186666,
          196.46366700000019,
          196.034708,
          196.1864170000003,
          196.5088340000003,
          196.55612500000075,
          196.2979159999998,
          196.10666699999956,
          196.27266700000058,
          196.15370800000065
        ],
        "error": ""
      },
      {
        "opening_name": "queens_pawn",
        "opening_fen": "rnbqkbnr/ppp1pppp/8/3p4/3P4/8/PPP1PPPP/RNBQKBNR w KQkq - 0 2",
        "result": "loss",
        "score_a": 0.0,
        "plies": 20,
        "adjudicated": true,
        "player_a_color": "white",
        "player_a_timeouts": 0,
        "player_b_timeouts": 0,
        "player_a_moves": 10,
        "player_b_moves": 10,
        "player_a_crashes": 0,
        "player_b_crashes": 0,
        "response_times_ms": [
          196.44979200000012,
          196.62345800000037,
          196.0467500000007,
          196.6035829999999,
          196.2852080000008,
          196.24549999999985,
          196.01966699999986,
          196.05658299999985,
          196.54870899999997,
          196.44620799999933,
          196.11212499999996,
          196.21366699999942,
          196.13316700000016,
          196.04212499999906,
          196.25262499999963,
          196.06520800000027,
          196.1726250000009,
          196.20091599999867,
          196.12074999999862,
          196.03545900000086
        ],
        "error": ""
      },
      {
        "opening_name": "queens_pawn",
        "opening_fen": "rnbqkbnr/ppp1pppp/8/3p4/3P4/8/PPP1PPPP/RNBQKBNR w KQkq - 0 2",
        "result": "win",
        "score_a": 1.0,
        "plies": 20,
        "adjudicated": true,
        "player_a_color": "black",
        "player_a_timeouts": 0,
        "player_b_timeouts": 0,
        "player_a_moves": 10,
        "player_b_moves": 10,
        "player_a_crashes": 0,
        "player_b_crashes": 0,
        "response_times_ms": [
          196.29516700000062,
          196.50466600000095,
          196.28637500000144,
          196.14975,
          196.4168749999988,
          196.09704099999982,
          196.11749999999972,
          196.2547919999995,
          196.20279199999936,
          196.5155420000002,
          196.17362500000013,
          196.27383399999943,
          196.22462499999926,
          196.4613340000003,
          196.31324999999933,
          196.2057090000009,
          196.1494160000008,
          196.06850000000088,
          196.04862500000132,
          196.1894589999993
        ],
        "error": ""
      },
      {
        "opening_name": "ruy_lopez",
        "opening_fen": "r1bqkbnr/pppp1ppp/2n5/1B2p3/4P3/5N2/PPPP1PPP/RNBQK2R b KQkq - 3 3",
        "result": "draw",
        "score_a": 0.5,
        "plies": 11,
        "adjudicated": false,
        "player_a_color": "white",
        "player_a_timeouts": 0,
        "player_b_timeouts": 0,
        "player_a_moves": 5,
        "player_b_moves": 6,
        "player_a_crashes": 0,
        "player_b_crashes": 0,
        "response_times_ms": [
          196.3670420000003,
          196.1386669999996,
          196.52337499999993,
          196.20987499999922,
          196.21125000000106,
          196.04041699999897,
          196.56962500000043,
          196.17658299999974,
          196.2921670000011,
          196.2181249999997,
          196.43979100000132
        ],
        "error": ""
      },
      {
        "opening_name": "ruy_lopez",
        "opening_fen": "r1bqkbnr/pppp1ppp/2n5/1B2p3/4P3/5N2/PPPP1PPP/RNBQK2R b KQkq - 3 3",
        "result": "draw",
        "score_a": 0.5,
        "plies": 11,
        "adjudicated": false,
        "player_a_color": "black",
        "player_a_timeouts": 0,
        "player_b_timeouts": 0,
        "player_a_moves": 6,
        "player_b_moves": 5,
        "player_a_crashes": 0,
        "player_b_crashes": 0,
        "response_times_ms": [
          196.443833,
          196.0840829999988,
          196.16174999999993,
          196.50483300000053,
          196.1369580000003,
          196.16433399999877,
          196.3436250000008,
          196.38837499999795,
          196.07345800000076,
          196.1403329999989,
          196.21762500000273
        ],
        "error": ""
      },
      {
        "opening_name": "italian_game",
        "opening_fen": "r1bqk1nr/pppp1ppp/2n5/2b1p3/2B1P3/5N2/PPPP1PPP/RNBQK2R w KQkq - 4 4",
        "result": "draw",
        "score_a": 0.5,
        "plies": 11,
        "adjudicated": false,
        "player_a_color": "white",
        "player_a_timeouts": 0,
        "player_b_timeouts": 0,
        "player_a_moves": 6,
        "player_b_moves": 5,
        "player_a_crashes": 0,
        "player_b_crashes": 0,
        "response_times_ms": [
          196.15870899999877,
          196.2538330000001,
          196.154374999999,
          196.72037500000172,
          196.11062500000287,
          196.35491700000074,
          196.21120800000114,
          196.37712499999793,
          196.11470799999964,
          196.2811670000022,
          196.31383300000138
        ],
        "error": ""
      },
      {
        "opening_name": "italian_game",
        "opening_fen": "r1bqk1nr/pppp1ppp/2n5/2b1p3/2B1P3/5N2/PPPP1PPP/RNBQK2R w KQkq - 4 4",
        "result": "draw",
        "score_a": 0.5,
        "plies": 11,
        "adjudicated": false,
        "player_a_color": "black",
        "player_a_timeouts": 0,
        "player_b_timeouts": 0,
        "player_a_moves": 5,
        "player_b_moves": 6,
        "player_a_crashes": 0,
        "player_b_crashes": 0,
        "response_times_ms": [
          196.0304170000029,
          196.13162500000314,
          196.25499999999718,
          196.18570799999802,
          196.13420800000014,
          196.50933299999807,
          196.0824169999995,
          196.43291700000276,
          196.1629579999986,
          196.35941700000004,
          196.55641700000004
        ],