{
  "feedback_source": "self_play",
  "summary": {
    "games": 16,
    "wins_a": 1,
    "losses_a": 1,
    "draws": 14,
    "score_a": 8.0,
    "mean_score_a": 0.5,
    "game_scores_a": [
      0.5,
      0.5,
      0.5,
      0.5,
      1.0,
      0.0,
      0.5,
      0.5,
      0.5,
      0.5,
      0.5,
      0.5,
      0.5,
      0.5,
      0.5,
      0.5
    ],
    "player_a_moves": 134,
    "player_b_moves": 133,
    "player_a_timeouts": 0,
    "player_b_timeouts": 0,
    "player_a_crashes": 0,
    "player_b_crashes": 0,
    "results": [
      {
        "opening_name": "startpos",
        "opening_fen": "rnbqkbnr/pppppppp/8/8/8/8/PPPPPPPP/RNBQKBNR w KQkq - 0 1",
        "result": "draw",
        "score_a": 0.5,
        "plies": 13,
        "adjudicated": false,
        "player_a_color": "white",
        "player_a_timeouts": 0,
        "player_b_timeouts": 0,
        "player_a_moves": 7,
        "player_b_moves": 6,
        "player_a_crashes": 0,
        "player_b_crashes": 0,
        "response_times_ms": [
          196.51525000000447,
          196.45900000000438,
          196.68266699994774,
          196.7384580000271,
          196.48720800000774,
          196.24533299997893,
          196.6395000000034,
          196.54133299997056,
          197.17837500002133,
          196.04483299997355,
          196.1084160000155,
          196.39300000000048,
          196.5344579999737
        ],
        "error": ""
      },
      {
        "opening_name": "startpos",
        "opening_fen": "rnbqkbnr/pppppppp/8/8/8/8/PPPPPPPP/RNBQKBNR w KQkq - 0 1",
        "result": "draw",
        "score_a": 0.5,
        "plies": 13,
        "adjudicated": false,
        "player_a_color": "black",
        "player_a_timeouts": 0,
        "player_b_timeouts": 0,
        "player_a_moves": 6,
        "player_b_moves": 7,
        "player_a_crashes": 0,
        "player_b_crashes": 0,
        "response_times_ms": [
          196.37050000000045,
          196.3739999999916,
          196.80520800000068,
          196.2677079999935,
          196.07758299997613,
          196.2947910000139,
          197.04379199998812,
          196.6055830000073,
          196.0528330000102,
          196.21516700004804,
          197.1138339999925,
          196.36437499997328,
          196.92354200003592
        ],
        "error": ""
      },
      {
        "opening_name": "queens_pawn",
        "opening_fen": "rnbqkbnr/ppp1pppp/8/3p4/3P4/8/PPP1PPPP/RNBQKBNR w KQkq - 0 2",
        "result": "draw",
        "score_a": 0.5,
        "plies": 19,
        "adjudicated": false,
        "player_a_color": "white",
        "player_a_timeouts": 0,
        "player_b_timeouts": 0,
        "player_a_moves": 10,
        "player_b_moves": 9,
        "player_a_crashes": 0,
        "player_b_crashes": 0,
        "response_times_ms": [
          196.44700000003468,
          196.41708399996105,
          196.32166700000653,
          196.5597500000058,
          196.10591700001123,
          196.0507919999941,
          196.25854099996332,
          196.20158399999355,
          196.06720900003438,
          196.43262499999992,
          196.04474999999866,
          196.0811670000453,
          196.42283299998553,
          196.17499999998245,
          196.4080410000406,
          196.06562499996016,
          196.22537499998316,
          196.12891700001,
          196.2753340000063
        ],
        "error": ""
      },
      {
        "opening_name": "queens_pawn",
        "opening_fen": "rnbqkbnr/ppp1pppp/8/3p4/3P4/8/PPP1PPPP/RNBQKBNR w KQkq - 0 2",
        "result": "draw",
        "score_a": 0.5,
        "plies": 20,
        "adjudicated": true,
        "player_a_color": "black",
        "player_a_timeouts": 0,
        "player_b_timeouts": 0,
        "player_a_moves": 10,
        "player_b_moves": 10,
        "player_a_crashes": 0,
        "player_b_crashes": 0,
        "response_times_ms": [
          196.06362500002206,
          196.43237500002897,
          196.10220800001343,
          196.20520799998076,
          196.28087500001357,
          197.67012500000192,
          196.33116699998254,
          196.93916699998226,
          196.15483299998004,
          196.388958,
          196.18174999999383,
          196.06179200002316,
          196.09641599998895,
          196.06924999999364,
          196.55679200002396,
          196.29279200000838,
          196.12283399999342,
          196.228332999965,
          196.0798749999526,
          196.18391699998483
        ],
        "error": ""
      },
      {
        "opening_name": "ruy_lopez",
        "opening_fen": "r1bqkbnr/pppp1ppp/2n5/1B2p3/4P3/5N2/PPPP1PPP/RNBQK2R b KQkq - 3 3",
        "result": "win",
        "score_a": 1.0,
        "plies": 20,
        "adjudicated": true,
        "player_a_color": "white",
        "player_a_timeouts": 0,
        "player_b_timeouts": 0,
        "player_a_moves": 10,
        "player_b_moves": 10,
        "player_a_crashes": 0,
        "player_b_crashes": 0,
        "response_times_ms": [
          196.49812500000507,
          196.1610000000178,
          196.1676250000437,
          196.3367079999898,
          196.32983299999296,
          197.02079099999992,
          196.094917000039,
          196.24145800003134,
          196.87404100000094,
          196.3394160000007,
          196.8521250000208,
          196.4098749999721,
          196.1700830000268,
          196.46183300000075,
          196.30720800000745,
          196.61820800001806,
          196.18591699997978,
          196.12475000002405,
          196.8142910000097,
          196.32054100003415
        ],
        "error": ""
      },
      {
        "opening_name": "ruy_lopez",
        "opening_fen": "r1bqkbnr/pppp1ppp/2n5/1B2p3/4P3/5N2/PPPP1PPP/RNBQK2R b KQkq - 3 3",
        "result": "loss",
        "score_a": 0.0,
        "plies": 20,
        "adjudicated": true,
        "player_a_color": "black",
        "player_a_timeouts": 0,
        "player_b_timeouts": 0,
        "player_a_moves": 10,
        "player_b_moves": 10,
        "player_a_crashes": 0,
        "player_b_crashes": 0,
        "response_times_ms": [
          196.10999999997603,
          196.2382500000217,
          196.11966700000494,
          196.96612499996036,
          196.3382920000072,
          196.61849999999959,
          196.1797079999883,
          196.0266250000018,
          196.27925000003188,
          196.0753750000208,
          196.6037500000084,
          196.4537499999892,
          196.51862500001016,
          196.03937499999802,
          196.50899999999183,
          196.26558300001307,
          196.28025000002935,
          196.44725000000562,
          196.12404100001868,
          196.29158300000427
        ],
        "error": ""
      },
      {
        "opening_name": "italian_game",
        "opening_fen": "r1bqk1nr/pppp1ppp/2n5/2b1p3/2B1P3/5N2/PPPP1PPP/RNBQK2R w KQkq - 4 4",
        "result": "draw",
        "score_a": 0.5,
        "plies": 11,
        "adjudicated": false,
        "player_a_color": "white",
        "player_a_timeouts": 0,
        "player_b_timeouts": 0,
        "player_a_moves": 6,
        "player_b_moves": 5,
        "player_a_crashes": 0,
        "player_b_crashes": 0,
        "response_times_ms": [
          196.8659579999894,
          196.32837500000733,
          196.38491699998895,
          196.37095900003487,
          196.34112500000356,
          196.22370900003716,
          196.56887499996856,
          196.2082500000406,
          196.56729100000803,
          196.16125000004558,
          196.32291599998553
        ],
        "error": ""
      },
      {
        "opening_name": "italian_game",
        "opening_fen": "r1bqk1nr/pppp1ppp/2n5/2b1p3/2B1P3/5N2/PPPP1PPP/RNBQK2R w KQkq - 4 4",
        "result": "draw",
        "score_a": 0.5,
        "plies": 11,
        "adjudicated": false,
        "player_a_color": "black",
        "player_a_timeouts": 0,
        "player_b_timeouts": 0,