{
  "feedback_source": "self_play",
  "summary": {
    "games": 16,
    "wins_a": 2,
    "losses_a": 2,
    "draws": 12,
    "score_a": 8.0,
    "mean_score_a": 0.5,
    "game_scores_a": [
      0.5,
      0.5,
      0.0,
      1.0,
      0.5,
      0.5,
      0.5,
      0.5,
      1.0,
      0.0,
      0.5,
      0.5,
      0.5,
      0.5,
      0.5,
      0.5
    ],
    "player_a_moves": 123,
    "player_b_moves": 122,
    "player_a_timeouts": 0,
    "player_b_timeouts": 0,
    "player_a_crashes": 0,
    "player_b_crashes": 0,
    "results": [
      {
        "opening_name": "startpos",
        "opening_fen": "rnbqkbnr/pppppppp/8/8/8/8/PPPPPPPP/RNBQKBNR w KQkq - 0 1",
        "result": "draw",
        "score_a": 0.5,
        "plies": 13,
        "adjudicated": false,
        "player_a_color": "white",
        "player_a_timeouts": 0,
        "player_b_timeouts": 0,
        "player_a_moves": 7,
        "player_b_moves": 6,
        "player_a_crashes": 0,
        "player_b_crashes": 0,
        "response_times_ms": [
          196.12329199999579,
          196.08862500000157,
          196.25133399999584,
          196.12850000000037,
          196.1972090000046,
          196.0776669999973,
          196.16654200000028,
          196.4091250000024,
          196.17191700000092,
          196.1910830000022,
          196.36770900000045,
          196.10279100000128,
          196.0402499999958
        ],
        "error": ""
      },
      {
        "opening_name": "startpos",
        "opening_fen": "rnbqkbnr/pppppppp/8/8/8/8/PPPPPPPP/RNBQKBNR w KQkq - 0 1",
        "result": "draw",
        "score_a": 0.5,
        "plies": 13,
        "adjudicated": false,
        "player_a_color": "black",
        "player_a_timeouts": 0,
        "player_b_timeouts": 0,
        "player_a_moves": 6,
        "player_b_moves": 7,
        "player_a_crashes": 0,
        "player_b_crashes": 0,
        "response_times_ms": [
          196.4142079999931,
          196.10516699999891,
          196.45737499999427,
          196.47433399998704,
          196.48179099999652,
          196.37933299999588,
          196.05541699999662,
          196.22533399999043,
          196.05762499999457,
          196.16345900000454,
          196.20037500000365,
          196.53512499999692,
          196.04141700000355
        ],
        "error": ""
      },
      {
        "opening_name": "queens_pawn",
        "opening_fen": "rnbqkbnr/ppp1pppp/8/3p4/3P4/8/PPP1PPPP/RNBQKBNR w KQkq - 0 2",
        "result": "loss",
        "score_a": 0.0,
        "plies": 20,
        "adjudicated": true,
        "player_a_color": "white",
        "player_a_timeouts": 0,
        "player_b_timeouts": 0,
        "player_a_moves": 10,
        "player_b_moves": 10,
        "player_a_crashes": 0,
        "player_b_crashes": 0,
        "response_times_ms": [
          196.78858400000365,
          196.35999999999854,
          196.43958300000008,
          196.6011669999972,
          196.4105419999953,
          196.21887499999957,
          196.641249999999,
          196.4596250000028,
          196.29283399999053,
          196.40816599999766,
          196.31762499999184,
          196.21504200000572,
          196.17829199999903,
          196.06841699999222,
          196.27687499999524,
          196.50316700000303,
          196.0769170000134,
          196.07683400001008,
          196.1493750000045,
          196.10450000000412
        ],
        "error": ""
      },
      {
        "opening_name": "queens_pawn",
        "opening_fen": "rnbqkbnr/ppp1pppp/8/3p4/3P4/8/PPP1PPPP/RNBQKBNR w KQkq - 0 2",
        "result": "win",
        "score_a": 1.0,
        "plies": 20,
        "adjudicated": true,
        "player_a_color": "black",
        "player_a_timeouts": 0,
        "player_b_timeouts": 0,
        "player_a_moves": 10,
        "player_b_moves": 10,
        "player_a_crashes": 0,
        "player_b_crashes": 0,
        "response_times_ms": [
          196.57358400000646,
          196.7667079999984,
          196.51320900000258,
          196.44700000000626,
          196.24845799999946,
          196.10791600000255,
          196.53670799999645,
          196.0755000000063,
          196.10470899999655,
          196.5045000000032,
          196.15974999999253,
          196.02754199999595,
          196.46812500000976,
          196.20870800000034,
          196.1841669999984,
          196.0598750000031,
          196.59783299999845,
          196.02299999999673,
          196.18062499999667,
          196.39041700000348
        ],
        "error": ""
      },
      {
        "opening_name": "ruy_lopez",
        "opening_fen": "r1bqkbnr/pppp1ppp/2n5/1B2p3/4P3/5N2/PPPP1PPP/RNBQK2R b KQkq - 3 3",
        "result": "draw",
        "score_a": 0.5,
        "plies": 17,
        "adjudicated": false,
        "player_a_color": "white",
        "player_a_timeouts": 0,
        "player_b_timeouts": 0,
        "player_a_moves": 8,
        "player_b_moves": 9,
        "player_a_crashes": 0,
        "player_b_crashes": 0,
        "response_times_ms": [
          196.25279100000625,
          196.2943749999937,
          196.29824999999812,
          196.23095900000465,
          196.15154199999552,
          196.13816700000086,
          196.097041999991,
          196.222542000001,
          196.09295799999416,
          196.2087920000073,
          196.5287499999988,
          196.20433299999718,
          196.47700000000157,
          196.21512499999483,
          196.28516599999557,
          196.229042000013,
          196.60641699999815
        ],
        "error": ""
      },
      {
        "opening_name": "ruy_lopez",
        "opening_fen": "r1bqkbnr/pppp1ppp/2n5/1B2p3/4P3/5N2/PPPP1PPP/RNBQK2R b KQkq - 3 3",
        "result": "draw",
        "score_a": 0.5,
        "plies": 17,
        "adjudicated": false,
        "player_a_color": "black",
        "player_a_timeouts": 0,
        "player_b_timeouts": 0,
        "player_a_moves": 9,
        "player_b_moves": 8,
        "player_a_crashes": 0,
        "player_b_crashes": 0,
        "response_times_ms": [
          196.18983300000536,
          196.4266660000078,
          196.0887089999943,
          196.23545800000386,
          196.15429200000278,
          196.4473749999911,
          196.58695900000112,
          196.16895800000123,
          196.41800000000842,
          196.13604200000623,
          196.16187500000137,
          196.14729199999204,
          196.15329100000167,
          196.26225000000375,
          196.3256659999928,
          196.03958400000465,
          196.3000000000079
        ],
        "error": ""
      },
      {
        "opening_name": "italian_game",
        "opening_fen": "r1bqk1nr/pppp1ppp/2n5/2b1p3/2B1P3/5N2/PPPP1PPP/RNBQK2R w KQkq - 4 4",
        "result": "draw",
        "score_a": 0.5,
        "plies": 11,
        "adjudicated": false,
        "player_a_color": "white",
        "player_a_timeouts": 0,
        "player_b_timeouts": 0,
        "player_a_moves": 6,
        "player_b_moves": 5,
        "player_a_crashes": 0,
        "player_b_crashes": 0,
        "response_times_ms": [
          196.08704100001262,
          196.0644589999987,
          196.1854580000022,
          196.17775000000393,
          196.41712500001063,
          196.2096249999945,
          196.47195900000725,
          196.1458340000064,
          196.25824999999963,
          196.46758300000045,
          196.26562499999523
        ],
        "error": ""
      },
      {
        "opening_name": "italian_game",
        "opening_fen": "r1bqk1nr/pppp1ppp/2n5/2b1p3/2B1P3/5N2/PPPP1PPP/RNBQK2R w KQkq - 4 4",
        "result": "draw",
        "score_a": 0.5,
        "plies": 11,
        "adjudicated": false,
        "player_a_color": "black",
        "player_a_timeouts": 0,
        "player_b_timeouts": 0,
        "player_a_moves": 5,
        "player_b_moves": 6,
        "player_a_crashes": 0,
        "player_b_crashes": 0,