{
  "feedback_source": "self_play",
  "summary": {
    "games": 16,
    "wins_a": 2,
    "losses_a": 3,
    "draws": 11,
    "score_a": 7.5,
    "mean_score_a": 0.46875,
    "game_scores_a": [
      0.5,
      0.5,
      0.0,
      1.0,
      0.5,
      0.0,
      0.5,
      0.5,
      1.0,
      0.0,
      0.5,
      0.5,
      0.5,
      0.5,
      0.5,
      0.5
    ],
    "player_a_moves": 123,
    "player_b_moves": 125,
    "player_a_timeouts": 0,
    "player_b_timeouts": 0,
    "player_a_crashes": 0,
    "player_b_crashes": 0,
    "results": [
      {
        "opening_name": "startpos",
        "opening_fen": "rnbqkbnr/pppppppp/8/8/8/8/PPPPPPPP/RNBQKBNR w KQkq - 0 1",
        "result": "draw",
        "score_a": 0.5,
        "plies": 13,
        "adjudicated": false,
        "player_a_color": "white",
        "player_a_timeouts": 0,
        "player_b_timeouts": 0,
        "player_a_moves": 7,
        "player_b_moves": 6,
        "player_a_crashes": 0,
        "player_b_crashes": 0,
        "response_times_ms": [
          196.10658299998818,
          196.49662500000886,
          196.38587500000426,
          196.03983400000402,
          196.2764170000071,
          196.28850000000853,
          196.69258300001502,
          196.12687500000447,
          196.09087499998168,
          196.09916600001043,
          196.51937500000827,
          196.33237499999723,
          196.35533400000327
        ],
        "error": ""
      },
      {
        "opening_name": "startpos",
        "opening_fen": "rnbqkbnr/pppppppp/8/8/8/8/PPPPPPPP/RNBQKBNR w KQkq - 0 1",
        "result": "draw",
        "score_a": 0.5,
        "plies": 13,
        "adjudicated": false,
        "player_a_color": "black",
        "player_a_timeouts": 0,
        "player_b_timeouts": 0,
        "player_a_moves": 6,
        "player_b_moves": 7,
        "player_a_crashes": 0,
        "player_b_crashes": 0,
        "response_times_ms": [
          196.2268750000078,
          196.0722500000145,
          196.3672910000014,
          196.16091700001448,
          196.4430419999985,
          196.30754199999956,
          196.51037500000257,
          196.06808300000012,
          196.45608300001527,
          196.12125000000447,
          196.16541599998527,
          196.71804200001475,
          196.5078329999983
        ],
        "error": ""
      },
      {
        "opening_name": "queens_pawn",
        "opening_fen": "rnbqkbnr/ppp1pppp/8/3p4/3P4/8/PPP1PPPP/RNBQKBNR w KQkq - 0 2",
        "result": "loss",
        "score_a": 0.0,
        "plies": 20,
        "adjudicated": true,
        "player_a_color": "white",
        "player_a_timeouts": 0,
        "player_b_timeouts": 0,
        "player_a_moves": 10,
        "player_b_moves": 10,
        "player_a_crashes": 0,
        "player_b_crashes": 0,
        "response_times_ms": [
          196.65312500001164,
          196.12991700000748,
          196.45866600001227,
          196.34999999999536,
          196.07087500000375,
          196.62633400000118,
          196.46325000002207,
          196.03508299999817,
          196.17487499999697,
          196.12258399999405,
          196.3926669999978,
          196.1558749999881,
          196.14612500001272,
          196.20512499997744,
          196.17187500000455,
          196.02654199999847,
          196.58995899999354,
          196.18183300002556,
          196.44912499998668,
          196.15304200002015
        ],
        "error": ""
      },
      {
        "opening_name": "queens_pawn",
        "opening_fen": "rnbqkbnr/ppp1pppp/8/3p4/3P4/8/PPP1PPPP/RNBQKBNR w KQkq - 0 2",
        "result": "win",
        "score_a": 1.0,
        "plies": 20,
        "adjudicated": true,
        "player_a_color": "black",
        "player_a_timeouts": 0,
        "player_b_timeouts": 0,
        "player_a_moves": 10,
        "player_b_moves": 10,
        "player_a_crashes": 0,
        "player_b_crashes": 0,
        "response_times_ms": [
          196.26887499998702,
          196.21491699999183,
          196.1257499999931,
          196.0877909999965,
          196.4154169999972,
          196.1549590000118,
          196.4424999999892,
          196.03749999998854,
          196.14674999999693,
          196.29445900000064,
          196.18425000001594,
          196.1495829999933,
          196.24875000002362,
          196.24587499998825,
          196.3063340000133,
          196.17783299997882,
          196.16283299998827,
          196.06954099998575,
          196.09512499999937,
          196.06262499999616
        ],
        "error": ""
      },
      {
        "opening_name": "ruy_lopez",
        "opening_fen": "r1bqkbnr/pppp1ppp/2n5/1B2p3/4P3/5N2/PPPP1PPP/RNBQK2R b KQkq - 3 3",
        "result": "draw",
        "score_a": 0.5,
        "plies": 17,
        "adjudicated": false,
        "player_a_color": "white",
        "player_a_timeouts": 0,
        "player_b_timeouts": 0,
        "player_a_moves": 8,
        "player_b_moves": 9,
        "player_a_crashes": 0,
        "player_b_crashes": 0,
        "response_times_ms": [
          196.46908299998245,
          196.19691700000885,
          196.47566700001562,
          196.27537499999903,
          196.45029099999078,
          196.22887500000274,
          196.14641699999424,
          196.25174999998762,
          196.4847499999962,
          196.02945799999816,
          196.11208399999214,
          196.1436249999906,
          196.3943749999828,
          196.04829099998256,
          196.22204199998805,
          196.03270899997938,
          196.5985840000144
        ],
        "error": ""
      },
      {
        "opening_name": "ruy_lopez",
        "opening_fen": "r1bqkbnr/pppp1ppp/2n5/1B2p3/4P3/5N2/PPPP1PPP/RNBQK2R b KQkq - 3 3",
        "result": "loss",
        "score_a": 0.0,
        "plies": 20,
        "adjudicated": true,
        "player_a_color": "black",
        "player_a_timeouts": 0,
        "player_b_timeouts": 0,
        "player_a_moves": 10,
        "player_b_moves": 10,
        "player_a_crashes": 0,
        "player_b_crashes": 0,
        "response_times_ms": [
          196.10433299999386,
          196.47645800000646,
          196.5934580000237,
          196.12612499997795,
          196.05937500000437,
          196.45500000001448,
          196.18670899998847,
          196.2547910000012,
          196.77375000000552,
          196.23299999997812,
          196.56612500000392,
          196.02620799997794,
          196.07529099999965,
          196.08245800000645,
          196.2024170000234,
          196.29333299999985,
          196.1295840000048,
          196.11462500000698,
          196.19387500000585,
          196.53858300000593
        ],
        "error": ""
      },
      {
        "opening_name": "italian_game",
        "opening_fen": "r1bqk1nr/pppp1ppp/2n5/2b1p3/2B1P3/5N2/PPPP1PPP/RNBQK2R w KQkq - 4 4",
        "result": "draw",
        "score_a": 0.5,
        "plies": 11,
        "adjudicated": false,
        "player_a_color": "white",
        "player_a_timeouts": 0,
        "player_b_timeouts": 0,
        "player_a_moves": 6,
        "player_b_moves": 5,
        "player_a_crashes": 0,
        "player_b_crashes": 0,
        "response_times_ms": [
          196.06912500000817,
          196.52924999999755,
          196.11324999999624,
          196.22195899998474,
          196.23845899999992,
          196.52079100001174,
          196.22433399999295,
          196.45858300000896,
          196.53070799998318,
          196.4484159999813,
          196.09870899998327
        ],
        "error": ""
      },
      {
        "opening_name": "italian_game",
        "opening_fen": "r1bqk1nr/pppp1ppp/2n5/2b1p3/2B1P3/5N2/PPPP1PPP/RNBQK2R w KQkq - 4 4",
        "result": "draw",
        "score_a": 0.5,
        "plies": 11,
        "adjudicated": false,
        "player_a_color": "black",
        "player_a_timeouts": 0,
        "player_b_timeouts": 0,
        "player_a_moves": 5,