{
  "feedback_source": "self_play",
  "summary": {
    "games": 16,
    "wins_a": 2,
    "losses_a": 2,
    "draws": 12,
    "score_a": 8.0,
    "mean_score_a": 0.5,
    "game_scores_a": [
      0.5,
      0.5,
      0.0,
      1.0,
      0.5,
      0.5,
      0.5,
      0.5,
      1.0,
      0.0,
      0.5,
      0.5,
      0.5,
      0.5,
      0.5,
      0.5
    ],
    "player_a_moves": 116,
    "player_b_moves": 116,
    "player_a_timeouts": 0,
    "player_b_timeouts": 0,
    "player_a_crashes": 0,
    "player_b_crashes": 0,
    "results": [
      {
        "opening_name": "startpos",
        "opening_fen": "rnbqkbnr/pppppppp/8/8/8/8/PPPPPPPP/RNBQKBNR w KQkq - 0 1",
        "result": "draw",
        "score_a": 0.5,
        "plies": 13,
        "adjudicated": false,
        "player_a_color": "white",
        "player_a_timeouts": 0,
        "player_b_timeouts": 0,
        "player_a_moves": 7,
        "player_b_moves": 6,
        "player_a_crashes": 0,
        "player_b_crashes": 0,
        "response_times_ms": [
          196.0351669999909,
          196.0900830000014,
          196.07616700000108,
          196.32237500000826,
          196.40691699999024,
          196.2128750000005,
          196.1354999999969,
          196.20104199999844,
          196.16225000000043,
          196.38324999999668,
          196.06158400000595,
          196.5579169999927,
          196.50029100000665
        ],
        "error": ""
      },
      {
        "opening_name": "startpos",
        "opening_fen": "rnbqkbnr/pppppppp/8/8/8/8/PPPPPPPP/RNBQKBNR w KQkq - 0 1",
        "result": "draw",
        "score_a": 0.5,
        "plies": 13,
        "adjudicated": false,
        "player_a_color": "black",
        "player_a_timeouts": 0,
        "player_b_timeouts": 0,
        "player_a_moves": 6,
        "player_b_moves": 7,
        "player_a_crashes": 0,
        "player_b_crashes": 0,
        "response_times_ms": [
          196.45954100001006,
          196.40079099998786,
          196.13900000000228,
          196.10295799999733,
          196.1814579999981,
          196.10808400000224,
          196.30195799999228,
          196.3917090000109,
          196.08862500000157,
          196.20749999999987,
          196.1638340000036,
          196.21424999999704,
          196.20329200000697
        ],
        "error": ""
      },
      {
        "opening_name": "queens_pawn",
        "opening_fen": "rnbqkbnr/ppp1pppp/8/3p4/3P4/8/PPP1PPPP/RNBQKBNR w KQkq - 0 2",
        "result": "loss",
        "score_a": 0.0,
        "plies": 20,
        "adjudicated": true,
        "player_a_color": "white",
        "player_a_timeouts": 0,
        "player_b_timeouts": 0,
        "player_a_moves": 10,
        "player_b_moves": 10,
        "player_a_crashes": 0,
        "player_b_crashes": 0,
        "response_times_ms": [
          196.09295799999416,
          196.22750000000622,
          196.49812499999086,
          196.03504200000543,
          196.0940420000128,
          196.40533400000493,
          196.50304200000335,
          196.23037499999896,
          196.35804100001053,
          196.12341599999183,
          196.5492500000039,
          196.16008300000942,
          196.61670800000763,
          196.19133300000158,
          196.08387499999935,
          196.03974999999707,
          196.34200000000135,
          196.09366699999953,
          196.10283299999764,
          196.11491700000272
        ],
        "error": ""
      },
      {
        "opening_name": "queens_pawn",
        "opening_fen": "rnbqkbnr/ppp1pppp/8/3p4/3P4/8/PPP1PPPP/RNBQKBNR w KQkq - 0 2",
        "result": "win",
        "score_a": 1.0,
        "plies": 20,
        "adjudicated": true,
        "player_a_color": "black",
        "player_a_timeouts": 0,
        "player_b_timeouts": 0,
        "player_a_moves": 10,
        "player_b_moves": 10,
        "player_a_crashes": 0,
        "player_b_crashes": 0,
        "response_times_ms": [
          196.19829100000175,
          196.32333300000937,
          196.09308399999748,
          196.5184579999999,
          196.1456660000067,
          196.19333400000016,
          196.20929200000603,
          196.26075000000753,
          196.34566700000278,
          196.05045800000198,
          196.14433300000655,
          196.6767090000019,
          196.32725000001017,
          196.04145799999628,
          196.59758299999908,
          196.25541699998905,
          196.34445799999867,
          196.22374999998726,
          196.35399999999947,
          196.04283399999645
        ],
        "error": ""
      },
      {
        "opening_name": "ruy_lopez",
        "opening_fen": "r1bqkbnr/pppp1ppp/2n5/1B2p3/4P3/5N2/PPPP1PPP/RNBQK2R b KQkq - 3 3",
        "result": "draw",
        "score_a": 0.5,
        "plies": 12,
        "adjudicated": false,
        "player_a_color": "white",
        "player_a_timeouts": 0,
        "player_b_timeouts": 0,
        "player_a_moves": 6,
        "player_b_moves": 6,
        "player_a_crashes": 0,
        "player_b_crashes": 0,
        "response_times_ms": [
          196.05054199999472,
          196.51062499998773,
          196.36941699999966,
          196.166790999996,
          196.12583299999642,
          196.63262500000656,
          196.55429200000185,
          196.13554099998964,
          196.3775000000112,
          196.10179199999322,
          196.02925000000937,
          196.2412919999963
        ],
        "error": ""
      },
      {
        "opening_name": "ruy_lopez",
        "opening_fen": "r1bqkbnr/pppp1ppp/2n5/1B2p3/4P3/5N2/PPPP1PPP/RNBQK2R b KQkq - 3 3",
        "result": "draw",
        "score_a": 0.5,
        "plies": 12,
        "adjudicated": false,
        "player_a_color": "black",
        "player_a_timeouts": 0,
        "player_b_timeouts": 0,
        "player_a_moves": 6,
        "player_b_moves": 6,
        "player_a_crashes": 0,
        "player_b_crashes": 0,
        "response_times_ms": [
          196.14283399999977,
          196.34950000001083,
          196.361207999999,
          196.52429200000654,
          196.1519580000015,
          196.40666699999088,
          196.04716700000324,
          196.11412500000824,
          196.40462499999956,
          196.13587500001017,
          196.52533400000038,
          196.04908399999488
        ],
        "error": ""
      },
      {
        "opening_name": "italian_game",
        "opening_fen": "r1bqk1nr/pppp1ppp/2n5/2b1p3/2B1P3/5N2/PPPP1PPP/RNBQK2R w KQkq - 4 4",
        "result": "draw",
        "score_a": 0.5,
        "plies": 11,
        "adjudicated": false,
        "player_a_color": "white",
        "player_a_timeouts": 0,
        "player_b_timeouts": 0,
        "player_a_moves": 6,
        "player_b_moves": 5,
        "player_a_crashes": 0,
        "player_b_crashes": 0,
        "response_times_ms": [
          196.45695900000248,
          196.4238749999936,
          196.3121249999915,
          196.32825000000764,
          196.12512499999468,
          196.23354100001222,
          196.55320799999743,
          196.21208299999182,
          196.32762500000922,
          196.27524999999935,
          196.46779199999287
        ],
        "error": ""
      },
      {
        "opening_name": "italian_game",
        "opening_fen": "r1bqk1nr/pppp1ppp/2n5/2b1p3/2B1P3/5N2/PPPP1PPP/RNBQK2R w KQkq - 4 4",
        "result": "draw",
        "score_a": 0.5,
        "plies": 11,
        "adjudicated": false,
        "player_a_color": "black",
        "player_a_timeouts": 0,
        "player_b_timeouts": 0,
        "player_a_moves": 5,
        "player_b_moves": 6,
        "player_a_crashes": 0,
        "player_b_crashes": 0,