{
  "feedback_source": "self_play",
  "summary": {
    "games": 16,
    "wins_a": 3,
    "losses_a": 3,
    "draws": 10,
    "score_a": 8.0,
    "mean_score_a": 0.5,
    "game_scores_a": [
      0.5,
      0.5,
      0.0,
      1.0,
      0.5,
      0.5,
      0.0,
      1.0,
      1.0,
      0.0,
      0.5,
      0.5,
      0.5,
      0.5,
      0.5,
      0.5
    ],
    "player_a_moves": 118,
    "player_b_moves": 118,
    "player_a_timeouts": 0,
    "player_b_timeouts": 0,
    "player_a_crashes": 0,
    "player_b_crashes": 0,
    "results": [
      {
        "opening_name": "startpos",
        "opening_fen": "rnbqkbnr/pppppppp/8/8/8/8/PPPPPPPP/RNBQKBNR w KQkq - 0 1",
        "result": "draw",
        "score_a": 0.5,
        "plies": 13,
        "adjudicated": false,
        "player_a_color": "white",
        "player_a_timeouts": 0,
        "player_b_timeouts": 0,
        "player_a_moves": 7,
        "player_b_moves": 6,
        "player_a_crashes": 0,
        "player_b_crashes": 0,
        "response_times_ms": [
          196.0809999999924,
          196.2837499999921,
          196.29291699999385,
          196.38175000000047,
          196.2386669999887,
          196.1313749999931,
          196.1549170000012,
          196.08058299999698,
          196.36774999997897,
          196.40479200000982,
          196.41283299998236,
          196.4051250000125,
          196.258959000005
        ],
        "error": ""
      },
      {
        "opening_name": "startpos",
        "opening_fen": "rnbqkbnr/pppppppp/8/8/8/8/PPPPPPPP/RNBQKBNR w KQkq - 0 1",
        "result": "draw",
        "score_a": 0.5,
        "plies": 13,
        "adjudicated": false,
        "player_a_color": "black",
        "player_a_timeouts": 0,
        "player_b_timeouts": 0,
        "player_a_moves": 6,
        "player_b_moves": 7,
        "player_a_crashes": 0,
        "player_b_crashes": 0,
        "response_times_ms": [
          196.416916000004,
          196.36412500000233,
          196.17437500002666,
          196.17470800000092,
          196.28716700000837,
          196.24375000000782,
          196.2960829999929,
          196.45220800001084,
          196.17566600001624,
          196.0476250000056,
          196.05462499998794,
          196.10370800000965,
          196.41579099999262
        ],
        "error": ""
      },
      {
        "opening_name": "queens_pawn",
        "opening_fen": "rnbqkbnr/ppp1pppp/8/3p4/3P4/8/PPP1PPPP/RNBQKBNR w KQkq - 0 2",
        "result": "loss",
        "score_a": 0.0,
        "plies": 20,
        "adjudicated": true,
        "player_a_color": "white",
        "player_a_timeouts": 0,
        "player_b_timeouts": 0,
        "player_a_moves": 10,
        "player_b_moves": 10,
        "player_a_crashes": 0,
        "player_b_crashes": 0,
        "response_times_ms": [
          196.10554100000854,
          196.60866699999247,
          196.18950000000268,
          196.21208300000603,
          196.2853750000022,
          196.5247499999805,
          196.23666699999376,
          196.40729100001408,
          196.34249999998588,
          196.1100839999972,
          196.6530419999799,
          196.02866599998947,
          196.0965000000101,
          196.15995800000974,
          196.60545899998283,
          196.12320800001726,
          196.33258299998602,
          196.07979200000614,
          196.41100000001188,
          196.02808400000526
        ],
        "error": ""
      },
      {
        "opening_name": "queens_pawn",
        "opening_fen": "rnbqkbnr/ppp1pppp/8/3p4/3P4/8/PPP1PPPP/RNBQKBNR w KQkq - 0 2",
        "result": "win",
        "score_a": 1.0,
        "plies": 20,
        "adjudicated": true,
        "player_a_color": "black",
        "player_a_timeouts": 0,
        "player_b_timeouts": 0,
        "player_a_moves": 10,
        "player_b_moves": 10,
        "player_a_crashes": 0,
        "player_b_crashes": 0,
        "response_times_ms": [
          196.07025000001954,
          196.36074999999664,
          196.11545799997998,
          196.19170800001484,
          196.10979199998724,
          196.7796250000049,
          196.40000000001123,
          196.05795800001147,
          196.44033399998762,
          196.02674999998726,
          196.14216599998713,
          196.22562500001095,
          196.25162500000215,
          196.18945900000995,
          196.44099999999298,
          196.07416700000613,
          196.42025000001695,
          196.2169170000152,
          196.0834999999861,
          196.19991700000128
        ],
        "error": ""
      },
      {
        "opening_name": "ruy_lopez",
        "opening_fen": "r1bqkbnr/pppp1ppp/2n5/1B2p3/4P3/5N2/PPPP1PPP/RNBQK2R b KQkq - 3 3",
        "result": "draw",
        "score_a": 0.5,
        "plies": 15,
        "adjudicated": false,
        "player_a_color": "white",
        "player_a_timeouts": 0,
        "player_b_timeouts": 0,
        "player_a_moves": 7,
        "player_b_moves": 8,
        "player_a_crashes": 0,
        "player_b_crashes": 0,
        "response_times_ms": [
          196.11845899999025,
          196.3565840000001,
          196.53337500000134,
          196.1100419999866,
          196.48804099998074,
          196.3330840000026,
          196.28895799999668,
          196.33070899999439,
          196.10025000000064,
          196.16245800000343,
          196.04695800001082,
          196.4588750000189,
          196.1484999999925,
          196.1858340000049,
          196.1924169999918
        ],
        "error": ""
      },
      {
        "opening_name": "ruy_lopez",
        "opening_fen": "r1bqkbnr/pppp1ppp/2n5/1B2p3/4P3/5N2/PPPP1PPP/RNBQK2R b KQkq - 3 3",
        "result": "draw",
        "score_a": 0.5,
        "plies": 15,
        "adjudicated": false,
        "player_a_color": "black",
        "player_a_timeouts": 0,
        "player_b_timeouts": 0,
        "player_a_moves": 8,
        "player_b_moves": 7,
        "player_a_crashes": 0,
        "player_b_crashes": 0,
        "response_times_ms": [
          196.45308299999442,
          196.19199999999637,
          196.14533300000403,
          196.10470900002497,
          196.13716699998918,
          196.72604199999455,
          196.22583299999974,
          196.256333000008,
          196.23533300000418,
          196.43583399999898,
          196.0606250000012,
          196.06866600000217,
          196.08037499997977,
          196.2987910000038,
          196.21145899998282
        ],
        "error": ""
      },
      {
        "opening_name": "italian_game",
        "opening_fen": "r1bqk1nr/pppp1ppp/2n5/2b1p3/2B1P3/5N2/PPPP1PPP/RNBQK2R w KQkq - 4 4",
        "result": "loss",
        "score_a": 0.0,
        "plies": 10,
        "adjudicated": false,
        "player_a_color": "white",
        "player_a_timeouts": 0,
        "player_b_timeouts": 0,
        "player_a_moves": 5,
        "player_b_moves": 5,
        "player_a_crashes": 0,
        "player_b_crashes": 0,
        "response_times_ms": [
          196.49662500000886,
          196.14904200000183,
          196.68166600001769,
          196.13133400000038,
          196.23875000002045,
          196.10212500001012,
          196.13095900001554,
          196.11100000000192,
          196.12049999997794,
          26.770999999996548
        ],
        "error": ""
      },
      {
        "opening_name": "italian_game",
        "opening_fen": "r1bqk1nr/pppp1ppp/2n5/2b1p3/2B1P3/5N2/PPPP1PPP/RNBQK2R w KQkq - 4 4",
        "result": "win",
        "score_a": 1.0,
        "plies": 10,
        "adjudicated": false,
        "player_a_color": "black",
        "player_a_timeouts": 0,
        "player_b_timeouts": 0,
        "player_a_moves": 5,
        "player_b_moves": 5,
        "player_a_crashes": 0,
        "player_b_crashes": 0,