{
  "feedback_source": "self_play",
  "summary": {
    "games": 16,
    "wins_a": 3,
    "losses_a": 3,
    "draws": 10,
    "score_a": 8.0,
    "mean_score_a": 0.5,
    "game_scores_a": [
      0.5,
      0.5,
      0.0,
      1.0,
      1.0,
      0.5,
      0.5,
      0.5,
      1.0,
      0.0,
      0.5,
      0.5,
      0.5,
      0.0,
      0.5,
      0.5
    ],
    "player_a_moves": 129,
    "player_b_moves": 128,
    "player_a_timeouts": 0,
    "player_b_timeouts": 0,
    "player_a_crashes": 0,
    "player_b_crashes": 0,
    "results": [
      {
        "opening_name": "startpos",
        "opening_fen": "rnbqkbnr/pppppppp/8/8/8/8/PPPPPPPP/RNBQKBNR w KQkq - 0 1",
        "result": "draw",
        "score_a": 0.5,
        "plies": 13,
        "adjudicated": false,
        "player_a_color": "white",
        "player_a_timeouts": 0,
        "player_b_timeouts": 0,
        "player_a_moves": 7,
        "player_b_moves": 6,
        "player_a_crashes": 0,
        "player_b_crashes": 0,
        "response_times_ms": [
          196.03283399999998,
          196.60487500000002,
          196.247583,
          196.22487500000008,
          196.34366599999998,
          196.5165419999999,
          196.30120900000003,
          196.55966700000005,
          196.18408399999998,
          196.1286659999999,
          196.14874999999986,
          196.12916700000005,
          196.49404200000032
        ],
        "error": ""
      },
      {
        "opening_name": "startpos",
        "opening_fen": "rnbqkbnr/pppppppp/8/8/8/8/PPPPPPPP/RNBQKBNR w KQkq - 0 1",
        "result": "draw",
        "score_a": 0.5,
        "plies": 13,
        "adjudicated": false,
        "player_a_color": "black",
        "player_a_timeouts": 0,
        "player_b_timeouts": 0,
        "player_a_moves": 6,
        "player_b_moves": 7,
        "player_a_crashes": 0,
        "player_b_crashes": 0,
        "response_times_ms": [
          196.8062920000002,
          196.44620800000024,
          196.15733400000002,
          196.136584,
          196.32037499999998,
          196.49137500000035,
          196.40854200000035,
          196.19987499999957,
          197.4019579999995,
          196.2314169999999,
          196.24145800000025,
          196.1053339999994,
          196.17241600000045
        ],
        "error": ""
      },
      {
        "opening_name": "queens_pawn",
        "opening_fen": "rnbqkbnr/ppp1pppp/8/3p4/3P4/8/PPP1PPPP/RNBQKBNR w KQkq - 0 2",
        "result": "loss",
        "score_a": 0.0,
        "plies": 20,
        "adjudicated": true,
        "player_a_color": "white",
        "player_a_timeouts": 0,
        "player_b_timeouts": 0,
        "player_a_moves": 10,
        "player_b_moves": 10,
        "player_a_crashes": 0,
        "player_b_crashes": 0,
        "response_times_ms": [
          196.53262499999968,
          196.51045899999974,
          196.47974999999997,
          196.11866699999948,
          196.78287499999936,
          196.34445899999963,
          196.06883299999998,
          196.05762499999992,
          196.08574999999996,
          196.11266599999942,
          196.22583299999974,
          196.32308300000022,
          196.20924999999988,
          196.19083300000017,
          196.75949999999887,
          196.11674999999985,
          196.28866600000094,
          196.24645899999928,
          196.47395900000043,
          196.1244999999998
        ],
        "error": ""
      },
      {
        "opening_name": "queens_pawn",
        "opening_fen": "rnbqkbnr/ppp1pppp/8/3p4/3P4/8/PPP1PPPP/RNBQKBNR w KQkq - 0 2",
        "result": "win",
        "score_a": 1.0,
        "plies": 20,
        "adjudicated": true,
        "player_a_color": "black",
        "player_a_timeouts": 0,
        "player_b_timeouts": 0,
        "player_a_moves": 10,
        "player_b_moves": 10,
        "player_a_crashes": 0,
        "player_b_crashes": 0,
        "response_times_ms": [
          196.07470799999936,
          196.075875,
          196.16733299999999,
          196.19391600000034,
          196.5359580000001,
          196.06537499999988,
          196.2144170000002,
          196.2245419999995,
          196.21541699999943,
          198.2014999999997,
          196.31812499999944,
          196.078709,
          196.2094580000002,
          196.47845799999965,
          196.1148330000011,
          196.28416699999997,
          196.14045800000036,
          196.2723749999995,
          196.14045800000036,
          196.1842909999998
        ],
        "error": ""
      },
      {
        "opening_name": "ruy_lopez",
        "opening_fen": "r1bqkbnr/pppp1ppp/2n5/1B2p3/4P3/5N2/PPPP1PPP/RNBQK2R b KQkq - 3 3",
        "result": "win",
        "score_a": 1.0,
        "plies": 20,
        "adjudicated": true,
        "player_a_color": "white",
        "player_a_timeouts": 0,
        "player_b_timeouts": 0,
        "player_a_moves": 10,
        "player_b_moves": 10,
        "player_a_crashes": 0,
        "player_b_crashes": 0,
        "response_times_ms": [
          196.32737500000098,
          196.22358300000008,
          196.48970799999967,
          196.36870899999968,
          196.3805840000017,
          196.58399999999966,
          196.27120799999886,
          196.03599999999943,
          196.0480000000011,
          196.4637499999995,
          196.1684169999991,
          196.14675000000048,
          196.32037500000087,
          196.2804579999986,
          196.0355000000007,
          196.2858749999974,
          196.14387500000063,
          196.88525000000112,
          196.12304199999997,
          196.33279199999976
        ],
        "error": ""
      },
      {
        "opening_name": "ruy_lopez",
        "opening_fen": "r1bqkbnr/pppp1ppp/2n5/1B2p3/4P3/5N2/PPPP1PPP/RNBQK2R b KQkq - 3 3",
        "result": "draw",
        "score_a": 0.5,
        "plies": 15,
        "adjudicated": false,
        "player_a_color": "black",
        "player_a_timeouts": 0,
        "player_b_timeouts": 0,
        "player_a_moves": 8,
        "player_b_moves": 7,
        "player_a_crashes": 0,
        "player_b_crashes": 0,
        "response_times_ms": [
          196.27291699999816,
          196.1882089999989,
          196.59383399999797,
          196.41279200000028,
          196.55454200000122,
          196.2381250000007,
          196.14375000000095,
          196.37487500000006,
          196.13187499999896,
          196.02916699999895,
          196.57983300000126,
          196.64625000000058,
          196.05424999999954,
          196.22512500000155,
          196.16258299999956
        ],
        "error": ""
      },
      {
        "opening_name": "italian_game",
        "opening_fen": "r1bqk1nr/pppp1ppp/2n5/2b1p3/2B1P3/5N2/PPPP1PPP/RNBQK2R w KQkq - 4 4",
        "result": "draw",
        "score_a": 0.5,
        "plies": 11,
        "adjudicated": false,
        "player_a_color": "white",
        "player_a_timeouts": 0,
        "player_b_timeouts": 0,
        "player_a_moves": 6,
        "player_b_moves": 5,
        "player_a_crashes": 0,
        "player_b_crashes": 0,
        "response_times_ms": [
          196.15070800000112,
          196.29287500000103,
          196.55941699999957,
          196.07687500000281,
          196.05620800000167,
          196.11708300000075,
          196.1855419999985,
          196.65333300000043,
          196.05104100000048,
          196.19766699999985,
          196.1966249999989
        ],
        "error": ""
      },
      {
        "opening_name": "italian_game",
        "opening_fen": "r1bqk1nr/pppp1ppp/2n5/2b1p3/2B1P3/5N2/PPPP1PPP/RNBQK2R w KQkq - 4 4",
        "result": "draw",
        "score_a": 0.5,
        "plies": 11,
        "adjudicated": false,
        "player_a_color": "black",
        "player_a_timeouts": 0,
        "player_b_timeouts": 0,
        "player_a_moves": 5,
        "player_b_moves": 6,
        "player_a_crashes": 0,
        "player_b_crashes": 0,