{
  "feedback_source": "self_play",
  "summary": {
    "games": 16,
    "wins_a": 3,
    "losses_a": 3,
    "draws": 10,
    "score_a": 8.0,
    "mean_score_a": 0.5,
    "game_scores_a": [
      0.5,
      0.5,
      0.0,
      1.0,
      0.5,
      0.5,
      0.0,
      1.0,
      1.0,
      0.0,
      0.5,
      0.5,
      0.5,
      0.5,
      0.5,
      0.5
    ],
    "player_a_moves": 118,
    "player_b_moves": 118,
    "player_a_timeouts": 0,
    "player_b_timeouts": 0,
    "player_a_crashes": 0,
    "player_b_crashes": 0,
    "results": [
      {
        "opening_name": "startpos",
        "opening_fen": "rnbqkbnr/pppppppp/8/8/8/8/PPPPPPPP/RNBQKBNR w KQkq - 0 1",
        "result": "draw",
        "score_a": 0.5,
        "plies": 13,
        "adjudicated": false,
        "player_a_color": "white",
        "player_a_timeouts": 0,
        "player_b_timeouts": 0,
        "player_a_moves": 7,
        "player_b_moves": 6,
        "player_a_crashes": 0,
        "player_b_crashes": 0,
        "response_times_ms": [
          196.03033399999998,
          196.44162499999996,
          196.15479200000007,
          196.26045799999991,
          196.10170800000003,
          196.38458299999994,
          196.20912499999997,
          196.532084,
          196.18220799999997,
          196.53612500000017,
          196.19354099999998,
          199.659708,
          196.5867910000001
        ],
        "error": ""
      },
      {
        "opening_name": "startpos",
        "opening_fen": "rnbqkbnr/pppppppp/8/8/8/8/PPPPPPPP/RNBQKBNR w KQkq - 0 1",
        "result": "draw",
        "score_a": 0.5,
        "plies": 13,
        "adjudicated": false,
        "player_a_color": "black",
        "player_a_timeouts": 0,
        "player_b_timeouts": 0,
        "player_a_moves": 6,
        "player_b_moves": 7,
        "player_a_crashes": 0,
        "player_b_crashes": 0,
        "response_times_ms": [
          196.2152920000002,
          196.35666600000025,
          196.09583299999977,
          196.188625,
          196.49245899999988,
          196.07850000000005,
          196.06241700000027,
          196.14033399999985,
          196.55312499999945,
          196.48054199999976,
          196.10116700000015,
          196.48158300000063,
          196.12866699999998
        ],
        "error": ""
      },
      {
        "opening_name": "queens_pawn",
        "opening_fen": "rnbqkbnr/ppp1pppp/8/3p4/3P4/8/PPP1PPPP/RNBQKBNR w KQkq - 0 2",
        "result": "loss",
        "score_a": 0.0,
        "plies": 20,
        "adjudicated": true,
        "player_a_color": "white",
        "player_a_timeouts": 0,
        "player_b_timeouts": 0,
        "player_a_moves": 10,
        "player_b_moves": 10,
        "player_a_crashes": 0,
        "player_b_crashes": 0,
        "response_times_ms": [
          196.76887500000007,
          196.33487499999978,
          196.08637500000015,
          196.342209,
          196.339708,
          196.4218330000005,
          196.5638329999999,
          196.0554169999993,
          196.03495800000024,
          196.17754200000005,
          196.2243749999999,
          196.09458299999983,
          196.1255409999998,
          196.11124999999953,
          196.4956669999989,
          196.5242499999995,
          196.06270899999956,
          196.17441599999984,
          196.27204199999858,
          196.21124999999927
        ],
        "error": ""
      },
      {
        "opening_name": "queens_pawn",
        "opening_fen": "rnbqkbnr/ppp1pppp/8/3p4/3P4/8/PPP1PPPP/RNBQKBNR w KQkq - 0 2",
        "result": "win",
        "score_a": 1.0,
        "plies": 20,
        "adjudicated": true,
        "player_a_color": "black",
        "player_a_timeouts": 0,
        "player_b_timeouts": 0,
        "player_a_moves": 10,
        "player_b_moves": 10,
        "player_a_crashes": 0,
        "player_b_crashes": 0,
        "response_times_ms": [
          196.16504100000043,
          196.18937500000123,
          196.02654200000023,
          196.35733399999998,
          196.3186669999999,
          196.70733300000086,
          196.32279100000005,
          196.1925840000003,
          196.2605840000009,
          196.1654589999995,
          196.80624999999986,
          196.2162499999991,
          196.5127080000002,
          196.1643329999987,
          196.03954199999941,
          196.49291599999862,
          196.7224999999999,
          196.20058299999954,
          196.0354159999991,
          196.06391700000003
        ],
        "error": ""
      },
      {
        "opening_name": "ruy_lopez",
        "opening_fen": "r1bqkbnr/pppp1ppp/2n5/1B2p3/4P3/5N2/PPPP1PPP/RNBQK2R b KQkq - 3 3",
        "result": "draw",
        "score_a": 0.5,
        "plies": 15,
        "adjudicated": false,
        "player_a_color": "white",
        "player_a_timeouts": 0,
        "player_b_timeouts": 0,
        "player_a_moves": 7,
        "player_b_moves": 8,
        "player_a_crashes": 0,
        "player_b_crashes": 0,
        "response_times_ms": [
          196.46904200000037,
          196.65737499999915,
          196.15525000000034,
          196.05725000000086,
          196.441042,
          196.28558299999986,
          196.2016670000004,
          196.51595800000086,
          196.32212500000003,
          196.43424999999937,
          196.15395800000002,
          196.1378329999999,
          196.1751249999999,
          196.57937500000065,
          196.1687089999984
        ],
        "error": ""
      },
      {
        "opening_name": "ruy_lopez",
        "opening_fen": "r1bqkbnr/pppp1ppp/2n5/1B2p3/4P3/5N2/PPPP1PPP/RNBQK2R b KQkq - 3 3",
        "result": "draw",
        "score_a": 0.5,
        "plies": 15,
        "adjudicated": false,
        "player_a_color": "black",
        "player_a_timeouts": 0,
        "player_b_timeouts": 0,
        "player_a_moves": 8,
        "player_b_moves": 7,
        "player_a_crashes": 0,
        "player_b_crashes": 0,
        "response_times_ms": [
          196.19104199999882,
          196.3959580000001,
          196.37216699999982,
          196.21387499999798,
          196.48820800000166,
          196.22462499999926,
          196.13183399999912,
          196.05754199999836,
          196.36337500000067,
          196.12408400000092,
          196.15604200000192,
          196.22191599999894,
          196.042791,
          196.24941700000065,
          196.120999999998
        ],
        "error": ""
      },
      {
        "opening_name": "italian_game",
        "opening_fen": "r1bqk1nr/pppp1ppp/2n5/2b1p3/2B1P3/5N2/PPPP1PPP/RNBQK2R w KQkq - 4 4",
        "result": "loss",
        "score_a": 0.0,
        "plies": 10,
        "adjudicated": false,
        "player_a_color": "white",
        "player_a_timeouts": 0,
        "player_b_timeouts": 0,
        "player_a_moves": 5,
        "player_b_moves": 5,
        "player_a_crashes": 0,
        "player_b_crashes": 0,
        "response_times_ms": [
          196.0471659999996,
          196.41129200000051,
          196.17145799999847,
          196.17479100000068,
          196.10958299999837,
          196.14220900000134,
          196.15020799999883,
          196.05220800000112,
          196.06833299999948,
          27.10345899999922
        ],
        "error": ""
      },
      {
        "opening_name": "italian_game",
        "opening_fen": "r1bqk1nr/pppp1ppp/2n5/2b1p3/2B1P3/5N2/PPPP1PPP/RNBQK2R w KQkq - 4 4",
        "result": "win",
        "score_a": 1.0,
        "plies": 10,
        "adjudicated": false,
        "player_a_color": "black",
        "player_a_timeouts": 0,
        "player_b_timeouts": 0,
        "player_a_moves": 5,
        "player_b_moves": 5,
        "player_a_crashes": 0,
        "player_b_crashes": 0,