{
  "feedback_source": "self_play",
  "summary": {
    "games": 16,
    "wins_a": 1,
    "losses_a": 1,
    "draws": 14,
    "score_a": 8.0,
    "mean_score_a": 0.5,
    "game_scores_a": [
      0.5,
      0.5,
      0.0,
      1.0,
      0.5,
      0.5,
      0.5,
      0.5,
      0.5,
      0.5,
      0.5,
      0.5,
      0.5,
      0.5,
      0.5,
      0.5
    ],
    "player_a_moves": 121,
    "player_b_moves": 121,
    "player_a_timeouts": 0,
    "player_b_timeouts": 0,
    "player_a_crashes": 0,
    "player_b_crashes": 0,
    "results": [
      {
        "opening_name": "startpos",
        "opening_fen": "rnbqkbnr/pppppppp/8/8/8/8/PPPPPPPP/RNBQKBNR w KQkq - 0 1",
        "result": "draw",
        "score_a": 0.5,
        "plies": 13,
        "adjudicated": false,
        "player_a_color": "white",
        "player_a_timeouts": 0,
        "player_b_timeouts": 0,
        "player_a_moves": 7,
        "player_b_moves": 6,
        "player_a_crashes": 0,
        "player_b_crashes": 0,
        "response_times_ms": [
          196.16837499999997,
          196.340625,
          196.23112499999996,
          196.157833,
          196.45170899999997,
          196.64974999999995,
          196.09654099999995,
          196.2243749999999,
          196.79795799999988,
          196.18704099999974,
          196.38545900000003,
          196.329875,
          196.54362499999988
        ],
        "error": ""
      },
      {
        "opening_name": "startpos",
        "opening_fen": "rnbqkbnr/pppppppp/8/8/8/8/PPPPPPPP/RNBQKBNR w KQkq - 0 1",
        "result": "draw",
        "score_a": 0.5,
        "plies": 13,
        "adjudicated": false,
        "player_a_color": "black",
        "player_a_timeouts": 0,
        "player_b_timeouts": 0,
        "player_a_moves": 6,
        "player_b_moves": 7,
        "player_a_crashes": 0,
        "player_b_crashes": 0,
        "response_times_ms": [
          196.11058299999985,
          196.1846249999999,
          196.29295800000034,
          196.06458300000008,
          196.20870899999997,
          196.31054199999997,
          196.0651250000005,
          196.48658299999954,
          196.48975000000047,
          196.50400000000002,
          196.32233399999956,
          196.1313330000003,
          196.1551660000005
        ],
        "error": ""
      },
      {
        "opening_name": "queens_pawn",
        "opening_fen": "rnbqkbnr/ppp1pppp/8/3p4/3P4/8/PPP1PPPP/RNBQKBNR w KQkq - 0 2",
        "result": "loss",
        "score_a": 0.0,
        "plies": 20,
        "adjudicated": true,
        "player_a_color": "white",
        "player_a_timeouts": 0,
        "player_b_timeouts": 0,
        "player_a_moves": 10,
        "player_b_moves": 10,
        "player_a_crashes": 0,
        "player_b_crashes": 0,
        "response_times_ms": [
          196.29362500000002,
          196.3810420000005,
          196.216583,
          196.02712499999964,
          196.62100000000038,
          196.3832080000003,
          196.16495799999979,
          196.08962499999993,
          196.049833,
          196.18116699999976,
          196.09774999999985,
          196.23320799999976,
          196.2377499999999,
          196.56924999999958,
          196.3113750000005,
          196.23354099999978,
          196.25970799999948,
          196.0492500000015,
          196.32387500000092,
          196.10370899999907
        ],
        "error": ""
      },
      {
        "opening_name": "queens_pawn",
        "opening_fen": "rnbqkbnr/ppp1pppp/8/3p4/3P4/8/PPP1PPPP/RNBQKBNR w KQkq - 0 2",
        "result": "win",
        "score_a": 1.0,
        "plies": 20,
        "adjudicated": true,
        "player_a_color": "black",
        "player_a_timeouts": 0,
        "player_b_timeouts": 0,
        "player_a_moves": 10,
        "player_b_moves": 10,
        "player_a_crashes": 0,
        "player_b_crashes": 0,
        "response_times_ms": [
          196.24687499999993,
          196.20412499999952,
          196.50395799999922,
          196.66600000000045,
          196.75312500000075,
          202.78145800000047,
          196.50329199999916,
          196.06862500000057,
          196.40758399999925,
          196.27379200000127,
          196.8644580000003,
          196.09849999999972,
          196.46025000000122,
          196.12716600000013,
          196.19166699999903,
          196.16212500000074,
          196.3577920000006,
          196.0446670000007,
          196.48325,
          196.2589999999995
        ],
        "error": ""
      },
      {
        "opening_name": "ruy_lopez",
        "opening_fen": "r1bqkbnr/pppp1ppp/2n5/1B2p3/4P3/5N2/PPPP1PPP/RNBQK2R b KQkq - 3 3",
        "result": "draw",
        "score_a": 0.5,
        "plies": 17,
        "adjudicated": false,
        "player_a_color": "white",
        "player_a_timeouts": 0,
        "player_b_timeouts": 0,
        "player_a_moves": 8,
        "player_b_moves": 9,
        "player_a_crashes": 0,
        "player_b_crashes": 0,
        "response_times_ms": [
          196.05987499999955,
          196.28745800000047,
          196.19549999999998,
          196.50045800000095,
          196.4504579999993,
          196.06787499999888,
          196.0929999999994,
          196.4530409999998,
          196.0777500000006,
          196.23241700000094,
          196.49249999999972,
          196.24170800000053,
          196.47129099999995,
          196.12120799999923,
          196.15120899999994,
          196.24529100000032,
          196.12420800000052
        ],
        "error": ""
      },
      {
        "opening_name": "ruy_lopez",
        "opening_fen": "r1bqkbnr/pppp1ppp/2n5/1B2p3/4P3/5N2/PPPP1PPP/RNBQK2R b KQkq - 3 3",
        "result": "draw",
        "score_a": 0.5,
        "plies": 17,
        "adjudicated": false,
        "player_a_color": "black",
        "player_a_timeouts": 0,
        "player_b_timeouts": 0,
        "player_a_moves": 9,
        "player_b_moves": 8,
        "player_a_crashes": 0,
        "player_b_crashes": 0,
        "response_times_ms": [
          196.25150000000247,
          196.18404199999873,
          196.1329169999999,
          196.0387499999996,
          196.1957500000011,
          196.11433400000067,
          196.06883300000177,
          196.17195800000076,
          196.37516699999935,
          196.06870799999854,
          196.6383750000027,
          196.25316699999829,
          196.61183300000218,
          196.05445899999907,
          196.13750000000252,
          196.26058300000082,
          196.230749999998
        ],
        "error": ""
      },
      {
        "opening_name": "italian_game",
        "opening_fen": "r1bqk1nr/pppp1ppp/2n5/2b1p3/2B1P3/5N2/PPPP1PPP/RNBQK2R w KQkq - 4 4",
        "result": "draw",
        "score_a": 0.5,
        "plies": 11,
        "adjudicated": false,
        "player_a_color": "white",
        "player_a_timeouts": 0,
        "player_b_timeouts": 0,
        "player_a_moves": 6,
        "player_b_moves": 5,
        "player_a_crashes": 0,
        "player_b_crashes": 0,
        "response_times_ms": [
          196.4225000000006,
          196.46775000000005,
          196.1397920000003,
          196.1385,
          196.2553749999998,
          196.47729200000086,
          196.16566699999893,
          196.3052499999982,
          196.25666600000002,
          196.0463749999981,
          196.4240420000003
        ],
        "error": ""
      },
      {
        "opening_name": "italian_game",
        "opening_fen": "r1bqk1nr/pppp1ppp/2n5/2b1p3/2B1P3/5N2/PPPP1PPP/RNBQK2R w KQkq - 4 4",
        "result": "draw",
        "score_a": 0.5,
        "plies": 11,
        "adjudicated": false,
        "player_a_color": "black",
        "player_a_timeouts": 0,
        "player_b_timeouts": 0,
        "player_a_moves": 5,
        "player_b_moves": 6,
        "player_a_crashes": 0,
        "player_b_crashes": 0,