{
  "feedback_source": "self_play",
  "summary": {
    "games": 16,
    "wins_a": 1,
    "losses_a": 1,
    "draws": 14,
    "score_a": 8.0,
    "mean_score_a": 0.5,
    "game_scores_a": [
      0.5,
      0.5,
      0.0,
      1.0,
      0.5,
      0.5,
      0.5,
      0.5,
      0.5,
      0.5,
      0.5,
      0.5,
      0.5,
      0.5,
      0.5,
      0.5
    ],
    "player_a_moves": 121,
    "player_b_moves": 121,
    "player_a_timeouts": 0,
    "player_b_timeouts": 0,
    "player_a_crashes": 0,
    "player_b_crashes": 0,
    "results": [
      {
        "opening_name": "startpos",
        "opening_fen": "rnbqkbnr/pppppppp/8/8/8/8/PPPPPPPP/RNBQKBNR w KQkq - 0 1",
        "result": "draw",
        "score_a": 0.5,
        "plies": 13,
        "adjudicated": false,
        "player_a_color": "white",
        "player_a_timeouts": 0,
        "player_b_timeouts": 0,
        "player_a_moves": 7,
        "player_b_moves": 6,
        "player_a_crashes": 0,
        "player_b_crashes": 0,
        "response_times_ms": [
          196.17820799999996,
          196.30758400000005,
          196.058791,
          196.53395800000007,
          196.81120799999997,
          196.242083,
          196.20320800000002,
          196.45512500000018,
          196.08900000000017,
          196.56154199999997,
          196.28749999999994,
          196.0822499999999,
          196.17720799999995
        ],
        "error": ""
      },
      {
        "opening_name": "startpos",
        "opening_fen": "rnbqkbnr/pppppppp/8/8/8/8/PPPPPPPP/RNBQKBNR w KQkq - 0 1",
        "result": "draw",
        "score_a": 0.5,
        "plies": 13,
        "adjudicated": false,
        "player_a_color": "black",
        "player_a_timeouts": 0,
        "player_b_timeouts": 0,
        "player_a_moves": 6,
        "player_b_moves": 7,
        "player_a_crashes": 0,
        "player_b_crashes": 0,
        "response_times_ms": [
          199.3104589999999,
          196.48191699999984,
          196.26512500000004,
          196.2244590000002,
          196.3165419999999,
          196.1223750000003,
          196.28625,
          196.1225830000002,
          196.28183299999958,
          196.24400000000009,
          196.10724999999985,
          196.2742500000001,
          196.28637499999968
        ],
        "error": ""
      },
      {
        "opening_name": "queens_pawn",
        "opening_fen": "rnbqkbnr/ppp1pppp/8/3p4/3P4/8/PPP1PPPP/RNBQKBNR w KQkq - 0 2",
        "result": "loss",
        "score_a": 0.0,
        "plies": 20,
        "adjudicated": true,
        "player_a_color": "white",
        "player_a_timeouts": 0,
        "player_b_timeouts": 0,
        "player_a_moves": 10,
        "player_b_moves": 10,
        "player_a_crashes": 0,
        "player_b_crashes": 0,
        "response_times_ms": [
          196.09870800000007,
          196.21641600000038,
          196.30512500000032,
          196.34745799999996,
          196.42495899999977,
          196.40683299999927,
          196.7232500000007,
          196.18254099999976,
          196.1787079999997,
          196.16650000000035,
          196.0897080000006,
          196.11516700000033,
          196.15579199999988,
          196.33699999999976,
          196.43533299999837,
          196.4488329999998,
          196.18154099999964,
          196.02662500000002,
          196.43679200000008,
          196.05916600000128
        ],
        "error": ""
      },
      {
        "opening_name": "queens_pawn",
        "opening_fen": "rnbqkbnr/ppp1pppp/8/3p4/3P4/8/PPP1PPPP/RNBQKBNR w KQkq - 0 2",
        "result": "win",
        "score_a": 1.0,
        "plies": 20,
        "adjudicated": true,
        "player_a_color": "black",
        "player_a_timeouts": 0,
        "player_b_timeouts": 0,
        "player_a_moves": 10,
        "player_b_moves": 10,
        "player_a_crashes": 0,
        "player_b_crashes": 0,
        "response_times_ms": [
          196.31037499999948,
          196.16858400000046,
          196.52895800000005,
          196.05866600000076,
          196.27804200000122,
          196.22504200000003,
          196.35833299999916,
          196.07158400000026,
          196.05895800000008,
          196.08687500000065,
          196.1134169999994,
          196.03308399999975,
          196.1359999999992,
          196.0633749999996,
          196.55337500000059,
          196.20308300000033,
          196.22716699999998,
          196.0353329999993,
          196.20187500000162,
          196.10354199999946
        ],
        "error": ""
      },
      {
        "opening_name": "ruy_lopez",
        "opening_fen": "r1bqkbnr/pppp1ppp/2n5/1B2p3/4P3/5N2/PPPP1PPP/RNBQK2R b KQkq - 3 3",
        "result": "draw",
        "score_a": 0.5,
        "plies": 17,
        "adjudicated": false,
        "player_a_color": "white",
        "player_a_timeouts": 0,
        "player_b_timeouts": 0,
        "player_a_moves": 8,
        "player_b_moves": 9,
        "player_a_crashes": 0,
        "player_b_crashes": 0,
        "response_times_ms": [
          196.29895799999986,
          196.34625000000128,
          196.46725000000131,
          196.1345000000012,
          196.10491699999955,
          196.12937499999992,
          196.08587499999965,
          196.35720800000024,
          196.26670799999957,
          196.14375000000095,
          196.31979099999876,
          196.21183299999956,
          196.34099999999853,
          196.15600000000023,
          196.29995900000097,
          196.13191700000243,
          196.4739160000022
        ],
        "error": ""
      },
      {
        "opening_name": "ruy_lopez",
        "opening_fen": "r1bqkbnr/pppp1ppp/2n5/1B2p3/4P3/5N2/PPPP1PPP/RNBQK2R b KQkq - 3 3",
        "result": "draw",
        "score_a": 0.5,
        "plies": 17,
        "adjudicated": false,
        "player_a_color": "black",
        "player_a_timeouts": 0,
        "player_b_timeouts": 0,
        "player_a_moves": 9,
        "player_b_moves": 8,
        "player_a_crashes": 0,
        "player_b_crashes": 0,
        "response_times_ms": [
          196.35416699999908,
          196.56141700000163,
          196.77025000000015,
          196.1528329999993,
          196.21929099999846,
          196.0392079999984,
          196.14179099999873,
          196.15691599999963,
          196.26925000000028,
          196.0451249999977,
          196.26387499999964,
          196.04962500000056,
          196.05683400000018,
          196.02979200000092,
          196.55504199999996,
          196.39508299999875,
          196.2805000000003
        ],
        "error": ""
      },
      {
        "opening_name": "italian_game",
        "opening_fen": "r1bqk1nr/pppp1ppp/2n5/2b1p3/2B1P3/5N2/PPPP1PPP/RNBQK2R w KQkq - 4 4",
        "result": "draw",
        "score_a": 0.5,
        "plies": 11,
        "adjudicated": false,
        "player_a_color": "white",
        "player_a_timeouts": 0,
        "player_b_timeouts": 0,
        "player_a_moves": 6,
        "player_b_moves": 5,
        "player_a_crashes": 0,
        "player_b_crashes": 0,
        "response_times_ms": [
          196.08304200000148,
          196.61179200000234,
          196.3272499999995,
          196.10912499999955,
          196.6039170000009,
          196.52754199999833,
          208.24462499999896,
          196.51245800000083,
          196.34329199999812,
          196.03545800000077,
          196.19529100000221
        ],
        "error": ""
      },
      {
        "opening_name": "italian_game",
        "opening_fen": "r1bqk1nr/pppp1ppp/2n5/2b1p3/2B1P3/5N2/PPPP1PPP/RNBQK2R w KQkq - 4 4",
        "result": "draw",
        "score_a": 0.5,
        "plies": 11,
        "adjudicated": false,
        "player_a_color": "black",
        "player_a_timeouts": 0,
        "player_b_timeouts": 0,
        "player_a_moves": 5,
        "player_b_moves": 6,
        "player_a_crashes": 0,
        "player_b_crashes": 0,