{
  "feedback_source": "self_play",
  "summary": {
    "games": 16,
    "wins_a": 3,
    "losses_a": 3,
    "draws": 10,
    "score_a": 8.0,
    "mean_score_a": 0.5,
    "game_scores_a": [
      0.5,
      0.5,
      0.0,
      1.0,
      0.5,
      0.5,
      0.0,
      1.0,
      1.0,
      0.0,
      0.5,
      0.5,
      0.5,
      0.5,
      0.5,
      0.5
    ],
    "player_a_moves": 118,
    "player_b_moves": 118,
    "player_a_timeouts": 0,
    "player_b_timeouts": 0,
    "player_a_crashes": 0,
    "player_b_crashes": 0,
    "results": [
      {
        "opening_name": "startpos",
        "opening_fen": "rnbqkbnr/pppppppp/8/8/8/8/PPPPPPPP/RNBQKBNR w KQkq - 0 1",
        "result": "draw",
        "score_a": 0.5,
        "plies": 13,
        "adjudicated": false,
        "player_a_color": "white",
        "player_a_timeouts": 0,
        "player_b_timeouts": 0,
        "player_a_moves": 7,
        "player_b_moves": 6,
        "player_a_crashes": 0,
        "player_b_crashes": 0,
        "response_times_ms": [
          196.559792,
          196.16270899999992,
          196.05249999999995,
          196.22420800000006,
          196.25387500000002,
          196.20666599999993,
          196.37487500000006,
          196.5260830000002,
          196.78258300000007,
          196.62687499999976,
          196.46916700000006,
          196.1752080000001,
          196.41591700000038
        ],
        "error": ""
      },
      {
        "opening_name": "startpos",
        "opening_fen": "rnbqkbnr/pppppppp/8/8/8/8/PPPPPPPP/RNBQKBNR w KQkq - 0 1",
        "result": "draw",
        "score_a": 0.5,
        "plies": 13,
        "adjudicated": false,
        "player_a_color": "black",
        "player_a_timeouts": 0,
        "player_b_timeouts": 0,
        "player_a_moves": 6,
        "player_b_moves": 7,
        "player_a_crashes": 0,
        "player_b_crashes": 0,
        "response_times_ms": [
          196.24754200000007,
          196.35704100000018,
          196.379791,
          196.2760830000003,
          196.34874999999985,
          196.11199999999985,
          196.78220800000014,
          196.1837079999995,
          196.59099999999972,
          196.49591700000002,
          196.22408299999972,
          196.31970799999988,
          196.16945900000005
        ],
        "error": ""
      },
      {
        "opening_name": "queens_pawn",
        "opening_fen": "rnbqkbnr/ppp1pppp/8/3p4/3P4/8/PPP1PPPP/RNBQKBNR w KQkq - 0 2",
        "result": "loss",
        "score_a": 0.0,
        "plies": 20,
        "adjudicated": true,
        "player_a_color": "white",
        "player_a_timeouts": 0,
        "player_b_timeouts": 0,
        "player_a_moves": 10,
        "player_b_moves": 10,
        "player_a_crashes": 0,
        "player_b_crashes": 0,
        "response_times_ms": [
          196.2775420000007,
          196.31141700000043,
          196.0359579999995,
          196.25674999999987,
          196.19520800000066,
          196.25383400000018,
          196.45462500000033,
          196.13262499999973,
          196.240875,
          196.52245899999966,
          196.299625,
          196.0694580000002,
          196.22849999999926,
          196.12424999999956,
          196.61412499999997,
          196.17637499999853,
          196.11795799999854,
          196.5435419999988,
          196.11800000000022,
          196.18137500000012
        ],
        "error": ""
      },
      {
        "opening_name": "queens_pawn",
        "opening_fen": "rnbqkbnr/ppp1pppp/8/3p4/3P4/8/PPP1PPPP/RNBQKBNR w KQkq - 0 2",
        "result": "win",
        "score_a": 1.0,
        "plies": 20,
        "adjudicated": true,
        "player_a_color": "black",
        "player_a_timeouts": 0,
        "player_b_timeouts": 0,
        "player_a_moves": 10,
        "player_b_moves": 10,
        "player_a_crashes": 0,
        "player_b_crashes": 0,
        "response_times_ms": [
          196.19908299999977,
          196.12283300000044,
          196.0507079999996,
          196.24299999999906,
          196.61954200000054,
          196.42766700000004,
          196.2529170000007,
          196.07945799999982,
          196.0658750000004,
          196.17666700000137,
          196.56483300000005,
          196.1655000000011,
          196.5926249999992,
          196.12941699999988,
          196.64575000000008,
          196.52050000000008,
          196.19720899999925,
          196.1375419999989,
          196.36912499999858,
          200.8422920000008
        ],
        "error": ""
      },
      {
        "opening_name": "ruy_lopez",
        "opening_fen": "r1bqkbnr/pppp1ppp/2n5/1B2p3/4P3/5N2/PPPP1PPP/RNBQK2R b KQkq - 3 3",
        "result": "draw",
        "score_a": 0.5,
        "plies": 15,
        "adjudicated": false,
        "player_a_color": "white",
        "player_a_timeouts": 0,
        "player_b_timeouts": 0,
        "player_a_moves": 7,
        "player_b_moves": 8,
        "player_a_crashes": 0,
        "player_b_crashes": 0,
        "response_times_ms": [
          196.34770800000112,
          196.52462500000036,
          196.1005,
          196.14541600000024,
          196.08204200000046,
          196.2867080000006,
          196.05662499999886,
          196.03745800000104,
          196.26529199999965,
          196.16595799999993,
          196.04350000000005,
          196.37050000000045,
          196.7232079999999,
          196.2778329999999,
          196.6231669999985
        ],
        "error": ""
      },
      {
        "opening_name": "ruy_lopez",
        "opening_fen": "r1bqkbnr/pppp1ppp/2n5/1B2p3/4P3/5N2/PPPP1PPP/RNBQK2R b KQkq - 3 3",
        "result": "draw",
        "score_a": 0.5,
        "plies": 15,
        "adjudicated": false,
        "player_a_color": "black",
        "player_a_timeouts": 0,
        "player_b_timeouts": 0,
        "player_a_moves": 8,
        "player_b_moves": 7,
        "player_a_crashes": 0,
        "player_b_crashes": 0,
        "response_times_ms": [
          196.06275000000295,
          196.23020799999935,
          196.45520799999971,
          196.17283400000218,
          196.1060419999967,
          196.3288750000025,
          196.11741599999988,
          196.129667000001,
          196.42395800000045,
          196.1578330000009,
          196.15766700000137,
          196.6252500000003,
          196.16024999999837,
          196.30775000000256,
          196.35716599999853
        ],
        "error": ""
      },
      {
        "opening_name": "italian_game",
        "opening_fen": "r1bqk1nr/pppp1ppp/2n5/2b1p3/2B1P3/5N2/PPPP1PPP/RNBQK2R w KQkq - 4 4",
        "result": "loss",
        "score_a": 0.0,
        "plies": 10,
        "adjudicated": false,
        "player_a_color": "white",
        "player_a_timeouts": 0,
        "player_b_timeouts": 0,
        "player_a_moves": 5,
        "player_b_moves": 5,
        "player_a_crashes": 0,
        "player_b_crashes": 0,
        "response_times_ms": [
          196.02300000000028,
          196.32641600000156,
          196.49187499999954,
          196.25004100000254,
          196.18254199999896,
          196.14187499999858,
          196.24783399999757,
          196.51141599999988,
          196.21154200000035,
          26.642750000000603
        ],
        "error": ""
      },
      {
        "opening_name": "italian_game",
        "opening_fen": "r1bqk1nr/pppp1ppp/2n5/2b1p3/2B1P3/5N2/PPPP1PPP/RNBQK2R w KQkq - 4 4",
        "result": "win",
        "score_a": 1.0,
        "plies": 10,
        "adjudicated": false,
        "player_a_color": "black",
        "player_a_timeouts": 0,
        "player_b_timeouts": 0,
        "player_a_moves": 5,
        "player_b_moves": 5,
        "player_a_crashes": 0,
        "player_b_crashes": 0,