{
  "feedback_source": "self_play",
  "summary": {
    "games": 16,
    "wins_a": 2,
    "losses_a": 2,
    "draws": 12,
    "score_a": 8.0,
    "mean_score_a": 0.5,
    "game_scores_a": [
      0.5,
      0.5,
      0.0,
      1.0,
      0.5,
      0.5,
      0.5,
      0.5,
      1.0,
      0.0,
      0.5,
      0.5,
      0.5,
      0.5,
      0.5,
      0.5
    ],
    "player_a_moves": 121,
    "player_b_moves": 121,
    "player_a_timeouts": 0,
    "player_b_timeouts": 0,
    "player_a_crashes": 0,
    "player_b_crashes": 0,
    "results": [
      {
        "opening_name": "startpos",
        "opening_fen": "rnbqkbnr/pppppppp/8/8/8/8/PPPPPPPP/RNBQKBNR w KQkq - 0 1",
        "result": "draw",
        "score_a": 0.5,
        "plies": 13,
        "adjudicated": false,
        "player_a_color": "white",
        "player_a_timeouts": 0,
        "player_b_timeouts": 0,
        "player_a_moves": 7,
        "player_b_moves": 6,
        "player_a_crashes": 0,
        "player_b_crashes": 0,
        "response_times_ms": [
          196.2155000000223,
          196.1786670000265,
          196.51508300000842,
          196.17466700000818,
          196.18520800000283,
          196.31920799997715,
          196.0383339999794,
          196.56133399999476,
          196.674416999997,
          196.1541670000031,
          196.1248749999811,
          196.3700000000017,
          196.0893330000033
        ],
        "error": ""
      },
      {
        "opening_name": "startpos",
        "opening_fen": "rnbqkbnr/pppppppp/8/8/8/8/PPPPPPPP/RNBQKBNR w KQkq - 0 1",
        "result": "draw",
        "score_a": 0.5,
        "plies": 13,
        "adjudicated": false,
        "player_a_color": "black",
        "player_a_timeouts": 0,
        "player_b_timeouts": 0,
        "player_a_moves": 6,
        "player_b_moves": 7,
        "player_a_crashes": 0,
        "player_b_crashes": 0,
        "response_times_ms": [
          196.15462499999126,
          196.3824580000164,
          196.1524999999824,
          196.30145899998297,
          196.4879169999847,
          196.2327909999999,
          196.06437499999174,
          196.11841699997967,
          196.3247089999811,
          196.30333399999245,
          196.45529200002443,
          196.1910830000022,
          196.07529199998908
        ],
        "error": ""
      },
      {
        "opening_name": "queens_pawn",
        "opening_fen": "rnbqkbnr/ppp1pppp/8/3p4/3P4/8/PPP1PPPP/RNBQKBNR w KQkq - 0 2",
        "result": "loss",
        "score_a": 0.0,
        "plies": 20,
        "adjudicated": true,
        "player_a_color": "white",
        "player_a_timeouts": 0,
        "player_b_timeouts": 0,
        "player_a_moves": 10,
        "player_b_moves": 10,
        "player_a_crashes": 0,
        "player_b_crashes": 0,
        "response_times_ms": [
          196.5806669999779,
          196.54791700000374,
          196.54387500000325,
          196.29233300000237,
          196.47924999998168,
          196.2252079999871,
          196.5550829999927,
          196.2237909999942,
          196.0580420000042,
          196.20716599999355,
          196.21170799999277,
          196.20566700001518,
          196.54550000001336,
          196.13516699999423,
          196.03145900001095,
          196.04833400001098,
          196.30829100000824,
          196.03395800001522,
          196.49087499999496,
          196.39654200000223
        ],
        "error": ""
      },
      {
        "opening_name": "queens_pawn",
        "opening_fen": "rnbqkbnr/ppp1pppp/8/3p4/3P4/8/PPP1PPPP/RNBQKBNR w KQkq - 0 2",
        "result": "win",
        "score_a": 1.0,
        "plies": 20,
        "adjudicated": true,
        "player_a_color": "black",
        "player_a_timeouts": 0,
        "player_b_timeouts": 0,
        "player_a_moves": 10,
        "player_b_moves": 10,
        "player_a_crashes": 0,
        "player_b_crashes": 0,
        "response_times_ms": [
          196.80158299999562,
          196.65558300002317,
          196.4692920000175,
          196.45450000001574,
          196.14654200000814,
          196.05845799998178,
          196.27137500000913,
          196.1418340000023,
          196.3787919999902,
          196.19433400001185,
          196.3471249999884,
          196.54549999998494,
          196.44537499999615,
          196.23041700000954,
          196.25399999998194,
          196.10287500000823,
          196.03629200000228,
          196.20604200000002,
          196.11529200000177,
          196.1480409999865
        ],
        "error": ""
      },
      {
        "opening_name": "ruy_lopez",
        "opening_fen": "r1bqkbnr/pppp1ppp/2n5/1B2p3/4P3/5N2/PPPP1PPP/RNBQK2R b KQkq - 3 3",
        "result": "draw",
        "score_a": 0.5,
        "plies": 17,
        "adjudicated": false,
        "player_a_color": "white",
        "player_a_timeouts": 0,
        "player_b_timeouts": 0,
        "player_a_moves": 8,
        "player_b_moves": 9,
        "player_a_crashes": 0,
        "player_b_crashes": 0,
        "response_times_ms": [
          196.39445900000396,
          196.51408300001094,
          196.30225000000223,
          196.70974999999657,
          196.1250829999983,
          196.11929100000225,
          196.42037500000242,
          196.3351250000187,
          196.18083299999967,
          196.02829100000463,
          196.0818750000044,
          196.27700000000914,
          196.06558300000643,
          196.05691700002126,
          196.037208000007,
          196.64008300000546,
          196.11954199999104
        ],
        "error": ""
      },
      {
        "opening_name": "ruy_lopez",
        "opening_fen": "r1bqkbnr/pppp1ppp/2n5/1B2p3/4P3/5N2/PPPP1PPP/RNBQK2R b KQkq - 3 3",
        "result": "draw",
        "score_a": 0.5,
        "plies": 17,
        "adjudicated": false,
        "player_a_color": "black",
        "player_a_timeouts": 0,
        "player_b_timeouts": 0,
        "player_a_moves": 9,
        "player_b_moves": 8,
        "player_a_crashes": 0,
        "player_b_crashes": 0,
        "response_times_ms": [
          196.39004199999022,
          196.5403750000121,
          196.0461250000094,
          196.16891699999428,
          196.41779200000542,
          196.15287499999567,
          196.1001660000079,
          196.20708399997966,
          199.73445799999467,
          196.58599999999637,
          196.253750000011,
          196.1132919999784,
          196.50250000000824,
          196.20137500001533,
          196.36074999999664,
          196.11833399997636,
          196.5812079999978
        ],
        "error": ""
      },
      {
        "opening_name": "italian_game",
        "opening_fen": "r1bqk1nr/pppp1ppp/2n5/2b1p3/2B1P3/5N2/PPPP1PPP/RNBQK2R w KQkq - 4 4",
        "result": "draw",
        "score_a": 0.5,
        "plies": 11,
        "adjudicated": false,
        "player_a_color": "white",
        "player_a_timeouts": 0,
        "player_b_timeouts": 0,
        "player_a_moves": 6,
        "player_b_moves": 5,
        "player_a_crashes": 0,
        "player_b_crashes": 0,
        "response_times_ms": [
          196.12695799997937,
          196.1784160000093,
          196.38416699999084,
          196.6841670000008,
          196.15170899999157,
          196.12983400000417,
          196.55437500000517,
          196.15433399999915,
          196.12470800001347,
          196.57945899999163,
          196.20908400000303
        ],
        "error": ""
      },
      {
        "opening_name": "italian_game",
        "opening_fen": "r1bqk1nr/pppp1ppp/2n5/2b1p3/2B1P3/5N2/PPPP1PPP/RNBQK2R w KQkq - 4 4",
        "result": "draw",
        "score_a": 0.5,
        "plies": 11,
        "adjudicated": false,
        "player_a_color": "black",
        "player_a_timeouts": 0,
        "player_b_timeouts": 0,
        "player_a_moves": 5,
        "player_b_moves": 6,
        "player_a_crashes": 0,
        "player_b_crashes": 0,