{
  "feedback_source": "self_play",
  "summary": {
    "games": 16,
    "wins_a": 1,
    "losses_a": 1,
    "draws": 14,
    "score_a": 8.0,
    "mean_score_a": 0.5,
    "game_scores_a": [
      0.5,
      0.5,
      0.0,
      1.0,
      0.5,
      0.5,
      0.5,
      0.5,
      0.5,
      0.5,
      0.5,
      0.5,
      0.5,
      0.5,
      0.5,
      0.5
    ],
    "player_a_moves": 111,
    "player_b_moves": 111,
    "player_a_timeouts": 0,
    "player_b_timeouts": 0,
    "player_a_crashes": 0,
    "player_b_crashes": 0,
    "results": [
      {
        "opening_name": "startpos",
        "opening_fen": "rnbqkbnr/pppppppp/8/8/8/8/PPPPPPPP/RNBQKBNR w KQkq - 0 1",
        "result": "draw",
        "score_a": 0.5,
        "plies": 13,
        "adjudicated": false,
        "player_a_color": "white",
        "player_a_timeouts": 0,
        "player_b_timeouts": 0,
        "player_a_moves": 7,
        "player_b_moves": 6,
        "player_a_crashes": 0,
        "player_b_crashes": 0,
        "response_times_ms": [
          196.581042,
          196.56241699999993,
          196.24133300000003,
          196.24491599999993,
          196.28533399999992,
          196.25154199999994,
          196.40016599999987,
          196.11224999999988,
          196.52162499999991,
          196.4254999999997,
          196.286792,
          196.08145799999966,
          196.15683299999986
        ],
        "error": ""
      },
      {
        "opening_name": "startpos",
        "opening_fen": "rnbqkbnr/pppppppp/8/8/8/8/PPPPPPPP/RNBQKBNR w KQkq - 0 1",
        "result": "draw",
        "score_a": 0.5,
        "plies": 13,
        "adjudicated": false,
        "player_a_color": "black",
        "player_a_timeouts": 0,
        "player_b_timeouts": 0,
        "player_a_moves": 6,
        "player_b_moves": 7,
        "player_a_crashes": 0,
        "player_b_crashes": 0,
        "response_times_ms": [
          196.3102910000001,
          196.27900000000008,
          196.58529199999998,
          196.0917499999999,
          196.477958,
          196.4019170000002,
          196.05091699999954,
          196.34416699999946,
          196.22012499999997,
          196.17266599999982,
          196.4073329999998,
          196.28074999999967,
          196.30070899999996
        ],
        "error": ""
      },
      {
        "opening_name": "queens_pawn",
        "opening_fen": "rnbqkbnr/ppp1pppp/8/3p4/3P4/8/PPP1PPPP/RNBQKBNR w KQkq - 0 2",
        "result": "loss",
        "score_a": 0.0,
        "plies": 20,
        "adjudicated": true,
        "player_a_color": "white",
        "player_a_timeouts": 0,
        "player_b_timeouts": 0,
        "player_a_moves": 10,
        "player_b_moves": 10,
        "player_a_crashes": 0,
        "player_b_crashes": 0,
        "response_times_ms": [
          196.25058300000032,
          196.39533299999988,
          196.1249580000004,
          196.14620800000006,
          196.42425000000063,
          196.22416599999949,
          196.142708,
          196.12812499999956,
          196.18145899999996,
          196.25941700000027,
          196.40587499999995,
          196.11916699999998,
          196.14200000000005,
          196.5025410000001,
          196.23983299999992,
          196.18350000000007,
          196.5007500000002,
          196.05066699999975,
          196.83666599999938,
          196.1975410000001
        ],
        "error": ""
      },
      {
        "opening_name": "queens_pawn",
        "opening_fen": "rnbqkbnr/ppp1pppp/8/3p4/3P4/8/PPP1PPPP/RNBQKBNR w KQkq - 0 2",
        "result": "win",
        "score_a": 1.0,
        "plies": 20,
        "adjudicated": true,
        "player_a_color": "black",
        "player_a_timeouts": 0,
        "player_b_timeouts": 0,
        "player_a_moves": 10,
        "player_b_moves": 10,
        "player_a_crashes": 0,
        "player_b_crashes": 0,
        "response_times_ms": [
          196.37654099999935,
          196.7750000000006,
          196.11891699999973,
          196.40391699999958,
          196.56820800000042,
          196.37445900000117,
          196.33508299999926,
          196.0339169999994,
          196.42770899999994,
          196.44475000000128,
          196.36833300000058,
          196.19624999999985,
          196.7064580000013,
          196.44062499999927,
          196.13616700000057,
          196.2070829999991,
          196.0693330000005,
          196.12241699999976,
          196.1177499999991,
          196.26154200000025
        ],
        "error": ""
      },
      {
        "opening_name": "ruy_lopez",
        "opening_fen": "r1bqkbnr/pppp1ppp/2n5/1B2p3/4P3/5N2/PPPP1PPP/RNBQK2R b KQkq - 3 3",
        "result": "draw",
        "score_a": 0.5,
        "plies": 11,
        "adjudicated": false,
        "player_a_color": "white",
        "player_a_timeouts": 0,
        "player_b_timeouts": 0,
        "player_a_moves": 5,
        "player_b_moves": 6,
        "player_a_crashes": 0,
        "player_b_crashes": 0,
        "response_times_ms": [
          196.55025000000137,
          196.12937499999992,
          196.27337500000053,
          196.10358400000115,
          196.13520800000117,
          196.3436250000008,
          196.2287499999995,
          196.23508299999946,
          196.2818329999987,
          196.05354200000136,
          196.38591700000063
        ],
        "error": ""
      },
      {
        "opening_name": "ruy_lopez",
        "opening_fen": "r1bqkbnr/pppp1ppp/2n5/1B2p3/4P3/5N2/PPPP1PPP/RNBQK2R b KQkq - 3 3",
        "result": "draw",
        "score_a": 0.5,
        "plies": 11,
        "adjudicated": false,
        "player_a_color": "black",
        "player_a_timeouts": 0,
        "player_b_timeouts": 0,
        "player_a_moves": 6,
        "player_b_moves": 5,
        "player_a_crashes": 0,
        "player_b_crashes": 0,
        "response_times_ms": [
          196.47320900000054,
          196.2906249999996,
          196.08416700000043,
          196.20345899999947,
          196.54287500000223,
          196.10237499999883,
          196.03937500000157,
          196.18120799999872,
          196.50983300000036,
          196.21008300000042,
          196.5385409999989
        ],
        "error": ""
      },
      {
        "opening_name": "italian_game",
        "opening_fen": "r1bqk1nr/pppp1ppp/2n5/2b1p3/2B1P3/5N2/PPPP1PPP/RNBQK2R w KQkq - 4 4",
        "result": "draw",
        "score_a": 0.5,
        "plies": 11,
        "adjudicated": false,
        "player_a_color": "white",
        "player_a_timeouts": 0,
        "player_b_timeouts": 0,
        "player_a_moves": 6,
        "player_b_moves": 5,
        "player_a_crashes": 0,
        "player_b_crashes": 0,
        "response_times_ms": [
          196.54141700000238,
          196.2476670000015,
          196.32179100000258,
          196.23612499999865,
          196.05162500000262,
          196.52179199999864,
          196.0641669999994,
          196.26716699999847,
          196.09670899999898,
          196.56983299999808,
          196.43366700000087
        ],
        "error": ""
      },
      {
        "opening_name": "italian_game",
        "opening_fen": "r1bqk1nr/pppp1ppp/2n5/2b1p3/2B1P3/5N2/PPPP1PPP/RNBQK2R w KQkq - 4 4",
        "result": "draw",
        "score_a": 0.5,
        "plies": 11,
        "adjudicated": false,
        "player_a_color": "black",
        "player_a_timeouts": 0,
        "player_b_timeouts": 0,
        "player_a_moves": 5,
        "player_b_moves": 6,
        "player_a_crashes": 0,
        "player_b_crashes": 0,
        "response_times_ms": [
          196.12241700000155,
          196.1832500000007,
          196.2508750000005,
          196.4995000000016,
          196.64079200000018,
          196.05304200000262,
          196.31495900000218,
          196.37770799999998,
          196.184959,
          196.26450000000162,
          196.1522089999974
        ],