{
  "feedback_source": "self_play",
  "summary": {
    "games": 16,
    "wins_a": 3,
    "losses_a": 2,
    "draws": 11,
    "score_a": 8.5,
    "mean_score_a": 0.53125,
    "game_scores_a": [
      0.5,
      0.5,
      0.0,
      1.0,
      0.5,
      0.5,
      0.5,
      0.5,
      1.0,
      0.0,
      0.5,
      0.5,
      1.0,
      0.5,
      0.5,
      0.5
    ],
    "player_a_moves": 126,
    "player_b_moves": 125,
    "player_a_timeouts": 0,
    "player_b_timeouts": 0,
    "player_a_crashes": 0,
    "player_b_crashes": 0,
    "results": [
      {
        "opening_name": "startpos",
        "opening_fen": "rnbqkbnr/pppppppp/8/8/8/8/PPPPPPPP/RNBQKBNR w KQkq - 0 1",
        "result": "draw",
        "score_a": 0.5,
        "plies": 13,
        "adjudicated": false,
        "player_a_color": "white",
        "player_a_timeouts": 0,
        "player_b_timeouts": 0,
        "player_a_moves": 7,
        "player_b_moves": 6,
        "player_a_crashes": 0,
        "player_b_crashes": 0,
        "response_times_ms": [
          196.08820800002036,
          196.27700000000914,
          196.0860829999831,
          196.39179200001422,
          196.1412500000108,
          196.3717499999973,
          196.64345800001115,
          196.38000000000488,
          196.0700840000129,
          196.09916600001043,
          196.26212500000406,
          196.3792079999962,
          196.34658399999694
        ],
        "error": ""
      },
      {
        "opening_name": "startpos",
        "opening_fen": "rnbqkbnr/pppppppp/8/8/8/8/PPPPPPPP/RNBQKBNR w KQkq - 0 1",
        "result": "draw",
        "score_a": 0.5,
        "plies": 13,
        "adjudicated": false,
        "player_a_color": "black",
        "player_a_timeouts": 0,
        "player_b_timeouts": 0,
        "player_a_moves": 6,
        "player_b_moves": 7,
        "player_a_crashes": 0,
        "player_b_crashes": 0,
        "response_times_ms": [
          196.17437499999824,
          196.36399999998844,
          196.44374999998604,
          196.3771670000085,
          196.33704199998192,
          196.4447919999941,
          196.32674999999722,
          196.4037089999806,
          196.15162499999883,
          196.06504200001496,
          196.22566600000368,
          196.1174169999822,
          196.18370800000662
        ],
        "error": ""
      },
      {
        "opening_name": "queens_pawn",
        "opening_fen": "rnbqkbnr/ppp1pppp/8/3p4/3P4/8/PPP1PPPP/RNBQKBNR w KQkq - 0 2",
        "result": "loss",
        "score_a": 0.0,
        "plies": 20,
        "adjudicated": true,
        "player_a_color": "white",
        "player_a_timeouts": 0,
        "player_b_timeouts": 0,
        "player_a_moves": 10,
        "player_b_moves": 10,
        "player_a_crashes": 0,
        "player_b_crashes": 0,
        "response_times_ms": [
          196.29420800001185,
          196.1390829999914,
          196.05245799999693,
          196.6972499999997,
          196.34116699998572,
          196.04104199999028,
          196.3524580000069,
          196.11737500000004,
          196.258916000005,
          196.128458000004,
          196.5026249999937,
          196.0380000000157,
          196.10262500000886,
          196.103082999997,
          196.05483299997672,
          196.39241699999843,
          196.56000000000518,
          196.11779199999546,
          196.2099579999972,
          196.12937499999816
        ],
        "error": ""
      },
      {
        "opening_name": "queens_pawn",
        "opening_fen": "rnbqkbnr/ppp1pppp/8/3p4/3P4/8/PPP1PPPP/RNBQKBNR w KQkq - 0 2",
        "result": "win",
        "score_a": 1.0,
        "plies": 20,
        "adjudicated": true,
        "player_a_color": "black",
        "player_a_timeouts": 0,
        "player_b_timeouts": 0,
        "player_a_moves": 10,
        "player_b_moves": 10,
        "player_a_crashes": 0,
        "player_b_crashes": 0,
        "response_times_ms": [
          196.3078340000095,
          197.19700000001694,
          196.45599999998353,
          196.04670799998303,
          196.1785419999842,
          196.15575000000263,
          196.25320800000168,
          196.3741250000055,
          196.52945799998633,
          196.31420799998978,
          196.19270800001232,
          196.2553750000211,
          196.5068750000114,
          196.08895899997947,
          196.3765420000243,
          196.08020800001214,
          196.56729100000803,
          196.1842919999981,
          196.1325830000078,
          196.2050000000204
        ],
        "error": ""
      },
      {
        "opening_name": "ruy_lopez",
        "opening_fen": "r1bqkbnr/pppp1ppp/2n5/1B2p3/4P3/5N2/PPPP1PPP/RNBQK2R b KQkq - 3 3",
        "result": "draw",
        "score_a": 0.5,
        "plies": 15,
        "adjudicated": false,
        "player_a_color": "white",
        "player_a_timeouts": 0,
        "player_b_timeouts": 0,
        "player_a_moves": 7,
        "player_b_moves": 8,
        "player_a_crashes": 0,
        "player_b_crashes": 0,
        "response_times_ms": [
          196.38708299999053,
          196.1142920000043,
          196.13712500000702,
          196.33845899997482,
          196.17350000001466,
          196.6057089999822,
          196.0461250000094,
          196.25020799998083,
          196.43475000000876,
          196.0776669999973,
          196.43474999998034,
          196.50225000000887,
          196.33608399999503,
          196.61341599999105,
          196.37695800000188
        ],
        "error": ""
      },
      {
        "opening_name": "ruy_lopez",
        "opening_fen": "r1bqkbnr/pppp1ppp/2n5/1B2p3/4P3/5N2/PPPP1PPP/RNBQK2R b KQkq - 3 3",
        "result": "draw",
        "score_a": 0.5,
        "plies": 13,
        "adjudicated": false,
        "player_a_color": "black",
        "player_a_timeouts": 0,
        "player_b_timeouts": 0,
        "player_a_moves": 7,
        "player_b_moves": 6,
        "player_a_crashes": 0,
        "player_b_crashes": 0,
        "response_times_ms": [
          196.6189590000056,
          196.4092500000163,
          196.67674999999463,
          196.35295899999505,
          196.4022919999877,
          196.1732500000153,
          196.22404200001142,
          196.21570900000052,
          196.19183300000032,
          196.16004100001305,
          196.32216700000527,
          196.1423330000116,
          196.35533300001384
        ],
        "error": ""
      },
      {
        "opening_name": "italian_game",
        "opening_fen": "r1bqk1nr/pppp1ppp/2n5/2b1p3/2B1P3/5N2/PPPP1PPP/RNBQK2R w KQkq - 4 4",
        "result": "draw",
        "score_a": 0.5,
        "plies": 11,
        "adjudicated": false,
        "player_a_color": "white",
        "player_a_timeouts": 0,
        "player_b_timeouts": 0,
        "player_a_moves": 6,
        "player_b_moves": 5,
        "player_a_crashes": 0,
        "player_b_crashes": 0,
        "response_times_ms": [
          196.07062500000438,
          196.43020800000954,
          196.0911660000022,
          196.39554200000475,
          196.05416599998193,
          196.37279200000535,
          196.186541000003,
          196.56887499999698,
          196.57945899999163,
          196.39183399999638,
          196.15916699999048
        ],
        "error": ""
      },
      {
        "opening_name": "italian_game",
        "opening_fen": "r1bqk1nr/pppp1ppp/2n5/2b1p3/2B1P3/5N2/PPPP1PPP/RNBQK2R w KQkq - 4 4",
        "result": "draw",
        "score_a": 0.5,
        "plies": 11,
        "adjudicated": false,
        "player_a_color": "black",
        "player_a_timeouts": 0,
        "player_b_timeouts": 0,
        "player_a_moves": 5,
        "player_b_moves": 6,
        "player_a_crashes": 0,
        "player_b_crashes": 0,