{
  "feedback_source": "self_play",
  "summary": {
    "games": 16,
    "wins_a": 2,
    "losses_a": 2,
    "draws": 12,
    "score_a": 8.0,
    "mean_score_a": 0.5,
    "game_scores_a": [
      0.5,
      0.5,
      0.0,
      1.0,
      0.5,
      0.5,
      0.5,
      0.5,
      1.0,
      0.0,
      0.5,
      0.5,
      0.5,
      0.5,
      0.5,
      0.5
    ],
    "player_a_moves": 121,
    "player_b_moves": 121,
    "player_a_timeouts": 0,
    "player_b_timeouts": 0,
    "player_a_crashes": 0,
    "player_b_crashes": 0,
    "results": [
      {
        "opening_name": "startpos",
        "opening_fen": "rnbqkbnr/pppppppp/8/8/8/8/PPPPPPPP/RNBQKBNR w KQkq - 0 1",
        "result": "draw",
        "score_a": 0.5,
        "plies": 13,
        "adjudicated": false,
        "player_a_color": "white",
        "player_a_timeouts": 0,
        "player_b_timeouts": 0,
        "player_a_moves": 7,
        "player_b_moves": 6,
        "player_a_crashes": 0,
        "player_b_crashes": 0,
        "response_times_ms": [
          196.12275000000068,
          196.3102089999893,
          196.25466700000516,
          196.4580829999818,
          196.06654200001117,
          196.06595799999127,
          196.1260000000209,
          196.59974999999008,
          196.24175000001287,
          196.11474999999245,
          196.554333999984,
          196.50687499998298,
          196.27070800001434
        ],
        "error": ""
      },
      {
        "opening_name": "startpos",
        "opening_fen": "rnbqkbnr/pppppppp/8/8/8/8/PPPPPPPP/RNBQKBNR w KQkq - 0 1",
        "result": "draw",
        "score_a": 0.5,
        "plies": 13,
        "adjudicated": false,
        "player_a_color": "black",
        "player_a_timeouts": 0,
        "player_b_timeouts": 0,
        "player_a_moves": 6,
        "player_b_moves": 7,
        "player_a_crashes": 0,
        "player_b_crashes": 0,
        "response_times_ms": [
          196.07024999999112,
          196.25975000002427,
          196.1563339999941,
          196.19883300001106,
          196.57829099998025,
          196.04554199997892,
          196.44341700001178,
          196.52008300002421,
          196.54366699998604,
          196.4376249999873,
          196.1906669999962,
          196.31220899998425,
          196.22008299998583
        ],
        "error": ""
      },
      {
        "opening_name": "queens_pawn",
        "opening_fen": "rnbqkbnr/ppp1pppp/8/3p4/3P4/8/PPP1PPPP/RNBQKBNR w KQkq - 0 2",
        "result": "loss",
        "score_a": 0.0,
        "plies": 20,
        "adjudicated": true,
        "player_a_color": "white",
        "player_a_timeouts": 0,
        "player_b_timeouts": 0,
        "player_a_moves": 10,
        "player_b_moves": 10,
        "player_a_crashes": 0,
        "player_b_crashes": 0,
        "response_times_ms": [
          196.22104100000115,
          196.28216599997472,
          196.2346669999988,
          196.3393329999974,
          196.59270799999717,
          196.24149999998508,
          196.28962499999147,
          196.05645800001525,
          196.07733300000518,
          196.26170800000864,
          196.14337499999124,
          196.42295900001727,
          196.20824999998376,
          196.1329169999999,
          196.11100000000192,
          196.16479100000106,
          196.35737500001937,
          196.14229100000102,
          196.3444589999881,
          196.1618329999908
        ],
        "error": ""
      },
      {
        "opening_name": "queens_pawn",
        "opening_fen": "rnbqkbnr/ppp1pppp/8/3p4/3P4/8/PPP1PPPP/RNBQKBNR w KQkq - 0 2",
        "result": "win",
        "score_a": 1.0,
        "plies": 20,
        "adjudicated": true,
        "player_a_color": "black",
        "player_a_timeouts": 0,
        "player_b_timeouts": 0,
        "player_a_moves": 10,
        "player_b_moves": 10,
        "player_a_crashes": 0,
        "player_b_crashes": 0,
        "response_times_ms": [
          196.22520899997653,
          196.36812500002065,
          196.2489580000124,
          196.702834000007,
          196.04433300000323,
          196.4157499999999,
          196.58725000002164,
          196.07799999999997,
          196.37679199999525,
          196.06641600000785,
          196.07241600002112,
          196.17770799999334,
          196.17141599999854,
          196.15779200000816,
          196.03037499999232,
          196.13649999999438,
          196.1400839999783,
          196.26016600000185,
          196.48741700001437,
          196.1086249999937
        ],
        "error": ""
      },
      {
        "opening_name": "ruy_lopez",
        "opening_fen": "r1bqkbnr/pppp1ppp/2n5/1B2p3/4P3/5N2/PPPP1PPP/RNBQK2R b KQkq - 3 3",
        "result": "draw",
        "score_a": 0.5,
        "plies": 17,
        "adjudicated": false,
        "player_a_color": "white",
        "player_a_timeouts": 0,
        "player_b_timeouts": 0,
        "player_a_moves": 8,
        "player_b_moves": 9,
        "player_a_crashes": 0,
        "player_b_crashes": 0,
        "response_times_ms": [
          196.25299999998447,
          196.62875000000213,
          196.14133300001413,
          196.31620900000257,
          196.2683329999777,
          196.1002919999828,
          196.1992500000065,
          196.03208300000574,
          196.52716699999928,
          196.17354199999681,
          196.08150000001956,
          196.07079200000044,
          196.08245800000645,
          196.19629099997837,
          196.34654199998636,
          196.11766699998157,
          196.197374999997
        ],
        "error": ""
      },
      {
        "opening_name": "ruy_lopez",
        "opening_fen": "r1bqkbnr/pppp1ppp/2n5/1B2p3/4P3/5N2/PPPP1PPP/RNBQK2R b KQkq - 3 3",
        "result": "draw",
        "score_a": 0.5,
        "plies": 17,
        "adjudicated": false,
        "player_a_color": "black",
        "player_a_timeouts": 0,
        "player_b_timeouts": 0,
        "player_a_moves": 9,
        "player_b_moves": 8,
        "player_a_crashes": 0,
        "player_b_crashes": 0,
        "response_times_ms": [
          196.21116600001187,
          196.2440000000072,
          196.12374999999815,
          196.08974999999873,
          196.24425000000656,
          203.33266700001218,
          196.33087500000101,
          196.08874999997283,
          196.16454199999112,
          196.11691700001188,
          196.3525839999818,
          196.285166999985,
          196.7250829999898,
          196.46229199997833,
          196.11254200000872,
          196.21695899999736,
          196.68179199999258
        ],
        "error": ""
      },
      {
        "opening_name": "italian_game",
        "opening_fen": "r1bqk1nr/pppp1ppp/2n5/2b1p3/2B1P3/5N2/PPPP1PPP/RNBQK2R w KQkq - 4 4",
        "result": "draw",
        "score_a": 0.5,
        "plies": 11,
        "adjudicated": false,
        "player_a_color": "white",
        "player_a_timeouts": 0,
        "player_b_timeouts": 0,
        "player_a_moves": 6,
        "player_b_moves": 5,
        "player_a_crashes": 0,
        "player_b_crashes": 0,
        "response_times_ms": [
          196.229250000016,
          196.20795800000224,
          196.09179200000426,
          196.4171669999928,
          196.47895800000015,
          196.11458400001425,
          196.09416600002305,
          196.15591699999868,
          196.30391700002292,
          196.41274999997904,
          196.44099999999298
        ],
        "error": ""
      },
      {
        "opening_name": "italian_game",
        "opening_fen": "r1bqk1nr/pppp1ppp/2n5/2b1p3/2B1P3/5N2/PPPP1PPP/RNBQK2R w KQkq - 4 4",
        "result": "draw",
        "score_a": 0.5,
        "plies": 11,
        "adjudicated": false,
        "player_a_color": "black",
        "player_a_timeouts": 0,
        "player_b_timeouts": 0,
        "player_a_moves": 5,
        "player_b_moves": 6,
        "player_a_crashes": 0,
        "player_b_crashes": 0,