{
  "feedback_source": "self_play",
  "summary": {
    "games": 16,
    "wins_a": 1,
    "losses_a": 0,
    "draws": 15,
    "score_a": 8.5,
    "mean_score_a": 0.53125,
    "game_scores_a": [
      0.5,
      0.5,
      0.5,
      0.5,
      1.0,
      0.5,
      0.5,
      0.5,
      0.5,
      0.5,
      0.5,
      0.5,
      0.5,
      0.5,
      0.5,
      0.5
    ],
    "player_a_moves": 131,
    "player_b_moves": 129,
    "player_a_timeouts": 0,
    "player_b_timeouts": 0,
    "player_a_crashes": 0,
    "player_b_crashes": 0,
    "results": [
      {
        "opening_name": "startpos",
        "opening_fen": "rnbqkbnr/pppppppp/8/8/8/8/PPPPPPPP/RNBQKBNR w KQkq - 0 1",
        "result": "draw",
        "score_a": 0.5,
        "plies": 13,
        "adjudicated": false,
        "player_a_color": "white",
        "player_a_timeouts": 0,
        "player_b_timeouts": 0,
        "player_a_moves": 7,
        "player_b_moves": 6,
        "player_a_crashes": 0,
        "player_b_crashes": 0,
        "response_times_ms": [
          196.1512080000034,
          196.13033300001348,
          196.87475000000632,
          196.10566599999402,
          196.37808299998483,
          196.84012500002268,
          196.88233300001912,
          196.73345799998287,
          196.67316700000015,
          196.7298749999884,
          196.54162500000893,
          196.0400419999928,
          196.18291700001578
        ],
        "error": ""
      },
      {
        "opening_name": "startpos",
        "opening_fen": "rnbqkbnr/pppppppp/8/8/8/8/PPPPPPPP/RNBQKBNR w KQkq - 0 1",
        "result": "draw",
        "score_a": 0.5,
        "plies": 13,
        "adjudicated": false,
        "player_a_color": "black",
        "player_a_timeouts": 0,
        "player_b_timeouts": 0,
        "player_a_moves": 6,
        "player_b_moves": 7,
        "player_a_crashes": 0,
        "player_b_crashes": 0,
        "response_times_ms": [
          196.35483299998668,
          196.32983399998238,
          196.08170899999777,
          196.14283299998192,
          196.6591249999965,
          196.26554200002033,
          196.73658400000704,
          196.39412499998343,
          196.54229200000373,
          196.37383300002398,
          196.14108300001476,
          196.36941600001023,
          196.2502499999914
        ],
        "error": ""
      },
      {
        "opening_name": "queens_pawn",
        "opening_fen": "rnbqkbnr/ppp1pppp/8/3p4/3P4/8/PPP1PPPP/RNBQKBNR w KQkq - 0 2",
        "result": "draw",
        "score_a": 0.5,
        "plies": 20,
        "adjudicated": true,
        "player_a_color": "white",
        "player_a_timeouts": 0,
        "player_b_timeouts": 0,
        "player_a_moves": 10,
        "player_b_moves": 10,
        "player_a_crashes": 0,
        "player_b_crashes": 0,
        "response_times_ms": [
          196.03566600000022,
          196.33779200000845,
          196.23312499999201,
          196.61304199999563,
          196.80637500002263,
          196.35245799997847,
          196.47145800001908,
          196.3844590000008,
          196.2252499999977,
          196.20170800001802,
          200.80108299998756,
          196.3396669999895,
          196.2815830000011,
          196.46641699998213,
          196.19608400000743,
          196.5645420000044,
          196.29337500001043,
          196.61637499999074,
          196.2880000000098,
          197.04616699999633
        ],
        "error": ""
      },
      {
        "opening_name": "queens_pawn",
        "opening_fen": "rnbqkbnr/ppp1pppp/8/3p4/3P4/8/PPP1PPPP/RNBQKBNR w KQkq - 0 2",
        "result": "draw",
        "score_a": 0.5,
        "plies": 20,
        "adjudicated": true,
        "player_a_color": "black",
        "player_a_timeouts": 0,
        "player_b_timeouts": 0,
        "player_a_moves": 10,
        "player_b_moves": 10,
        "player_a_crashes": 0,
        "player_b_crashes": 0,
        "response_times_ms": [
          196.23795900000118,
          196.18766700000378,
          196.88616599998454,
          196.07383400000344,
          196.07570900001292,
          196.456999999981,
          196.18241700001704,
          196.72612499999786,
          196.59091600001943,
          196.329167000016,
          196.3463749999903,
          196.37633299998924,
          196.15220800000088,
          196.24783300000104,
          196.57133399999793,
          196.07887499998355,
          196.30075000000602,
          196.4816249999899,
          196.2864159999924,
          196.49737499997855
        ],
        "error": ""
      },
      {
        "opening_name": "ruy_lopez",
        "opening_fen": "r1bqkbnr/pppp1ppp/2n5/1B2p3/4P3/5N2/PPPP1PPP/RNBQK2R b KQkq - 3 3",
        "result": "win",
        "score_a": 1.0,
        "plies": 20,
        "adjudicated": true,
        "player_a_color": "white",
        "player_a_timeouts": 0,
        "player_b_timeouts": 0,
        "player_a_moves": 10,
        "player_b_moves": 10,
        "player_a_crashes": 0,
        "player_b_crashes": 0,
        "response_times_ms": [
          196.4399999999955,
          196.9528749999938,
          196.10074999999938,
          196.06545799999253,
          196.37562500000172,
          196.4345000000094,
          196.72479100000828,
          196.5037079999945,
          196.35666700000343,
          196.79395800000066,
          196.35425000001305,
          196.54920899998274,
          196.544375000002,
          196.38204200001041,
          196.4542910000091,
          196.04287499998918,
          196.11704100003635,
          196.12262499998678,
          196.11508299999514,
          196.63908299997956
        ],
        "error": ""
      },
      {
        "opening_name": "ruy_lopez",
        "opening_fen": "r1bqkbnr/pppp1ppp/2n5/1B2p3/4P3/5N2/PPPP1PPP/RNBQK2R b KQkq - 3 3",
        "result": "draw",
        "score_a": 0.5,
        "plies": 17,
        "adjudicated": false,
        "player_a_color": "black",
        "player_a_timeouts": 0,
        "player_b_timeouts": 0,
        "player_a_moves": 9,
        "player_b_moves": 8,
        "player_a_crashes": 0,
        "player_b_crashes": 0,
        "response_times_ms": [
          200.36745800001654,
          196.22670799998332,
          196.33341699994844,
          196.33149999998523,
          196.3397920000034,
          196.93379200003847,
          196.28237500000978,
          196.2074580000035,
          196.3194169999838,
          196.36150000002317,
          196.1989999999787,
          197.0892080000226,
          196.1502500000165,
          196.5034160000414,
          196.07283400000597,
          196.10191700002133,
          196.50345799999513
        ],
        "error": ""
      },
      {
        "opening_name": "italian_game",
        "opening_fen": "r1bqk1nr/pppp1ppp/2n5/2b1p3/2B1P3/5N2/PPPP1PPP/RNBQK2R w KQkq - 4 4",
        "result": "draw",
        "score_a": 0.5,
        "plies": 11,
        "adjudicated": false,
        "player_a_color": "white",
        "player_a_timeouts": 0,
        "player_b_timeouts": 0,
        "player_a_moves": 6,
        "player_b_moves": 5,
        "player_a_crashes": 0,
        "player_b_crashes": 0,
        "response_times_ms": [
          196.28491700001405,
          196.44062499997972,
          196.3286670000457,
          196.0540840000249,
          196.09604200002195,
          196.1648329999548,
          207.26837500001238,
          196.7399580000233,
          197.03329200001463,
          196.28474999996115,
          196.1256669999898
        ],
        "error": ""
      },
      {
        "opening_name": "italian_game",
        "opening_fen": "r1bqk1nr/pppp1ppp/2n5/2b1p3/2B1P3/5N2/PPPP1PPP/RNBQK2R w KQkq - 4 4",
        "result": "draw",
        "score_a": 0.5,
        "plies": 11,
        "adjudicated": false,
        "player_a_color": "black",
        "player_a_timeouts": 0,
        "player_b_timeouts": 0,
        "player_a_moves": 5,