{
  "feedback_source": "self_play",
  "summary": {
    "games": 16,
    "wins_a": 2,
    "losses_a": 3,
    "draws": 11,
    "score_a": 7.5,
    "mean_score_a": 0.46875,
    "game_scores_a": [
      0.5,
      0.5,
      0.0,
      1.0,
      0.5,
      0.5,
      0.5,
      0.5,
      1.0,
      0.0,
      0.5,
      0.5,
      0.5,
      0.0,
      0.5,
      0.5
    ],
    "player_a_moves": 128,
    "player_b_moves": 126,
    "player_a_timeouts": 0,
    "player_b_timeouts": 0,
    "player_a_crashes": 0,
    "player_b_crashes": 0,
    "results": [
      {
        "opening_name": "startpos",
        "opening_fen": "rnbqkbnr/pppppppp/8/8/8/8/PPPPPPPP/RNBQKBNR w KQkq - 0 1",
        "result": "draw",
        "score_a": 0.5,
        "plies": 13,
        "adjudicated": false,
        "player_a_color": "white",
        "player_a_timeouts": 0,
        "player_b_timeouts": 0,
        "player_a_moves": 7,
        "player_b_moves": 6,
        "player_a_crashes": 0,
        "player_b_crashes": 0,
        "response_times_ms": [
          196.39620800001012,
          196.36845899998434,
          196.35120800001005,
          196.22162499999263,
          197.86691699999892,
          196.31820799997968,
          196.3275420000059,
          196.76991599999383,
          196.5288750000127,
          196.33166599999186,
          196.49633300002733,
          196.85837500000503,
          196.05150000001004
        ],
        "error": ""
      },
      {
        "opening_name": "startpos",
        "opening_fen": "rnbqkbnr/pppppppp/8/8/8/8/PPPPPPPP/RNBQKBNR w KQkq - 0 1",
        "result": "draw",
        "score_a": 0.5,
        "plies": 20,
        "adjudicated": false,
        "player_a_color": "black",
        "player_a_timeouts": 0,
        "player_b_timeouts": 0,
        "player_a_moves": 10,
        "player_b_moves": 10,
        "player_a_crashes": 0,
        "player_b_crashes": 0,
        "response_times_ms": [
          196.0457090000034,
          196.3603329999728,
          196.5349589999903,
          196.32304099999942,
          196.17891699999745,
          196.05487500001573,
          304.37545800000976,
          196.17270800000597,
          196.6852500000016,
          288.505750000013,
          196.94045799997184,
          196.818707999995,
          196.22254099999736,
          196.53829200001383,
          196.25779199998306,
          201.2822089999986,
          196.24974999999267,
          196.55241699999237,
          285.2947500000198,
          196.12233300000526
        ],
        "error": ""
      },
      {
        "opening_name": "queens_pawn",
        "opening_fen": "rnbqkbnr/ppp1pppp/8/3p4/3P4/8/PPP1PPPP/RNBQKBNR w KQkq - 0 2",
        "result": "loss",
        "score_a": 0.0,
        "plies": 20,
        "adjudicated": true,
        "player_a_color": "white",
        "player_a_timeouts": 0,
        "player_b_timeouts": 0,
        "player_a_moves": 10,
        "player_b_moves": 10,
        "player_a_crashes": 0,
        "player_b_crashes": 0,
        "response_times_ms": [
          196.2069169999836,
          196.4252499999759,
          196.2709580000137,
          196.74600000001874,
          196.10216600000285,
          196.45287500000563,
          196.14337499999124,
          196.10570899999402,
          196.04379100002234,
          196.17433299998766,
          196.1425410000004,
          212.18283299998575,
          196.11441699998977,
          196.31587500001046,
          196.12374999999815,
          196.24666699999693,
          196.1972919999937,
          196.0319169999991,
          196.37149999999792,
          196.0688750000088
        ],
        "error": ""
      },
      {
        "opening_name": "queens_pawn",
        "opening_fen": "rnbqkbnr/ppp1pppp/8/3p4/3P4/8/PPP1PPPP/RNBQKBNR w KQkq - 0 2",
        "result": "win",
        "score_a": 1.0,
        "plies": 20,
        "adjudicated": true,
        "player_a_color": "black",
        "player_a_timeouts": 0,
        "player_b_timeouts": 0,
        "player_a_moves": 10,
        "player_b_moves": 10,
        "player_a_crashes": 0,
        "player_b_crashes": 0,
        "response_times_ms": [
          196.47629099998198,
          196.26450000001228,
          196.4018749999923,
          196.78850000002512,
          196.39512500000933,
          196.2592499999971,
          196.458750000005,
          196.19050000000016,
          196.43691699999977,
          196.15145800000278,
          196.15529100002504,
          196.06141699998147,
          196.06720900000596,
          196.17750000000456,
          196.46545899999523,
          196.18841599998404,
          196.04312499998855,
          196.0942500000158,
          196.45429199999853,
          196.17275000001655
        ],
        "error": ""
      },
      {
        "opening_name": "ruy_lopez",
        "opening_fen": "r1bqkbnr/pppp1ppp/2n5/1B2p3/4P3/5N2/PPPP1PPP/RNBQK2R b KQkq - 3 3",
        "result": "draw",
        "score_a": 0.5,
        "plies": 17,
        "adjudicated": false,
        "player_a_color": "white",
        "player_a_timeouts": 0,
        "player_b_timeouts": 0,
        "player_a_moves": 8,
        "player_b_moves": 9,
        "player_a_crashes": 0,
        "player_b_crashes": 0,
        "response_times_ms": [
          196.22429199998237,
          196.2247080000168,
          196.492333000009,
          196.07204199999728,
          196.4317919999985,
          196.14245799999708,
          196.25770800001874,
          196.20579100001123,
          196.08579100000156,
          196.14116699997908,
          196.35533299998542,
          196.25933399998985,
          196.37679200002367,
          196.23925000001918,
          196.48816700001248,
          196.05320799999504,
          196.6254169999786
        ],
        "error": ""
      },
      {
        "opening_name": "ruy_lopez",
        "opening_fen": "r1bqkbnr/pppp1ppp/2n5/1B2p3/4P3/5N2/PPPP1PPP/RNBQK2R b KQkq - 3 3",
        "result": "draw",
        "score_a": 0.5,
        "plies": 17,
        "adjudicated": false,
        "player_a_color": "black",
        "player_a_timeouts": 0,
        "player_b_timeouts": 0,
        "player_a_moves": 9,
        "player_b_moves": 8,
        "player_a_crashes": 0,
        "player_b_crashes": 0,
        "response_times_ms": [
          196.60741699999562,
          196.30875000001424,
          196.2317500000097,
          196.3117089999855,
          196.21025000000714,
          196.55916700000375,
          196.54374999998936,
          196.04424999999992,
          196.4988329999926,
          196.2391250000053,
          196.72104099998933,
          196.47691699998404,
          196.42379100000085,
          196.59795799998392,
          196.0534579999944,
          196.21170900001061,
          196.0816669999872
        ],
        "error": ""
      },
      {
        "opening_name": "italian_game",
        "opening_fen": "r1bqk1nr/pppp1ppp/2n5/2b1p3/2B1P3/5N2/PPPP1PPP/RNBQK2R w KQkq - 4 4",
        "result": "draw",
        "score_a": 0.5,
        "plies": 11,
        "adjudicated": false,
        "player_a_color": "white",
        "player_a_timeouts": 0,
        "player_b_timeouts": 0,
        "player_a_moves": 6,
        "player_b_moves": 5,
        "player_a_crashes": 0,
        "player_b_crashes": 0,
        "response_times_ms": [
          196.30762500000287,
          196.0300410000002,
          196.1122079999882,
          196.3655839999774,
          196.03633300002343,
          196.4683340000022,
          196.32104200002232,
          196.57745899999668,
          196.4812919999872,
          196.24891700001967,
          196.25304199999505
        ],
        "error": ""
      },
      {
        "opening_name": "italian_game",
        "opening_fen": "r1bqk1nr/pppp1ppp/2n5/2b1p3/2B1P3/5N2/PPPP1PPP/RNBQK2R w KQkq - 4 4",
        "result": "draw",
        "score_a": 0.5,
        "plies": 11,
        "adjudicated": false,