{
  "feedback_source": "self_play",
  "summary": {
    "games": 16,
    "wins_a": 3,
    "losses_a": 3,
    "draws": 10,
    "score_a": 8.0,
    "mean_score_a": 0.5,
    "game_scores_a": [
      0.5,
      0.5,
      0.0,
      1.0,
      1.0,
      0.0,
      0.5,
      0.5,
      1.0,
      0.0,
      0.5,
      0.5,
      0.5,
      0.5,
      0.5,
      0.5
    ],
    "player_a_moves": 120,
    "player_b_moves": 120,
    "player_a_timeouts": 0,
    "player_b_timeouts": 0,
    "player_a_crashes": 0,
    "player_b_crashes": 0,
    "results": [
      {
        "opening_name": "startpos",
        "opening_fen": "rnbqkbnr/pppppppp/8/8/8/8/PPPPPPPP/RNBQKBNR w KQkq - 0 1",
        "result": "draw",
        "score_a": 0.5,
        "plies": 13,
        "adjudicated": false,
        "player_a_color": "white",
        "player_a_timeouts": 0,
        "player_b_timeouts": 0,
        "player_a_moves": 7,
        "player_b_moves": 6,
        "player_a_crashes": 0,
        "player_b_crashes": 0,
        "response_times_ms": [
          196.46179099999017,
          196.1976659999891,
          196.1430000000064,
          196.48533299999826,
          196.24724999999899,
          196.11358399998835,
          196.28520800000615,
          196.4759579999793,
          196.1430000000064,
          196.23679200000765,
          196.17274999998813,
          196.14075000001208,
          196.15083299999014
        ],
        "error": ""
      },
      {
        "opening_name": "startpos",
        "opening_fen": "rnbqkbnr/pppppppp/8/8/8/8/PPPPPPPP/RNBQKBNR w KQkq - 0 1",
        "result": "draw",
        "score_a": 0.5,
        "plies": 13,
        "adjudicated": false,
        "player_a_color": "black",
        "player_a_timeouts": 0,
        "player_b_timeouts": 0,
        "player_a_moves": 6,
        "player_b_moves": 7,
        "player_a_crashes": 0,
        "player_b_crashes": 0,
        "response_times_ms": [
          196.21458399998915,
          196.21608299999593,
          196.10337500000696,
          196.37370800001008,
          196.6698329999872,
          196.13966599999344,
          222.96970799999372,
          196.2642499999845,
          196.48762500000316,
          196.10079199998154,
          196.47808300001657,
          196.50737500001014,
          196.13158399999975
        ],
        "error": ""
      },
      {
        "opening_name": "queens_pawn",
        "opening_fen": "rnbqkbnr/ppp1pppp/8/3p4/3P4/8/PPP1PPPP/RNBQKBNR w KQkq - 0 2",
        "result": "loss",
        "score_a": 0.0,
        "plies": 20,
        "adjudicated": true,
        "player_a_color": "white",
        "player_a_timeouts": 0,
        "player_b_timeouts": 0,
        "player_a_moves": 10,
        "player_b_moves": 10,
        "player_a_crashes": 0,
        "player_b_crashes": 0,
        "response_times_ms": [
          201.44283400000518,
          196.14504099999408,
          196.21920800000225,
          196.2924169999951,
          196.97099999999068,
          196.1828750000052,
          196.19550000001595,
          196.15208400000483,
          196.15820799998573,
          196.30579099998613,
          196.33054199999833,
          196.28487500000347,
          196.3046669999926,
          196.1903330000041,
          196.51629200001253,
          196.08212499997535,
          196.2349579999909,
          196.16545899998528,
          196.0717089999946,
          196.13712500000702
        ],
        "error": ""
      },
      {
        "opening_name": "queens_pawn",
        "opening_fen": "rnbqkbnr/ppp1pppp/8/3p4/3P4/8/PPP1PPPP/RNBQKBNR w KQkq - 0 2",
        "result": "win",
        "score_a": 1.0,
        "plies": 20,
        "adjudicated": true,
        "player_a_color": "black",
        "player_a_timeouts": 0,
        "player_b_timeouts": 0,
        "player_a_moves": 10,
        "player_b_moves": 10,
        "player_a_crashes": 0,
        "player_b_crashes": 0,
        "response_times_ms": [
          196.65533400001323,
          196.11595800000714,
          196.05724999999552,
          196.2722920000033,
          196.17779099999666,
          196.17587500002287,
          196.27470800000424,
          196.21020799999656,
          196.4599159999807,
          196.15629199998352,
          196.5802500000109,
          196.5665839999815,
          196.2529580000023,
          196.12508300002673,
          196.1770829999807,
          196.444458000002,
          196.10424999999054,
          196.1488329999952,
          196.2559999999769,
          196.2357499999996
        ],
        "error": ""
      },
      {
        "opening_name": "ruy_lopez",
        "opening_fen": "r1bqkbnr/pppp1ppp/2n5/1B2p3/4P3/5N2/PPPP1PPP/RNBQK2R b KQkq - 3 3",
        "result": "win",
        "score_a": 1.0,
        "plies": 20,
        "adjudicated": true,
        "player_a_color": "white",
        "player_a_timeouts": 0,
        "player_b_timeouts": 0,
        "player_a_moves": 10,
        "player_b_moves": 10,
        "player_a_crashes": 0,
        "player_b_crashes": 0,
        "response_times_ms": [
          196.3212079999721,
          196.15433399999915,
          196.15116700001067,
          196.18083299999967,
          196.1740000000134,
          196.45754200001875,
          196.5497919999848,
          196.2945000000218,
          196.51929200000495,
          196.1757910000017,
          196.57908399997837,
          196.3087089999931,
          196.31337499998835,
          196.54158299999835,
          196.14574999999945,
          196.27845799999477,
          196.13641699999107,
          196.2727910000126,
          196.42979200000354,
          196.0461250000094
        ],
        "error": ""
      },
      {
        "opening_name": "ruy_lopez",
        "opening_fen": "r1bqkbnr/pppp1ppp/2n5/1B2p3/4P3/5N2/PPPP1PPP/RNBQK2R b KQkq - 3 3",
        "result": "loss",
        "score_a": 0.0,
        "plies": 20,
        "adjudicated": true,
        "player_a_color": "black",
        "player_a_timeouts": 0,
        "player_b_timeouts": 0,
        "player_a_moves": 10,
        "player_b_moves": 10,
        "player_a_crashes": 0,
        "player_b_crashes": 0,
        "response_times_ms": [
          196.63958300000672,
          196.36279100001275,
          196.30016700000397,
          197.79841700000134,
          196.58308300000726,
          196.60899999999515,
          212.56591699997784,
          196.36712499999476,
          196.24504199998682,
          196.09229199997458,
          196.17087500000707,
          196.11291700002198,
          196.49574999999686,
          196.56095799999207,
          196.26629199999002,
          196.26599999998007,
          204.7173750000013,
          196.2144999999964,
          196.07762500001513,
          196.2618750000047
        ],
        "error": ""
      },
      {
        "opening_name": "italian_game",
        "opening_fen": "r1bqk1nr/pppp1ppp/2n5/2b1p3/2B1P3/5N2/PPPP1PPP/RNBQK2R w KQkq - 4 4",
        "result": "draw",
        "score_a": 0.5,
        "plies": 11,
        "adjudicated": false,
        "player_a_color": "white",
        "player_a_timeouts": 0,
        "player_b_timeouts": 0,
        "player_a_moves": 6,
        "player_b_moves": 5,
        "player_a_crashes": 0,
        "player_b_crashes": 0,
        "response_times_ms": [
          196.26725000000533,
          196.09566699998027,
          196.20979200001898,
          196.31383399999436,
          196.42187499999864,
          196.4441249999993,
          196.23887500000592,
          196.4111659999901,
          196.1650000000077,
          196.34633300000814,
          196.59620800001676
        ],
        "error": ""
      },
      {
        "opening_name": "italian_game",
        "opening_fen": "r1bqk1nr/pppp1ppp/2n5/2b1p3/2B1P3/5N2/PPPP1PPP/RNBQK2R w KQkq - 4 4",
        "result": "draw",
        "score_a": 0.5,
        "plies": 11,
        "adjudicated": false,
        "player_a_color": "black",