{
  "feedback_source": "self_play",
  "summary": {
    "games": 16,
    "wins_a": 2,
    "losses_a": 2,
    "draws": 12,
    "score_a": 8.0,
    "mean_score_a": 0.5,
    "game_scores_a": [
      0.5,
      0.5,
      0.0,
      1.0,
      0.5,
      0.5,
      0.5,
      0.5,
      1.0,
      0.0,
      0.5,
      0.5,
      0.5,
      0.5,
      0.5,
      0.5
    ],
    "player_a_moves": 124,
    "player_b_moves": 125,
    "player_a_timeouts": 0,
    "player_b_timeouts": 0,
    "player_a_crashes": 0,
    "player_b_crashes": 0,
    "results": [
      {
        "opening_name": "startpos",
        "opening_fen": "rnbqkbnr/pppppppp/8/8/8/8/PPPPPPPP/RNBQKBNR w KQkq - 0 1",
        "result": "draw",
        "score_a": 0.5,
        "plies": 13,
        "adjudicated": false,
        "player_a_color": "white",
        "player_a_timeouts": 0,
        "player_b_timeouts": 0,
        "player_a_moves": 7,
        "player_b_moves": 6,
        "player_a_crashes": 0,
        "player_b_crashes": 0,
        "response_times_ms": [
          196.1902500000008,
          196.24124999999992,
          196.03424999999675,
          196.07054099999743,
          196.33866700000624,
          196.24687499999993,
          196.57779100000994,
          196.60874999999578,
          196.58487499999922,
          196.3393329999974,
          196.19970899999828,
          196.066916999996,
          196.0424160000116
        ],
        "error": ""
      },
      {
        "opening_name": "startpos",
        "opening_fen": "rnbqkbnr/pppppppp/8/8/8/8/PPPPPPPP/RNBQKBNR w KQkq - 0 1",
        "result": "draw",
        "score_a": 0.5,
        "plies": 13,
        "adjudicated": false,
        "player_a_color": "black",
        "player_a_timeouts": 0,
        "player_b_timeouts": 0,
        "player_a_moves": 6,
        "player_b_moves": 7,
        "player_a_crashes": 0,
        "player_b_crashes": 0,
        "response_times_ms": [
          196.156667000011,
          196.2346669999988,
          196.35474999999758,
          196.0912090000022,
          196.32312499999216,
          196.0779580000036,
          196.0957499999978,
          196.03675000000464,
          196.69441700000334,
          196.5737080000025,
          196.1114159999937,
          196.05941700000074,
          196.36162499999443
        ],
        "error": ""
      },
      {
        "opening_name": "queens_pawn",
        "opening_fen": "rnbqkbnr/ppp1pppp/8/3p4/3P4/8/PPP1PPPP/RNBQKBNR w KQkq - 0 2",
        "result": "loss",
        "score_a": 0.0,
        "plies": 20,
        "adjudicated": true,
        "player_a_color": "white",
        "player_a_timeouts": 0,
        "player_b_timeouts": 0,
        "player_a_moves": 10,
        "player_b_moves": 10,
        "player_a_crashes": 0,
        "player_b_crashes": 0,
        "response_times_ms": [
          196.1046250000038,
          196.2134160000062,
          196.03404100000432,
          196.22095799999784,
          196.17554199999176,
          196.10541699999828,
          196.55695800000217,
          196.08266699999888,
          196.13533300000086,
          196.20808400000556,
          196.34200000000135,
          196.37129199999492,
          196.5977920000057,
          196.10208399998896,
          196.15083399999378,
          196.2256669999931,
          196.50824999999372,
          196.13116700000433,
          196.03666700000133,
          196.03345800000227
        ],
        "error": ""
      },
      {
        "opening_name": "queens_pawn",
        "opening_fen": "rnbqkbnr/ppp1pppp/8/3p4/3P4/8/PPP1PPPP/RNBQKBNR w KQkq - 0 2",
        "result": "win",
        "score_a": 1.0,
        "plies": 20,
        "adjudicated": true,
        "player_a_color": "black",
        "player_a_timeouts": 0,
        "player_b_timeouts": 0,
        "player_a_moves": 10,
        "player_b_moves": 10,
        "player_a_crashes": 0,
        "player_b_crashes": 0,
        "response_times_ms": [
          196.5606249999894,
          196.1552500000039,
          196.09266700000205,
          196.09029200000805,
          196.6221660000116,
          196.33191699999486,
          196.1577080000012,
          196.2959170000005,
          196.58600000001059,
          196.0408340000015,
          196.2578330000042,
          196.1062499999997,
          196.479999999994,
          196.05008399999235,
          196.44483400000468,
          196.05520900000784,
          196.16004100001305,
          196.2647919999938,
          196.14299999999218,
          196.04766699998777
        ],
        "error": ""
      },
      {
        "opening_name": "ruy_lopez",
        "opening_fen": "r1bqkbnr/pppp1ppp/2n5/1B2p3/4P3/5N2/PPPP1PPP/RNBQK2R b KQkq - 3 3",
        "result": "draw",
        "score_a": 0.5,
        "plies": 17,
        "adjudicated": false,
        "player_a_color": "white",
        "player_a_timeouts": 0,
        "player_b_timeouts": 0,
        "player_a_moves": 8,
        "player_b_moves": 9,
        "player_a_crashes": 0,
        "player_b_crashes": 0,
        "response_times_ms": [
          196.05495800000483,
          196.77558400000805,
          196.60091699999782,
          196.20554099999765,
          196.09616700000743,
          196.54508300000373,
          196.58774999999196,
          196.09241700000268,
          196.31833299999357,
          196.25208300000452,
          196.1533749999944,
          196.06120800000326,
          196.17350000000044,
          196.19183300000032,
          196.38100000000236,
          196.30637500000603,
          196.22170899999958
        ],
        "error": ""
      },
      {
        "opening_name": "ruy_lopez",
        "opening_fen": "r1bqkbnr/pppp1ppp/2n5/1B2p3/4P3/5N2/PPPP1PPP/RNBQK2R b KQkq - 3 3",
        "result": "draw",
        "score_a": 0.5,
        "plies": 17,
        "adjudicated": false,
        "player_a_color": "black",
        "player_a_timeouts": 0,
        "player_b_timeouts": 0,
        "player_a_moves": 9,
        "player_b_moves": 8,
        "player_a_crashes": 0,
        "player_b_crashes": 0,
        "response_times_ms": [
          196.18733300001168,
          196.10954200000208,
          196.06079199999726,
          196.40274999999008,
          196.8587079999935,
          196.458333999999,
          196.25095899999678,
          196.15295900000262,
          196.47725000000094,
          196.26879199999792,
          196.08487499999683,
          196.12983400000417,
          196.20945799999845,
          196.09891600001106,
          196.63662499999646,
          196.06750000001227,
          196.29670900000917
        ],
        "error": ""
      },
      {
        "opening_name": "italian_game",
        "opening_fen": "r1bqk1nr/pppp1ppp/2n5/2b1p3/2B1P3/5N2/PPPP1PPP/RNBQK2R w KQkq - 4 4",
        "result": "draw",
        "score_a": 0.5,
        "plies": 11,
        "adjudicated": false,
        "player_a_color": "white",
        "player_a_timeouts": 0,
        "player_b_timeouts": 0,
        "player_a_moves": 6,
        "player_b_moves": 5,
        "player_a_crashes": 0,
        "player_b_crashes": 0,
        "response_times_ms": [
          196.31679199999041,
          196.19104200000947,
          196.0997500000019,
          196.22016600000336,
          196.70849999999973,
          196.3440829999996,
          196.56708299999082,
          196.07141699999886,
          196.66825000000188,
          196.07662500000345,
          196.2769169999916
        ],
        "error": ""
      },
      {
        "opening_name": "italian_game",
        "opening_fen": "r1bqk1nr/pppp1ppp/2n5/2b1p3/2B1P3/5N2/PPPP1PPP/RNBQK2R w KQkq - 4 4",
        "result": "draw",
        "score_a": 0.5,
        "plies": 11,
        "adjudicated": false,
        "player_a_color": "black",
        "player_a_timeouts": 0,
        "player_b_timeouts": 0,
        "player_a_moves": 5,
        "player_b_moves": 6,
        "player_a_crashes": 0,
        "player_b_crashes": 0,