{
  "feedback_source": "self_play",
  "summary": {
    "games": 16,
    "wins_a": 2,
    "losses_a": 2,
    "draws": 12,
    "score_a": 8.0,
    "mean_score_a": 0.5,
    "game_scores_a": [
      0.5,
      0.5,
      0.0,
      1.0,
      0.5,
      0.5,
      0.5,
      0.5,
      1.0,
      0.0,
      0.5,
      0.5,
      0.5,
      0.5,
      0.5,
      0.5
    ],
    "player_a_moves": 121,
    "player_b_moves": 121,
    "player_a_timeouts": 0,
    "player_b_timeouts": 0,
    "player_a_crashes": 0,
    "player_b_crashes": 0,
    "results": [
      {
        "opening_name": "startpos",
        "opening_fen": "rnbqkbnr/pppppppp/8/8/8/8/PPPPPPPP/RNBQKBNR w KQkq - 0 1",
        "result": "draw",
        "score_a": 0.5,
        "plies": 13,
        "adjudicated": false,
        "player_a_color": "white",
        "player_a_timeouts": 0,
        "player_b_timeouts": 0,
        "player_a_moves": 7,
        "player_b_moves": 6,
        "player_a_crashes": 0,
        "player_b_crashes": 0,
        "response_times_ms": [
          196.06016700001305,
          196.03887499999928,
          196.13383399999407,
          196.29145900000822,
          196.2105000000065,
          196.40887500000304,
          196.09429199999795,
          196.3767080000025,
          196.25550000000658,
          196.16179100000863,
          196.04704200000356,
          196.31349999997383,
          196.06837500001006
        ],
        "error": ""
      },
      {
        "opening_name": "startpos",
        "opening_fen": "rnbqkbnr/pppppppp/8/8/8/8/PPPPPPPP/RNBQKBNR w KQkq - 0 1",
        "result": "draw",
        "score_a": 0.5,
        "plies": 13,
        "adjudicated": false,
        "player_a_color": "black",
        "player_a_timeouts": 0,
        "player_b_timeouts": 0,
        "player_a_moves": 6,
        "player_b_moves": 7,
        "player_a_crashes": 0,
        "player_b_crashes": 0,
        "response_times_ms": [
          196.22412499998632,
          196.24654200001146,
          196.6398330000061,
          196.31266700000083,
          196.33137499999975,
          196.41024999998535,
          196.6250000000116,
          196.30912499999909,
          196.22454200001016,
          196.16020799998068,
          196.34204199999772,
          196.3381669999933,
          196.26399999998512
        ],
        "error": ""
      },
      {
        "opening_name": "queens_pawn",
        "opening_fen": "rnbqkbnr/ppp1pppp/8/3p4/3P4/8/PPP1PPPP/RNBQKBNR w KQkq - 0 2",
        "result": "loss",
        "score_a": 0.0,
        "plies": 20,
        "adjudicated": true,
        "player_a_color": "white",
        "player_a_timeouts": 0,
        "player_b_timeouts": 0,
        "player_a_moves": 10,
        "player_b_moves": 10,
        "player_a_crashes": 0,
        "player_b_crashes": 0,
        "response_times_ms": [
          196.5206250000051,
          196.5003749999994,
          196.1072080000008,
          196.47062499998924,
          196.0472919999745,
          196.06741600000532,
          196.11766700001,
          196.24650000000088,
          196.2187500000141,
          196.1592499999938,
          196.54787499999316,
          196.09091699999226,
          196.05637500001194,
          196.24820900000373,
          196.89345800000524,
          196.2180830000193,
          196.31479199998125,
          196.09362500000316,
          196.57229200001325,
          196.17775000000393
        ],
        "error": ""
      },
      {
        "opening_name": "queens_pawn",
        "opening_fen": "rnbqkbnr/ppp1pppp/8/3p4/3P4/8/PPP1PPPP/RNBQKBNR w KQkq - 0 2",
        "result": "win",
        "score_a": 1.0,
        "plies": 20,
        "adjudicated": true,
        "player_a_color": "black",
        "player_a_timeouts": 0,
        "player_b_timeouts": 0,
        "player_a_moves": 10,
        "player_b_moves": 10,
        "player_a_crashes": 0,
        "player_b_crashes": 0,
        "response_times_ms": [
          196.57887500000015,
          196.42974999999296,
          196.39508299999875,
          196.29108300000553,
          196.22562499998253,
          196.15533399999663,
          196.04499999999803,
          198.54966700000887,
          196.41004099997872,
          196.2494170000184,
          196.12462500001016,
          196.1189169999784,
          196.4798749999943,
          196.56025000000454,
          196.05545799998936,
          196.11699999998677,
          196.0295419999909,
          196.1109169999986,
          196.43841699999598,
          196.26024999999458
        ],
        "error": ""
      },
      {
        "opening_name": "ruy_lopez",
        "opening_fen": "r1bqkbnr/pppp1ppp/2n5/1B2p3/4P3/5N2/PPPP1PPP/RNBQK2R b KQkq - 3 3",
        "result": "draw",
        "score_a": 0.5,
        "plies": 17,
        "adjudicated": false,
        "player_a_color": "white",
        "player_a_timeouts": 0,
        "player_b_timeouts": 0,
        "player_a_moves": 8,
        "player_b_moves": 9,
        "player_a_crashes": 0,
        "player_b_crashes": 0,
        "response_times_ms": [
          196.22462499998505,
          196.31499999999846,
          196.49795800000902,
          196.52974999999628,
          196.51895900000227,
          196.2487499999952,
          196.29437499997948,
          196.2065829999915,
          196.282999999994,
          196.69166700001028,
          196.39025000000743,
          196.11012499998992,
          196.7209999999966,
          196.1665000000039,
          196.11283300000082,
          196.38399999999478,
          196.19862499999385
        ],
        "error": ""
      },
      {
        "opening_name": "ruy_lopez",
        "opening_fen": "r1bqkbnr/pppp1ppp/2n5/1B2p3/4P3/5N2/PPPP1PPP/RNBQK2R b KQkq - 3 3",
        "result": "draw",
        "score_a": 0.5,
        "plies": 17,
        "adjudicated": false,
        "player_a_color": "black",
        "player_a_timeouts": 0,
        "player_b_timeouts": 0,
        "player_a_moves": 9,
        "player_b_moves": 8,
        "player_a_crashes": 0,
        "player_b_crashes": 0,
        "response_times_ms": [
          196.09208299999636,
          196.25404199999252,
          196.4684999999804,
          196.22520900000495,
          196.54466700001194,
          196.0375410000097,
          196.21733299999278,
          196.15308299998446,
          196.20737500000018,
          196.26862499998765,
          196.13929199999802,
          196.12399999999752,
          196.14466600000924,
          196.09779200001753,
          196.20100000000207,
          196.54495899999347,
          196.13983399997892
        ],
        "error": ""
      },
      {
        "opening_name": "italian_game",
        "opening_fen": "r1bqk1nr/pppp1ppp/2n5/2b1p3/2B1P3/5N2/PPPP1PPP/RNBQK2R w KQkq - 4 4",
        "result": "draw",
        "score_a": 0.5,
        "plies": 11,
        "adjudicated": false,
        "player_a_color": "white",
        "player_a_timeouts": 0,
        "player_b_timeouts": 0,
        "player_a_moves": 6,
        "player_b_moves": 5,
        "player_a_crashes": 0,
        "player_b_crashes": 0,
        "response_times_ms": [
          196.0757919999878,
          196.22929199999817,
          196.33429199998886,
          196.35612500002253,
          196.13754200000244,
          196.6384999999775,
          196.3412919999996,
          196.5499169999987,
          196.02449999999294,
          196.22983299998964,
          196.12858400000732
        ],
        "error": ""
      },
      {
        "opening_name": "italian_game",
        "opening_fen": "r1bqk1nr/pppp1ppp/2n5/2b1p3/2B1P3/5N2/PPPP1PPP/RNBQK2R w KQkq - 4 4",
        "result": "draw",
        "score_a": 0.5,
        "plies": 11,
        "adjudicated": false,
        "player_a_color": "black",
        "player_a_timeouts": 0,
        "player_b_timeouts": 0,
        "player_a_moves": 5,
        "player_b_moves": 6,
        "player_a_crashes": 0,
        "player_b_crashes": 0,