{
  "feedback_source": "self_play",
  "summary": {
    "games": 16,
    "wins_a": 2,
    "losses_a": 2,
    "draws": 12,
    "score_a": 8.0,
    "mean_score_a": 0.5,
    "game_scores_a": [
      0.5,
      0.5,
      0.0,
      1.0,
      0.5,
      0.5,
      0.5,
      0.5,
      1.0,
      0.0,
      0.5,
      0.5,
      0.5,
      0.5,
      0.5,
      0.5
    ],
    "player_a_moves": 121,
    "player_b_moves": 121,
    "player_a_timeouts": 0,
    "player_b_timeouts": 0,
    "player_a_crashes": 0,
    "player_b_crashes": 0,
    "results": [
      {
        "opening_name": "startpos",
        "opening_fen": "rnbqkbnr/pppppppp/8/8/8/8/PPPPPPPP/RNBQKBNR w KQkq - 0 1",
        "result": "draw",
        "score_a": 0.5,
        "plies": 13,
        "adjudicated": false,
        "player_a_color": "white",
        "player_a_timeouts": 0,
        "player_b_timeouts": 0,
        "player_a_moves": 7,
        "player_b_moves": 6,
        "player_a_crashes": 0,
        "player_b_crashes": 0,
        "response_times_ms": [
          196.19137500000002,
          196.114625,
          196.36879099999993,
          196.10700000000014,
          196.18383399999993,
          196.17779200000007,
          196.23608300000006,
          196.11520900000002,
          196.52962500000015,
          196.4762499999999,
          196.29229200000032,
          196.41895899999983,
          196.68016700000024
        ],
        "error": ""
      },
      {
        "opening_name": "startpos",
        "opening_fen": "rnbqkbnr/pppppppp/8/8/8/8/PPPPPPPP/RNBQKBNR w KQkq - 0 1",
        "result": "draw",
        "score_a": 0.5,
        "plies": 13,
        "adjudicated": false,
        "player_a_color": "black",
        "player_a_timeouts": 0,
        "player_b_timeouts": 0,
        "player_a_moves": 6,
        "player_b_moves": 7,
        "player_a_crashes": 0,
        "player_b_crashes": 0,
        "response_times_ms": [
          196.79475000000002,
          196.4228330000002,
          196.33541699999978,
          196.10399999999962,
          196.5854170000001,
          196.04050000000007,
          196.13341699999998,
          196.17474999999996,
          196.37283399999995,
          196.2505419999996,
          196.36237499999964,
          196.1527080000005,
          196.07025
        ],
        "error": ""
      },
      {
        "opening_name": "queens_pawn",
        "opening_fen": "rnbqkbnr/ppp1pppp/8/3p4/3P4/8/PPP1PPPP/RNBQKBNR w KQkq - 0 2",
        "result": "loss",
        "score_a": 0.0,
        "plies": 20,
        "adjudicated": true,
        "player_a_color": "white",
        "player_a_timeouts": 0,
        "player_b_timeouts": 0,
        "player_a_moves": 10,
        "player_b_moves": 10,
        "player_a_crashes": 0,
        "player_b_crashes": 0,
        "response_times_ms": [
          196.5513750000003,
          196.42729200000008,
          196.11175000000003,
          196.2814159999997,
          196.21295899999947,
          196.75620800000004,
          196.1110830000008,
          196.20795900000053,
          196.30391699999984,
          196.4222919999994,
          196.44433300000054,
          196.12512500000003,
          196.58275000000015,
          196.48183400000008,
          196.22574999999998,
          196.1556249999994,
          196.20995799999895,
          196.02762500000102,
          196.36816699999926,
          196.47325000000038
        ],
        "error": ""
      },
      {
        "opening_name": "queens_pawn",
        "opening_fen": "rnbqkbnr/ppp1pppp/8/3p4/3P4/8/PPP1PPPP/RNBQKBNR w KQkq - 0 2",
        "result": "win",
        "score_a": 1.0,
        "plies": 20,
        "adjudicated": true,
        "player_a_color": "black",
        "player_a_timeouts": 0,
        "player_b_timeouts": 0,
        "player_a_moves": 10,
        "player_b_moves": 10,
        "player_a_crashes": 0,
        "player_b_crashes": 0,
        "response_times_ms": [
          196.34412500000133,
          196.13141700000014,
          196.0756669999988,
          196.30587500000019,
          196.70166599999916,
          196.1491249999998,
          196.2367090000008,
          196.03479200000072,
          196.2557500000006,
          196.31550000000075,
          196.1557080000009,
          196.20620899999963,
          196.46212500000004,
          196.36904100000052,
          196.4074999999994,
          196.12970899999914,
          196.4617920000009,
          196.08720899999986,
          196.1876250000003,
          196.02420799999896
        ],
        "error": ""
      },
      {
        "opening_name": "ruy_lopez",
        "opening_fen": "r1bqkbnr/pppp1ppp/2n5/1B2p3/4P3/5N2/PPPP1PPP/RNBQK2R b KQkq - 3 3",
        "result": "draw",
        "score_a": 0.5,
        "plies": 17,
        "adjudicated": false,
        "player_a_color": "white",
        "player_a_timeouts": 0,
        "player_b_timeouts": 0,
        "player_a_moves": 8,
        "player_b_moves": 9,
        "player_a_crashes": 0,
        "player_b_crashes": 0,
        "response_times_ms": [
          196.0534159999998,
          196.08683300000075,
          196.25879200000008,
          196.1595420000002,
          196.3144579999998,
          196.28041699999875,
          196.488875,
          196.04266699999863,
          196.46579099999963,
          196.35179099999965,
          196.47362499999943,
          196.1101249999988,
          196.50816600000098,
          196.07341699999915,
          196.60699999999844,
          196.132458000001,
          196.21675000000138
        ],
        "error": ""
      },
      {
        "opening_name": "ruy_lopez",
        "opening_fen": "r1bqkbnr/pppp1ppp/2n5/1B2p3/4P3/5N2/PPPP1PPP/RNBQK2R b KQkq - 3 3",
        "result": "draw",
        "score_a": 0.5,
        "plies": 17,
        "adjudicated": false,
        "player_a_color": "black",
        "player_a_timeouts": 0,
        "player_b_timeouts": 0,
        "player_a_moves": 9,
        "player_b_moves": 8,
        "player_a_crashes": 0,
        "player_b_crashes": 0,
        "response_times_ms": [
          196.2720830000002,
          196.14583400000285,
          196.52650000000094,
          196.17312499999784,
          196.52279199999967,
          196.0630419999987,
          196.30454099999994,
          196.2458749999989,
          196.15066599999764,
          196.40599999999964,
          196.24891600000183,
          196.21008300000042,
          196.11412499999759,
          196.05941600000065,
          196.2153339999979,
          196.07033300000154,
          196.30804200000185
        ],
        "error": ""
      },
      {
        "opening_name": "italian_game",
        "opening_fen": "r1bqk1nr/pppp1ppp/2n5/2b1p3/2B1P3/5N2/PPPP1PPP/RNBQK2R w KQkq - 4 4",
        "result": "draw",
        "score_a": 0.5,
        "plies": 11,
        "adjudicated": false,
        "player_a_color": "white",
        "player_a_timeouts": 0,
        "player_b_timeouts": 0,
        "player_a_moves": 6,
        "player_b_moves": 5,
        "player_a_crashes": 0,
        "player_b_crashes": 0,
        "response_times_ms": [
          196.22441599999974,
          196.2238749999976,
          196.47291600000116,
          196.44404199999954,
          196.45449999999798,
          196.0940000000022,
          196.71137500000313,
          196.24145800000292,
          196.25641700000074,
          196.28733399999732,
          196.1943330000011
        ],
        "error": ""
      },
      {
        "opening_name": "italian_game",
        "opening_fen": "r1bqk1nr/pppp1ppp/2n5/2b1p3/2B1P3/5N2/PPPP1PPP/RNBQK2R w KQkq - 4 4",
        "result": "draw",
        "score_a": 0.5,
        "plies": 11,
        "adjudicated": false,
        "player_a_color": "black",
        "player_a_timeouts": 0,
        "player_b_timeouts": 0,
        "player_a_moves": 5,
        "player_b_moves": 6,
        "player_a_crashes": 0,
        "player_b_crashes": 0,