{
  "feedback_source": "self_play",
  "summary": {
    "games": 16,
    "wins_a": 1,
    "losses_a": 1,
    "draws": 14,
    "score_a": 8.0,
    "mean_score_a": 0.5,
    "game_scores_a": [
      0.5,
      0.5,
      0.5,
      0.5,
      1.0,
      0.0,
      0.5,
      0.5,
      0.5,
      0.5,
      0.5,
      0.5,
      0.5,
      0.5,
      0.5,
      0.5
    ],
    "player_a_moves": 134,
    "player_b_moves": 134,
    "player_a_timeouts": 0,
    "player_b_timeouts": 0,
    "player_a_crashes": 0,
    "player_b_crashes": 0,
    "results": [
      {
        "opening_name": "startpos",
        "opening_fen": "rnbqkbnr/pppppppp/8/8/8/8/PPPPPPPP/RNBQKBNR w KQkq - 0 1",
        "result": "draw",
        "score_a": 0.5,
        "plies": 13,
        "adjudicated": false,
        "player_a_color": "white",
        "player_a_timeouts": 0,
        "player_b_timeouts": 0,
        "player_a_moves": 7,
        "player_b_moves": 6,
        "player_a_crashes": 0,
        "player_b_crashes": 0,
        "response_times_ms": [
          196.41158300004236,
          196.1658750000197,
          196.26625000000786,
          196.22725000004948,
          196.18279200000188,
          196.69720800004598,
          196.49979199999734,
          196.17579200001956,
          196.54783400000042,
          196.1375409999846,
          196.28033300000425,
          196.10375000002023,
          196.47500000002083
        ],
        "error": ""
      },
      {
        "opening_name": "startpos",
        "opening_fen": "rnbqkbnr/pppppppp/8/8/8/8/PPPPPPPP/RNBQKBNR w KQkq - 0 1",
        "result": "draw",
        "score_a": 0.5,
        "plies": 13,
        "adjudicated": false,
        "player_a_color": "black",
        "player_a_timeouts": 0,
        "player_b_timeouts": 0,
        "player_a_moves": 6,
        "player_b_moves": 7,
        "player_a_crashes": 0,
        "player_b_crashes": 0,
        "response_times_ms": [
          196.4529169999878,
          196.3718750000112,
          196.8350000000214,
          196.45174999999426,
          196.42124999995758,
          196.55783299998575,
          196.8655410000224,
          196.0477079999805,
          196.68179199999258,
          196.77879199997506,
          196.3113749999934,
          196.4507499999968,
          196.28491700001405
        ],
        "error": ""
      },
      {
        "opening_name": "queens_pawn",
        "opening_fen": "rnbqkbnr/ppp1pppp/8/3p4/3P4/8/PPP1PPPP/RNBQKBNR w KQkq - 0 2",
        "result": "draw",
        "score_a": 0.5,
        "plies": 20,
        "adjudicated": true,
        "player_a_color": "white",
        "player_a_timeouts": 0,
        "player_b_timeouts": 0,
        "player_a_moves": 10,
        "player_b_moves": 10,
        "player_a_crashes": 0,
        "player_b_crashes": 0,
        "response_times_ms": [
          196.42004100001031,
          196.25229100000752,
          196.23558399996455,
          196.04820800003608,
          196.44133299999567,
          196.03154100002484,
          196.3268750000111,
          196.03024999997842,
          196.48499999999558,
          196.04783400001224,
          196.46883299998308,
          196.09391699998469,
          196.716207999998,
          196.47449999996525,
          196.454875000029,
          196.44537499999615,
          196.1880839999708,
          196.1922919999779,
          196.56424999999444,
          196.20029200001454
        ],
        "error": ""
      },
      {
        "opening_name": "queens_pawn",
        "opening_fen": "rnbqkbnr/ppp1pppp/8/3p4/3P4/8/PPP1PPPP/RNBQKBNR w KQkq - 0 2",
        "result": "draw",
        "score_a": 0.5,
        "plies": 20,
        "adjudicated": true,
        "player_a_color": "black",
        "player_a_timeouts": 0,
        "player_b_timeouts": 0,
        "player_a_moves": 10,
        "player_b_moves": 10,
        "player_a_crashes": 0,
        "player_b_crashes": 0,
        "response_times_ms": [
          196.5170419999822,
          196.5539999999919,
          196.4758329999654,
          196.03691600002549,
          196.3360420000413,
          196.08091599997124,
          196.13158300001032,
          196.61250000001473,
          196.06249999998226,
          196.20399999996607,
          196.5462080000293,
          196.0360420000029,
          196.57558400001562,
          196.1677080000186,
          196.35062500003642,
          196.49541600000475,
          196.8583749999766,
          196.11820799997304,
          196.2025830000016,
          196.40066700003445
        ],
        "error": ""
      },
      {
        "opening_name": "ruy_lopez",
        "opening_fen": "r1bqkbnr/pppp1ppp/2n5/1B2p3/4P3/5N2/PPPP1PPP/RNBQK2R b KQkq - 3 3",
        "result": "win",
        "score_a": 1.0,
        "plies": 20,
        "adjudicated": true,
        "player_a_color": "white",
        "player_a_timeouts": 0,
        "player_b_timeouts": 0,
        "player_a_moves": 10,
        "player_b_moves": 10,
        "player_a_crashes": 0,
        "player_b_crashes": 0,
        "response_times_ms": [
          196.74937499996759,
          196.3480000000004,
          196.8375000000151,
          196.10833399997318,
          196.37620900005004,
          196.18229200000314,
          196.6353749999712,
          196.07245800000328,
          196.0217079999893,
          196.3939159999768,
          196.6835829999809,
          196.21791600002325,
          196.15733299997373,
          196.09916699999985,
          196.4687079999976,
          196.11045799996418,
          196.04149999997844,
          196.11862499999688,
          196.41929200003005,
          196.44875000000184
        ],
        "error": ""
      },
      {
        "opening_name": "ruy_lopez",
        "opening_fen": "r1bqkbnr/pppp1ppp/2n5/1B2p3/4P3/5N2/PPPP1PPP/RNBQK2R b KQkq - 3 3",
        "result": "loss",
        "score_a": 0.0,
        "plies": 20,
        "adjudicated": true,
        "player_a_color": "black",
        "player_a_timeouts": 0,
        "player_b_timeouts": 0,
        "player_a_moves": 10,
        "player_b_moves": 10,
        "player_a_crashes": 0,
        "player_b_crashes": 0,
        "response_times_ms": [
          196.3142910000215,
          196.5572920000227,
          196.89891699999862,
          196.55987499999128,
          196.54412500000262,
          196.53562499996724,
          196.31220799999483,
          196.5302499999666,
          196.352332999993,
          196.3630409999837,
          196.710166999992,
          196.42770800004428,
          196.1905410000213,
          196.250292000002,
          196.13841699998602,
          196.42733400002044,
          196.5059170000245,
          196.30908300001693,
          196.07716599995229,
          196.3917919999858
        ],
        "error": ""
      },
      {
        "opening_name": "italian_game",
        "opening_fen": "r1bqk1nr/pppp1ppp/2n5/2b1p3/2B1P3/5N2/PPPP1PPP/RNBQK2R w KQkq - 4 4",
        "result": "draw",
        "score_a": 0.5,
        "plies": 11,
        "adjudicated": false,
        "player_a_color": "white",
        "player_a_timeouts": 0,
        "player_b_timeouts": 0,
        "player_a_moves": 6,
        "player_b_moves": 5,
        "player_a_crashes": 0,
        "player_b_crashes": 0,
        "response_times_ms": [
          196.6732919999572,
          196.37354200000345,
          196.13558399998965,
          196.9930000000204,
          196.22779100001253,
          196.38791699998137,
          196.55766700003596,
          196.09604100003253,
          196.5353749999963,
          196.3238330000081,
          196.19999999997617
        ],
        "error": ""
      },
      {
        "opening_name": "italian_game",
        "opening_fen": "r1bqk1nr/pppp1ppp/2n5/2b1p3/2B1P3/5N2/PPPP1PPP/RNBQK2R w KQkq - 4 4",
        "result": "draw",
        "score_a": 0.5,
        "plies": 11,
        "adjudicated": false,
        "player_a_color": "black",
        "player_a_timeouts": 0,