{
  "feedback_source": "self_play",
  "summary": {
    "games": 16,
    "wins_a": 2,
    "losses_a": 2,
    "draws": 12,
    "score_a": 8.0,
    "mean_score_a": 0.5,
    "game_scores_a": [
      0.5,
      0.5,
      0.0,
      1.0,
      0.5,
      0.5,
      0.5,
      0.5,
      1.0,
      0.0,
      0.5,
      0.5,
      0.5,
      0.5,
      0.5,
      0.5
    ],
    "player_a_moves": 121,
    "player_b_moves": 121,
    "player_a_timeouts": 0,
    "player_b_timeouts": 0,
    "player_a_crashes": 0,
    "player_b_crashes": 0,
    "results": [
      {
        "opening_name": "startpos",
        "opening_fen": "rnbqkbnr/pppppppp/8/8/8/8/PPPPPPPP/RNBQKBNR w KQkq - 0 1",
        "result": "draw",
        "score_a": 0.5,
        "plies": 13,
        "adjudicated": false,
        "player_a_color": "white",
        "player_a_timeouts": 0,
        "player_b_timeouts": 0,
        "player_a_moves": 7,
        "player_b_moves": 6,
        "player_a_crashes": 0,
        "player_b_crashes": 0,
        "response_times_ms": [
          196.482166,
          196.16524999999996,
          196.03454199999993,
          196.223583,
          196.46008300000005,
          196.10574999999986,
          196.28758300000015,
          196.19041699999994,
          196.06737499999994,
          196.17516700000027,
          196.37100000000007,
          196.3014999999997,
          196.2098750000001
        ],
        "error": ""
      },
      {
        "opening_name": "startpos",
        "opening_fen": "rnbqkbnr/pppppppp/8/8/8/8/PPPPPPPP/RNBQKBNR w KQkq - 0 1",
        "result": "draw",
        "score_a": 0.5,
        "plies": 13,
        "adjudicated": false,
        "player_a_color": "black",
        "player_a_timeouts": 0,
        "player_b_timeouts": 0,
        "player_a_moves": 6,
        "player_b_moves": 7,
        "player_a_crashes": 0,
        "player_b_crashes": 0,
        "response_times_ms": [
          196.12883399999959,
          196.4394170000001,
          196.29495899999984,
          196.11741699999996,
          196.3544159999997,
          196.21112500000004,
          196.29212500000025,
          196.18316599999997,
          196.50133299999962,
          196.23070799999988,
          196.28612499999943,
          196.54012500000027,
          196.43891599999995
        ],
        "error": ""
      },
      {
        "opening_name": "queens_pawn",
        "opening_fen": "rnbqkbnr/ppp1pppp/8/3p4/3P4/8/PPP1PPPP/RNBQKBNR w KQkq - 0 2",
        "result": "loss",
        "score_a": 0.0,
        "plies": 20,
        "adjudicated": true,
        "player_a_color": "white",
        "player_a_timeouts": 0,
        "player_b_timeouts": 0,
        "player_a_moves": 10,
        "player_b_moves": 10,
        "player_a_crashes": 0,
        "player_b_crashes": 0,
        "response_times_ms": [
          196.07562500000063,
          196.38225000000008,
          196.3276660000002,
          196.38966599999998,
          196.19937499999995,
          196.0727499999999,
          196.2002500000004,
          196.30258299999957,
          196.18483300000022,
          196.49412500000008,
          196.26900000000003,
          196.14795900000016,
          196.14358300000046,
          196.20841699999937,
          196.24862499999907,
          196.14774999999975,
          196.36670899999942,
          196.15316600000023,
          196.29358299999922,
          196.02754100000118
        ],
        "error": ""
      },
      {
        "opening_name": "queens_pawn",
        "opening_fen": "rnbqkbnr/ppp1pppp/8/3p4/3P4/8/PPP1PPPP/RNBQKBNR w KQkq - 0 2",
        "result": "win",
        "score_a": 1.0,
        "plies": 20,
        "adjudicated": true,
        "player_a_color": "black",
        "player_a_timeouts": 0,
        "player_b_timeouts": 0,
        "player_a_moves": 10,
        "player_b_moves": 10,
        "player_a_crashes": 0,
        "player_b_crashes": 0,
        "response_times_ms": [
          196.7252909999999,
          196.20795899999877,
          196.3666659999994,
          196.0596249999984,
          196.23645800000133,
          196.37208299999998,
          196.06812499999825,
          196.04262500000047,
          196.16000000000076,
          196.19162499999908,
          196.24129199999985,
          196.20675,
          196.06854100000072,
          196.0625829999998,
          196.2013330000012,
          196.51370799999944,
          196.35454199999992,
          196.1243340000003,
          196.14675000000048,
          196.11554199999938
        ],
        "error": ""
      },
      {
        "opening_name": "ruy_lopez",
        "opening_fen": "r1bqkbnr/pppp1ppp/2n5/1B2p3/4P3/5N2/PPPP1PPP/RNBQK2R b KQkq - 3 3",
        "result": "draw",
        "score_a": 0.5,
        "plies": 17,
        "adjudicated": false,
        "player_a_color": "white",
        "player_a_timeouts": 0,
        "player_b_timeouts": 0,
        "player_a_moves": 8,
        "player_b_moves": 9,
        "player_a_crashes": 0,
        "player_b_crashes": 0,
        "response_times_ms": [
          196.24704099999946,
          196.25904100000113,
          196.04308400000116,
          196.33404200000015,
          196.34666599999838,
          196.3458340000006,
          196.1257500000002,
          196.05508300000096,
          196.37954100000064,
          196.25633399999919,
          196.09387500000076,
          196.17354200000037,
          196.51216699999986,
          196.15633300000113,
          196.43354199999942,
          196.17416700000234,
          196.5626250000021
        ],
        "error": ""
      },
      {
        "opening_name": "ruy_lopez",
        "opening_fen": "r1bqkbnr/pppp1ppp/2n5/1B2p3/4P3/5N2/PPPP1PPP/RNBQK2R b KQkq - 3 3",
        "result": "draw",
        "score_a": 0.5,
        "plies": 17,
        "adjudicated": false,
        "player_a_color": "black",
        "player_a_timeouts": 0,
        "player_b_timeouts": 0,
        "player_a_moves": 9,
        "player_b_moves": 8,
        "player_a_crashes": 0,
        "player_b_crashes": 0,
        "response_times_ms": [
          196.53933400000057,
          196.19362499999937,
          196.40087499999836,
          196.17695899999887,
          196.49837499999734,
          196.0725409999995,
          196.37387500000258,
          196.0696249999998,
          196.14479199999835,
          196.10941599999876,
          196.50529200000122,
          196.21533300000138,
          196.70125000000027,
          196.38045900000023,
          196.10783299999923,
          196.65458300000083,
          196.56783299999958
        ],
        "error": ""
      },
      {
        "opening_name": "italian_game",
        "opening_fen": "r1bqk1nr/pppp1ppp/2n5/2b1p3/2B1P3/5N2/PPPP1PPP/RNBQK2R w KQkq - 4 4",
        "result": "draw",
        "score_a": 0.5,
        "plies": 11,
        "adjudicated": false,
        "player_a_color": "white",
        "player_a_timeouts": 0,
        "player_b_timeouts": 0,
        "player_a_moves": 6,
        "player_b_moves": 5,
        "player_a_crashes": 0,
        "player_b_crashes": 0,
        "response_times_ms": [
          197.85854199999875,
          196.41266699999704,
          196.237,
          196.58562500000087,
          196.14416699999992,
          196.6727920000011,
          196.1705000000009,
          196.56870899999745,
          196.4562920000006,
          196.16633300000075,
          196.31695900000068
        ],
        "error": ""
      },
      {
        "opening_name": "italian_game",
        "opening_fen": "r1bqk1nr/pppp1ppp/2n5/2b1p3/2B1P3/5N2/PPPP1PPP/RNBQK2R w KQkq - 4 4",
        "result": "draw",
        "score_a": 0.5,
        "plies": 11,
        "adjudicated": false,
        "player_a_color": "black",
        "player_a_timeouts": 0,
        "player_b_timeouts": 0,
        "player_a_moves": 5,
        "player_b_moves": 6,
        "player_a_crashes": 0,
        "player_b_crashes": 0,