{
  "feedback_source": "self_play",
  "summary": {
    "games": 16,
    "wins_a": 2,
    "losses_a": 2,
    "draws": 12,
    "score_a": 8.0,
    "mean_score_a": 0.5,
    "game_scores_a": [
      0.5,
      0.5,
      0.0,
      1.0,
      1.0,
      0.5,
      0.5,
      0.5,
      0.5,
      0.0,
      0.5,
      0.5,
      0.5,
      0.5,
      0.5,
      0.5
    ],
    "player_a_moves": 127,
    "player_b_moves": 125,
    "player_a_timeouts": 0,
    "player_b_timeouts": 0,
    "player_a_crashes": 0,
    "player_b_crashes": 0,
    "results": [
      {
        "opening_name": "startpos",
        "opening_fen": "rnbqkbnr/pppppppp/8/8/8/8/PPPPPPPP/RNBQKBNR w KQkq - 0 1",
        "result": "draw",
        "score_a": 0.5,
        "plies": 13,
        "adjudicated": false,
        "player_a_color": "white",
        "player_a_timeouts": 0,
        "player_b_timeouts": 0,
        "player_a_moves": 7,
        "player_b_moves": 6,
        "player_a_crashes": 0,
        "player_b_crashes": 0,
        "response_times_ms": [
          196.36204199999995,
          196.08029200000004,
          196.31770800000004,
          196.0935410000001,
          196.5077500000001,
          196.34558300000003,
          196.09591699999984,
          196.26429099999987,
          196.5776669999999,
          196.12095799999986,
          196.11124999999996,
          198.21599999999995,
          196.23308299999965
        ],
        "error": ""
      },
      {
        "opening_name": "startpos",
        "opening_fen": "rnbqkbnr/pppppppp/8/8/8/8/PPPPPPPP/RNBQKBNR w KQkq - 0 1",
        "result": "draw",
        "score_a": 0.5,
        "plies": 13,
        "adjudicated": false,
        "player_a_color": "black",
        "player_a_timeouts": 0,
        "player_b_timeouts": 0,
        "player_a_moves": 6,
        "player_b_moves": 7,
        "player_a_crashes": 0,
        "player_b_crashes": 0,
        "response_times_ms": [
          196.0990840000001,
          196.2565839999999,
          196.10899999999987,
          196.10687500000034,
          196.2527920000001,
          196.60133300000027,
          196.12720800000005,
          196.38199999999983,
          196.24299999999994,
          196.24162499999986,
          196.240167,
          196.20683399999984,
          196.49795899999933
        ],
        "error": ""
      },
      {
        "opening_name": "queens_pawn",
        "opening_fen": "rnbqkbnr/ppp1pppp/8/3p4/3P4/8/PPP1PPPP/RNBQKBNR w KQkq - 0 2",
        "result": "loss",
        "score_a": 0.0,
        "plies": 20,
        "adjudicated": true,
        "player_a_color": "white",
        "player_a_timeouts": 0,
        "player_b_timeouts": 0,
        "player_a_moves": 10,
        "player_b_moves": 10,
        "player_a_crashes": 0,
        "player_b_crashes": 0,
        "response_times_ms": [
          196.19295800000015,
          196.26579200000015,
          196.487458,
          196.1533329999998,
          196.40133299999985,
          196.11495899999997,
          196.16554100000005,
          196.42283300000062,
          196.22466599999998,
          196.51391600000068,
          196.64733399999966,
          196.26220800000027,
          196.58495799999986,
          196.04024999999936,
          196.16691599999925,
          196.14220899999958,
          196.08779200000015,
          196.0660000000001,
          196.2173749999998,
          196.16616700000122
        ],
        "error": ""
      },
      {
        "opening_name": "queens_pawn",
        "opening_fen": "rnbqkbnr/ppp1pppp/8/3p4/3P4/8/PPP1PPPP/RNBQKBNR w KQkq - 0 2",
        "result": "win",
        "score_a": 1.0,
        "plies": 20,
        "adjudicated": true,
        "player_a_color": "black",
        "player_a_timeouts": 0,
        "player_b_timeouts": 0,
        "player_a_moves": 10,
        "player_b_moves": 10,
        "player_a_crashes": 0,
        "player_b_crashes": 0,
        "response_times_ms": [
          196.07091600000004,
          196.11195899999956,
          196.52445799999896,
          196.31145800000027,
          196.69404100000065,
          198.13862500000033,
          196.1123750000002,
          196.04024999999936,
          196.0596670000001,
          196.13250000000093,
          196.2142920000005,
          196.1681249999998,
          196.09354099999976,
          196.04224999999963,
          196.28841600000158,
          196.17249999999942,
          196.10887500000018,
          196.21562500000067,
          196.39916600000083,
          196.5176670000002
        ],
        "error": ""
      },
      {
        "opening_name": "ruy_lopez",
        "opening_fen": "r1bqkbnr/pppp1ppp/2n5/1B2p3/4P3/5N2/PPPP1PPP/RNBQK2R b KQkq - 3 3",
        "result": "win",
        "score_a": 1.0,
        "plies": 20,
        "adjudicated": true,
        "player_a_color": "white",
        "player_a_timeouts": 0,
        "player_b_timeouts": 0,
        "player_a_moves": 10,
        "player_b_moves": 10,
        "player_a_crashes": 0,
        "player_b_crashes": 0,
        "response_times_ms": [
          196.22574999999998,
          196.06937499999867,
          196.03416600000045,
          196.4655420000003,
          196.10070899999954,
          196.33491699999973,
          196.46183300000075,
          196.60237499999943,
          196.18462500000078,
          196.24733300000054,
          196.33512500000094,
          196.10412499999973,
          196.1344579999995,
          196.74320799999913,
          199.34354200000115,
          198.18375000000188,
          196.41174999999933,
          197.94787500000055,
          196.21725000000012,
          196.23024999999927
        ],
        "error": ""
      },
      {
        "opening_name": "ruy_lopez",
        "opening_fen": "r1bqkbnr/pppp1ppp/2n5/1B2p3/4P3/5N2/PPPP1PPP/RNBQK2R b KQkq - 3 3",
        "result": "draw",
        "score_a": 0.5,
        "plies": 15,
        "adjudicated": false,
        "player_a_color": "black",
        "player_a_timeouts": 0,
        "player_b_timeouts": 0,
        "player_a_moves": 8,
        "player_b_moves": 7,
        "player_a_crashes": 0,
        "player_b_crashes": 0,
        "response_times_ms": [
          202.46854100000178,
          197.4029580000014,
          196.12662500000155,
          196.08812499999928,
          196.30762499999932,
          197.0294999999993,
          196.6091669999983,
          196.0506670000015,
          196.229332999998,
          198.64633299999923,
          196.07362500000036,
          196.25100000000018,
          196.18866700000126,
          196.1395839999973,
          196.2817500000007
        ],
        "error": ""
      },
      {
        "opening_name": "italian_game",
        "opening_fen": "r1bqk1nr/pppp1ppp/2n5/2b1p3/2B1P3/5N2/PPPP1PPP/RNBQK2R w KQkq - 4 4",
        "result": "draw",
        "score_a": 0.5,
        "plies": 11,
        "adjudicated": false,
        "player_a_color": "white",
        "player_a_timeouts": 0,
        "player_b_timeouts": 0,
        "player_a_moves": 6,
        "player_b_moves": 5,
        "player_a_crashes": 0,
        "player_b_crashes": 0,
        "response_times_ms": [
          196.28870900000095,
          196.4344589999989,
          196.28379200000268,
          196.52541700000015,
          196.42475000000204,
          196.5077500000021,
          196.27504099999982,
          196.1213750000006,
          196.0700000000024,
          196.45483300000066,
          196.42925000000133
        ],
        "error": ""
      },
      {
        "opening_name": "italian_game",
        "opening_fen": "r1bqk1nr/pppp1ppp/2n5/2b1p3/2B1P3/5N2/PPPP1PPP/RNBQK2R w KQkq - 4 4",
        "result": "draw",
        "score_a": 0.5,
        "plies": 11,
        "adjudicated": false,
        "player_a_color": "black",
        "player_a_timeouts": 0,
        "player_b_timeouts": 0,
        "player_a_moves": 5,
        "player_b_moves": 6,
        "player_a_crashes": 0,
        "player_b_crashes": 0,