{
  "feedback_source": "self_play",
  "summary": {
    "games": 16,
    "wins_a": 2,
    "losses_a": 2,
    "draws": 12,
    "score_a": 8.0,
    "mean_score_a": 0.5,
    "game_scores_a": [
      0.5,
      0.5,
      0.0,
      1.0,
      0.5,
      0.5,
      0.5,
      0.5,
      1.0,
      0.0,
      0.5,
      0.5,
      0.5,
      0.5,
      0.5,
      0.5
    ],
    "player_a_moves": 121,
    "player_b_moves": 121,
    "player_a_timeouts": 0,
    "player_b_timeouts": 0,
    "player_a_crashes": 0,
    "player_b_crashes": 0,
    "results": [
      {
        "opening_name": "startpos",
        "opening_fen": "rnbqkbnr/pppppppp/8/8/8/8/PPPPPPPP/RNBQKBNR w KQkq - 0 1",
        "result": "draw",
        "score_a": 0.5,
        "plies": 13,
        "adjudicated": false,
        "player_a_color": "white",
        "player_a_timeouts": 0,
        "player_b_timeouts": 0,
        "player_a_moves": 7,
        "player_b_moves": 6,
        "player_a_crashes": 0,
        "player_b_crashes": 0,
        "response_times_ms": [
          196.198917,
          196.28120899999996,
          196.312916,
          196.44454099999996,
          196.089666,
          196.05395800000002,
          196.51183299999997,
          196.1965419999998,
          196.20908300000005,
          196.44216599999976,
          196.14766699999996,
          196.47433299999983,
          196.55900000000014
        ],
        "error": ""
      },
      {
        "opening_name": "startpos",
        "opening_fen": "rnbqkbnr/pppppppp/8/8/8/8/PPPPPPPP/RNBQKBNR w KQkq - 0 1",
        "result": "draw",
        "score_a": 0.5,
        "plies": 13,
        "adjudicated": false,
        "player_a_color": "black",
        "player_a_timeouts": 0,
        "player_b_timeouts": 0,
        "player_a_moves": 6,
        "player_b_moves": 7,
        "player_a_crashes": 0,
        "player_b_crashes": 0,
        "response_times_ms": [
          196.28104100000022,
          196.39304199999995,
          196.1324999999996,
          196.24466699999977,
          196.04387499999999,
          196.29737499999987,
          196.20616700000016,
          196.22945900000045,
          196.3620420000005,
          196.56874999999997,
          196.20624999999947,
          196.63129200000017,
          196.3355
        ],
        "error": ""
      },
      {
        "opening_name": "queens_pawn",
        "opening_fen": "rnbqkbnr/ppp1pppp/8/3p4/3P4/8/PPP1PPPP/RNBQKBNR w KQkq - 0 2",
        "result": "loss",
        "score_a": 0.0,
        "plies": 20,
        "adjudicated": true,
        "player_a_color": "white",
        "player_a_timeouts": 0,
        "player_b_timeouts": 0,
        "player_a_moves": 10,
        "player_b_moves": 10,
        "player_a_crashes": 0,
        "player_b_crashes": 0,
        "response_times_ms": [
          196.4943330000004,
          196.04558300000008,
          196.6676249999999,
          196.34854099999987,
          196.16737499999994,
          196.1267919999994,
          196.63929199999953,
          196.21304200000012,
          196.38475,
          196.02575000000044,
          196.59570900000034,
          196.53591700000027,
          196.06691699999956,
          196.14233300000006,
          196.03150000000014,
          196.08370799999975,
          196.15950000000026,
          196.07529199999973,
          196.27229099999965,
          196.13449999999943
        ],
        "error": ""
      },
      {
        "opening_name": "queens_pawn",
        "opening_fen": "rnbqkbnr/ppp1pppp/8/3p4/3P4/8/PPP1PPPP/RNBQKBNR w KQkq - 0 2",
        "result": "win",
        "score_a": 1.0,
        "plies": 20,
        "adjudicated": true,
        "player_a_color": "black",
        "player_a_timeouts": 0,
        "player_b_timeouts": 0,
        "player_a_moves": 10,
        "player_b_moves": 10,
        "player_a_crashes": 0,
        "player_b_crashes": 0,
        "response_times_ms": [
          196.66054200000005,
          196.27545900000064,
          196.04616600000037,
          196.23025000000104,
          196.6609170000009,
          196.60345800000022,
          196.17954099999935,
          196.33220899999947,
          196.17429200000026,
          196.08495800000014,
          196.58812499999988,
          196.17304199999984,
          196.16041600000145,
          196.2299999999999,
          196.22829199999893,
          196.22174999999942,
          196.47566599999953,
          196.04087499999957,
          196.32949999999914,
          196.17079100000012
        ],
        "error": ""
      },
      {
        "opening_name": "ruy_lopez",
        "opening_fen": "r1bqkbnr/pppp1ppp/2n5/1B2p3/4P3/5N2/PPPP1PPP/RNBQK2R b KQkq - 3 3",
        "result": "draw",
        "score_a": 0.5,
        "plies": 17,
        "adjudicated": false,
        "player_a_color": "white",
        "player_a_timeouts": 0,
        "player_b_timeouts": 0,
        "player_a_moves": 8,
        "player_b_moves": 9,
        "player_a_crashes": 0,
        "player_b_crashes": 0,
        "response_times_ms": [
          196.35558300000076,
          196.4856250000011,
          196.4332500000001,
          196.19316699999877,
          196.19358399999953,
          196.09649999999945,
          196.0747499999993,
          196.1782499999991,
          196.28791699999937,
          196.12083300000018,
          196.4913750000008,
          196.15258299999994,
          196.52299999999912,
          196.05829099999994,
          196.5336250000007,
          196.08245799999935,
          196.1552080000004
        ],
        "error": ""
      },
      {
        "opening_name": "ruy_lopez",
        "opening_fen": "r1bqkbnr/pppp1ppp/2n5/1B2p3/4P3/5N2/PPPP1PPP/RNBQK2R b KQkq - 3 3",
        "result": "draw",
        "score_a": 0.5,
        "plies": 17,
        "adjudicated": false,
        "player_a_color": "black",
        "player_a_timeouts": 0,
        "player_b_timeouts": 0,
        "player_a_moves": 9,
        "player_b_moves": 8,
        "player_a_crashes": 0,
        "player_b_crashes": 0,
        "response_times_ms": [
          196.43129199999976,
          196.0854170000026,
          196.13995899999992,
          196.5223750000007,
          196.13841700000023,
          196.33670799999692,
          196.13808300000102,
          196.0509160000008,
          196.10420800000128,
          196.41954100000092,
          196.24237500000064,
          196.14766700000175,
          196.65241699999925,
          196.20354199999923,
          196.5887500000001,
          196.23808400000087,
          196.3517089999982
        ],
        "error": ""
      },
      {
        "opening_name": "italian_game",
        "opening_fen": "r1bqk1nr/pppp1ppp/2n5/2b1p3/2B1P3/5N2/PPPP1PPP/RNBQK2R w KQkq - 4 4",
        "result": "draw",
        "score_a": 0.5,
        "plies": 11,
        "adjudicated": false,
        "player_a_color": "white",
        "player_a_timeouts": 0,
        "player_b_timeouts": 0,
        "player_a_moves": 6,
        "player_b_moves": 5,
        "player_a_crashes": 0,
        "player_b_crashes": 0,
        "response_times_ms": [
          196.31920800000202,
          196.4715840000011,
          196.3120829999987,
          196.40608400000303,
          196.20779199999916,
          196.3457919999989,
          196.22599999999935,
          196.25175000000183,
          196.09933299999938,
          196.33608300000205,
          196.05333399999836
        ],
        "error": ""
      },
      {
        "opening_name": "italian_game",
        "opening_fen": "r1bqk1nr/pppp1ppp/2n5/2b1p3/2B1P3/5N2/PPPP1PPP/RNBQK2R w KQkq - 4 4",
        "result": "draw",
        "score_a": 0.5,
        "plies": 11,
        "adjudicated": false,
        "player_a_color": "black",
        "player_a_timeouts": 0,
        "player_b_timeouts": 0,
        "player_a_moves": 5,
        "player_b_moves": 6,
        "player_a_crashes": 0,
        "player_b_crashes": 0,