{
  "feedback_source": "self_play",
  "summary": {
    "games": 16,
    "wins_a": 2,
    "losses_a": 2,
    "draws": 12,
    "score_a": 8.0,
    "mean_score_a": 0.5,
    "game_scores_a": [
      0.5,
      0.5,
      0.0,
      1.0,
      0.5,
      0.5,
      0.5,
      0.5,
      1.0,
      0.0,
      0.5,
      0.5,
      0.5,
      0.5,
      0.5,
      0.5
    ],
    "player_a_moves": 116,
    "player_b_moves": 116,
    "player_a_timeouts": 0,
    "player_b_timeouts": 0,
    "player_a_crashes": 0,
    "player_b_crashes": 0,
    "results": [
      {
        "opening_name": "startpos",
        "opening_fen": "rnbqkbnr/pppppppp/8/8/8/8/PPPPPPPP/RNBQKBNR w KQkq - 0 1",
        "result": "draw",
        "score_a": 0.5,
        "plies": 13,
        "adjudicated": false,
        "player_a_color": "white",
        "player_a_timeouts": 0,
        "player_b_timeouts": 0,
        "player_a_moves": 7,
        "player_b_moves": 6,
        "player_a_crashes": 0,
        "player_b_crashes": 0,
        "response_times_ms": [
          196.1711670000028,
          196.27145800001244,
          196.46533400000976,
          196.48316599999305,
          196.48637500000632,
          196.08399999999904,
          196.51245800000083,
          196.0531670000023,
          196.66424999999776,
          196.09462500000063,
          196.07866699999477,
          196.58033399998942,
          196.45933300000706
        ],
        "error": ""
      },
      {
        "opening_name": "startpos",
        "opening_fen": "rnbqkbnr/pppppppp/8/8/8/8/PPPPPPPP/RNBQKBNR w KQkq - 0 1",
        "result": "draw",
        "score_a": 0.5,
        "plies": 13,
        "adjudicated": false,
        "player_a_color": "black",
        "player_a_timeouts": 0,
        "player_b_timeouts": 0,
        "player_a_moves": 6,
        "player_b_moves": 7,
        "player_a_crashes": 0,
        "player_b_crashes": 0,
        "response_times_ms": [
          196.21508299999846,
          196.4027500000043,
          196.34958400000357,
          196.5659590000115,
          196.40225000000555,
          196.20395799999812,
          196.15016599999535,
          196.4324590000075,
          196.20383299999844,
          196.17350000000044,
          196.75404099999128,
          196.44158299999503,
          196.1685839999916
        ],
        "error": ""
      },
      {
        "opening_name": "queens_pawn",
        "opening_fen": "rnbqkbnr/ppp1pppp/8/3p4/3P4/8/PPP1PPPP/RNBQKBNR w KQkq - 0 2",
        "result": "loss",
        "score_a": 0.0,
        "plies": 20,
        "adjudicated": true,
        "player_a_color": "white",
        "player_a_timeouts": 0,
        "player_b_timeouts": 0,
        "player_a_moves": 10,
        "player_b_moves": 10,
        "player_a_crashes": 0,
        "player_b_crashes": 0,
        "response_times_ms": [
          196.53016700000592,
          196.1287919999961,
          196.35329199999774,
          196.37058300000376,
          196.06545800000674,
          196.75137499999096,
          196.06729199999506,
          196.19704199999433,
          196.0366659999977,
          196.197374999997,
          196.14316699998824,
          196.2174159999961,
          196.64733300000137,
          196.19050000000016,
          196.18866599999762,
          196.24662500000056,
          196.21758400001,
          196.16408299999932,
          196.06391599999995,
          196.192417000006
        ],
        "error": ""
      },
      {
        "opening_name": "queens_pawn",
        "opening_fen": "rnbqkbnr/ppp1pppp/8/3p4/3P4/8/PPP1PPPP/RNBQKBNR w KQkq - 0 2",
        "result": "win",
        "score_a": 1.0,
        "plies": 20,
        "adjudicated": true,
        "player_a_color": "black",
        "player_a_timeouts": 0,
        "player_b_timeouts": 0,
        "player_a_moves": 10,
        "player_b_moves": 10,
        "player_a_crashes": 0,
        "player_b_crashes": 0,
        "response_times_ms": [
          196.67458399999305,
          196.03766599999517,
          196.20479099999955,
          196.3567919999889,
          196.17445900000519,
          196.7675829999962,
          196.0961660000038,
          196.15754100000515,
          196.14174999999534,
          196.26254199999948,
          196.25304199999505,
          196.26795800000707,
          196.2002909999967,
          196.1595840000001,
          196.3819590000071,
          196.52883300000212,
          196.04770800000892,
          196.2972090000079,
          196.58704200000443,
          196.13600000000986
        ],
        "error": ""
      },
      {
        "opening_name": "ruy_lopez",
        "opening_fen": "r1bqkbnr/pppp1ppp/2n5/1B2p3/4P3/5N2/PPPP1PPP/RNBQK2R b KQkq - 3 3",
        "result": "draw",
        "score_a": 0.5,
        "plies": 12,
        "adjudicated": false,
        "player_a_color": "white",
        "player_a_timeouts": 0,
        "player_b_timeouts": 0,
        "player_a_moves": 6,
        "player_b_moves": 6,
        "player_a_crashes": 0,
        "player_b_crashes": 0,
        "response_times_ms": [
          196.16483300001164,
          196.32079200000874,
          196.57629099999951,
          196.18262499999162,
          196.3425830000034,
          196.03695799999343,
          196.05616700000894,
          196.3869999999872,
          196.15670900000737,
          196.13879199999928,
          196.41770799999847,
          196.5499169999987
        ],
        "error": ""
      },
      {
        "opening_name": "ruy_lopez",
        "opening_fen": "r1bqkbnr/pppp1ppp/2n5/1B2p3/4P3/5N2/PPPP1PPP/RNBQK2R b KQkq - 3 3",
        "result": "draw",
        "score_a": 0.5,
        "plies": 12,
        "adjudicated": false,
        "player_a_color": "black",
        "player_a_timeouts": 0,
        "player_b_timeouts": 0,
        "player_a_moves": 6,
        "player_b_moves": 6,
        "player_a_crashes": 0,
        "player_b_crashes": 0,
        "response_times_ms": [
          196.06279200000643,
          196.23895800000923,
          196.29824999999812,
          196.12304199999642,
          196.25787500000058,
          196.2039170000054,
          196.22158300001047,
          196.1321670000018,
          196.47158300000456,
          196.03379199999438,
          196.19412500000522,
          196.08754099999715
        ],
        "error": ""
      },
      {
        "opening_name": "italian_game",
        "opening_fen": "r1bqk1nr/pppp1ppp/2n5/2b1p3/2B1P3/5N2/PPPP1PPP/RNBQK2R w KQkq - 4 4",
        "result": "draw",
        "score_a": 0.5,
        "plies": 11,
        "adjudicated": false,
        "player_a_color": "white",
        "player_a_timeouts": 0,
        "player_b_timeouts": 0,
        "player_a_moves": 6,
        "player_b_moves": 5,
        "player_a_crashes": 0,
        "player_b_crashes": 0,
        "response_times_ms": [
          196.18766600000015,
          196.483666000006,
          196.1407910000048,
          196.11191600000666,
          196.27970899999525,
          196.07879199999445,
          196.17050000000802,
          196.41479099999515,
          196.29233300000237,
          196.61029099999894,
          196.4737079999992
        ],
        "error": ""
      },
      {
        "opening_name": "italian_game",
        "opening_fen": "r1bqk1nr/pppp1ppp/2n5/2b1p3/2B1P3/5N2/PPPP1PPP/RNBQK2R w KQkq - 4 4",
        "result": "draw",
        "score_a": 0.5,
        "plies": 11,
        "adjudicated": false,
        "player_a_color": "black",
        "player_a_timeouts": 0,
        "player_b_timeouts": 0,
        "player_a_moves": 5,
        "player_b_moves": 6,
        "player_a_crashes": 0,
        "player_b_crashes": 0,