{
  "feedback_source": "self_play",
  "summary": {
    "games": 16,
    "wins_a": 2,
    "losses_a": 2,
    "draws": 12,
    "score_a": 8.0,
    "mean_score_a": 0.5,
    "game_scores_a": [
      0.5,
      0.5,
      0.0,
      1.0,
      0.5,
      0.5,
      0.5,
      0.5,
      1.0,
      0.0,
      0.5,
      0.5,
      0.5,
      0.5,
      0.5,
      0.5
    ],
    "player_a_moves": 121,
    "player_b_moves": 121,
    "player_a_timeouts": 0,
    "player_b_timeouts": 0,
    "player_a_crashes": 0,
    "player_b_crashes": 0,
    "results": [
      {
        "opening_name": "startpos",
        "opening_fen": "rnbqkbnr/pppppppp/8/8/8/8/PPPPPPPP/RNBQKBNR w KQkq - 0 1",
        "result": "draw",
        "score_a": 0.5,
        "plies": 13,
        "adjudicated": false,
        "player_a_color": "white",
        "player_a_timeouts": 0,
        "player_b_timeouts": 0,
        "player_a_moves": 7,
        "player_b_moves": 6,
        "player_a_crashes": 0,
        "player_b_crashes": 0,
        "response_times_ms": [
          196.0323330000051,
          196.13079200001948,
          196.09466599999337,
          196.20329099998912,
          196.29649999998833,
          196.413917000001,
          196.0919160000003,
          196.45329100001163,
          196.0589169999878,
          196.30449999999655,
          196.5955000000008,
          196.42591599998127,
          196.0386249999999
        ],
        "error": ""
      },
      {
        "opening_name": "startpos",
        "opening_fen": "rnbqkbnr/pppppppp/8/8/8/8/PPPPPPPP/RNBQKBNR w KQkq - 0 1",
        "result": "draw",
        "score_a": 0.5,
        "plies": 13,
        "adjudicated": false,
        "player_a_color": "black",
        "player_a_timeouts": 0,
        "player_b_timeouts": 0,
        "player_a_moves": 6,
        "player_b_moves": 7,
        "player_a_crashes": 0,
        "player_b_crashes": 0,
        "response_times_ms": [
          196.22087499999452,
          196.42220899999074,
          196.20850000001155,
          196.22291700000005,
          196.05237500002204,
          196.04316699999913,
          196.2851249999744,
          196.24666699999693,
          196.10533300001975,
          196.38533299999494,
          196.35983300000248,
          196.06795800001464,
          196.8767080000191
        ],
        "error": ""
      },
      {
        "opening_name": "queens_pawn",
        "opening_fen": "rnbqkbnr/ppp1pppp/8/3p4/3P4/8/PPP1PPPP/RNBQKBNR w KQkq - 0 2",
        "result": "loss",
        "score_a": 0.0,
        "plies": 20,
        "adjudicated": true,
        "player_a_color": "white",
        "player_a_timeouts": 0,
        "player_b_timeouts": 0,
        "player_a_moves": 10,
        "player_b_moves": 10,
        "player_a_crashes": 0,
        "player_b_crashes": 0,
        "response_times_ms": [
          196.09937499998864,
          196.25570799999537,
          196.24991699998873,
          196.4711250000164,
          196.56120800001986,
          196.62695799999597,
          196.5807920000202,
          196.1652909999998,
          196.2054999999907,
          196.12370799998757,
          196.20129200001202,
          196.19391700001643,
          196.26991699999508,
          196.10941600001297,
          196.23545799998965,
          196.3922079999918,
          196.1413329999857,
          196.04987499999993,
          196.28349999999273,
          196.20199999999954
        ],
        "error": ""
      },
      {
        "opening_name": "queens_pawn",
        "opening_fen": "rnbqkbnr/ppp1pppp/8/3p4/3P4/8/PPP1PPPP/RNBQKBNR w KQkq - 0 2",
        "result": "win",
        "score_a": 1.0,
        "plies": 20,
        "adjudicated": true,
        "player_a_color": "black",
        "player_a_timeouts": 0,
        "player_b_timeouts": 0,
        "player_a_moves": 10,
        "player_b_moves": 10,
        "player_a_crashes": 0,
        "player_b_crashes": 0,
        "response_times_ms": [
          196.0822910000104,
          196.7042910000032,
          196.38958300001264,
          196.19162500001153,
          196.2489580000124,
          196.08087500000693,
          196.1802920000082,
          196.22812499997622,
          196.50158299998566,
          196.27404100000945,
          196.07437500002334,
          196.16070800000784,
          196.21570900000052,
          196.1462079999876,
          196.15637499998684,
          196.059125000005,
          196.24675000000025,
          196.0958329999869,
          196.33891600000197,
          196.04916699998398
        ],
        "error": ""
      },
      {
        "opening_name": "ruy_lopez",
        "opening_fen": "r1bqkbnr/pppp1ppp/2n5/1B2p3/4P3/5N2/PPPP1PPP/RNBQK2R b KQkq - 3 3",
        "result": "draw",
        "score_a": 0.5,
        "plies": 17,
        "adjudicated": false,
        "player_a_color": "white",
        "player_a_timeouts": 0,
        "player_b_timeouts": 0,
        "player_a_moves": 8,
        "player_b_moves": 9,
        "player_a_crashes": 0,
        "player_b_crashes": 0,
        "response_times_ms": [
          196.16329099997643,
          196.14533399999345,
          196.59279200001833,
          196.04595799998492,
          196.3211670000078,
          196.45120800001337,
          196.1394999999868,
          196.03408399999012,
          196.512083000016,
          196.059125000005,
          196.03941699998018,
          196.31087499999467,
          196.18879100002573,
          196.13541600000417,
          196.48191600001041,
          196.16479100000106,
          196.06295799999884
        ],
        "error": ""
      },
      {
        "opening_name": "ruy_lopez",
        "opening_fen": "r1bqkbnr/pppp1ppp/2n5/1B2p3/4P3/5N2/PPPP1PPP/RNBQK2R b KQkq - 3 3",
        "result": "draw",
        "score_a": 0.5,
        "plies": 17,
        "adjudicated": false,
        "player_a_color": "black",
        "player_a_timeouts": 0,
        "player_b_timeouts": 0,
        "player_a_moves": 9,
        "player_b_moves": 8,
        "player_a_crashes": 0,
        "player_b_crashes": 0,
        "response_times_ms": [
          196.3906250000207,
          196.152541999993,
          196.60995800001047,
          196.388541999994,
          196.2626250000028,
          196.20241600000554,
          196.23037499999896,
          196.06645800001843,
          196.41899999999168,
          196.03074999997716,
          196.36354200000028,
          196.2429170000064,
          196.3087090000215,
          196.1742089999916,
          196.06520799999316,
          196.62687499999265,
          196.2805000000003
        ],
        "error": ""
      },
      {
        "opening_name": "italian_game",
        "opening_fen": "r1bqk1nr/pppp1ppp/2n5/2b1p3/2B1P3/5N2/PPPP1PPP/RNBQK2R w KQkq - 4 4",
        "result": "draw",
        "score_a": 0.5,
        "plies": 11,
        "adjudicated": false,
        "player_a_color": "white",
        "player_a_timeouts": 0,
        "player_b_timeouts": 0,
        "player_a_moves": 6,
        "player_b_moves": 5,
        "player_a_crashes": 0,
        "player_b_crashes": 0,
        "response_times_ms": [
          196.09091600000284,
          196.17754200001514,
          196.1836250000033,
          196.34470799999804,
          196.14616699999488,
          196.42920800001207,
          196.16754199998354,
          196.189583000006,
          196.50095800000145,
          196.71083299999736,
          196.11604199999988
        ],
        "error": ""
      },
      {
        "opening_name": "italian_game",
        "opening_fen": "r1bqk1nr/pppp1ppp/2n5/2b1p3/2B1P3/5N2/PPPP1PPP/RNBQK2R w KQkq - 4 4",
        "result": "draw",
        "score_a": 0.5,
        "plies": 11,
        "adjudicated": false,
        "player_a_color": "black",
        "player_a_timeouts": 0,
        "player_b_timeouts": 0,
        "player_a_moves": 5,
        "player_b_moves": 6,
        "player_a_crashes": 0,
        "player_b_crashes": 0,