{
  "feedback_source": "self_play",
  "summary": {
    "games": 16,
    "wins_a": 5,
    "losses_a": 3,
    "draws": 8,
    "score_a": 9.0,
    "mean_score_a": 0.5625,
    "game_scores_a": [
      0.5,
      0.5,
      0.5,
      1.0,
      0.5,
      1.0,
      0.0,
      1.0,
      1.0,
      0.0,
      0.5,
      0.5,
      1.0,
      0.0,
      0.5,
      0.5
    ],
    "player_a_moves": 123,
    "player_b_moves": 124,
    "player_a_timeouts": 0,
    "player_b_timeouts": 0,
    "player_a_crashes": 0,
    "player_b_crashes": 0,
    "results": [
      {
        "opening_name": "startpos",
        "opening_fen": "rnbqkbnr/pppppppp/8/8/8/8/PPPPPPPP/RNBQKBNR w KQkq - 0 1",
        "result": "draw",
        "score_a": 0.5,
        "plies": 13,
        "adjudicated": false,
        "player_a_color": "white",
        "player_a_timeouts": 0,
        "player_b_timeouts": 0,
        "player_a_moves": 7,
        "player_b_moves": 6,
        "player_a_crashes": 0,
        "player_b_crashes": 0,
        "response_times_ms": [
          196.34662499998967,
          196.37504100001024,
          196.915582999992,
          196.1430830000097,
          196.19166699999369,
          196.09845900001233,
          196.81662499999675,
          196.5533750000077,
          196.67483399999242,
          196.34512499999346,
          196.15204200002267,
          196.66162499999018,
          196.07495900001481
        ],
        "error": ""
      },
      {
        "opening_name": "startpos",
        "opening_fen": "rnbqkbnr/pppppppp/8/8/8/8/PPPPPPPP/RNBQKBNR w KQkq - 0 1",
        "result": "draw",
        "score_a": 0.5,
        "plies": 13,
        "adjudicated": false,
        "player_a_color": "black",
        "player_a_timeouts": 0,
        "player_b_timeouts": 0,
        "player_a_moves": 6,
        "player_b_moves": 7,
        "player_a_crashes": 0,
        "player_b_crashes": 0,
        "response_times_ms": [
          196.21704099998283,
          196.3117079999961,
          196.26008299999853,
          196.48620800001027,
          196.33008400001017,
          196.16854100002,
          196.33570799999234,
          196.55808300001354,
          196.09954200001312,
          196.10000000000127,
          196.27595800000108,
          196.56899999998245,
          196.35187500000484
        ],
        "error": ""
      },
      {
        "opening_name": "queens_pawn",
        "opening_fen": "rnbqkbnr/ppp1pppp/8/3p4/3P4/8/PPP1PPPP/RNBQKBNR w KQkq - 0 2",
        "result": "draw",
        "score_a": 0.5,
        "plies": 14,
        "adjudicated": false,
        "player_a_color": "white",
        "player_a_timeouts": 0,
        "player_b_timeouts": 0,
        "player_a_moves": 7,
        "player_b_moves": 7,
        "player_a_crashes": 0,
        "player_b_crashes": 0,
        "response_times_ms": [
          196.09483400000727,
          196.56683299999145,
          196.23937500000466,
          196.35437499999853,
          196.05537499998604,
          196.20537500000523,
          196.64149999999836,
          196.42883399998823,
          196.04824999998982,
          197.01479100001507,
          196.35091699998952,
          196.23341700000196,
          196.10799999998108,
          196.35283400000958
        ],
        "error": ""
      },
      {
        "opening_name": "queens_pawn",
        "opening_fen": "rnbqkbnr/ppp1pppp/8/3p4/3P4/8/PPP1PPPP/RNBQKBNR w KQkq - 0 2",
        "result": "win",
        "score_a": 1.0,
        "plies": 20,
        "adjudicated": true,
        "player_a_color": "black",
        "player_a_timeouts": 0,
        "player_b_timeouts": 0,
        "player_a_moves": 10,
        "player_b_moves": 10,
        "player_a_crashes": 0,
        "player_b_crashes": 0,
        "response_times_ms": [
          196.69049999998833,
          196.16504199998985,
          196.4472499999772,
          196.1392910000086,
          196.53358399997956,
          196.14433300000655,
          196.44833300000641,
          196.52625000000512,
          196.5139170000043,
          196.05774999999426,
          196.08324999998672,
          196.20462500000713,
          196.45654199999285,
          196.03229200001238,
          196.0740410000028,
          196.24291599998855,
          196.36174999999412,
          196.27337500000408,
          196.653375000011,
          196.05362500001888
        ],
        "error": ""
      },
      {
        "opening_name": "ruy_lopez",
        "opening_fen": "r1bqkbnr/pppp1ppp/2n5/1B2p3/4P3/5N2/PPPP1PPP/RNBQK2R b KQkq - 3 3",
        "result": "draw",
        "score_a": 0.5,
        "plies": 20,
        "adjudicated": true,
        "player_a_color": "white",
        "player_a_timeouts": 0,
        "player_b_timeouts": 0,
        "player_a_moves": 10,
        "player_b_moves": 10,
        "player_a_crashes": 0,
        "player_b_crashes": 0,
        "response_times_ms": [
          196.60116699998298,
          196.05691699999284,
          196.18279099998404,
          196.0646670000017,
          196.4969999999937,
          197.02974999998446,
          196.4490000000012,
          196.61470900001632,
          197.32108300001983,
          196.67462499998578,
          196.31812500000478,
          198.0222079999976,
          196.61899999999832,
          196.6440839999848,
          198.4482919999948,
          198.1423750000033,
          196.56933400000298,
          196.13933300001918,
          196.91508299999327,
          196.40658299999814
        ],
        "error": ""
      },
      {
        "opening_name": "ruy_lopez",
        "opening_fen": "r1bqkbnr/pppp1ppp/2n5/1B2p3/4P3/5N2/PPPP1PPP/RNBQK2R b KQkq - 3 3",
        "result": "win",
        "score_a": 1.0,
        "plies": 20,
        "adjudicated": true,
        "player_a_color": "black",
        "player_a_timeouts": 0,
        "player_b_timeouts": 0,
        "player_a_moves": 10,
        "player_b_moves": 10,
        "player_a_crashes": 0,
        "player_b_crashes": 0,
        "response_times_ms": [
          199.1449159999945,
          196.69416599998613,
          199.16916600001855,
          197.58941599999957,
          197.03416599998036,
          196.96016600002508,
          196.39483299999938,
          196.08545799999888,
          196.23608299997386,
          196.14829099998587,
          196.098792000015,
          196.18779200001768,
          196.23433399999612,
          196.12524999999437,
          196.37224999999603,
          196.44916600000784,
          196.48504100001674,
          196.30208300000618,
          196.27695799999856,
          196.20395900000176
        ],
        "error": ""
      },
      {
        "opening_name": "italian_game",
        "opening_fen": "r1bqk1nr/pppp1ppp/2n5/2b1p3/2B1P3/5N2/PPPP1PPP/RNBQK2R w KQkq - 4 4",
        "result": "loss",
        "score_a": 0.0,
        "plies": 10,
        "adjudicated": false,
        "player_a_color": "white",
        "player_a_timeouts": 0,
        "player_b_timeouts": 0,
        "player_a_moves": 5,
        "player_b_moves": 5,
        "player_a_crashes": 0,
        "player_b_crashes": 0,
        "response_times_ms": [
          196.29062500001737,
          196.90499999998679,
          196.07516600001418,
          196.46820799999887,
          196.82050000000118,
          196.15100000001462,
          196.5659589999973,
          196.1132090000035,
          196.1066659999915,
          34.805249999976695
        ],
        "error": ""
      },
      {
        "opening_name": "italian_game",
        "opening_fen": "r1bqk1nr/pppp1ppp/2n5/2b1p3/2B1P3/5N2/PPPP1PPP/RNBQK2R w KQkq - 4 4",
        "result": "win",
        "score_a": 1.0,
        "plies": 10,
        "adjudicated": false,
        "player_a_color": "black",
        "player_a_timeouts": 0,
        "player_b_timeouts": 0,
        "player_a_moves": 5,
        "player_b_moves": 5,
        "player_a_crashes": 0,
        "player_b_crashes": 0,