{
  "feedback_source": "self_play",
  "summary": {
    "games": 16,
    "wins_a": 2,
    "losses_a": 2,
    "draws": 12,
    "score_a": 8.0,
    "mean_score_a": 0.5,
    "game_scores_a": [
      0.5,
      0.5,
      0.0,
      1.0,
      0.5,
      0.5,
      0.5,
      0.5,
      1.0,
      0.0,
      0.5,
      0.5,
      0.5,
      0.5,
      0.5,
      0.5
    ],
    "player_a_moves": 121,
    "player_b_moves": 121,
    "player_a_timeouts": 0,
    "player_b_timeouts": 0,
    "player_a_crashes": 0,
    "player_b_crashes": 0,
    "results": [
      {
        "opening_name": "startpos",
        "opening_fen": "rnbqkbnr/pppppppp/8/8/8/8/PPPPPPPP/RNBQKBNR w KQkq - 0 1",
        "result": "draw",
        "score_a": 0.5,
        "plies": 13,
        "adjudicated": false,
        "player_a_color": "white",
        "player_a_timeouts": 0,
        "player_b_timeouts": 0,
        "player_a_moves": 7,
        "player_b_moves": 6,
        "player_a_crashes": 0,
        "player_b_crashes": 0,
        "response_times_ms": [
          196.21870899999294,
          196.28849999999431,
          196.17591700000503,
          196.15670899999316,
          196.13499999999817,
          196.42345800001237,
          196.59258400000112,
          196.23666700000797,
          196.60775000001252,
          196.0515419999922,
          196.5972499999964,
          196.15041699999836,
          196.5325409999963
        ],
        "error": ""
      },
      {
        "opening_name": "startpos",
        "opening_fen": "rnbqkbnr/pppppppp/8/8/8/8/PPPPPPPP/RNBQKBNR w KQkq - 0 1",
        "result": "draw",
        "score_a": 0.5,
        "plies": 13,
        "adjudicated": false,
        "player_a_color": "black",
        "player_a_timeouts": 0,
        "player_b_timeouts": 0,
        "player_a_moves": 6,
        "player_b_moves": 7,
        "player_a_crashes": 0,
        "player_b_crashes": 0,
        "response_times_ms": [
          196.25541599999963,
          196.02774999999895,
          196.12566600000036,
          196.15212499999757,
          196.5450000000004,
          196.3780420000063,
          196.05679100000373,
          196.4312500000034,
          196.2666250000069,
          196.50787500000888,
          196.57291599999382,
          196.0493750000012,
          196.28258299999857
        ],
        "error": ""
      },
      {
        "opening_name": "queens_pawn",
        "opening_fen": "rnbqkbnr/ppp1pppp/8/3p4/3P4/8/PPP1PPPP/RNBQKBNR w KQkq - 0 2",
        "result": "loss",
        "score_a": 0.0,
        "plies": 20,
        "adjudicated": true,
        "player_a_color": "white",
        "player_a_timeouts": 0,
        "player_b_timeouts": 0,
        "player_a_moves": 10,
        "player_b_moves": 10,
        "player_a_crashes": 0,
        "player_b_crashes": 0,
        "response_times_ms": [
          196.69958299999735,
          196.1365830000119,
          196.07062500000438,
          196.0830409999943,
          196.39837500000112,
          196.79733399999577,
          196.4732920000074,
          196.2130830000035,
          196.21070899999893,
          196.52675000000386,
          196.32966700000054,
          196.02587500000368,
          196.08766700000047,
          196.0362500000059,
          196.1256669999898,
          196.04704099999992,
          196.10295799999733,
          196.19279199999085,
          196.13012500001048,
          196.08679200000267
        ],
        "error": ""
      },
      {
        "opening_name": "queens_pawn",
        "opening_fen": "rnbqkbnr/ppp1pppp/8/3p4/3P4/8/PPP1PPPP/RNBQKBNR w KQkq - 0 2",
        "result": "win",
        "score_a": 1.0,
        "plies": 20,
        "adjudicated": true,
        "player_a_color": "black",
        "player_a_timeouts": 0,
        "player_b_timeouts": 0,
        "player_a_moves": 10,
        "player_b_moves": 10,
        "player_a_crashes": 0,
        "player_b_crashes": 0,
        "response_times_ms": [
          196.04658299999755,
          196.21341699999562,
          196.3042500000114,
          196.03458400000306,
          196.1356249999966,
          196.26458300000138,
          196.52124999998932,
          196.14554099999282,
          196.325666000007,
          196.14329200000213,
          196.06374999999332,
          196.22462499999926,
          196.35416699999553,
          196.0319169999991,
          196.0516249999955,
          196.1413749999963,
          196.21450000001062,
          196.19975000000522,
          196.10812500000918,
          196.24362500000814
        ],
        "error": ""
      },
      {
        "opening_name": "ruy_lopez",
        "opening_fen": "r1bqkbnr/pppp1ppp/2n5/1B2p3/4P3/5N2/PPPP1PPP/RNBQK2R b KQkq - 3 3",
        "result": "draw",
        "score_a": 0.5,
        "plies": 17,
        "adjudicated": false,
        "player_a_color": "white",
        "player_a_timeouts": 0,
        "player_b_timeouts": 0,
        "player_a_moves": 8,
        "player_b_moves": 9,
        "player_a_crashes": 0,
        "player_b_crashes": 0,
        "response_times_ms": [
          196.2716249999943,
          196.23625000001255,
          196.38670800000568,
          196.04604100000245,
          196.4476659999974,
          196.49474999999939,
          196.06600000000185,
          196.19304200000443,
          196.33112500000038,
          196.0247920000029,
          196.06466600001227,
          196.14187499999503,
          196.50095800000145,
          196.2737089999962,
          196.07979200000614,
          196.28704199999447,
          196.2602500000088
        ],
        "error": ""
      },
      {
        "opening_name": "ruy_lopez",
        "opening_fen": "r1bqkbnr/pppp1ppp/2n5/1B2p3/4P3/5N2/PPPP1PPP/RNBQK2R b KQkq - 3 3",
        "result": "draw",
        "score_a": 0.5,
        "plies": 17,
        "adjudicated": false,
        "player_a_color": "black",
        "player_a_timeouts": 0,
        "player_b_timeouts": 0,
        "player_a_moves": 9,
        "player_b_moves": 8,
        "player_a_crashes": 0,
        "player_b_crashes": 0,
        "response_times_ms": [
          196.4999159999934,
          196.32337499999153,
          196.24783300000104,
          196.03870800000323,
          196.11754100000667,
          196.21941599999104,
          196.33483399999818,
          196.14433300000655,
          196.05970800000705,
          196.1147080000103,
          196.13766700000212,
          196.58366699999874,
          196.26620799999728,
          196.0525000000075,
          196.20737500000018,
          196.31254200000114,
          196.51849999999627
        ],
        "error": ""
      },
      {
        "opening_name": "italian_game",
        "opening_fen": "r1bqk1nr/pppp1ppp/2n5/2b1p3/2B1P3/5N2/PPPP1PPP/RNBQK2R w KQkq - 4 4",
        "result": "draw",
        "score_a": 0.5,
        "plies": 11,
        "adjudicated": false,
        "player_a_color": "white",
        "player_a_timeouts": 0,
        "player_b_timeouts": 0,
        "player_a_moves": 6,
        "player_b_moves": 5,
        "player_a_crashes": 0,
        "player_b_crashes": 0,
        "response_times_ms": [
          196.2185419999969,
          196.1908749999992,
          196.03254199999753,
          196.36233300001038,
          196.2238330000048,
          196.16554099999917,
          196.30720800000745,
          196.1772500000052,
          196.2906659999959,
          196.31137500000762,
          196.29833300000143
        ],
        "error": ""
      },
      {
        "opening_name": "italian_game",
        "opening_fen": "r1bqk1nr/pppp1ppp/2n5/2b1p3/2B1P3/5N2/PPPP1PPP/RNBQK2R w KQkq - 4 4",
        "result": "draw",
        "score_a": 0.5,
        "plies": 11,
        "adjudicated": false,
        "player_a_color": "black",
        "player_a_timeouts": 0,
        "player_b_timeouts": 0,
        "player_a_moves": 5,
        "player_b_moves": 6,
        "player_a_crashes": 0,
        "player_b_crashes": 0,