{
  "feedback_source": "self_play",
  "summary": {
    "games": 16,
    "wins_a": 3,
    "losses_a": 3,
    "draws": 10,
    "score_a": 8.0,
    "mean_score_a": 0.5,
    "game_scores_a": [
      0.5,
      0.5,
      0.0,
      1.0,
      0.5,
      0.5,
      0.0,
      1.0,
      1.0,
      0.0,
      0.5,
      0.5,
      0.5,
      0.5,
      0.5,
      0.5
    ],
    "player_a_moves": 118,
    "player_b_moves": 118,
    "player_a_timeouts": 0,
    "player_b_timeouts": 0,
    "player_a_crashes": 0,
    "player_b_crashes": 0,
    "results": [
      {
        "opening_name": "startpos",
        "opening_fen": "rnbqkbnr/pppppppp/8/8/8/8/PPPPPPPP/RNBQKBNR w KQkq - 0 1",
        "result": "draw",
        "score_a": 0.5,
        "plies": 13,
        "adjudicated": false,
        "player_a_color": "white",
        "player_a_timeouts": 0,
        "player_b_timeouts": 0,
        "player_a_moves": 7,
        "player_b_moves": 6,
        "player_a_crashes": 0,
        "player_b_crashes": 0,
        "response_times_ms": [
          196.24487499999077,
          196.03387499998348,
          196.25337499999773,
          196.04250000000434,
          196.1799580000161,
          196.15633300000468,
          196.21833299999025,
          196.23287499999265,
          196.1193750000234,
          196.27262500000597,
          196.47750000001452,
          196.24070800000482,
          196.0843749999981
        ],
        "error": ""
      },
      {
        "opening_name": "startpos",
        "opening_fen": "rnbqkbnr/pppppppp/8/8/8/8/PPPPPPPP/RNBQKBNR w KQkq - 0 1",
        "result": "draw",
        "score_a": 0.5,
        "plies": 13,
        "adjudicated": false,
        "player_a_color": "black",
        "player_a_timeouts": 0,
        "player_b_timeouts": 0,
        "player_a_moves": 6,
        "player_b_moves": 7,
        "player_a_crashes": 0,
        "player_b_crashes": 0,
        "response_times_ms": [
          196.48225000000252,
          196.22579100001758,
          196.52766699999802,
          196.16470899998717,
          196.50345799999513,
          196.153417000005,
          196.03616600002738,
          196.11466700001756,
          196.06862500000943,
          196.12520900000163,
          196.53533300001413,
          196.27112500000976,
          196.85337499998923
        ],
        "error": ""
      },
      {
        "opening_name": "queens_pawn",
        "opening_fen": "rnbqkbnr/ppp1pppp/8/3p4/3P4/8/PPP1PPPP/RNBQKBNR w KQkq - 0 2",
        "result": "loss",
        "score_a": 0.0,
        "plies": 20,
        "adjudicated": true,
        "player_a_color": "white",
        "player_a_timeouts": 0,
        "player_b_timeouts": 0,
        "player_a_moves": 10,
        "player_b_moves": 10,
        "player_a_crashes": 0,
        "player_b_crashes": 0,
        "response_times_ms": [
          196.88341599999148,
          196.17129100001307,
          196.3582080000208,
          196.56229099999223,
          196.2370840000176,
          196.45599999998353,
          196.50745800001346,
          196.12345900000605,
          196.43062500000497,
          196.03812500000117,
          196.7282500000067,
          196.50566699999672,
          196.22399999997242,
          196.59612500001344,
          196.5573749999976,
          196.28808400000253,
          196.09979199998406,
          196.15891599997326,
          196.65383299999917,
          196.10941600001297
        ],
        "error": ""
      },
      {
        "opening_name": "queens_pawn",
        "opening_fen": "rnbqkbnr/ppp1pppp/8/3p4/3P4/8/PPP1PPPP/RNBQKBNR w KQkq - 0 2",
        "result": "win",
        "score_a": 1.0,
        "plies": 20,
        "adjudicated": true,
        "player_a_color": "black",
        "player_a_timeouts": 0,
        "player_b_timeouts": 0,
        "player_a_moves": 10,
        "player_b_moves": 10,
        "player_a_crashes": 0,
        "player_b_crashes": 0,
        "response_times_ms": [
          196.09308299999384,
          196.56729199999745,
          196.14966700001446,
          196.2635000000148,
          196.29545799998027,
          196.28549999998768,
          196.14541699999677,
          196.08583300001214,
          196.33179199999518,
          196.32445799999232,
          196.31749999999215,
          196.1090409999997,
          196.12133300000778,
          196.15095800000404,
          196.17758300000787,
          196.17483400000424,
          196.27595800000108,
          196.57454199997915,
          196.60562499998946,
          196.13116700000433
        ],
        "error": ""
      },
      {
        "opening_name": "ruy_lopez",
        "opening_fen": "r1bqkbnr/pppp1ppp/2n5/1B2p3/4P3/5N2/PPPP1PPP/RNBQK2R b KQkq - 3 3",
        "result": "draw",
        "score_a": 0.5,
        "plies": 15,
        "adjudicated": false,
        "player_a_color": "white",
        "player_a_timeouts": 0,
        "player_b_timeouts": 0,
        "player_a_moves": 7,
        "player_b_moves": 8,
        "player_a_crashes": 0,
        "player_b_crashes": 0,
        "response_times_ms": [
          196.13979199999676,
          196.61237500000084,
          196.45499999998606,
          196.1893749999888,
          196.17520899998908,
          196.27537499999903,
          196.07533300001023,
          196.10704199999418,
          196.08800000000315,
          196.14341700000182,
          196.26225000001796,
          196.4024170000016,
          196.09558300001595,
          196.0815840000123,
          196.27966599998103
        ],
        "error": ""
      },
      {
        "opening_name": "ruy_lopez",
        "opening_fen": "r1bqkbnr/pppp1ppp/2n5/1B2p3/4P3/5N2/PPPP1PPP/RNBQK2R b KQkq - 3 3",
        "result": "draw",
        "score_a": 0.5,
        "plies": 15,
        "adjudicated": false,
        "player_a_color": "black",
        "player_a_timeouts": 0,
        "player_b_timeouts": 0,
        "player_a_moves": 8,
        "player_b_moves": 7,
        "player_a_crashes": 0,
        "player_b_crashes": 0,
        "response_times_ms": [
          196.0904160000041,
          196.0845830000153,
          196.33433300001002,
          196.13300000000322,
          196.24804099998983,
          196.13674999999375,
          196.4368329999786,
          196.43066699998712,
          196.44895799999063,
          196.03316600000653,
          196.04412499998602,
          196.20645800000602,
          196.12979199999359,
          196.0675409999908,
          196.25641700000074
        ],
        "error": ""
      },
      {
        "opening_name": "italian_game",
        "opening_fen": "r1bqk1nr/pppp1ppp/2n5/2b1p3/2B1P3/5N2/PPPP1PPP/RNBQK2R w KQkq - 4 4",
        "result": "loss",
        "score_a": 0.0,
        "plies": 10,
        "adjudicated": false,
        "player_a_color": "white",
        "player_a_timeouts": 0,
        "player_b_timeouts": 0,
        "player_a_moves": 5,
        "player_b_moves": 5,
        "player_a_crashes": 0,
        "player_b_crashes": 0,
        "response_times_ms": [
          196.36154200000533,
          196.34824999999978,
          196.3122500000054,
          196.04870899999582,
          196.04212499999107,
          196.2515410000094,
          196.24154100000624,
          196.5084999999931,
          196.42829099998949,
          26.4425000000017
        ],
        "error": ""
      },
      {
        "opening_name": "italian_game",
        "opening_fen": "r1bqk1nr/pppp1ppp/2n5/2b1p3/2B1P3/5N2/PPPP1PPP/RNBQK2R w KQkq - 4 4",
        "result": "win",
        "score_a": 1.0,
        "plies": 10,
        "adjudicated": false,
        "player_a_color": "black",
        "player_a_timeouts": 0,
        "player_b_timeouts": 0,
        "player_a_moves": 5,
        "player_b_moves": 5,
        "player_a_crashes": 0,
        "player_b_crashes": 0,