{
  "feedback_source": "self_play",
  "summary": {
    "games": 16,
    "wins_a": 2,
    "losses_a": 2,
    "draws": 12,
    "score_a": 8.0,
    "mean_score_a": 0.5,
    "game_scores_a": [
      0.5,
      0.5,
      0.0,
      1.0,
      0.5,
      0.5,
      0.5,
      0.5,
      1.0,
      0.0,
      0.5,
      0.5,
      0.5,
      0.5,
      0.5,
      0.5
    ],
    "player_a_moves": 116,
    "player_b_moves": 116,
    "player_a_timeouts": 0,
    "player_b_timeouts": 0,
    "player_a_crashes": 0,
    "player_b_crashes": 0,
    "results": [
      {
        "opening_name": "startpos",
        "opening_fen": "rnbqkbnr/pppppppp/8/8/8/8/PPPPPPPP/RNBQKBNR w KQkq - 0 1",
        "result": "draw",
        "score_a": 0.5,
        "plies": 13,
        "adjudicated": false,
        "player_a_color": "white",
        "player_a_timeouts": 0,
        "player_b_timeouts": 0,
        "player_a_moves": 7,
        "player_b_moves": 6,
        "player_a_crashes": 0,
        "player_b_crashes": 0,
        "response_times_ms": [
          196.2096249999945,
          196.19991599999764,
          196.08224999998924,
          196.11958400000162,
          196.0825419999992,
          196.39087499999164,
          196.60154199999624,
          196.12745899999595,
          196.2519169999979,
          196.31616600000257,
          196.71929100000796,
          196.49133400000096,
          196.10437500000444
        ],
        "error": ""
      },
      {
        "opening_name": "startpos",
        "opening_fen": "rnbqkbnr/pppppppp/8/8/8/8/PPPPPPPP/RNBQKBNR w KQkq - 0 1",
        "result": "draw",
        "score_a": 0.5,
        "plies": 13,
        "adjudicated": false,
        "player_a_color": "black",
        "player_a_timeouts": 0,
        "player_b_timeouts": 0,
        "player_a_moves": 6,
        "player_b_moves": 7,
        "player_a_crashes": 0,
        "player_b_crashes": 0,
        "response_times_ms": [
          196.06612500000153,
          196.04462499999897,
          196.11258300000145,
          196.3717499999973,
          196.24220800000103,
          196.09524999999906,
          196.33454200000244,
          196.12354100000573,
          196.52179199999864,
          196.4448749999974,
          196.2077090000065,
          196.40474999999924,
          196.05400000000373
        ],
        "error": ""
      },
      {
        "opening_name": "queens_pawn",
        "opening_fen": "rnbqkbnr/ppp1pppp/8/3p4/3P4/8/PPP1PPPP/RNBQKBNR w KQkq - 0 2",
        "result": "loss",
        "score_a": 0.0,
        "plies": 20,
        "adjudicated": true,
        "player_a_color": "white",
        "player_a_timeouts": 0,
        "player_b_timeouts": 0,
        "player_a_moves": 10,
        "player_b_moves": 10,
        "player_a_crashes": 0,
        "player_b_crashes": 0,
        "response_times_ms": [
          196.12949999999785,
          196.0650409999971,
          196.05950000000405,
          196.58595899998943,
          196.64087499999994,
          196.10170800000049,
          196.74779199999648,
          196.04750000000593,
          196.11683399999436,
          196.3412089999963,
          196.24708300000293,
          196.04312500000276,
          196.13029200000653,
          196.05866700000263,
          196.2274170000029,
          196.11766600000635,
          196.28304200000457,
          196.4608339999927,
          196.03733400001033,
          196.08141700000203
        ],
        "error": ""
      },
      {
        "opening_name": "queens_pawn",
        "opening_fen": "rnbqkbnr/ppp1pppp/8/3p4/3P4/8/PPP1PPPP/RNBQKBNR w KQkq - 0 2",
        "result": "win",
        "score_a": 1.0,
        "plies": 20,
        "adjudicated": true,
        "player_a_color": "black",
        "player_a_timeouts": 0,
        "player_b_timeouts": 0,
        "player_a_moves": 10,
        "player_b_moves": 10,
        "player_a_crashes": 0,
        "player_b_crashes": 0,
        "response_times_ms": [
          196.17741699998703,
          196.44075000000782,
          196.48499999999558,
          196.51991700000337,
          196.50079199999482,
          196.0595839999968,
          196.7595410000058,
          196.05808299999694,
          196.09666599998832,
          196.12608300001,
          196.3587079999911,
          196.03437499999643,
          196.63587499999835,
          196.1251250000089,
          196.05116700000735,
          196.25712500000247,
          196.18645799999967,
          196.15724999999884,
          196.2206660000021,
          196.35241699999995
        ],
        "error": ""
      },
      {
        "opening_name": "ruy_lopez",
        "opening_fen": "r1bqkbnr/pppp1ppp/2n5/1B2p3/4P3/5N2/PPPP1PPP/RNBQK2R b KQkq - 3 3",
        "result": "draw",
        "score_a": 0.5,
        "plies": 12,
        "adjudicated": false,
        "player_a_color": "white",
        "player_a_timeouts": 0,
        "player_b_timeouts": 0,
        "player_a_moves": 6,
        "player_b_moves": 6,
        "player_a_crashes": 0,
        "player_b_crashes": 0,
        "response_times_ms": [
          196.23512500000118,
          196.3672090000017,
          196.5602920000009,
          196.1932499999932,
          196.14716700000656,
          196.31016700000714,
          196.29379100000222,
          196.12416600000415,
          196.53641700000435,
          196.27904199998625,
          196.52245900000764,
          196.56391700000597
        ],
        "error": ""
      },
      {
        "opening_name": "ruy_lopez",
        "opening_fen": "r1bqkbnr/pppp1ppp/2n5/1B2p3/4P3/5N2/PPPP1PPP/RNBQK2R b KQkq - 3 3",
        "result": "draw",
        "score_a": 0.5,
        "plies": 12,
        "adjudicated": false,
        "player_a_color": "black",
        "player_a_timeouts": 0,
        "player_b_timeouts": 0,
        "player_a_moves": 6,
        "player_b_moves": 6,
        "player_a_crashes": 0,
        "player_b_crashes": 0,
        "response_times_ms": [
          196.1461249999985,
          196.44858299999157,
          196.36108299999933,
          196.5484579999952,
          196.04291699999976,
          196.04900000000214,
          196.1053750000019,
          196.084292000009,
          196.27558300000203,
          196.1902500000008,
          196.6293339999936,
          196.06158300000232
        ],
        "error": ""
      },
      {
        "opening_name": "italian_game",
        "opening_fen": "r1bqk1nr/pppp1ppp/2n5/2b1p3/2B1P3/5N2/PPPP1PPP/RNBQK2R w KQkq - 4 4",
        "result": "draw",
        "score_a": 0.5,
        "plies": 11,
        "adjudicated": false,
        "player_a_color": "white",
        "player_a_timeouts": 0,
        "player_b_timeouts": 0,
        "player_a_moves": 6,
        "player_b_moves": 5,
        "player_a_crashes": 0,
        "player_b_crashes": 0,
        "response_times_ms": [
          196.15329100000167,
          196.091832999997,
          196.44037500000877,
          196.3383749999963,
          196.05404099999646,
          196.26120899999933,
          196.29154199999732,
          196.43958400000372,
          196.2399580000067,
          196.31975000000068,
          196.06720899999175
        ],
        "error": ""
      },
      {
        "opening_name": "italian_game",
        "opening_fen": "r1bqk1nr/pppp1ppp/2n5/2b1p3/2B1P3/5N2/PPPP1PPP/RNBQK2R w KQkq - 4 4",
        "result": "draw",
        "score_a": 0.5,
        "plies": 11,
        "adjudicated": false,
        "player_a_color": "black",
        "player_a_timeouts": 0,
        "player_b_timeouts": 0,
        "player_a_moves": 5,
        "player_b_moves": 6,
        "player_a_crashes": 0,
        "player_b_crashes": 0,