{
  "feedback_source": "self_play",
  "summary": {
    "games": 16,
    "wins_a": 2,
    "losses_a": 3,
    "draws": 11,
    "score_a": 7.5,
    "mean_score_a": 0.46875,
    "game_scores_a": [
      0.5,
      0.5,
      0.0,
      1.0,
      0.5,
      0.5,
      0.0,
      1.0,
      0.5,
      0.0,
      0.5,
      0.5,
      0.5,
      0.5,
      0.5,
      0.5
    ],
    "player_a_moves": 118,
    "player_b_moves": 118,
    "player_a_timeouts": 0,
    "player_b_timeouts": 0,
    "player_a_crashes": 0,
    "player_b_crashes": 0,
    "results": [
      {
        "opening_name": "startpos",
        "opening_fen": "rnbqkbnr/pppppppp/8/8/8/8/PPPPPPPP/RNBQKBNR w KQkq - 0 1",
        "result": "draw",
        "score_a": 0.5,
        "plies": 13,
        "adjudicated": false,
        "player_a_color": "white",
        "player_a_timeouts": 0,
        "player_b_timeouts": 0,
        "player_a_moves": 7,
        "player_b_moves": 6,
        "player_a_crashes": 0,
        "player_b_crashes": 0,
        "response_times_ms": [
          196.10254200000554,
          196.43912500001193,
          196.25333300000136,
          196.07575000000566,
          196.64412499999173,
          196.12183300000652,
          196.20179100000712,
          196.0629170000061,
          196.16329199999427,
          196.36500000000012,
          196.25412499999584,
          196.06116700001053,
          196.72841599999913
        ],
        "error": ""
      },
      {
        "opening_name": "startpos",
        "opening_fen": "rnbqkbnr/pppppppp/8/8/8/8/PPPPPPPP/RNBQKBNR w KQkq - 0 1",
        "result": "draw",
        "score_a": 0.5,
        "plies": 13,
        "adjudicated": false,
        "player_a_color": "black",
        "player_a_timeouts": 0,
        "player_b_timeouts": 0,
        "player_a_moves": 6,
        "player_b_moves": 7,
        "player_a_crashes": 0,
        "player_b_crashes": 0,
        "response_times_ms": [
          196.11508299999514,
          196.06716699999538,
          196.0485000000034,
          196.03054200000258,
          196.04479200000924,
          196.3481250000001,
          196.57416599999067,
          196.2389170000023,
          196.26733399999807,
          196.097709,
          196.03416699999343,
          196.03295799998932,
          196.21079200000224
        ],
        "error": ""
      },
      {
        "opening_name": "queens_pawn",
        "opening_fen": "rnbqkbnr/ppp1pppp/8/3p4/3P4/8/PPP1PPPP/RNBQKBNR w KQkq - 0 2",
        "result": "loss",
        "score_a": 0.0,
        "plies": 20,
        "adjudicated": true,
        "player_a_color": "white",
        "player_a_timeouts": 0,
        "player_b_timeouts": 0,
        "player_a_moves": 10,
        "player_b_moves": 10,
        "player_a_crashes": 0,
        "player_b_crashes": 0,
        "response_times_ms": [
          196.19504199999938,
          196.11662500000193,
          196.555208999996,
          196.29554200000143,
          196.26566600000217,
          196.40333300000634,
          196.07308400000534,
          196.19245799999874,
          196.43083300000796,
          196.08087499999272,
          196.3110840000013,
          196.09287499999084,
          196.76929100000962,
          196.1687919999946,
          196.06179200000895,
          196.52787500000102,
          196.46949999999208,
          196.25079200000073,
          196.62187500000528,
          196.1298749999969
        ],
        "error": ""
      },
      {
        "opening_name": "queens_pawn",
        "opening_fen": "rnbqkbnr/ppp1pppp/8/3p4/3P4/8/PPP1PPPP/RNBQKBNR w KQkq - 0 2",
        "result": "win",
        "score_a": 1.0,
        "plies": 20,
        "adjudicated": true,
        "player_a_color": "black",
        "player_a_timeouts": 0,
        "player_b_timeouts": 0,
        "player_a_moves": 10,
        "player_b_moves": 10,
        "player_a_crashes": 0,
        "player_b_crashes": 0,
        "response_times_ms": [
          196.38399999999478,
          196.20525000000555,
          196.228167000001,
          196.14208299999802,
          196.19079099999226,
          196.11808299998756,
          196.03254199999753,
          196.17399999999918,
          196.24537500000372,
          196.5703749999932,
          196.74108399999568,
          196.17399999999918,
          196.7836249999948,
          196.0776669999973,
          196.16837499999917,
          196.21850000000052,
          196.66408399999113,
          196.11608300000682,
          196.51679199999705,
          196.07779199999698
        ],
        "error": ""
      },
      {
        "opening_name": "ruy_lopez",
        "opening_fen": "r1bqkbnr/pppp1ppp/2n5/1B2p3/4P3/5N2/PPPP1PPP/RNBQK2R b KQkq - 3 3",
        "result": "draw",
        "score_a": 0.5,
        "plies": 15,
        "adjudicated": false,
        "player_a_color": "white",
        "player_a_timeouts": 0,
        "player_b_timeouts": 0,
        "player_a_moves": 7,
        "player_b_moves": 8,
        "player_a_crashes": 0,
        "player_b_crashes": 0,
        "response_times_ms": [
          196.51420799999642,
          196.12345899999184,
          196.51245800000083,
          196.16941699999302,
          196.5307079999974,
          196.50129199999355,
          196.44191700000135,
          196.09524999999906,
          196.16025000000548,
          196.6279999999898,
          196.43008300000986,
          196.1109169999986,
          196.19291699999053,
          196.61795800000448,
          196.1608750000039
        ],
        "error": ""
      },
      {
        "opening_name": "ruy_lopez",
        "opening_fen": "r1bqkbnr/pppp1ppp/2n5/1B2p3/4P3/5N2/PPPP1PPP/RNBQK2R b KQkq - 3 3",
        "result": "draw",
        "score_a": 0.5,
        "plies": 15,
        "adjudicated": false,
        "player_a_color": "black",
        "player_a_timeouts": 0,
        "player_b_timeouts": 0,
        "player_a_moves": 8,
        "player_b_moves": 7,
        "player_a_crashes": 0,
        "player_b_crashes": 0,
        "response_times_ms": [
          196.38804099999163,
          196.12787500000195,
          196.4610420000099,
          196.17070900000044,
          196.07604199998718,
          196.24545899999646,
          196.1970840000049,
          196.23541700001113,
          196.17566600000202,
          196.02483299999562,
          196.10770799999955,
          196.3886669999937,
          196.4384999999993,
          196.07504100000028,
          196.42708300000322
        ],
        "error": ""
      },
      {
        "opening_name": "italian_game",
        "opening_fen": "r1bqk1nr/pppp1ppp/2n5/2b1p3/2B1P3/5N2/PPPP1PPP/RNBQK2R w KQkq - 4 4",
        "result": "loss",
        "score_a": 0.0,
        "plies": 10,
        "adjudicated": false,
        "player_a_color": "white",
        "player_a_timeouts": 0,
        "player_b_timeouts": 0,
        "player_a_moves": 5,
        "player_b_moves": 5,
        "player_a_crashes": 0,
        "player_b_crashes": 0,
        "response_times_ms": [
          196.5655829999946,
          196.2383330000108,
          196.43695900001035,
          196.11691699999767,
          196.85562499999776,
          196.0740840000028,
          196.07062499999017,
          196.14133299999992,
          196.13391600000796,
          26.45666700000504
        ],
        "error": ""
      },
      {
        "opening_name": "italian_game",
        "opening_fen": "r1bqk1nr/pppp1ppp/2n5/2b1p3/2B1P3/5N2/PPPP1PPP/RNBQK2R w KQkq - 4 4",
        "result": "win",
        "score_a": 1.0,
        "plies": 10,
        "adjudicated": false,
        "player_a_color": "black",
        "player_a_timeouts": 0,
        "player_b_timeouts": 0,
        "player_a_moves": 5,
        "player_b_moves": 5,
        "player_a_crashes": 0,
        "player_b_crashes": 0,