{
  "feedback_source": "self_play",
  "summary": {
    "games": 16,
    "wins_a": 2,
    "losses_a": 3,
    "draws": 11,
    "score_a": 7.5,
    "mean_score_a": 0.46875,
    "game_scores_a": [
      0.5,
      0.5,
      0.0,
      1.0,
      0.5,
      0.5,
      0.0,
      0.5,
      1.0,
      0.0,
      0.5,
      0.5,
      0.5,
      0.5,
      0.5,
      0.5
    ],
    "player_a_moves": 120,
    "player_b_moves": 121,
    "player_a_timeouts": 0,
    "player_b_timeouts": 0,
    "player_a_crashes": 0,
    "player_b_crashes": 0,
    "results": [
      {
        "opening_name": "startpos",
        "opening_fen": "rnbqkbnr/pppppppp/8/8/8/8/PPPPPPPP/RNBQKBNR w KQkq - 0 1",
        "result": "draw",
        "score_a": 0.5,
        "plies": 13,
        "adjudicated": false,
        "player_a_color": "white",
        "player_a_timeouts": 0,
        "player_b_timeouts": 0,
        "player_a_moves": 7,
        "player_b_moves": 6,
        "player_a_crashes": 0,
        "player_b_crashes": 0,
        "response_times_ms": [
          196.16033299999995,
          196.04325000000006,
          196.38350000000005,
          196.2674579999999,
          196.14091699999992,
          196.22454100000007,
          196.22645900000003,
          196.35699999999989,
          196.4209579999998,
          196.18724999999992,
          196.21829199999974,
          196.16804200000004,
          196.22354100000018
        ],
        "error": ""
      },
      {
        "opening_name": "startpos",
        "opening_fen": "rnbqkbnr/pppppppp/8/8/8/8/PPPPPPPP/RNBQKBNR w KQkq - 0 1",
        "result": "draw",
        "score_a": 0.5,
        "plies": 13,
        "adjudicated": false,
        "player_a_color": "black",
        "player_a_timeouts": 0,
        "player_b_timeouts": 0,
        "player_a_moves": 6,
        "player_b_moves": 7,
        "player_a_crashes": 0,
        "player_b_crashes": 0,
        "response_times_ms": [
          196.1371660000002,
          196.3771249999997,
          196.299459,
          196.433458,
          196.1200409999999,
          196.06195900000057,
          196.44620899999944,
          196.4986660000001,
          196.11816699999986,
          196.06129199999955,
          196.07762500000004,
          196.04695800000016,
          196.5576250000005
        ],
        "error": ""
      },
      {
        "opening_name": "queens_pawn",
        "opening_fen": "rnbqkbnr/ppp1pppp/8/3p4/3P4/8/PPP1PPPP/RNBQKBNR w KQkq - 0 2",
        "result": "loss",
        "score_a": 0.0,
        "plies": 20,
        "adjudicated": true,
        "player_a_color": "white",
        "player_a_timeouts": 0,
        "player_b_timeouts": 0,
        "player_a_moves": 10,
        "player_b_moves": 10,
        "player_a_crashes": 0,
        "player_b_crashes": 0,
        "response_times_ms": [
          196.16254099999964,
          196.3290830000002,
          196.12583299999997,
          196.3785419999997,
          196.07624999999996,
          196.10229199999995,
          196.33545900000016,
          196.0607089999993,
          196.07279199999982,
          196.19016700000014,
          196.18187499999974,
          196.4133340000007,
          196.26387499999964,
          196.25258399999979,
          196.07762499999916,
          196.13595799999928,
          196.04770800000006,
          196.04741700000085,
          196.05570799999938,
          196.0392080000002
        ],
        "error": ""
      },
      {
        "opening_name": "queens_pawn",
        "opening_fen": "rnbqkbnr/ppp1pppp/8/3p4/3P4/8/PPP1PPPP/RNBQKBNR w KQkq - 0 2",
        "result": "win",
        "score_a": 1.0,
        "plies": 20,
        "adjudicated": true,
        "player_a_color": "black",
        "player_a_timeouts": 0,
        "player_b_timeouts": 0,
        "player_a_moves": 10,
        "player_b_moves": 10,
        "player_a_crashes": 0,
        "player_b_crashes": 0,
        "response_times_ms": [
          196.46166600000114,
          196.39249999999998,
          196.23224999999957,
          196.105459,
          196.3618329999992,
          196.25187499999976,
          196.17412500000063,
          196.03766700000057,
          196.20387500000015,
          196.27299999999968,
          196.77854100000047,
          196.41766599999855,
          196.06037500000008,
          196.34558300000117,
          196.06104200000019,
          196.07295800000026,
          196.5754999999998,
          196.11212500000084,
          196.47412499999996,
          196.0494999999991
        ],
        "error": ""
      },
      {
        "opening_name": "ruy_lopez",
        "opening_fen": "r1bqkbnr/pppp1ppp/2n5/1B2p3/4P3/5N2/PPPP1PPP/RNBQK2R b KQkq - 3 3",
        "result": "draw",
        "score_a": 0.5,
        "plies": 17,
        "adjudicated": false,
        "player_a_color": "white",
        "player_a_timeouts": 0,
        "player_b_timeouts": 0,
        "player_a_moves": 8,
        "player_b_moves": 9,
        "player_a_crashes": 0,
        "player_b_crashes": 0,
        "response_times_ms": [
          196.64549999999892,
          196.199416999999,
          196.0847499999989,
          196.5904579999993,
          196.13870899999952,
          196.0381249999994,
          196.2666249999998,
          196.05291699999938,
          196.0925410000005,
          196.57483299999967,
          196.55550000000056,
          196.2269170000006,
          196.48304200000055,
          196.25166700000028,
          196.49708400000065,
          196.25287500000255,
          196.25529200000003
        ],
        "error": ""
      },
      {
        "opening_name": "ruy_lopez",
        "opening_fen": "r1bqkbnr/pppp1ppp/2n5/1B2p3/4P3/5N2/PPPP1PPP/RNBQK2R b KQkq - 3 3",
        "result": "draw",
        "score_a": 0.5,
        "plies": 17,
        "adjudicated": false,
        "player_a_color": "black",
        "player_a_timeouts": 0,
        "player_b_timeouts": 0,
        "player_a_moves": 9,
        "player_b_moves": 8,
        "player_a_crashes": 0,
        "player_b_crashes": 0,
        "response_times_ms": [
          196.30049999999954,
          196.25950000000003,
          196.43212500000118,
          196.25920899999727,
          196.50070799999853,
          196.43899999999803,
          196.40612499999932,
          196.0347089999992,
          196.16729199999838,
          196.10320900000033,
          196.15854100000263,
          196.36412499999878,
          196.05208300000143,
          196.1338330000011,
          196.0536669999975,
          196.20079199999907,
          196.3844580000007
        ],
        "error": ""
      },
      {
        "opening_name": "italian_game",
        "opening_fen": "r1bqk1nr/pppp1ppp/2n5/2b1p3/2B1P3/5N2/PPPP1PPP/RNBQK2R w KQkq - 4 4",
        "result": "loss",
        "score_a": 0.0,
        "plies": 10,
        "adjudicated": false,
        "player_a_color": "white",
        "player_a_timeouts": 0,
        "player_b_timeouts": 0,
        "player_a_moves": 5,
        "player_b_moves": 5,
        "player_a_crashes": 0,
        "player_b_crashes": 0,
        "response_times_ms": [
          196.53450000000205,
          196.53245800000008,
          198.89091699999994,
          196.27854100000164,
          196.54150000000215,
          196.2342079999999,
          196.24258300000008,
          196.06720799999877,
          196.03266700000077,
          26.840665999998237
        ],
        "error": ""
      },
      {
        "opening_name": "italian_game",
        "opening_fen": "r1bqk1nr/pppp1ppp/2n5/2b1p3/2B1P3/5N2/PPPP1PPP/RNBQK2R w KQkq - 4 4",
        "result": "draw",
        "score_a": 0.5,
        "plies": 11,
        "adjudicated": false,
        "player_a_color": "black",
        "player_a_timeouts": 0,
        "player_b_timeouts": 0,
        "player_a_moves": 5,
        "player_b_moves": 6,
        "player_a_crashes": 0,
        "player_b_crashes": 0,