{
  "feedback_source": "self_play",
  "summary": {
    "games": 16,
    "wins_a": 1,
    "losses_a": 1,
    "draws": 14,
    "score_a": 8.0,
    "mean_score_a": 0.5,
    "game_scores_a": [
      0.5,
      0.5,
      0.5,
      0.5,
      1.0,
      0.0,
      0.5,
      0.5,
      0.5,
      0.5,
      0.5,
      0.5,
      0.5,
      0.5,
      0.5,
      0.5
    ],
    "player_a_moves": 134,
    "player_b_moves": 133,
    "player_a_timeouts": 0,
    "player_b_timeouts": 0,
    "player_a_crashes": 0,
    "player_b_crashes": 0,
    "results": [
      {
        "opening_name": "startpos",
        "opening_fen": "rnbqkbnr/pppppppp/8/8/8/8/PPPPPPPP/RNBQKBNR w KQkq - 0 1",
        "result": "draw",
        "score_a": 0.5,
        "plies": 13,
        "adjudicated": false,
        "player_a_color": "white",
        "player_a_timeouts": 0,
        "player_b_timeouts": 0,
        "player_a_moves": 7,
        "player_b_moves": 6,
        "player_a_crashes": 0,
        "player_b_crashes": 0,
        "response_times_ms": [
          196.5252080000255,
          196.16887500001212,
          196.71241599996847,
          196.5095000000474,
          196.14020899996376,
          196.2230000000318,
          196.54754099997263,
          196.75404100007654,
          196.32916699993075,
          196.49108400005844,
          196.80479099997683,
          196.4175839999598,
          196.47058300006393
        ],
        "error": ""
      },
      {
        "opening_name": "startpos",
        "opening_fen": "rnbqkbnr/pppppppp/8/8/8/8/PPPPPPPP/RNBQKBNR w KQkq - 0 1",
        "result": "draw",
        "score_a": 0.5,
        "plies": 13,
        "adjudicated": false,
        "player_a_color": "black",
        "player_a_timeouts": 0,
        "player_b_timeouts": 0,
        "player_a_moves": 6,
        "player_b_moves": 7,
        "player_a_crashes": 0,
        "player_b_crashes": 0,
        "response_times_ms": [
          196.75166699994406,
          196.28966699997363,
          196.4957500000537,
          196.28366699998878,
          196.76179199996113,
          196.87083299993446,
          196.18945799993526,
          196.77879100004247,
          196.623582999905,
          196.68408300003648,
          196.5069579999863,
          196.38175000000047,
          196.25683399999616
        ],
        "error": ""
      },
      {
        "opening_name": "queens_pawn",
        "opening_fen": "rnbqkbnr/ppp1pppp/8/3p4/3P4/8/PPP1PPPP/RNBQKBNR w KQkq - 0 2",
        "result": "draw",
        "score_a": 0.5,
        "plies": 19,
        "adjudicated": false,
        "player_a_color": "white",
        "player_a_timeouts": 0,
        "player_b_timeouts": 0,
        "player_a_moves": 10,
        "player_b_moves": 9,
        "player_a_crashes": 0,
        "player_b_crashes": 0,
        "response_times_ms": [
          196.52945799998633,
          196.26133299993853,
          196.1978749999389,
          196.36420899996665,
          196.35479200007921,
          197.7023750000626,
          196.2596250000388,
          196.15008299990677,
          196.6095000000223,
          196.34870799995952,
          196.35725000000548,
          196.05945799992242,
          196.2342089999538,
          196.29508299999543,
          196.28450000004705,
          196.66470899994692,
          196.2021659999209,
          196.0385000000997,
          196.28670800000236
        ],
        "error": ""
      },
      {
        "opening_name": "queens_pawn",
        "opening_fen": "rnbqkbnr/ppp1pppp/8/3p4/3P4/8/PPP1PPPP/RNBQKBNR w KQkq - 0 2",
        "result": "draw",
        "score_a": 0.5,
        "plies": 20,
        "adjudicated": true,
        "player_a_color": "black",
        "player_a_timeouts": 0,
        "player_b_timeouts": 0,
        "player_a_moves": 10,
        "player_b_moves": 10,
        "player_a_crashes": 0,
        "player_b_crashes": 0,
        "response_times_ms": [
          196.4674160000186,
          196.5072919999784,
          196.4824579999913,
          196.33262499996817,
          196.35637499993663,
          196.3386669999636,
          196.33799999996882,
          196.62129200003164,
          196.06008400000974,
          196.24179200002345,
          196.47537500009093,
          196.24341599990203,
          196.03525000002264,
          196.2760830000434,
          196.2226670000291,
          196.16862500004117,
          196.25408299998526,
          196.12645899997005,
          196.05570800001715,
          198.07779200004916
        ],
        "error": ""
      },
      {
        "opening_name": "ruy_lopez",
        "opening_fen": "r1bqkbnr/pppp1ppp/2n5/1B2p3/4P3/5N2/PPPP1PPP/RNBQK2R b KQkq - 3 3",
        "result": "win",
        "score_a": 1.0,
        "plies": 20,
        "adjudicated": true,
        "player_a_color": "white",
        "player_a_timeouts": 0,
        "player_b_timeouts": 0,
        "player_a_moves": 10,
        "player_b_moves": 10,
        "player_a_crashes": 0,
        "player_b_crashes": 0,
        "response_times_ms": [
          196.05033399989225,
          196.3897090000728,
          196.76829200000157,
          196.25183299990567,
          196.04079099997307,
          196.35904200004006,
          196.36612500005413,
          196.39725000001818,
          196.04083299998365,
          196.15491699994436,
          196.3303329999917,
          196.12133299995094,
          196.36145799995575,
          196.71279099998173,
          196.3741670000445,
          196.0793329999433,
          196.16341699997975,
          196.41841700001805,
          197.25620799999888,
          196.42266599998948
        ],
        "error": ""
      },
      {
        "opening_name": "ruy_lopez",
        "opening_fen": "r1bqkbnr/pppp1ppp/2n5/1B2p3/4P3/5N2/PPPP1PPP/RNBQK2R b KQkq - 3 3",
        "result": "loss",
        "score_a": 0.0,
        "plies": 20,
        "adjudicated": true,
        "player_a_color": "black",
        "player_a_timeouts": 0,
        "player_b_timeouts": 0,
        "player_a_moves": 10,
        "player_b_moves": 10,
        "player_a_crashes": 0,
        "player_b_crashes": 0,
        "response_times_ms": [
          196.56399999996665,
          196.24379100002898,
          196.71216699998695,
          196.7667920000622,
          196.17833400002382,
          196.44029200003388,
          196.0419170000023,
          196.12954199999422,
          196.2636250000287,
          196.20612500000334,
          196.59212500005196,
          196.05887499994878,
          196.095792000051,
          196.5474589999303,
          196.2693749999289,
          196.19170900000427,
          196.37924999994993,
          196.32550000005722,
          196.72608300004413,
          196.19424999996227
        ],
        "error": ""
      },
      {
        "opening_name": "italian_game",
        "opening_fen": "r1bqk1nr/pppp1ppp/2n5/2b1p3/2B1P3/5N2/PPPP1PPP/RNBQK2R w KQkq - 4 4",
        "result": "draw",
        "score_a": 0.5,
        "plies": 11,
        "adjudicated": false,
        "player_a_color": "white",
        "player_a_timeouts": 0,
        "player_b_timeouts": 0,
        "player_a_moves": 6,
        "player_b_moves": 5,
        "player_a_crashes": 0,
        "player_b_crashes": 0,
        "response_times_ms": [
          196.73083299994687,
          196.4699999999766,
          196.2613750000628,
          196.19075000002795,
          196.3060419999465,
          196.76841600005446,
          196.6285409999955,
          196.16995800004133,
          196.22033299992836,
          196.26045900008648,
          196.8326659999775
        ],
        "error": ""
      },
      {
        "opening_name": "italian_game",
        "opening_fen": "r1bqk1nr/pppp1ppp/2n5/2b1p3/2B1P3/5N2/PPPP1PPP/RNBQK2R w KQkq - 4 4",
        "result": "draw",
        "score_a": 0.5,
        "plies": 11,
        "adjudicated": false,
        "player_a_color": "black",
        "player_a_timeouts": 0,