{
  "feedback_source": "self_play",
  "summary": {
    "games": 16,
    "wins_a": 1,
    "losses_a": 1,
    "draws": 14,
    "score_a": 8.0,
    "mean_score_a": 0.5,
    "game_scores_a": [
      0.5,
      0.5,
      0.0,
      1.0,
      0.5,
      0.5,
      0.5,
      0.5,
      0.5,
      0.5,
      0.5,
      0.5,
      0.5,
      0.5,
      0.5,
      0.5
    ],
    "player_a_moves": 108,
    "player_b_moves": 108,
    "player_a_timeouts": 0,
    "player_b_timeouts": 0,
    "player_a_crashes": 0,
    "player_b_crashes": 0,
    "results": [
      {
        "opening_name": "startpos",
        "opening_fen": "rnbqkbnr/pppppppp/8/8/8/8/PPPPPPPP/RNBQKBNR w KQkq - 0 1",
        "result": "draw",
        "score_a": 0.5,
        "plies": 13,
        "adjudicated": false,
        "player_a_color": "white",
        "player_a_timeouts": 0,
        "player_b_timeouts": 0,
        "player_a_moves": 7,
        "player_b_moves": 6,
        "player_a_crashes": 0,
        "player_b_crashes": 0,
        "response_times_ms": [
          196.1855,
          196.25962500000006,
          196.29941699999998,
          196.26283300000003,
          196.423542,
          196.23245800000012,
          196.48899999999992,
          196.27604200000005,
          196.56537500000005,
          196.4513750000001,
          196.12683299999966,
          196.0996660000003,
          196.4466250000001
        ],
        "error": ""
      },
      {
        "opening_name": "startpos",
        "opening_fen": "rnbqkbnr/pppppppp/8/8/8/8/PPPPPPPP/RNBQKBNR w KQkq - 0 1",
        "result": "draw",
        "score_a": 0.5,
        "plies": 13,
        "adjudicated": false,
        "player_a_color": "black",
        "player_a_timeouts": 0,
        "player_b_timeouts": 0,
        "player_a_moves": 6,
        "player_b_moves": 7,
        "player_a_crashes": 0,
        "player_b_crashes": 0,
        "response_times_ms": [
          196.32787499999972,
          196.44604100000018,
          196.05937500000036,
          196.14633299999974,
          196.5357080000003,
          196.12270799999988,
          196.52383399999974,
          196.03083400000008,
          196.34316700000022,
          196.2407500000003,
          196.17529200000038,
          196.37975000000017,
          196.21716600000028
        ],
        "error": ""
      },
      {
        "opening_name": "queens_pawn",
        "opening_fen": "rnbqkbnr/ppp1pppp/8/3p4/3P4/8/PPP1PPPP/RNBQKBNR w KQkq - 0 2",
        "result": "loss",
        "score_a": 0.0,
        "plies": 20,
        "adjudicated": true,
        "player_a_color": "white",
        "player_a_timeouts": 0,
        "player_b_timeouts": 0,
        "player_a_moves": 10,
        "player_b_moves": 10,
        "player_a_crashes": 0,
        "player_b_crashes": 0,
        "response_times_ms": [
          196.22620800000055,
          196.50362500000006,
          196.0849170000003,
          196.7279169999996,
          196.1939999999993,
          196.20966699999974,
          196.18691600000028,
          196.03775000000036,
          196.1916669999999,
          196.29508299999986,
          196.44249999999985,
          196.04379200000022,
          196.27541599999975,
          196.07941700000086,
          196.1654579999994,
          196.44233300000025,
          196.09329200000047,
          196.10320800000025,
          196.1636250000005,
          196.10099999999875
        ],
        "error": ""
      },
      {
        "opening_name": "queens_pawn",
        "opening_fen": "rnbqkbnr/ppp1pppp/8/3p4/3P4/8/PPP1PPPP/RNBQKBNR w KQkq - 0 2",
        "result": "win",
        "score_a": 1.0,
        "plies": 20,
        "adjudicated": true,
        "player_a_color": "black",
        "player_a_timeouts": 0,
        "player_b_timeouts": 0,
        "player_a_moves": 10,
        "player_b_moves": 10,
        "player_a_crashes": 0,
        "player_b_crashes": 0,
        "response_times_ms": [
          196.2072500000005,
          196.16483300000098,
          196.50700000000043,
          196.27341700000045,
          196.11704099999906,
          196.23437499999952,
          196.14354199999974,
          196.50220800000005,
          196.0968750000003,
          196.10958300000016,
          196.23920799999973,
          196.06500000000082,
          196.23866600000105,
          196.22837500000045,
          196.0852079999995,
          196.03791599999988,
          196.08329100000077,
          196.13483300000036,
          196.29429199999925,
          196.03854100000007
        ],
        "error": ""
      },
      {
        "opening_name": "ruy_lopez",
        "opening_fen": "r1bqkbnr/pppp1ppp/2n5/1B2p3/4P3/5N2/PPPP1PPP/RNBQK2R b KQkq - 3 3",
        "result": "draw",
        "score_a": 0.5,
        "plies": 11,
        "adjudicated": false,
        "player_a_color": "white",
        "player_a_timeouts": 0,
        "player_b_timeouts": 0,
        "player_a_moves": 5,
        "player_b_moves": 6,
        "player_a_crashes": 0,
        "player_b_crashes": 0,
        "response_times_ms": [
          196.1620410000009,
          196.16837499999917,
          196.38708300000118,
          196.02858300000037,
          196.11366699999877,
          196.03475000000083,
          196.1604999999995,
          196.2362080000002,
          196.39541699999972,
          196.12187500000113,
          196.37620799999843
        ],
        "error": ""
      },
      {
        "opening_name": "ruy_lopez",
        "opening_fen": "r1bqkbnr/pppp1ppp/2n5/1B2p3/4P3/5N2/PPPP1PPP/RNBQK2R b KQkq - 3 3",
        "result": "draw",
        "score_a": 0.5,
        "plies": 11,
        "adjudicated": false,
        "player_a_color": "black",
        "player_a_timeouts": 0,
        "player_b_timeouts": 0,
        "player_a_moves": 6,
        "player_b_moves": 5,
        "player_a_crashes": 0,
        "player_b_crashes": 0,
        "response_times_ms": [
          196.63125000000116,
          196.36229199999988,
          196.208167,
          196.40920800000038,
          196.26358300000035,
          196.05245900000057,
          196.37512499999943,
          196.42212500000156,
          196.26141699999877,
          196.42958300000046,
          196.2151669999983
        ],
        "error": ""
      },
      {
        "opening_name": "italian_game",
        "opening_fen": "r1bqk1nr/pppp1ppp/2n5/2b1p3/2B1P3/5N2/PPPP1PPP/RNBQK2R w KQkq - 4 4",
        "result": "draw",
        "score_a": 0.5,
        "plies": 11,
        "adjudicated": false,
        "player_a_color": "white",
        "player_a_timeouts": 0,
        "player_b_timeouts": 0,
        "player_a_moves": 6,
        "player_b_moves": 5,
        "player_a_crashes": 0,
        "player_b_crashes": 0,
        "response_times_ms": [
          196.2427499999997,
          196.62266699999975,
          196.13470899999896,
          196.47141699999793,
          196.06179200000184,
          196.03899999999896,
          196.04279200000008,
          196.23654199999763,
          196.2614159999987,
          196.12937500000172,
          196.0712500000028
        ],
        "error": ""
      },
      {
        "opening_name": "italian_game",
        "opening_fen": "r1bqk1nr/pppp1ppp/2n5/2b1p3/2B1P3/5N2/PPPP1PPP/RNBQK2R w KQkq - 4 4",
        "result": "draw",
        "score_a": 0.5,
        "plies": 11,
        "adjudicated": false,
        "player_a_color": "black",
        "player_a_timeouts": 0,
        "player_b_timeouts": 0,
        "player_a_moves": 5,
        "player_b_moves": 6,
        "player_a_crashes": 0,
        "player_b_crashes": 0,
        "response_times_ms": [
          196.03075000000203,
          196.38508300000268,
          196.1283750000007,
          196.28808300000244,
          196.15758300000152,
          196.18275000000196,
          196.2767920000026,
          196.25874999999837,
          196.44216700000072,
          196.17308400000155,
          196.0249590000025
        ],