{
  "feedback_source": "self_play",
  "summary": {
    "games": 16,
    "wins_a": 2,
    "losses_a": 1,
    "draws": 13,
    "score_a": 8.5,
    "mean_score_a": 0.53125,
    "game_scores_a": [
      0.5,
      0.5,
      0.5,
      0.5,
      1.0,
      0.0,
      0.5,
      0.5,
      0.5,
      0.5,
      0.5,
      0.5,
      1.0,
      0.5,
      0.5,
      0.5
    ],
    "player_a_moves": 135,
    "player_b_moves": 136,
    "player_a_timeouts": 0,
    "player_b_timeouts": 0,
    "player_a_crashes": 0,
    "player_b_crashes": 0,
    "results": [
      {
        "opening_name": "startpos",
        "opening_fen": "rnbqkbnr/pppppppp/8/8/8/8/PPPPPPPP/RNBQKBNR w KQkq - 0 1",
        "result": "draw",
        "score_a": 0.5,
        "plies": 13,
        "adjudicated": false,
        "player_a_color": "white",
        "player_a_timeouts": 0,
        "player_b_timeouts": 0,
        "player_a_moves": 7,
        "player_b_moves": 6,
        "player_a_crashes": 0,
        "player_b_crashes": 0,
        "response_times_ms": [
          196.1167499999874,
          196.53329199999803,
          197.00516700001458,
          196.52837499998554,
          196.12704200000053,
          197.04937499997754,
          196.60429200001772,
          196.06870800001275,
          196.35395899999253,
          196.21887499999957,
          196.93604200000436,
          196.07766600000787,
          196.29175000000032
        ],
        "error": ""
      },
      {
        "opening_name": "startpos",
        "opening_fen": "rnbqkbnr/pppppppp/8/8/8/8/PPPPPPPP/RNBQKBNR w KQkq - 0 1",
        "result": "draw",
        "score_a": 0.5,
        "plies": 13,
        "adjudicated": false,
        "player_a_color": "black",
        "player_a_timeouts": 0,
        "player_b_timeouts": 0,
        "player_a_moves": 6,
        "player_b_moves": 7,
        "player_a_crashes": 0,
        "player_b_crashes": 0,
        "response_times_ms": [
          196.0411249999936,
          196.36149999999475,
          196.50520900000856,
          196.1182919999942,
          196.1747500000115,
          196.25054100001194,
          196.65179199998306,
          196.34104200000024,
          196.13395799999012,
          196.62099999999327,
          196.61212500000147,
          196.1910830000022,
          196.5040409999972
        ],
        "error": ""
      },
      {
        "opening_name": "queens_pawn",
        "opening_fen": "rnbqkbnr/ppp1pppp/8/3p4/3P4/8/PPP1PPPP/RNBQKBNR w KQkq - 0 2",
        "result": "draw",
        "score_a": 0.5,
        "plies": 20,
        "adjudicated": true,
        "player_a_color": "white",
        "player_a_timeouts": 0,
        "player_b_timeouts": 0,
        "player_a_moves": 10,
        "player_b_moves": 10,
        "player_a_crashes": 0,
        "player_b_crashes": 0,
        "response_times_ms": [
          196.1201249999931,
          196.36995800001955,
          196.22004200002152,
          196.31350000000225,
          196.85020899999017,
          196.0411249999936,
          196.2169170000152,
          196.77645900000584,
          196.37800000000993,
          196.84133300000894,
          197.25308399998198,
          196.4521669999897,
          196.20079099999543,
          196.34179199999835,
          196.55904100000043,
          196.0880419999853,
          196.40312500001755,
          196.5273750000165,
          196.31045899998867,
          196.39520799998422
        ],
        "error": ""
      },
      {
        "opening_name": "queens_pawn",
        "opening_fen": "rnbqkbnr/ppp1pppp/8/3p4/3P4/8/PPP1PPPP/RNBQKBNR w KQkq - 0 2",
        "result": "draw",
        "score_a": 0.5,
        "plies": 20,
        "adjudicated": true,
        "player_a_color": "black",
        "player_a_timeouts": 0,
        "player_b_timeouts": 0,
        "player_a_moves": 10,
        "player_b_moves": 10,
        "player_a_crashes": 0,
        "player_b_crashes": 0,
        "response_times_ms": [
          196.45254200000295,
          196.09287500000505,
          196.26304199999822,
          196.23141599998917,
          196.2530000000129,
          196.21579099998598,
          196.4627920000055,
          196.1453749999862,
          196.19704199999433,
          196.9766249999907,
          196.13537500001144,
          196.2798330000055,
          196.61425000001032,
          196.0690829999976,
          196.151666999981,
          196.29979200001912,
          196.36079200000722,
          196.2770419999913,
          196.20629099998155,
          196.28566700001215
        ],
        "error": ""
      },
      {
        "opening_name": "ruy_lopez",
        "opening_fen": "r1bqkbnr/pppp1ppp/2n5/1B2p3/4P3/5N2/PPPP1PPP/RNBQK2R b KQkq - 3 3",
        "result": "win",
        "score_a": 1.0,
        "plies": 20,
        "adjudicated": true,
        "player_a_color": "white",
        "player_a_timeouts": 0,
        "player_b_timeouts": 0,
        "player_a_moves": 10,
        "player_b_moves": 10,
        "player_a_crashes": 0,
        "player_b_crashes": 0,
        "response_times_ms": [
          196.04800000001887,
          196.3031249999858,
          196.17445899999097,
          196.4204999999879,
          196.34225000001493,
          196.07795900000724,
          196.15412499999252,
          196.413917000001,
          196.48545800001216,
          196.3679159999856,
          196.7280419999895,
          196.21341699999562,
          196.14683399998967,
          196.25195900002268,
          196.34662499998967,
          196.1601250000058,
          196.24045800000545,
          196.20266700002276,
          196.09454199999732,
          196.9814170000177
        ],
        "error": ""
      },
      {
        "opening_name": "ruy_lopez",
        "opening_fen": "r1bqkbnr/pppp1ppp/2n5/1B2p3/4P3/5N2/PPPP1PPP/RNBQK2R b KQkq - 3 3",
        "result": "loss",
        "score_a": 0.0,
        "plies": 20,
        "adjudicated": true,
        "player_a_color": "black",
        "player_a_timeouts": 0,
        "player_b_timeouts": 0,
        "player_a_moves": 10,
        "player_b_moves": 10,
        "player_a_crashes": 0,
        "player_b_crashes": 0,
        "response_times_ms": [
          196.584458000018,
          196.45233400001416,
          196.4856250000082,
          196.2230409999961,
          196.21829199999752,
          196.25741599998037,
          196.29495800000996,
          196.23137499999643,
          196.0930420000011,
          196.02408299999752,
          196.20366600000239,
          196.71337500000163,
          196.41608300000257,
          196.5558329999908,
          196.30099999997697,
          196.5462080000009,
          196.4277920000086,
          196.25987499998132,
          196.8586250000044,
          196.25366700000768
        ],
        "error": ""
      },
      {
        "opening_name": "italian_game",
        "opening_fen": "r1bqk1nr/pppp1ppp/2n5/2b1p3/2B1P3/5N2/PPPP1PPP/RNBQK2R w KQkq - 4 4",
        "result": "draw",
        "score_a": 0.5,
        "plies": 11,
        "adjudicated": false,
        "player_a_color": "white",
        "player_a_timeouts": 0,
        "player_b_timeouts": 0,
        "player_a_moves": 6,
        "player_b_moves": 5,
        "player_a_crashes": 0,
        "player_b_crashes": 0,
        "response_times_ms": [
          196.2855000000161,
          196.07475000000818,
          196.33245899998997,
          196.23604100002012,
          196.2632090000227,
          196.40454199998203,
          196.3299169999857,
          196.1502499999881,
          196.4612499999987,
          196.40420900000777,
          196.23808400001508
        ],
        "error": ""
      },
      {
        "opening_name": "italian_game",
        "opening_fen": "r1bqk1nr/pppp1ppp/2n5/2b1p3/2B1P3/5N2/PPPP1PPP/RNBQK2R w KQkq - 4 4",
        "result": "draw",
        "score_a": 0.5,
        "plies": 11,
        "adjudicated": false,
        "player_a_color": "black",