{
  "feedback_source": "self_play",
  "summary": {
    "games": 16,
    "wins_a": 0,
    "losses_a": 0,
    "draws": 16,
    "score_a": 8.0,
    "mean_score_a": 0.5,
    "game_scores_a": [
      0.5,
      0.5,
      0.5,
      0.5,
      0.5,
      0.5,
      0.5,
      0.5,
      0.5,
      0.5,
      0.5,
      0.5,
      0.5,
      0.5,
      0.5,
      0.5
    ],
    "player_a_moves": 135,
    "player_b_moves": 139,
    "player_a_timeouts": 0,
    "player_b_timeouts": 0,
    "player_a_crashes": 0,
    "player_b_crashes": 0,
    "results": [
      {
        "opening_name": "startpos",
        "opening_fen": "rnbqkbnr/pppppppp/8/8/8/8/PPPPPPPP/RNBQKBNR w KQkq - 0 1",
        "result": "draw",
        "score_a": 0.5,
        "plies": 20,
        "adjudicated": true,
        "player_a_color": "white",
        "player_a_timeouts": 0,
        "player_b_timeouts": 0,
        "player_a_moves": 10,
        "player_b_moves": 10,
        "player_a_crashes": 0,
        "player_b_crashes": 0,
        "response_times_ms": [
          196.38116699999998,
          196.86233399999998,
          197.11737500000004,
          196.28904199999997,
          196.83679200000003,
          196.26549999999997,
          196.835541,
          196.11945899999995,
          198.62962500000015,
          196.6400829999997,
          198.9022079999998,
          196.855958,
          197.0019999999999,
          197.10608299999998,
          197.281791,
          203.57924999999977,
          691.6555410000003,
          197.1770829999997,
          196.59212500000046,
          197.11845900000037
        ],
        "error": ""
      },
      {
        "opening_name": "startpos",
        "opening_fen": "rnbqkbnr/pppppppp/8/8/8/8/PPPPPPPP/RNBQKBNR w KQkq - 0 1",
        "result": "draw",
        "score_a": 0.5,
        "plies": 19,
        "adjudicated": false,
        "player_a_color": "black",
        "player_a_timeouts": 0,
        "player_b_timeouts": 0,
        "player_a_moves": 9,
        "player_b_moves": 10,
        "player_a_crashes": 0,
        "player_b_crashes": 0,
        "response_times_ms": [
          196.85745799999933,
          197.59312500000004,
          197.15749999999943,
          196.58266700000038,
          202.30012500000072,
          196.93762500000034,
          219.88837500000002,
          197.48387499999964,
          196.65512500000037,
          197.2536250000001,
          196.68874999999986,
          196.05150000000026,
          197.10608300000044,
          196.43216600000014,
          196.3405000000007,
          196.32158300000046,
          197.2746249999986,
          199.1152079999985,
          197.89329099999975
        ],
        "error": ""
      },
      {
        "opening_name": "queens_pawn",
        "opening_fen": "rnbqkbnr/ppp1pppp/8/3p4/3P4/8/PPP1PPPP/RNBQKBNR w KQkq - 0 2",
        "result": "draw",
        "score_a": 0.5,
        "plies": 20,
        "adjudicated": false,
        "player_a_color": "white",
        "player_a_timeouts": 0,
        "player_b_timeouts": 0,
        "player_a_moves": 10,
        "player_b_moves": 10,
        "player_a_crashes": 0,
        "player_b_crashes": 0,
        "response_times_ms": [
          196.30483299999923,
          200.79995800000106,
          196.33591700000073,
          196.59616699999916,
          197.05970799999938,
          199.03387499999957,
          196.25458299999997,
          196.83283400000028,
          197.39791699999998,
          198.64175000000017,
          198.5740000000007,
          196.0239579999996,
          196.15749999999997,
          196.7935409999999,
          196.3376669999999,
          196.99112499999848,
          196.6192919999994,
          196.67150000000078,
          196.19991700000128,
          196.50591599999956
        ],
        "error": ""
      },
      {
        "opening_name": "queens_pawn",
        "opening_fen": "rnbqkbnr/ppp1pppp/8/3p4/3P4/8/PPP1PPPP/RNBQKBNR w KQkq - 0 2",
        "result": "draw",
        "score_a": 0.5,
        "plies": 11,
        "adjudicated": false,
        "player_a_color": "black",
        "player_a_timeouts": 0,
        "player_b_timeouts": 0,
        "player_a_moves": 5,
        "player_b_moves": 6,
        "player_a_crashes": 0,
        "player_b_crashes": 0,
        "response_times_ms": [
          196.8539170000003,
          196.74545799999876,
          197.96516699999955,
          196.24124999999992,
          196.15929200000082,
          196.56995899999964,
          196.28475000000023,
          196.46387499999918,
          196.34170800000027,
          197.12916699999994,
          196.69979200000043
        ],
        "error": ""
      },
      {
        "opening_name": "ruy_lopez",
        "opening_fen": "r1bqkbnr/pppp1ppp/2n5/1B2p3/4P3/5N2/PPPP1PPP/RNBQK2R b KQkq - 3 3",
        "result": "draw",
        "score_a": 0.5,
        "plies": 17,
        "adjudicated": false,
        "player_a_color": "white",
        "player_a_timeouts": 0,
        "player_b_timeouts": 0,
        "player_a_moves": 8,
        "player_b_moves": 9,
        "player_a_crashes": 0,
        "player_b_crashes": 0,
        "response_times_ms": [
          196.10174999999862,
          196.26404199999925,
          196.83174999999943,
          196.11025000000026,
          196.6935000000003,
          196.0973750000008,
          196.27941599999943,
          196.29450000000048,
          196.83412499999875,
          196.58195899999953,
          196.81908400000125,
          196.4862089999997,
          196.18729099999754,
          196.5876669999993,
          196.0705830000009,
          198.43083399999983,
          196.28183300000046
        ],
        "error": ""
      },
      {
        "opening_name": "ruy_lopez",
        "opening_fen": "r1bqkbnr/pppp1ppp/2n5/1B2p3/4P3/5N2/PPPP1PPP/RNBQK2R b KQkq - 3 3",
        "result": "draw",
        "score_a": 0.5,
        "plies": 17,
        "adjudicated": false,
        "player_a_color": "black",
        "player_a_timeouts": 0,
        "player_b_timeouts": 0,
        "player_a_moves": 9,
        "player_b_moves": 8,
        "player_a_crashes": 0,
        "player_b_crashes": 0,
        "response_times_ms": [
          196.36475000000075,
          196.6492500000001,
          196.99158299999908,
          196.15641700000097,
          196.15516700000057,
          197.2047090000011,
          196.04941699999756,
          196.84324999999703,
          196.7184159999995,
          196.29787499999907,
          196.63612500000127,
          196.8333749999971,
          196.6899170000005,
          196.49608299999954,
          196.79020799999947,
          196.3597080000028,
          196.1125420000016
        ],
        "error": ""
      },
      {
        "opening_name": "italian_game",
        "opening_fen": "r1bqk1nr/pppp1ppp/2n5/2b1p3/2B1P3/5N2/PPPP1PPP/RNBQK2R w KQkq - 4 4",
        "result": "draw",
        "score_a": 0.5,
        "plies": 20,
        "adjudicated": true,
        "player_a_color": "white",
        "player_a_timeouts": 0,
        "player_b_timeouts": 0,
        "player_a_moves": 10,
        "player_b_moves": 10,
        "player_a_crashes": 0,
        "player_b_crashes": 0,
        "response_times_ms": [
          233.8245420000007,
          196.05458399999875,
          197.08974999999995,
          201.95658399999772,
          196.17058300000068,
          196.4432080000016,
          196.5267500000003,
          197.24058399999933,
          196.64645800000002,
          197.1542080000006,
          196.2608750000001,
          196.5895830000015,
          196.75108299999877,
          196.1822919999996,
          196.41299999999973,
          196.15520799999686,
          196.52558299999967,
          196.9984579999995,
          196.11799999999846,
          197.37849999999924
        ],
        "error": ""
      },
      {
        "opening_name": "italian_game",