{
  "feedback_source": "self_play",
  "summary": {
    "games": 16,
    "wins_a": 2,
    "losses_a": 2,
    "draws": 12,
    "score_a": 8.0,
    "mean_score_a": 0.5,
    "game_scores_a": [
      0.5,
      0.5,
      0.0,
      1.0,
      0.5,
      0.5,
      0.5,
      0.5,
      1.0,
      0.0,
      0.5,
      0.5,
      0.5,
      0.5,
      0.5,
      0.5
    ],
    "player_a_moves": 121,
    "player_b_moves": 121,
    "player_a_timeouts": 0,
    "player_b_timeouts": 0,
    "player_a_crashes": 0,
    "player_b_crashes": 0,
    "results": [
      {
        "opening_name": "startpos",
        "opening_fen": "rnbqkbnr/pppppppp/8/8/8/8/PPPPPPPP/RNBQKBNR w KQkq - 0 1",
        "result": "draw",
        "score_a": 0.5,
        "plies": 13,
        "adjudicated": false,
        "player_a_color": "white",
        "player_a_timeouts": 0,
        "player_b_timeouts": 0,
        "player_a_moves": 7,
        "player_b_moves": 6,
        "player_a_crashes": 0,
        "player_b_crashes": 0,
        "response_times_ms": [
          196.044208,
          196.16283300000003,
          196.26874999999998,
          196.42658299999994,
          196.18166699999983,
          196.06933399999994,
          196.06349999999995,
          196.2093330000001,
          196.35587499999986,
          196.3153750000002,
          196.19533300000035,
          196.04766700000022,
          196.70350000000036
        ],
        "error": ""
      },
      {
        "opening_name": "startpos",
        "opening_fen": "rnbqkbnr/pppppppp/8/8/8/8/PPPPPPPP/RNBQKBNR w KQkq - 0 1",
        "result": "draw",
        "score_a": 0.5,
        "plies": 13,
        "adjudicated": false,
        "player_a_color": "black",
        "player_a_timeouts": 0,
        "player_b_timeouts": 0,
        "player_a_moves": 6,
        "player_b_moves": 7,
        "player_a_crashes": 0,
        "player_b_crashes": 0,
        "response_times_ms": [
          196.18229099999996,
          196.1321250000001,
          196.24545799999993,
          196.26037500000004,
          196.18645800000013,
          196.13704100000007,
          196.4145829999997,
          196.27499999999998,
          196.41850000000005,
          196.14175000000068,
          196.16787500000044,
          196.4307499999993,
          196.56699999999995
        ],
        "error": ""
      },
      {
        "opening_name": "queens_pawn",
        "opening_fen": "rnbqkbnr/ppp1pppp/8/3p4/3P4/8/PPP1PPPP/RNBQKBNR w KQkq - 0 2",
        "result": "loss",
        "score_a": 0.0,
        "plies": 20,
        "adjudicated": true,
        "player_a_color": "white",
        "player_a_timeouts": 0,
        "player_b_timeouts": 0,
        "player_a_moves": 10,
        "player_b_moves": 10,
        "player_a_crashes": 0,
        "player_b_crashes": 0,
        "response_times_ms": [
          196.2334160000001,
          196.41450000000037,
          196.15216700000016,
          196.45166699999982,
          196.19549999999998,
          196.3484580000001,
          196.21262500000026,
          196.112458,
          196.4924580000007,
          196.0652500000002,
          196.55566700000014,
          196.08616599999974,
          196.13375000000045,
          196.04674999999895,
          196.09662499999914,
          196.0539170000004,
          196.11795900000038,
          196.17900000000077,
          196.11487499999924,
          196.18787500000144
        ],
        "error": ""
      },
      {
        "opening_name": "queens_pawn",
        "opening_fen": "rnbqkbnr/ppp1pppp/8/3p4/3P4/8/PPP1PPPP/RNBQKBNR w KQkq - 0 2",
        "result": "win",
        "score_a": 1.0,
        "plies": 20,
        "adjudicated": true,
        "player_a_color": "black",
        "player_a_timeouts": 0,
        "player_b_timeouts": 0,
        "player_a_moves": 10,
        "player_b_moves": 10,
        "player_a_crashes": 0,
        "player_b_crashes": 0,
        "response_times_ms": [
          196.33433299999936,
          196.26591700000162,
          196.37983400000002,
          196.56079099999957,
          196.12112499999944,
          196.44183299999975,
          196.24583299999898,
          196.31116600000098,
          196.17162499999984,
          196.10549999999984,
          196.08649999999983,
          196.52099999999882,
          196.17733299999963,
          196.07366700000028,
          196.115292,
          196.13999999999976,
          196.27724999999964,
          196.0875839999989,
          196.36404200000078,
          196.10120799999999
        ],
        "error": ""
      },
      {
        "opening_name": "ruy_lopez",
        "opening_fen": "r1bqkbnr/pppp1ppp/2n5/1B2p3/4P3/5N2/PPPP1PPP/RNBQK2R b KQkq - 3 3",
        "result": "draw",
        "score_a": 0.5,
        "plies": 17,
        "adjudicated": false,
        "player_a_color": "white",
        "player_a_timeouts": 0,
        "player_b_timeouts": 0,
        "player_a_moves": 8,
        "player_b_moves": 9,
        "player_a_crashes": 0,
        "player_b_crashes": 0,
        "response_times_ms": [
          196.04941600000103,
          196.0977909999997,
          196.1767080000012,
          196.15741700000024,
          196.17429200000026,
          196.08362499999998,
          196.3689999999989,
          196.04212499999994,
          196.63300000000027,
          196.24820900000017,
          196.56808300000074,
          196.19833299999988,
          196.43329200000005,
          199.14649999999943,
          196.34666700000025,
          196.3575000000013,
          196.08495800000014
        ],
        "error": ""
      },
      {
        "opening_name": "ruy_lopez",
        "opening_fen": "r1bqkbnr/pppp1ppp/2n5/1B2p3/4P3/5N2/PPPP1PPP/RNBQK2R b KQkq - 3 3",
        "result": "draw",
        "score_a": 0.5,
        "plies": 17,
        "adjudicated": false,
        "player_a_color": "black",
        "player_a_timeouts": 0,
        "player_b_timeouts": 0,
        "player_a_moves": 9,
        "player_b_moves": 8,
        "player_a_crashes": 0,
        "player_b_crashes": 0,
        "response_times_ms": [
          196.46629100000013,
          196.5931249999997,
          196.18779199999992,
          196.21366699999854,
          196.40212499999876,
          196.33295799999928,
          196.16266599999932,
          196.2707909999999,
          196.09674999999882,
          196.15508300000073,
          196.26699999999886,
          196.14837499999993,
          196.39833299999765,
          196.4026249999975,
          196.0448750000019,
          196.35212500000065,
          196.49208300000254
        ],
        "error": ""
      },
      {
        "opening_name": "italian_game",
        "opening_fen": "r1bqk1nr/pppp1ppp/2n5/2b1p3/2B1P3/5N2/PPPP1PPP/RNBQK2R w KQkq - 4 4",
        "result": "draw",
        "score_a": 0.5,
        "plies": 11,
        "adjudicated": false,
        "player_a_color": "white",
        "player_a_timeouts": 0,
        "player_b_timeouts": 0,
        "player_a_moves": 6,
        "player_b_moves": 5,
        "player_a_crashes": 0,
        "player_b_crashes": 0,
        "response_times_ms": [
          196.09258299999865,
          196.45545799999908,
          196.0942089999982,
          196.36420799999854,
          196.22320899999934,
          196.536708,
          196.16037499999806,
          196.38833300000158,
          196.22720799999982,
          196.3335000000015,
          196.15104200000033
        ],
        "error": ""
      },
      {
        "opening_name": "italian_game",
        "opening_fen": "r1bqk1nr/pppp1ppp/2n5/2b1p3/2B1P3/5N2/PPPP1PPP/RNBQK2R w KQkq - 4 4",
        "result": "draw",
        "score_a": 0.5,
        "plies": 11,
        "adjudicated": false,
        "player_a_color": "black",
        "player_a_timeouts": 0,
        "player_b_timeouts": 0,
        "player_a_moves": 5,
        "player_b_moves": 6,
        "player_a_crashes": 0,
        "player_b_crashes": 0,