{
  "feedback_source": "self_play",
  "summary": {
    "games": 16,
    "wins_a": 3,
    "losses_a": 3,
    "draws": 10,
    "score_a": 8.0,
    "mean_score_a": 0.5,
    "game_scores_a": [
      0.5,
      0.5,
      0.0,
      1.0,
      0.5,
      0.5,
      0.0,
      1.0,
      1.0,
      0.0,
      0.5,
      0.5,
      0.5,
      0.5,
      0.5,
      0.5
    ],
    "player_a_moves": 118,
    "player_b_moves": 118,
    "player_a_timeouts": 0,
    "player_b_timeouts": 0,
    "player_a_crashes": 0,
    "player_b_crashes": 0,
    "results": [
      {
        "opening_name": "startpos",
        "opening_fen": "rnbqkbnr/pppppppp/8/8/8/8/PPPPPPPP/RNBQKBNR w KQkq - 0 1",
        "result": "draw",
        "score_a": 0.5,
        "plies": 13,
        "adjudicated": false,
        "player_a_color": "white",
        "player_a_timeouts": 0,
        "player_b_timeouts": 0,
        "player_a_moves": 7,
        "player_b_moves": 6,
        "player_a_crashes": 0,
        "player_b_crashes": 0,
        "response_times_ms": [
          196.12529100001552,
          196.3335830000119,
          196.3147499999991,
          196.08954200000994,
          196.3001249999934,
          196.0817920000011,
          196.41220799999815,
          196.39912499999923,
          196.1218750000171,
          196.30408399999055,
          196.0982079999951,
          196.10195799998564,
          196.41437500001757
        ],
        "error": ""
      },
      {
        "opening_name": "startpos",
        "opening_fen": "rnbqkbnr/pppppppp/8/8/8/8/PPPPPPPP/RNBQKBNR w KQkq - 0 1",
        "result": "draw",
        "score_a": 0.5,
        "plies": 13,
        "adjudicated": false,
        "player_a_color": "black",
        "player_a_timeouts": 0,
        "player_b_timeouts": 0,
        "player_a_moves": 6,
        "player_b_moves": 7,
        "player_a_crashes": 0,
        "player_b_crashes": 0,
        "response_times_ms": [
          196.20279099999038,
          196.6014580000035,
          196.1332500000026,
          196.13879199999928,
          196.1888339999973,
          196.07691699999918,
          196.08816600000978,
          196.30883300001756,
          196.36875000000487,
          196.39454100001785,
          196.3542919999952,
          196.0444579999887,
          196.20208300000286
        ],
        "error": ""
      },
      {
        "opening_name": "queens_pawn",
        "opening_fen": "rnbqkbnr/ppp1pppp/8/3p4/3P4/8/PPP1PPPP/RNBQKBNR w KQkq - 0 2",
        "result": "loss",
        "score_a": 0.0,
        "plies": 20,
        "adjudicated": true,
        "player_a_color": "white",
        "player_a_timeouts": 0,
        "player_b_timeouts": 0,
        "player_a_moves": 10,
        "player_b_moves": 10,
        "player_a_crashes": 0,
        "player_b_crashes": 0,
        "response_times_ms": [
          196.21250000000146,
          196.07791699999666,
          196.46379200000297,
          196.4310420000004,
          196.1711669999886,
          196.55133300000216,
          196.35499999998274,
          196.2488329999985,
          196.25337499999773,
          196.28162500001167,
          196.7134999999871,
          196.10404199997333,
          196.24941699999,
          196.42458300000953,
          196.26199999999017,
          196.3127919999863,
          196.32304099999942,
          196.0271670000111,
          196.20908400000303,
          196.14779100001556
        ],
        "error": ""
      },
      {
        "opening_name": "queens_pawn",
        "opening_fen": "rnbqkbnr/ppp1pppp/8/3p4/3P4/8/PPP1PPPP/RNBQKBNR w KQkq - 0 2",
        "result": "win",
        "score_a": 1.0,
        "plies": 20,
        "adjudicated": true,
        "player_a_color": "black",
        "player_a_timeouts": 0,
        "player_b_timeouts": 0,
        "player_a_moves": 10,
        "player_b_moves": 10,
        "player_a_crashes": 0,
        "player_b_crashes": 0,
        "response_times_ms": [
          196.43324999998413,
          196.218000000016,
          196.23262499999328,
          196.13041599998837,
          196.17650000000708,
          196.05866699998842,
          196.19495800000664,
          196.4612499999987,
          196.48429199997963,
          196.0396249999974,
          196.16354199999364,
          196.22120800002563,
          196.29495899999938,
          196.48945899999148,
          196.58045799999968,
          196.50137499999687,
          196.27524999998514,
          196.21974999998315,
          196.34350000001177,
          196.0551250000151
        ],
        "error": ""
      },
      {
        "opening_name": "ruy_lopez",
        "opening_fen": "r1bqkbnr/pppp1ppp/2n5/1B2p3/4P3/5N2/PPPP1PPP/RNBQK2R b KQkq - 3 3",
        "result": "draw",
        "score_a": 0.5,
        "plies": 15,
        "adjudicated": false,
        "player_a_color": "white",
        "player_a_timeouts": 0,
        "player_b_timeouts": 0,
        "player_a_moves": 7,
        "player_b_moves": 8,
        "player_a_crashes": 0,
        "player_b_crashes": 0,
        "response_times_ms": [
          196.61395800000037,
          196.22716699998932,
          196.15562500001715,
          196.25649999997563,
          196.24783300000104,
          196.04537499998287,
          206.40500000001794,
          196.0777500000006,
          196.17575000000897,
          196.16312500002664,
          196.24487499999077,
          196.26808300000675,
          196.06304099997374,
          196.05437499998857,
          196.1300830000141
        ],
        "error": ""
      },
      {
        "opening_name": "ruy_lopez",
        "opening_fen": "r1bqkbnr/pppp1ppp/2n5/1B2p3/4P3/5N2/PPPP1PPP/RNBQK2R b KQkq - 3 3",
        "result": "draw",
        "score_a": 0.5,
        "plies": 15,
        "adjudicated": false,
        "player_a_color": "black",
        "player_a_timeouts": 0,
        "player_b_timeouts": 0,
        "player_a_moves": 8,
        "player_b_moves": 7,
        "player_a_crashes": 0,
        "player_b_crashes": 0,
        "response_times_ms": [
          196.61691600001063,
          196.10058399999275,
          196.06304200002,
          196.20862499999703,
          196.52491599998712,
          196.09220800001026,
          196.07520900001418,
          196.30945800000177,
          196.32637500001238,
          196.0499170000105,
          196.0709169999859,
          196.2194170000089,
          196.1556669999993,
          196.19166699999369,
          196.04270799999313
        ],
        "error": ""
      },
      {
        "opening_name": "italian_game",
        "opening_fen": "r1bqk1nr/pppp1ppp/2n5/2b1p3/2B1P3/5N2/PPPP1PPP/RNBQK2R w KQkq - 4 4",
        "result": "loss",
        "score_a": 0.0,
        "plies": 10,
        "adjudicated": false,
        "player_a_color": "white",
        "player_a_timeouts": 0,
        "player_b_timeouts": 0,
        "player_a_moves": 5,
        "player_b_moves": 5,
        "player_a_crashes": 0,
        "player_b_crashes": 0,
        "response_times_ms": [
          196.3134160000095,
          196.40783299999498,
          196.23849999999265,
          196.26058299999727,
          196.14237499999376,
          196.15729200000942,
          196.08258299999193,
          196.16308300001606,
          196.03033299998174,
          26.501792000004798
        ],
        "error": ""
      },
      {
        "opening_name": "italian_game",
        "opening_fen": "r1bqk1nr/pppp1ppp/2n5/2b1p3/2B1P3/5N2/PPPP1PPP/RNBQK2R w KQkq - 4 4",
        "result": "win",
        "score_a": 1.0,
        "plies": 10,
        "adjudicated": false,
        "player_a_color": "black",
        "player_a_timeouts": 0,
        "player_b_timeouts": 0,
        "player_a_moves": 5,
        "player_b_moves": 5,
        "player_a_crashes": 0,
        "player_b_crashes": 0,