{
  "feedback_source": "self_play",
  "summary": {
    "games": 16,
    "wins_a": 1,
    "losses_a": 1,
    "draws": 14,
    "score_a": 8.0,
    "mean_score_a": 0.5,
    "game_scores_a": [
      0.5,
      0.5,
      0.5,
      0.5,
      1.0,
      0.0,
      0.5,
      0.5,
      0.5,
      0.5,
      0.5,
      0.5,
      0.5,
      0.5,
      0.5,
      0.5
    ],
    "player_a_moves": 138,
    "player_b_moves": 138,
    "player_a_timeouts": 0,
    "player_b_timeouts": 0,
    "player_a_crashes": 0,
    "player_b_crashes": 0,
    "results": [
      {
        "opening_name": "startpos",
        "opening_fen": "rnbqkbnr/pppppppp/8/8/8/8/PPPPPPPP/RNBQKBNR w KQkq - 0 1",
        "result": "draw",
        "score_a": 0.5,
        "plies": 13,
        "adjudicated": false,
        "player_a_color": "white",
        "player_a_timeouts": 0,
        "player_b_timeouts": 0,
        "player_a_moves": 7,
        "player_b_moves": 6,
        "player_a_crashes": 0,
        "player_b_crashes": 0,
        "response_times_ms": [
          196.32775000002312,
          196.24629100002267,
          196.2767500000382,
          196.58237499999132,
          196.13554199997907,
          196.2462500000015,
          196.0382089999939,
          196.2521250000009,
          196.59404200001518,
          196.26204200000075,
          196.76075000000992,
          196.51145799997494,
          196.46737499999745
        ],
        "error": ""
      },
      {
        "opening_name": "startpos",
        "opening_fen": "rnbqkbnr/pppppppp/8/8/8/8/PPPPPPPP/RNBQKBNR w KQkq - 0 1",
        "result": "draw",
        "score_a": 0.5,
        "plies": 13,
        "adjudicated": false,
        "player_a_color": "black",
        "player_a_timeouts": 0,
        "player_b_timeouts": 0,
        "player_a_moves": 6,
        "player_b_moves": 7,
        "player_a_crashes": 0,
        "player_b_crashes": 0,
        "response_times_ms": [
          196.1484160000282,
          196.19725000001154,
          196.29045800002132,
          196.41550000000052,
          196.0710840000388,
          196.57587500000773,
          196.6910000000439,
          196.06458399999838,
          196.23174999998128,
          196.22954100003653,
          197.03274999994846,
          196.38416700001926,
          196.9681249999553
        ],
        "error": ""
      },
      {
        "opening_name": "queens_pawn",
        "opening_fen": "rnbqkbnr/ppp1pppp/8/3p4/3P4/8/PPP1PPPP/RNBQKBNR w KQkq - 0 2",
        "result": "draw",
        "score_a": 0.5,
        "plies": 20,
        "adjudicated": true,
        "player_a_color": "white",
        "player_a_timeouts": 0,
        "player_b_timeouts": 0,
        "player_a_moves": 10,
        "player_b_moves": 10,
        "player_a_crashes": 0,
        "player_b_crashes": 0,
        "response_times_ms": [
          196.66587500000787,
          196.6363750000255,
          196.4695000000347,
          196.26449999998385,
          196.2575420000121,
          196.26191700001527,
          196.23020799997448,
          196.65612500000407,
          196.0606670000402,
          196.52437499996722,
          196.18341599999667,
          196.57975000001215,
          196.16841699996712,
          196.36974999997392,
          196.6979999999694,
          196.20404199997665,
          196.31729200000336,
          196.8021249999765,
          196.3237079999658,
          196.53820799999266
        ],
        "error": ""
      },
      {
        "opening_name": "queens_pawn",
        "opening_fen": "rnbqkbnr/ppp1pppp/8/3p4/3P4/8/PPP1PPPP/RNBQKBNR w KQkq - 0 2",
        "result": "draw",
        "score_a": 0.5,
        "plies": 20,
        "adjudicated": true,
        "player_a_color": "black",
        "player_a_timeouts": 0,
        "player_b_timeouts": 0,
        "player_a_moves": 10,
        "player_b_moves": 10,
        "player_a_crashes": 0,
        "player_b_crashes": 0,
        "response_times_ms": [
          196.15445800002362,
          196.03499999999485,
          196.3691249999897,
          196.36387500003138,
          196.35370899999316,
          196.4367499999753,
          196.14295799999582,
          196.22620900003085,
          196.9413330000407,
          196.1258340000427,
          196.18199999996477,
          196.1441250000462,
          196.37570800000503,
          196.1890840000251,
          196.20754100003523,
          196.0390830000165,
          196.2836249999782,
          196.0409999999797,
          196.20858399997587,
          196.16224999998622
        ],
        "error": ""
      },
      {
        "opening_name": "ruy_lopez",
        "opening_fen": "r1bqkbnr/pppp1ppp/2n5/1B2p3/4P3/5N2/PPPP1PPP/RNBQK2R b KQkq - 3 3",
        "result": "win",
        "score_a": 1.0,
        "plies": 20,
        "adjudicated": true,
        "player_a_color": "white",
        "player_a_timeouts": 0,
        "player_b_timeouts": 0,
        "player_a_moves": 10,
        "player_b_moves": 10,
        "player_a_crashes": 0,
        "player_b_crashes": 0,
        "response_times_ms": [
          196.0798339999883,
          196.55141699996648,
          196.49829200000113,
          196.1725000000456,
          196.27295800000866,
          196.2385410000138,
          196.40966700001172,
          196.30470800001376,
          196.74016700002994,
          196.77133300001515,
          196.43704100002424,
          196.25999999999522,
          196.11312499995392,
          196.44595900001605,
          196.71587499999532,
          196.27050000002555,
          196.22075000000905,
          196.29616600002464,
          196.21445899997525,
          196.86716699999351
        ],
        "error": ""
      },
      {
        "opening_name": "ruy_lopez",
        "opening_fen": "r1bqkbnr/pppp1ppp/2n5/1B2p3/4P3/5N2/PPPP1PPP/RNBQK2R b KQkq - 3 3",
        "result": "loss",
        "score_a": 0.0,
        "plies": 20,
        "adjudicated": true,
        "player_a_color": "black",
        "player_a_timeouts": 0,
        "player_b_timeouts": 0,
        "player_a_moves": 10,
        "player_b_moves": 10,
        "player_a_crashes": 0,
        "player_b_crashes": 0,
        "response_times_ms": [
          196.33562500001744,
          196.66620800001056,
          196.3711250000415,
          196.02937500002326,
          196.24304199999187,
          196.50137499996845,
          196.81074999999737,
          196.65766600002144,
          196.22020899998915,
          196.34070800003656,
          196.71683399997164,
          196.65962499999523,
          196.84312500004353,
          196.25370900001826,
          196.43279100000655,
          196.31358300000556,
          196.1089589999574,
          197.21650000002455,
          209.12920800003576,
          196.0552080000184
        ],
        "error": ""
      },
      {
        "opening_name": "italian_game",
        "opening_fen": "r1bqk1nr/pppp1ppp/2n5/2b1p3/2B1P3/5N2/PPPP1PPP/RNBQK2R w KQkq - 4 4",
        "result": "draw",
        "score_a": 0.5,
        "plies": 11,
        "adjudicated": false,
        "player_a_color": "white",
        "player_a_timeouts": 0,
        "player_b_timeouts": 0,
        "player_a_moves": 6,
        "player_b_moves": 5,
        "player_a_crashes": 0,
        "player_b_crashes": 0,
        "response_times_ms": [
          196.6510830000061,
          196.56020799999396,
          196.64766699997926,
          196.55191700002206,
          196.44908399999395,
          196.25949999999648,
          196.6973749999852,
          196.1683330000028,
          196.77095800000188,
          196.17825000000266,
          196.32912500003386
        ],
        "error": ""
      },
      {
        "opening_name": "italian_game",
        "opening_fen": "r1bqk1nr/pppp1ppp/2n5/2b1p3/2B1P3/5N2/PPPP1PPP/RNBQK2R w KQkq - 4 4",
        "result": "draw",
        "score_a": 0.5,
        "plies": 20,
        "adjudicated": true,
        "player_a_color": "black",