{
  "feedback_source": "self_play",
  "summary": {
    "games": 16,
    "wins_a": 2,
    "losses_a": 1,
    "draws": 13,
    "score_a": 8.5,
    "mean_score_a": 0.53125,
    "game_scores_a": [
      0.5,
      0.5,
      0.5,
      0.5,
      1.0,
      0.5,
      0.5,
      0.5,
      0.5,
      0.5,
      0.5,
      0.5,
      1.0,
      0.0,
      0.5,
      0.5
    ],
    "player_a_moves": 144,
    "player_b_moves": 142,
    "player_a_timeouts": 0,
    "player_b_timeouts": 0,
    "player_a_crashes": 0,
    "player_b_crashes": 0,
    "results": [
      {
        "opening_name": "startpos",
        "opening_fen": "rnbqkbnr/pppppppp/8/8/8/8/PPPPPPPP/RNBQKBNR w KQkq - 0 1",
        "result": "draw",
        "score_a": 0.5,
        "plies": 15,
        "adjudicated": false,
        "player_a_color": "white",
        "player_a_timeouts": 0,
        "player_b_timeouts": 0,
        "player_a_moves": 8,
        "player_b_moves": 7,
        "player_a_crashes": 0,
        "player_b_crashes": 0,
        "response_times_ms": [
          202.1744159999912,
          196.8735410000022,
          198.54858299999023,
          197.10616700001538,
          197.3507919999804,
          196.66037500002176,
          196.2830829999973,
          196.585290999991,
          196.57333300000346,
          196.92254200001003,
          196.05450000000246,
          196.3014170000008,
          196.72395799997844,
          196.6417920000083,
          196.2570000000028
        ],
        "error": ""
      },
      {
        "opening_name": "startpos",
        "opening_fen": "rnbqkbnr/pppppppp/8/8/8/8/PPPPPPPP/RNBQKBNR w KQkq - 0 1",
        "result": "draw",
        "score_a": 0.5,
        "plies": 13,
        "adjudicated": false,
        "player_a_color": "black",
        "player_a_timeouts": 0,
        "player_b_timeouts": 0,
        "player_a_moves": 6,
        "player_b_moves": 7,
        "player_a_crashes": 0,
        "player_b_crashes": 0,
        "response_times_ms": [
          196.95525000000202,
          196.2978329999885,
          196.56274999999823,
          196.87141699998278,
          200.95391699999254,
          196.72962499998903,
          196.92962499999567,
          196.22470900000621,
          196.62925000000087,
          196.78562500001817,
          196.29524999999148,
          196.42824999999675,
          196.26016699999127
        ],
        "error": ""
      },
      {
        "opening_name": "queens_pawn",
        "opening_fen": "rnbqkbnr/ppp1pppp/8/3p4/3P4/8/PPP1PPPP/RNBQKBNR w KQkq - 0 2",
        "result": "draw",
        "score_a": 0.5,
        "plies": 17,
        "adjudicated": false,
        "player_a_color": "white",
        "player_a_timeouts": 0,
        "player_b_timeouts": 0,
        "player_a_moves": 9,
        "player_b_moves": 8,
        "player_a_crashes": 0,
        "player_b_crashes": 0,
        "response_times_ms": [
          196.72375000001807,
          196.32966700001475,
          196.53954200001067,
          196.14674999999693,
          196.46970799999508,
          196.94050000001084,
          196.09495900002116,
          196.3039999999978,
          196.84687500000564,
          196.2272089999999,
          196.23079199999438,
          196.2749580000036,
          196.33591600000955,
          196.21995800000036,
          196.27545899999177,
          196.98220899999797,
          196.91566699998475
        ],
        "error": ""
      },
      {
        "opening_name": "queens_pawn",
        "opening_fen": "rnbqkbnr/ppp1pppp/8/3p4/3P4/8/PPP1PPPP/RNBQKBNR w KQkq - 0 2",
        "result": "draw",
        "score_a": 0.5,
        "plies": 11,
        "adjudicated": false,
        "player_a_color": "black",
        "player_a_timeouts": 0,
        "player_b_timeouts": 0,
        "player_a_moves": 5,
        "player_b_moves": 6,
        "player_a_crashes": 0,
        "player_b_crashes": 0,
        "response_times_ms": [
          196.36083299999996,
          196.18966699999874,
          196.64183300000104,
          196.32904200000212,
          197.909750000008,
          196.64704100000563,
          196.0730829999875,
          196.74366600000326,
          196.73108300000308,
          197.09424999999214,
          197.265625
        ],
        "error": ""
      },
      {
        "opening_name": "ruy_lopez",
        "opening_fen": "r1bqkbnr/pppp1ppp/2n5/1B2p3/4P3/5N2/PPPP1PPP/RNBQK2R b KQkq - 3 3",
        "result": "win",
        "score_a": 1.0,
        "plies": 20,
        "adjudicated": true,
        "player_a_color": "white",
        "player_a_timeouts": 0,
        "player_b_timeouts": 0,
        "player_a_moves": 10,
        "player_b_moves": 10,
        "player_a_crashes": 0,
        "player_b_crashes": 0,
        "response_times_ms": [
          196.08062499997914,
          197.1363750000137,
          196.81483299999059,
          196.5189169999917,
          196.44720799999504,
          196.23387500001854,
          196.6566250000028,
          196.24204100000497,
          196.42020800000637,
          196.18387500000267,
          196.97641600001248,
          196.3125839999975,
          196.47149999997282,
          196.59674999999766,
          196.20404099998723,
          196.7178750000187,
          196.57724999999004,
          196.25224999998636,
          196.51204199999484,
          196.33554099999628
        ],
        "error": ""
      },
      {
        "opening_name": "ruy_lopez",
        "opening_fen": "r1bqkbnr/pppp1ppp/2n5/1B2p3/4P3/5N2/PPPP1PPP/RNBQK2R b KQkq - 3 3",
        "result": "draw",
        "score_a": 0.5,
        "plies": 17,
        "adjudicated": false,
        "player_a_color": "black",
        "player_a_timeouts": 0,
        "player_b_timeouts": 0,
        "player_a_moves": 9,
        "player_b_moves": 8,
        "player_a_crashes": 0,
        "player_b_crashes": 0,
        "response_times_ms": [
          196.15945900000042,
          197.1013330000062,
          196.68008299998974,
          196.15620799999078,
          196.21599999999262,
          196.51004199999988,
          196.18095900000299,
          196.2477499999693,
          196.4027079999937,
          196.31591700004947,
          196.50083299995913,
          196.70320900002025,
          196.53970799998888,
          196.8106250000119,
          196.57579200003283,
          197.02341700002535,
          196.46758400000408
        ],
        "error": ""
      },
      {
        "opening_name": "italian_game",
        "opening_fen": "r1bqk1nr/pppp1ppp/2n5/2b1p3/2B1P3/5N2/PPPP1PPP/RNBQK2R w KQkq - 4 4",
        "result": "draw",
        "score_a": 0.5,
        "plies": 20,
        "adjudicated": true,
        "player_a_color": "white",
        "player_a_timeouts": 0,
        "player_b_timeouts": 0,
        "player_a_moves": 10,
        "player_b_moves": 10,
        "player_a_crashes": 0,
        "player_b_crashes": 0,
        "response_times_ms": [
          196.99066600003334,
          196.25587500001984,
          407.20908300005476,
          196.7474159999938,
          197.0459579999897,
          196.14570900000672,
          196.05737500000942,
          196.56233400002066,
          197.6579999999899,
          196.84558300002664,
          196.18862499999068,
          196.20587499997555,
          196.75674999996318,
          197.1259580000151,
          196.5640000000235,
          196.56500000002097,
          196.48729199997206,
          196.5079589999732,
          196.3302500000168,
          196.51583300003495
        ],
        "error": ""
      },
      {
        "opening_name": "italian_game",
        "opening_fen": "r1bqk1nr/pppp1ppp/2n5/2b1p3/2B1P3/5N2/PPPP1PPP/RNBQK2R w KQkq - 4 4",
        "result": "draw",
        "score_a": 0.5,
        "plies": 20,
        "adjudicated": true,
        "player_a_color": "black",
        "player_a_timeouts": 0,
        "player_b_timeouts": 0,
        "player_a_moves": 10,
        "player_b_moves": 10,