{
  "feedback_source": "self_play",
  "summary": {
    "games": 16,
    "wins_a": 1,
    "losses_a": 1,
    "draws": 14,
    "score_a": 8.0,
    "mean_score_a": 0.5,
    "game_scores_a": [
      0.5,
      0.5,
      0.0,
      1.0,
      0.5,
      0.5,
      0.5,
      0.5,
      0.5,
      0.5,
      0.5,
      0.5,
      0.5,
      0.5,
      0.5,
      0.5
    ],
    "player_a_moves": 126,
    "player_b_moves": 126,
    "player_a_timeouts": 0,
    "player_b_timeouts": 0,
    "player_a_crashes": 0,
    "player_b_crashes": 0,
    "results": [
      {
        "opening_name": "startpos",
        "opening_fen": "rnbqkbnr/pppppppp/8/8/8/8/PPPPPPPP/RNBQKBNR w KQkq - 0 1",
        "result": "draw",
        "score_a": 0.5,
        "plies": 13,
        "adjudicated": false,
        "player_a_color": "white",
        "player_a_timeouts": 0,
        "player_b_timeouts": 0,
        "player_a_moves": 7,
        "player_b_moves": 6,
        "player_a_crashes": 0,
        "player_b_crashes": 0,
        "response_times_ms": [
          196.07141599999522,
          196.2140839999904,
          196.4381669999966,
          196.5663750000033,
          196.130624999995,
          196.02745899999263,
          196.122416999998,
          196.31916699998442,
          196.5273330000059,
          196.27358299999287,
          196.2229579999928,
          196.15512500001842,
          196.31391599997983
        ],
        "error": ""
      },
      {
        "opening_name": "startpos",
        "opening_fen": "rnbqkbnr/pppppppp/8/8/8/8/PPPPPPPP/RNBQKBNR w KQkq - 0 1",
        "result": "draw",
        "score_a": 0.5,
        "plies": 13,
        "adjudicated": false,
        "player_a_color": "black",
        "player_a_timeouts": 0,
        "player_b_timeouts": 0,
        "player_a_moves": 6,
        "player_b_moves": 7,
        "player_a_crashes": 0,
        "player_b_crashes": 0,
        "response_times_ms": [
          196.05787500000815,
          196.03712499997528,
          196.1037499999918,
          196.2178750000021,
          196.21912499999894,
          196.16745800001922,
          196.66379099999176,
          196.43691599998192,
          196.4248330000089,
          196.24508299997956,
          196.09770799999637,
          196.54745799999773,
          196.19137500001216
        ],
        "error": ""
      },
      {
        "opening_name": "queens_pawn",
        "opening_fen": "rnbqkbnr/ppp1pppp/8/3p4/3P4/8/PPP1PPPP/RNBQKBNR w KQkq - 0 2",
        "result": "loss",
        "score_a": 0.0,
        "plies": 20,
        "adjudicated": true,
        "player_a_color": "white",
        "player_a_timeouts": 0,
        "player_b_timeouts": 0,
        "player_a_moves": 10,
        "player_b_moves": 10,
        "player_a_crashes": 0,
        "player_b_crashes": 0,
        "response_times_ms": [
          196.18520900002068,
          196.11404200000493,
          196.28058300000362,
          196.2308749999977,
          196.13624999999502,
          196.39741700001423,
          196.16787500001465,
          196.19495800000664,
          196.05220799999756,
          196.1365829999977,
          196.60979200000384,
          196.02729100000715,
          196.07616700000108,
          196.06262499999616,
          196.60758300000225,
          196.14112499999692,
          196.64220799998589,
          196.26483299998654,
          196.41333399999894,
          196.11554200000114
        ],
        "error": ""
      },
      {
        "opening_name": "queens_pawn",
        "opening_fen": "rnbqkbnr/ppp1pppp/8/3p4/3P4/8/PPP1PPPP/RNBQKBNR w KQkq - 0 2",
        "result": "win",
        "score_a": 1.0,
        "plies": 20,
        "adjudicated": true,
        "player_a_color": "black",
        "player_a_timeouts": 0,
        "player_b_timeouts": 0,
        "player_a_moves": 10,
        "player_b_moves": 10,
        "player_a_crashes": 0,
        "player_b_crashes": 0,
        "response_times_ms": [
          196.09520800000269,
          196.08204200000046,
          196.07012500000565,
          196.388082999988,
          196.1074589999896,
          196.6164160000119,
          196.28433299999415,
          196.19033399999353,
          196.03120800002216,
          196.035084000016,
          196.3125830000081,
          196.21474999999577,
          196.16033299999458,
          196.17162500000518,
          196.0265000000163,
          196.1418340000023,
          196.18120800001293,
          196.10354099998517,
          196.45670799999948,
          196.0655000000031
        ],
        "error": ""
      },
      {
        "opening_name": "ruy_lopez",
        "opening_fen": "r1bqkbnr/pppp1ppp/2n5/1B2p3/4P3/5N2/PPPP1PPP/RNBQK2R b KQkq - 3 3",
        "result": "draw",
        "score_a": 0.5,
        "plies": 20,
        "adjudicated": true,
        "player_a_color": "white",
        "player_a_timeouts": 0,
        "player_b_timeouts": 0,
        "player_a_moves": 10,
        "player_b_moves": 10,
        "player_a_crashes": 0,
        "player_b_crashes": 0,
        "response_times_ms": [
          196.41366700000162,
          196.2130000000002,
          196.48841600002243,
          196.3234170000021,
          196.52241700001127,
          196.50970800000778,
          196.37841700000536,
          196.15470799999457,
          196.04658299999755,
          196.2045420000038,
          196.77133399997615,
          196.06120800000326,
          196.11966700000494,
          196.13337500001649,
          196.50116700000808,
          196.11241699999482,
          196.22895800000606,
          196.45587499999806,
          196.14695799998572,
          196.3049579999847
        ],
        "error": ""
      },
      {
        "opening_name": "ruy_lopez",
        "opening_fen": "r1bqkbnr/pppp1ppp/2n5/1B2p3/4P3/5N2/PPPP1PPP/RNBQK2R b KQkq - 3 3",
        "result": "draw",
        "score_a": 0.5,
        "plies": 20,
        "adjudicated": true,
        "player_a_color": "black",
        "player_a_timeouts": 0,
        "player_b_timeouts": 0,
        "player_a_moves": 10,
        "player_b_moves": 10,
        "player_a_crashes": 0,
        "player_b_crashes": 0,
        "response_times_ms": [
          196.30962499999782,
          196.43958300000008,
          196.262374999975,
          196.17483400000424,
          196.22954199999754,
          196.25887499998385,
          196.41358300000888,
          196.44083400001477,
          196.41241700000478,
          196.09066600000347,
          196.2130000000002,
          196.02954200001932,
          196.08404200002383,
          196.14033300001665,
          196.10687499999813,
          196.26725000000533,
          196.34016699998824,
          196.53254199999992,
          196.26850000000218,
          196.40150000000745
        ],
        "error": ""
      },
      {
        "opening_name": "italian_game",
        "opening_fen": "r1bqk1nr/pppp1ppp/2n5/2b1p3/2B1P3/5N2/PPPP1PPP/RNBQK2R w KQkq - 4 4",
        "result": "draw",
        "score_a": 0.5,
        "plies": 11,
        "adjudicated": false,
        "player_a_color": "white",
        "player_a_timeouts": 0,
        "player_b_timeouts": 0,
        "player_a_moves": 6,
        "player_b_moves": 5,
        "player_a_crashes": 0,
        "player_b_crashes": 0,
        "response_times_ms": [
          196.32000000001426,
          196.56191700002523,
          196.21891700001015,
          196.1471250000102,
          196.09433400000853,
          196.3731670000186,
          196.04379199998334,
          196.0550000000012,
          196.0336669999947,
          196.1882090000131,
          196.3878749999992
        ],
        "error": ""
      },
      {
        "opening_name": "italian_game",
        "opening_fen": "r1bqk1nr/pppp1ppp/2n5/2b1p3/2B1P3/5N2/PPPP1PPP/RNBQK2R w KQkq - 4 4",
        "result": "draw",
        "score_a": 0.5,
        "plies": 11,
        "adjudicated": false,
        "player_a_color": "black",