{
  "feedback_source": "self_play",
  "summary": {
    "games": 16,
    "wins_a": 2,
    "losses_a": 2,
    "draws": 12,
    "score_a": 8.0,
    "mean_score_a": 0.5,
    "game_scores_a": [
      0.5,
      0.5,
      0.0,
      1.0,
      0.5,
      0.5,
      0.5,
      0.5,
      1.0,
      0.0,
      0.5,
      0.5,
      0.5,
      0.5,
      0.5,
      0.5
    ],
    "player_a_moves": 122,
    "player_b_moves": 123,
    "player_a_timeouts": 0,
    "player_b_timeouts": 0,
    "player_a_crashes": 0,
    "player_b_crashes": 0,
    "results": [
      {
        "opening_name": "startpos",
        "opening_fen": "rnbqkbnr/pppppppp/8/8/8/8/PPPPPPPP/RNBQKBNR w KQkq - 0 1",
        "result": "draw",
        "score_a": 0.5,
        "plies": 13,
        "adjudicated": false,
        "player_a_color": "white",
        "player_a_timeouts": 0,
        "player_b_timeouts": 0,
        "player_a_moves": 7,
        "player_b_moves": 6,
        "player_a_crashes": 0,
        "player_b_crashes": 0,
        "response_times_ms": [
          196.0990000000038,
          196.23591700000986,
          196.08616600000062,
          196.21054200000287,
          196.5118330000024,
          196.39745799999275,
          196.13283300000717,
          196.27233299999602,
          196.21812500000146,
          196.48695800000837,
          196.21924999999862,
          196.39112500000522,
          196.48291700001153
        ],
        "error": ""
      },
      {
        "opening_name": "startpos",
        "opening_fen": "rnbqkbnr/pppppppp/8/8/8/8/PPPPPPPP/RNBQKBNR w KQkq - 0 1",
        "result": "draw",
        "score_a": 0.5,
        "plies": 13,
        "adjudicated": false,
        "player_a_color": "black",
        "player_a_timeouts": 0,
        "player_b_timeouts": 0,
        "player_a_moves": 6,
        "player_b_moves": 7,
        "player_a_crashes": 0,
        "player_b_crashes": 0,
        "response_times_ms": [
          196.0709159999965,
          196.46425000000534,
          196.3228749999928,
          196.09741700000427,
          196.5605000000039,
          196.08487500001104,
          196.39404199999433,
          196.16658399999665,
          196.12933400000543,
          196.33291699999234,
          196.71670799999674,
          196.07054099999743,
          196.5212089999966
        ],
        "error": ""
      },
      {
        "opening_name": "queens_pawn",
        "opening_fen": "rnbqkbnr/ppp1pppp/8/3p4/3P4/8/PPP1PPPP/RNBQKBNR w KQkq - 0 2",
        "result": "loss",
        "score_a": 0.0,
        "plies": 20,
        "adjudicated": true,
        "player_a_color": "white",
        "player_a_timeouts": 0,
        "player_b_timeouts": 0,
        "player_a_moves": 10,
        "player_b_moves": 10,
        "player_a_crashes": 0,
        "player_b_crashes": 0,
        "response_times_ms": [
          196.16624999999033,
          196.04758399999866,
          196.10208399998896,
          196.15962499999284,
          196.39954100000523,
          196.24608299999124,
          196.54237500000704,
          196.41520800000478,
          196.3397920000034,
          196.43824999999993,
          196.4658339999943,
          196.24025000000245,
          196.392208000006,
          196.24887499999488,
          196.23425000000339,
          196.56025000000454,
          196.4165000000122,
          196.1367909999865,
          196.16458299999806,
          196.09837500000538
        ],
        "error": ""
      },
      {
        "opening_name": "queens_pawn",
        "opening_fen": "rnbqkbnr/ppp1pppp/8/3p4/3P4/8/PPP1PPPP/RNBQKBNR w KQkq - 0 2",
        "result": "win",
        "score_a": 1.0,
        "plies": 20,
        "adjudicated": true,
        "player_a_color": "black",
        "player_a_timeouts": 0,
        "player_b_timeouts": 0,
        "player_a_moves": 10,
        "player_b_moves": 10,
        "player_a_crashes": 0,
        "player_b_crashes": 0,
        "response_times_ms": [
          196.22241700000131,
          196.22879199999943,
          196.29766699999607,
          196.10070899999243,
          196.2079999999986,
          196.1843750000014,
          196.2972090000079,
          196.16870899999128,
          196.4204169999988,
          196.09849999999085,
          196.55733399999065,
          196.10312499999338,
          196.3683749999916,
          196.14437500000292,
          196.29029200000048,
          196.0930419999869,
          196.2542920000061,
          196.11920900000257,
          196.25229199999694,
          196.49745800001028
        ],
        "error": ""
      },
      {
        "opening_name": "ruy_lopez",
        "opening_fen": "r1bqkbnr/pppp1ppp/2n5/1B2p3/4P3/5N2/PPPP1PPP/RNBQK2R b KQkq - 3 3",
        "result": "draw",
        "score_a": 0.5,
        "plies": 12,
        "adjudicated": false,
        "player_a_color": "white",
        "player_a_timeouts": 0,
        "player_b_timeouts": 0,
        "player_a_moves": 6,
        "player_b_moves": 6,
        "player_a_crashes": 0,
        "player_b_crashes": 0,
        "response_times_ms": [
          196.17495900000392,
          196.12449999999626,
          196.20845800000097,
          196.20287499999733,
          196.07262499999933,
          196.6237910000075,
          196.18295899999794,
          196.14566699999614,
          196.21166700000003,
          196.25787500000058,
          196.31174999999246,
          196.06925000000786
        ],
        "error": ""
      },
      {
        "opening_name": "ruy_lopez",
        "opening_fen": "r1bqkbnr/pppp1ppp/2n5/1B2p3/4P3/5N2/PPPP1PPP/RNBQK2R b KQkq - 3 3",
        "result": "draw",
        "score_a": 0.5,
        "plies": 12,
        "adjudicated": false,
        "player_a_color": "black",
        "player_a_timeouts": 0,
        "player_b_timeouts": 0,
        "player_a_moves": 6,
        "player_b_moves": 6,
        "player_a_crashes": 0,
        "player_b_crashes": 0,
        "response_times_ms": [
          196.0346249999958,
          196.03783300000543,
          196.1444170000135,
          196.0347079999991,
          196.2235000000021,
          196.78079199999843,
          196.0362499999917,
          196.06154199999537,
          196.28887499999337,
          196.0534579999944,
          196.22212499999137,
          196.06666699999664
        ],
        "error": ""
      },
      {
        "opening_name": "italian_game",
        "opening_fen": "r1bqk1nr/pppp1ppp/2n5/2b1p3/2B1P3/5N2/PPPP1PPP/RNBQK2R w KQkq - 4 4",
        "result": "draw",
        "score_a": 0.5,
        "plies": 11,
        "adjudicated": false,
        "player_a_color": "white",
        "player_a_timeouts": 0,
        "player_b_timeouts": 0,
        "player_a_moves": 6,
        "player_b_moves": 5,
        "player_a_crashes": 0,
        "player_b_crashes": 0,
        "response_times_ms": [
          196.1752920000066,
          196.1706250000077,
          196.54400000000294,
          196.11129199999766,
          196.35687500000643,
          196.2725830000096,
          196.05887500000563,
          196.42679100000748,
          196.91737499999817,
          196.41987500000369,
          196.07262499999933
        ],
        "error": ""
      },
      {
        "opening_name": "italian_game",
        "opening_fen": "r1bqk1nr/pppp1ppp/2n5/2b1p3/2B1P3/5N2/PPPP1PPP/RNBQK2R w KQkq - 4 4",
        "result": "draw",
        "score_a": 0.5,
        "plies": 11,
        "adjudicated": false,
        "player_a_color": "black",
        "player_a_timeouts": 0,
        "player_b_timeouts": 0,
        "player_a_moves": 5,
        "player_b_moves": 6,
        "player_a_crashes": 0,
        "player_b_crashes": 0,