{
  "feedback_source": "self_play",
  "summary": {
    "games": 16,
    "wins_a": 3,
    "losses_a": 3,
    "draws": 10,
    "score_a": 8.0,
    "mean_score_a": 0.5,
    "game_scores_a": [
      0.5,
      0.5,
      0.0,
      1.0,
      0.5,
      0.5,
      0.0,
      1.0,
      1.0,
      0.0,
      0.5,
      0.5,
      0.5,
      0.5,
      0.5,
      0.5
    ],
    "player_a_moves": 118,
    "player_b_moves": 118,
    "player_a_timeouts": 0,
    "player_b_timeouts": 0,
    "player_a_crashes": 0,
    "player_b_crashes": 0,
    "results": [
      {
        "opening_name": "startpos",
        "opening_fen": "rnbqkbnr/pppppppp/8/8/8/8/PPPPPPPP/RNBQKBNR w KQkq - 0 1",
        "result": "draw",
        "score_a": 0.5,
        "plies": 13,
        "adjudicated": false,
        "player_a_color": "white",
        "player_a_timeouts": 0,
        "player_b_timeouts": 0,
        "player_a_moves": 7,
        "player_b_moves": 6,
        "player_a_crashes": 0,
        "player_b_crashes": 0,
        "response_times_ms": [
          196.091625,
          196.52837500000004,
          196.38233299999996,
          196.4389999999999,
          196.20299999999992,
          196.243084,
          196.52104199999988,
          196.26374999999996,
          196.129958,
          196.57033299999992,
          196.15724999999972,
          196.2517909999999,
          196.11379100000016
        ],
        "error": ""
      },
      {
        "opening_name": "startpos",
        "opening_fen": "rnbqkbnr/pppppppp/8/8/8/8/PPPPPPPP/RNBQKBNR w KQkq - 0 1",
        "result": "draw",
        "score_a": 0.5,
        "plies": 13,
        "adjudicated": false,
        "player_a_color": "black",
        "player_a_timeouts": 0,
        "player_b_timeouts": 0,
        "player_a_moves": 6,
        "player_b_moves": 7,
        "player_a_crashes": 0,
        "player_b_crashes": 0,
        "response_times_ms": [
          196.24533400000033,
          196.03104199999999,
          196.32966699999966,
          196.1457499999999,
          196.0534589999998,
          196.22604199999972,
          196.09949999999986,
          196.41354200000018,
          196.35550000000012,
          196.41016599999972,
          196.5865840000003,
          196.18204200000022,
          196.12254200000035
        ],
        "error": ""
      },
      {
        "opening_name": "queens_pawn",
        "opening_fen": "rnbqkbnr/ppp1pppp/8/3p4/3P4/8/PPP1PPPP/RNBQKBNR w KQkq - 0 2",
        "result": "loss",
        "score_a": 0.0,
        "plies": 20,
        "adjudicated": true,
        "player_a_color": "white",
        "player_a_timeouts": 0,
        "player_b_timeouts": 0,
        "player_a_moves": 10,
        "player_b_moves": 10,
        "player_a_crashes": 0,
        "player_b_crashes": 0,
        "response_times_ms": [
          196.04270900000031,
          196.06466699999993,
          196.08816700000008,
          196.10266699999988,
          196.1411669999995,
          196.17412499999975,
          196.45133299999972,
          196.2245840000003,
          196.26033400000065,
          196.07279199999982,
          196.72820899999977,
          196.2361250000004,
          196.3304999999993,
          196.51354100000074,
          196.1835830000016,
          196.23166699999928,
          196.0633749999996,
          196.10254100000014,
          196.52204099999972,
          196.2605840000009
        ],
        "error": ""
      },
      {
        "opening_name": "queens_pawn",
        "opening_fen": "rnbqkbnr/ppp1pppp/8/3p4/3P4/8/PPP1PPPP/RNBQKBNR w KQkq - 0 2",
        "result": "win",
        "score_a": 1.0,
        "plies": 20,
        "adjudicated": true,
        "player_a_color": "black",
        "player_a_timeouts": 0,
        "player_b_timeouts": 0,
        "player_a_moves": 10,
        "player_b_moves": 10,
        "player_a_crashes": 0,
        "player_b_crashes": 0,
        "response_times_ms": [
          196.27012500000163,
          196.5736249999992,
          196.20116599999983,
          196.6507919999998,
          196.13279200000022,
          196.66575000000108,
          196.19187500000024,
          196.17404100000078,
          196.2072500000005,
          196.2043340000008,
          196.20495799999915,
          196.06887499999993,
          196.5278330000011,
          196.1606249999992,
          196.57445799999886,
          196.34324999999995,
          196.57499999999928,
          196.05629199999976,
          196.5105000000005,
          196.20716700000074
        ],
        "error": ""
      },
      {
        "opening_name": "ruy_lopez",
        "opening_fen": "r1bqkbnr/pppp1ppp/2n5/1B2p3/4P3/5N2/PPPP1PPP/RNBQK2R b KQkq - 3 3",
        "result": "draw",
        "score_a": 0.5,
        "plies": 15,
        "adjudicated": false,
        "player_a_color": "white",
        "player_a_timeouts": 0,
        "player_b_timeouts": 0,
        "player_a_moves": 7,
        "player_b_moves": 8,
        "player_a_crashes": 0,
        "player_b_crashes": 0,
        "response_times_ms": [
          196.20375000000047,
          196.06800000000035,
          196.16120799999948,
          196.10333400000002,
          196.2896670000003,
          196.1533329999998,
          196.06549999999956,
          196.51937500000116,
          196.11995900000068,
          196.05283299999954,
          196.1462919999999,
          196.1747909999989,
          196.189167,
          196.4377500000012,
          196.1132499999998
        ],
        "error": ""
      },
      {
        "opening_name": "ruy_lopez",
        "opening_fen": "r1bqkbnr/pppp1ppp/2n5/1B2p3/4P3/5N2/PPPP1PPP/RNBQK2R b KQkq - 3 3",
        "result": "draw",
        "score_a": 0.5,
        "plies": 15,
        "adjudicated": false,
        "player_a_color": "black",
        "player_a_timeouts": 0,
        "player_b_timeouts": 0,
        "player_a_moves": 8,
        "player_b_moves": 7,
        "player_a_crashes": 0,
        "player_b_crashes": 0,
        "response_times_ms": [
          196.30779199999893,
          196.35829200000288,
          196.4104589999991,
          196.54583300000183,
          196.24833299999977,
          196.49366700000215,
          196.35179200000152,
          196.25062500000112,
          196.2352910000007,
          196.10229099999898,
          196.5041670000005,
          196.396625000002,
          196.41762500000226,
          196.10683300000176,
          196.06633299999743
        ],
        "error": ""
      },
      {
        "opening_name": "italian_game",
        "opening_fen": "r1bqk1nr/pppp1ppp/2n5/2b1p3/2B1P3/5N2/PPPP1PPP/RNBQK2R w KQkq - 4 4",
        "result": "loss",
        "score_a": 0.0,
        "plies": 10,
        "adjudicated": false,
        "player_a_color": "white",
        "player_a_timeouts": 0,
        "player_b_timeouts": 0,
        "player_a_moves": 5,
        "player_b_moves": 5,
        "player_a_crashes": 0,
        "player_b_crashes": 0,
        "response_times_ms": [
          196.10666699999868,
          196.20212499999923,
          196.08591600000125,
          196.0650419999972,
          196.10716700000097,
          196.30079199999884,
          196.11541600000137,
          196.29241700000222,
          196.4511249999994,
          26.458749999999753
        ],
        "error": ""
      },
      {
        "opening_name": "italian_game",
        "opening_fen": "r1bqk1nr/pppp1ppp/2n5/2b1p3/2B1P3/5N2/PPPP1PPP/RNBQK2R w KQkq - 4 4",
        "result": "win",
        "score_a": 1.0,
        "plies": 10,
        "adjudicated": false,
        "player_a_color": "black",
        "player_a_timeouts": 0,
        "player_b_timeouts": 0,
        "player_a_moves": 5,
        "player_b_moves": 5,
        "player_a_crashes": 0,
        "player_b_crashes": 0,