{
  "feedback_source": "self_play",
  "summary": {
    "games": 16,
    "wins_a": 1,
    "losses_a": 1,
    "draws": 14,
    "score_a": 8.0,
    "mean_score_a": 0.5,
    "game_scores_a": [
      0.5,
      0.5,
      0.0,
      1.0,
      0.5,
      0.5,
      0.5,
      0.5,
      0.5,
      0.5,
      0.5,
      0.5,
      0.5,
      0.5,
      0.5,
      0.5
    ],
    "player_a_moves": 119,
    "player_b_moves": 120,
    "player_a_timeouts": 0,
    "player_b_timeouts": 0,
    "player_a_crashes": 0,
    "player_b_crashes": 0,
    "results": [
      {
        "opening_name": "startpos",
        "opening_fen": "rnbqkbnr/pppppppp/8/8/8/8/PPPPPPPP/RNBQKBNR w KQkq - 0 1",
        "result": "draw",
        "score_a": 0.5,
        "plies": 13,
        "adjudicated": false,
        "player_a_color": "white",
        "player_a_timeouts": 0,
        "player_b_timeouts": 0,
        "player_a_moves": 7,
        "player_b_moves": 6,
        "player_a_crashes": 0,
        "player_b_crashes": 0,
        "response_times_ms": [
          196.08562499999493,
          196.20733400000745,
          196.58004199999368,
          196.08524999999588,
          196.16949999999633,
          196.13654100000133,
          196.1639169999927,
          196.6062500000021,
          196.288624999994,
          196.50854200000367,
          196.06129100000658,
          196.1181660000051,
          196.5494580000069
        ],
        "error": ""
      },
      {
        "opening_name": "startpos",
        "opening_fen": "rnbqkbnr/pppppppp/8/8/8/8/PPPPPPPP/RNBQKBNR w KQkq - 0 1",
        "result": "draw",
        "score_a": 0.5,
        "plies": 13,
        "adjudicated": false,
        "player_a_color": "black",
        "player_a_timeouts": 0,
        "player_b_timeouts": 0,
        "player_a_moves": 6,
        "player_b_moves": 7,
        "player_a_crashes": 0,
        "player_b_crashes": 0,
        "response_times_ms": [
          196.02504099999862,
          196.41633399999137,
          196.08362499999998,
          196.29950000000917,
          196.28174999999715,
          196.03258300000448,
          196.49879199999987,
          196.20350000000997,
          196.07845800000234,
          196.40920899999514,
          196.15745800000184,
          196.15312500000925,
          196.37895799999683
        ],
        "error": ""
      },
      {
        "opening_name": "queens_pawn",
        "opening_fen": "rnbqkbnr/ppp1pppp/8/3p4/3P4/8/PPP1PPPP/RNBQKBNR w KQkq - 0 2",
        "result": "loss",
        "score_a": 0.0,
        "plies": 20,
        "adjudicated": true,
        "player_a_color": "white",
        "player_a_timeouts": 0,
        "player_b_timeouts": 0,
        "player_a_moves": 10,
        "player_b_moves": 10,
        "player_a_crashes": 0,
        "player_b_crashes": 0,
        "response_times_ms": [
          196.04624999999487,
          196.2610000000069,
          196.5344169999952,
          196.2258749999961,
          196.37262499999508,
          196.6149170000051,
          196.08470800000077,
          196.07887500001198,
          196.57312500000046,
          196.08929100000694,
          196.20720900000777,
          196.20529099999828,
          196.04483300000197,
          196.22616700000606,
          196.62620899998728,
          196.11991600000067,
          196.11266600000477,
          196.18179100000077,
          196.13620799999865,
          196.1229590000073
        ],
        "error": ""
      },
      {
        "opening_name": "queens_pawn",
        "opening_fen": "rnbqkbnr/ppp1pppp/8/3p4/3P4/8/PPP1PPPP/RNBQKBNR w KQkq - 0 2",
        "result": "win",
        "score_a": 1.0,
        "plies": 20,
        "adjudicated": true,
        "player_a_color": "black",
        "player_a_timeouts": 0,
        "player_b_timeouts": 0,
        "player_a_moves": 10,
        "player_b_moves": 10,
        "player_a_crashes": 0,
        "player_b_crashes": 0,
        "response_times_ms": [
          196.13020900000322,
          196.60820800000067,
          196.06741699999475,
          196.60504200000162,
          196.32433299999263,
          196.07874999999808,
          196.12095899999815,
          196.16545799999585,
          196.2161249999923,
          196.22033400000305,
          196.0652910000107,
          196.20287499999733,
          196.09116699999163,
          196.20424999999386,
          196.06491700000106,
          196.06004199999916,
          196.04320800000608,
          196.12291699999673,
          196.31925000000194,
          196.09712500000853
        ],
        "error": ""
      },
      {
        "opening_name": "ruy_lopez",
        "opening_fen": "r1bqkbnr/pppp1ppp/2n5/1B2p3/4P3/5N2/PPPP1PPP/RNBQK2R b KQkq - 3 3",
        "result": "draw",
        "score_a": 0.5,
        "plies": 20,
        "adjudicated": true,
        "player_a_color": "white",
        "player_a_timeouts": 0,
        "player_b_timeouts": 0,
        "player_a_moves": 10,
        "player_b_moves": 10,
        "player_a_crashes": 0,
        "player_b_crashes": 0,
        "response_times_ms": [
          196.30295800000397,
          196.19466700000032,
          196.18766600000015,
          196.16366700000754,
          196.19245799999874,
          196.28195900000378,
          196.08754200000078,
          196.49341699999923,
          196.18245799999556,
          196.605292000001,
          196.17916699999682,
          196.25891699999443,
          196.3452919999895,
          196.23212499999454,
          196.38620799999273,
          196.13125000000764,
          196.4755409999981,
          196.39941699999497,
          196.2635000000006,
          196.36562500001276
        ],
        "error": ""
      },
      {
        "opening_name": "ruy_lopez",
        "opening_fen": "r1bqkbnr/pppp1ppp/2n5/1B2p3/4P3/5N2/PPPP1PPP/RNBQK2R b KQkq - 3 3",
        "result": "draw",
        "score_a": 0.5,
        "plies": 20,
        "adjudicated": true,
        "player_a_color": "black",
        "player_a_timeouts": 0,
        "player_b_timeouts": 0,
        "player_a_moves": 10,
        "player_b_moves": 10,
        "player_a_crashes": 0,
        "player_b_crashes": 0,
        "response_times_ms": [
          196.61008399999957,
          196.02341700000636,
          196.17845799999145,
          196.2393330000083,
          196.29974999999433,
          196.44383300000356,
          196.41212500000904,
          196.4854170000052,
          196.15787499999726,
          196.3556659999881,
          196.06862499999522,
          196.41491599999483,
          196.46329199999002,
          196.20441699998992,
          196.14350000000513,
          196.2969580000049,
          196.35466600000484,
          196.55866700000502,
          196.1275000000029,
          196.55945800001007
        ],
        "error": ""
      },
      {
        "opening_name": "italian_game",
        "opening_fen": "r1bqk1nr/pppp1ppp/2n5/2b1p3/2B1P3/5N2/PPPP1PPP/RNBQK2R w KQkq - 4 4",
        "result": "draw",
        "score_a": 0.5,
        "plies": 11,
        "adjudicated": false,
        "player_a_color": "white",
        "player_a_timeouts": 0,
        "player_b_timeouts": 0,
        "player_a_moves": 6,
        "player_b_moves": 5,
        "player_a_crashes": 0,
        "player_b_crashes": 0,
        "response_times_ms": [
          196.5231249999988,
          196.07658299999287,
          196.65370799999948,
          196.42999999999233,
          196.52654200000086,
          196.04462499999897,
          196.25454199999126,
          196.19962500000554,
          196.183750000003,
          196.04008299999975,
          196.26133400001322
        ],
        "error": ""
      },
      {
        "opening_name": "italian_game",
        "opening_fen": "r1bqk1nr/pppp1ppp/2n5/2b1p3/2B1P3/5N2/PPPP1PPP/RNBQK2R w KQkq - 4 4",
        "result": "draw",
        "score_a": 0.5,
        "plies": 11,
        "adjudicated": false,
        "player_a_color": "black",