{
  "feedback_source": "self_play",
  "summary": {
    "games": 16,
    "wins_a": 3,
    "losses_a": 3,
    "draws": 10,
    "score_a": 8.0,
    "mean_score_a": 0.5,
    "game_scores_a": [
      0.5,
      0.5,
      0.0,
      1.0,
      0.5,
      0.5,
      0.0,
      1.0,
      1.0,
      0.0,
      0.5,
      0.5,
      0.5,
      0.5,
      0.5,
      0.5
    ],
    "player_a_moves": 118,
    "player_b_moves": 118,
    "player_a_timeouts": 0,
    "player_b_timeouts": 0,
    "player_a_crashes": 0,
    "player_b_crashes": 0,
    "results": [
      {
        "opening_name": "startpos",
        "opening_fen": "rnbqkbnr/pppppppp/8/8/8/8/PPPPPPPP/RNBQKBNR w KQkq - 0 1",
        "result": "draw",
        "score_a": 0.5,
        "plies": 13,
        "adjudicated": false,
        "player_a_color": "white",
        "player_a_timeouts": 0,
        "player_b_timeouts": 0,
        "player_a_moves": 7,
        "player_b_moves": 6,
        "player_a_crashes": 0,
        "player_b_crashes": 0,
        "response_times_ms": [
          196.184792,
          196.07870800000003,
          196.63774999999995,
          196.043042,
          196.2664169999999,
          196.23145799999998,
          196.615333,
          196.57595799999993,
          196.53274999999982,
          196.3086249999999,
          196.245625,
          196.09020899999985,
          196.77095800000012
        ],
        "error": ""
      },
      {
        "opening_name": "startpos",
        "opening_fen": "rnbqkbnr/pppppppp/8/8/8/8/PPPPPPPP/RNBQKBNR w KQkq - 0 1",
        "result": "draw",
        "score_a": 0.5,
        "plies": 13,
        "adjudicated": false,
        "player_a_color": "black",
        "player_a_timeouts": 0,
        "player_b_timeouts": 0,
        "player_a_moves": 6,
        "player_b_moves": 7,
        "player_a_crashes": 0,
        "player_b_crashes": 0,
        "response_times_ms": [
          196.49699999999993,
          196.05762499999992,
          196.43875,
          196.40099999999984,
          196.17324999999974,
          196.40987500000006,
          196.1176250000003,
          196.26774999999964,
          196.41445799999957,
          196.396708,
          196.18479200000039,
          196.3457919999998,
          196.03591700000055
        ],
        "error": ""
      },
      {
        "opening_name": "queens_pawn",
        "opening_fen": "rnbqkbnr/ppp1pppp/8/3p4/3P4/8/PPP1PPPP/RNBQKBNR w KQkq - 0 2",
        "result": "loss",
        "score_a": 0.0,
        "plies": 20,
        "adjudicated": true,
        "player_a_color": "white",
        "player_a_timeouts": 0,
        "player_b_timeouts": 0,
        "player_a_moves": 10,
        "player_b_moves": 10,
        "player_a_crashes": 0,
        "player_b_crashes": 0,
        "response_times_ms": [
          196.09433299999955,
          196.13420900000023,
          196.50541599999994,
          196.73491600000048,
          196.3572090000003,
          196.10291700000016,
          196.37045899999973,
          196.0397089999999,
          196.35862500000025,
          196.07908300000076,
          196.09645799999953,
          196.1371249999999,
          196.59816699999942,
          196.25529200000003,
          196.1729160000001,
          196.03083300000003,
          196.0814589999984,
          196.14875000000075,
          196.17562500000042,
          196.21212500000064
        ],
        "error": ""
      },
      {
        "opening_name": "queens_pawn",
        "opening_fen": "rnbqkbnr/ppp1pppp/8/3p4/3P4/8/PPP1PPPP/RNBQKBNR w KQkq - 0 2",
        "result": "win",
        "score_a": 1.0,
        "plies": 20,
        "adjudicated": true,
        "player_a_color": "black",
        "player_a_timeouts": 0,
        "player_b_timeouts": 0,
        "player_a_moves": 10,
        "player_b_moves": 10,
        "player_a_crashes": 0,
        "player_b_crashes": 0,
        "response_times_ms": [
          196.33812499999868,
          196.37349999999998,
          196.21979199999907,
          196.58995799999877,
          196.19437499999924,
          196.71416699999966,
          196.18229100000127,
          196.20875000000026,
          196.2586249999987,
          196.1839999999988,
          196.08262499999896,
          196.1510000000004,
          196.26966699999926,
          196.1003329999986,
          196.5467909999994,
          196.24937500000073,
          196.12987499999866,
          196.1642089999991,
          196.61645800000116,
          196.1104579999997
        ],
        "error": ""
      },
      {
        "opening_name": "ruy_lopez",
        "opening_fen": "r1bqkbnr/pppp1ppp/2n5/1B2p3/4P3/5N2/PPPP1PPP/RNBQK2R b KQkq - 3 3",
        "result": "draw",
        "score_a": 0.5,
        "plies": 15,
        "adjudicated": false,
        "player_a_color": "white",
        "player_a_timeouts": 0,
        "player_b_timeouts": 0,
        "player_a_moves": 7,
        "player_b_moves": 8,
        "player_a_crashes": 0,
        "player_b_crashes": 0,
        "response_times_ms": [
          196.38029200000062,
          196.5044159999998,
          196.56312499999905,
          196.2599580000006,
          196.51358399999987,
          196.09958400000062,
          196.22412500000053,
          196.60895799999878,
          196.31904199999894,
          196.38458400000047,
          196.22933300000156,
          196.1839999999988,
          196.24670800000033,
          196.0629580000024,
          196.08312500000125
        ],
        "error": ""
      },
      {
        "opening_name": "ruy_lopez",
        "opening_fen": "r1bqkbnr/pppp1ppp/2n5/1B2p3/4P3/5N2/PPPP1PPP/RNBQK2R b KQkq - 3 3",
        "result": "draw",
        "score_a": 0.5,
        "plies": 15,
        "adjudicated": false,
        "player_a_color": "black",
        "player_a_timeouts": 0,
        "player_b_timeouts": 0,
        "player_a_moves": 8,
        "player_b_moves": 7,
        "player_a_crashes": 0,
        "player_b_crashes": 0,
        "response_times_ms": [
          196.3220000000021,
          196.14041699999873,
          196.02579200000037,
          196.50479200000248,
          196.1327500000003,
          196.20783300000255,
          196.19820799999843,
          196.25725000000216,
          196.4076249999991,
          196.19787500000285,
          196.6879590000019,
          196.1562499999978,
          196.7459579999975,
          196.03512500000164,
          196.1351250000014
        ],
        "error": ""
      },
      {
        "opening_name": "italian_game",
        "opening_fen": "r1bqk1nr/pppp1ppp/2n5/2b1p3/2B1P3/5N2/PPPP1PPP/RNBQK2R w KQkq - 4 4",
        "result": "loss",
        "score_a": 0.0,
        "plies": 10,
        "adjudicated": false,
        "player_a_color": "white",
        "player_a_timeouts": 0,
        "player_b_timeouts": 0,
        "player_a_moves": 5,
        "player_b_moves": 5,
        "player_a_crashes": 0,
        "player_b_crashes": 0,
        "response_times_ms": [
          196.3438329999967,
          196.0592919999975,
          196.119834000001,
          196.13379200000125,
          196.033749999998,
          196.49887500000318,
          196.17212500000036,
          196.29808300000207,
          196.36991700000195,
          26.820541999999392
        ],
        "error": ""
      },
      {
        "opening_name": "italian_game",
        "opening_fen": "r1bqk1nr/pppp1ppp/2n5/2b1p3/2B1P3/5N2/PPPP1PPP/RNBQK2R w KQkq - 4 4",
        "result": "win",
        "score_a": 1.0,
        "plies": 10,
        "adjudicated": false,
        "player_a_color": "black",
        "player_a_timeouts": 0,
        "player_b_timeouts": 0,
        "player_a_moves": 5,
        "player_b_moves": 5,
        "player_a_crashes": 0,
        "player_b_crashes": 0,