{
  "feedback_source": "self_play",
  "summary": {
    "games": 16,
    "wins_a": 2,
    "losses_a": 2,
    "draws": 12,
    "score_a": 8.0,
    "mean_score_a": 0.5,
    "game_scores_a": [
      0.5,
      0.5,
      0.0,
      1.0,
      0.5,
      0.5,
      0.5,
      0.5,
      1.0,
      0.0,
      0.5,
      0.5,
      0.5,
      0.5,
      0.5,
      0.5
    ],
    "player_a_moves": 126,
    "player_b_moves": 125,
    "player_a_timeouts": 0,
    "player_b_timeouts": 0,
    "player_a_crashes": 0,
    "player_b_crashes": 0,
    "results": [
      {
        "opening_name": "startpos",
        "opening_fen": "rnbqkbnr/pppppppp/8/8/8/8/PPPPPPPP/RNBQKBNR w KQkq - 0 1",
        "result": "draw",
        "score_a": 0.5,
        "plies": 13,
        "adjudicated": false,
        "player_a_color": "white",
        "player_a_timeouts": 0,
        "player_b_timeouts": 0,
        "player_a_moves": 7,
        "player_b_moves": 6,
        "player_a_crashes": 0,
        "player_b_crashes": 0,
        "response_times_ms": [
          196.15670799998952,
          196.36337500000423,
          196.61558299999626,
          196.31308300000683,
          196.26083400000027,
          196.61058299999468,
          196.33754199999487,
          196.03275000000053,
          196.30054200000302,
          196.6037500000084,
          196.08516699999257,
          196.31658400000163,
          196.3603749999976
        ],
        "error": ""
      },
      {
        "opening_name": "startpos",
        "opening_fen": "rnbqkbnr/pppppppp/8/8/8/8/PPPPPPPP/RNBQKBNR w KQkq - 0 1",
        "result": "draw",
        "score_a": 0.5,
        "plies": 13,
        "adjudicated": false,
        "player_a_color": "black",
        "player_a_timeouts": 0,
        "player_b_timeouts": 0,
        "player_a_moves": 6,
        "player_b_moves": 7,
        "player_a_crashes": 0,
        "player_b_crashes": 0,
        "response_times_ms": [
          196.2738749999886,
          196.32187499999532,
          196.36174999999412,
          196.24229199999377,
          196.1600000000061,
          196.18529200000978,
          196.2306669999947,
          196.22637500000906,
          196.11916600000256,
          196.32883299999548,
          196.18695900000205,
          196.47074999998893,
          196.11466599999972
        ],
        "error": ""
      },
      {
        "opening_name": "queens_pawn",
        "opening_fen": "rnbqkbnr/ppp1pppp/8/3p4/3P4/8/PPP1PPPP/RNBQKBNR w KQkq - 0 2",
        "result": "loss",
        "score_a": 0.0,
        "plies": 20,
        "adjudicated": true,
        "player_a_color": "white",
        "player_a_timeouts": 0,
        "player_b_timeouts": 0,
        "player_a_moves": 10,
        "player_b_moves": 10,
        "player_a_crashes": 0,
        "player_b_crashes": 0,
        "response_times_ms": [
          196.76037500001087,
          196.06816699999285,
          196.6077499999983,
          196.81704200000638,
          196.14804200000435,
          196.24254199999314,
          196.17583400000171,
          196.19866700000443,
          196.35350000000074,
          196.25691699999948,
          196.09141600000157,
          196.40529100000492,
          196.73483300000782,
          196.06804099998953,
          196.43454199999155,
          196.11879199999294,
          196.19408300000885,
          196.62512500001128,
          196.1908749999992,
          196.23708299999976
        ],
        "error": ""
      },
      {
        "opening_name": "queens_pawn",
        "opening_fen": "rnbqkbnr/ppp1pppp/8/3p4/3P4/8/PPP1PPPP/RNBQKBNR w KQkq - 0 2",
        "result": "win",
        "score_a": 1.0,
        "plies": 20,
        "adjudicated": true,
        "player_a_color": "black",
        "player_a_timeouts": 0,
        "player_b_timeouts": 0,
        "player_a_moves": 10,
        "player_b_moves": 10,
        "player_a_crashes": 0,
        "player_b_crashes": 0,
        "response_times_ms": [
          196.83908300000041,
          196.52899999999818,
          196.28908299999637,
          196.25374999999678,
          196.0679170000077,
          196.32704199999296,
          196.09070799999984,
          196.29616599999622,
          196.2952079999951,
          196.0956249999981,
          196.41116700000794,
          196.07208400000786,
          196.50441699999988,
          196.21591700000351,
          196.0676660000047,
          196.06470799999443,
          196.40170799999623,
          196.53316699999834,
          196.1962910000068,
          196.031167000001
        ],
        "error": ""
      },
      {
        "opening_name": "ruy_lopez",
        "opening_fen": "r1bqkbnr/pppp1ppp/2n5/1B2p3/4P3/5N2/PPPP1PPP/RNBQK2R b KQkq - 3 3",
        "result": "draw",
        "score_a": 0.5,
        "plies": 17,
        "adjudicated": false,
        "player_a_color": "white",
        "player_a_timeouts": 0,
        "player_b_timeouts": 0,
        "player_a_moves": 8,
        "player_b_moves": 9,
        "player_a_crashes": 0,
        "player_b_crashes": 0,
        "response_times_ms": [
          196.20808400000556,
          196.76433399999382,
          196.03104200000132,
          196.06404099999963,
          196.23166700000638,
          196.25829100000658,
          196.28900000000726,
          196.53112500000702,
          196.3018329999926,
          196.4944169999967,
          196.3733750000074,
          196.2344589999958,
          196.36475000000075,
          196.1909999999989,
          196.45687500000975,
          196.1072909999899,
          196.6882920000046
        ],
        "error": ""
      },
      {
        "opening_name": "ruy_lopez",
        "opening_fen": "r1bqkbnr/pppp1ppp/2n5/1B2p3/4P3/5N2/PPPP1PPP/RNBQK2R b KQkq - 3 3",
        "result": "draw",
        "score_a": 0.5,
        "plies": 17,
        "adjudicated": false,
        "player_a_color": "black",
        "player_a_timeouts": 0,
        "player_b_timeouts": 0,
        "player_a_moves": 9,
        "player_b_moves": 8,
        "player_a_crashes": 0,
        "player_b_crashes": 0,
        "response_times_ms": [
          196.3313339999928,
          196.07566700000234,
          196.25575000000595,
          196.08441700000867,
          196.2514580000061,
          196.4404580000121,
          196.1500419999993,
          196.27470800000424,
          196.09549999999842,
          196.22754100001316,
          196.0761249999905,
          196.2109160000125,
          196.57729200000063,
          196.13850000000355,
          196.51625000000195,
          196.1731250000014,
          196.11466700000335
        ],
        "error": ""
      },
      {
        "opening_name": "italian_game",
        "opening_fen": "r1bqk1nr/pppp1ppp/2n5/2b1p3/2B1P3/5N2/PPPP1PPP/RNBQK2R w KQkq - 4 4",
        "result": "draw",
        "score_a": 0.5,
        "plies": 11,
        "adjudicated": false,
        "player_a_color": "white",
        "player_a_timeouts": 0,
        "player_b_timeouts": 0,
        "player_a_moves": 6,
        "player_b_moves": 5,
        "player_a_crashes": 0,
        "player_b_crashes": 0,
        "response_times_ms": [
          196.6491670000039,
          196.18745900000079,
          196.11545899999783,
          196.25966700000674,
          196.15612499998747,
          196.24629199999788,
          196.58791700000222,
          196.2348749999876,
          196.22029199999247,
          196.39650000000586,
          196.1657500000058
        ],
        "error": ""
      },
      {
        "opening_name": "italian_game",
        "opening_fen": "r1bqk1nr/pppp1ppp/2n5/2b1p3/2B1P3/5N2/PPPP1PPP/RNBQK2R w KQkq - 4 4",
        "result": "draw",
        "score_a": 0.5,
        "plies": 11,
        "adjudicated": false,
        "player_a_color": "black",
        "player_a_timeouts": 0,
        "player_b_timeouts": 0,
        "player_a_moves": 5,
        "player_b_moves": 6,
        "player_a_crashes": 0,
        "player_b_crashes": 0,