{
  "feedback_source": "self_play",
  "summary": {
    "games": 16,
    "wins_a": 3,
    "losses_a": 3,
    "draws": 10,
    "score_a": 8.0,
    "mean_score_a": 0.5,
    "game_scores_a": [
      0.5,
      0.5,
      0.0,
      1.0,
      0.5,
      0.5,
      0.0,
      1.0,
      1.0,
      0.0,
      0.5,
      0.5,
      0.5,
      0.5,
      0.5,
      0.5
    ],
    "player_a_moves": 118,
    "player_b_moves": 118,
    "player_a_timeouts": 0,
    "player_b_timeouts": 0,
    "player_a_crashes": 0,
    "player_b_crashes": 0,
    "results": [
      {
        "opening_name": "startpos",
        "opening_fen": "rnbqkbnr/pppppppp/8/8/8/8/PPPPPPPP/RNBQKBNR w KQkq - 0 1",
        "result": "draw",
        "score_a": 0.5,
        "plies": 13,
        "adjudicated": false,
        "player_a_color": "white",
        "player_a_timeouts": 0,
        "player_b_timeouts": 0,
        "player_a_moves": 7,
        "player_b_moves": 6,
        "player_a_crashes": 0,
        "player_b_crashes": 0,
        "response_times_ms": [
          196.4687079999976,
          196.18941700001358,
          196.1795829999886,
          196.122208999995,
          196.5375420000015,
          196.3752909999954,
          196.70654200000115,
          196.1309579999977,
          196.15604199999837,
          196.19604199999685,
          196.0394999999977,
          196.53720899999882,
          196.3096669999942
        ],
        "error": ""
      },
      {
        "opening_name": "startpos",
        "opening_fen": "rnbqkbnr/pppppppp/8/8/8/8/PPPPPPPP/RNBQKBNR w KQkq - 0 1",
        "result": "draw",
        "score_a": 0.5,
        "plies": 13,
        "adjudicated": false,
        "player_a_color": "black",
        "player_a_timeouts": 0,
        "player_b_timeouts": 0,
        "player_a_moves": 6,
        "player_b_moves": 7,
        "player_a_crashes": 0,
        "player_b_crashes": 0,
        "response_times_ms": [
          196.48616599999968,
          196.03533299999754,
          196.32741700000622,
          196.20112500000175,
          196.47933400000284,
          196.480416,
          196.46962500000598,
          196.3453340000001,
          196.14383399999724,
          196.14320799999518,
          196.56270800000186,
          198.899707999999,
          196.19141699999432
        ],
        "error": ""
      },
      {
        "opening_name": "queens_pawn",
        "opening_fen": "rnbqkbnr/ppp1pppp/8/3p4/3P4/8/PPP1PPPP/RNBQKBNR w KQkq - 0 2",
        "result": "loss",
        "score_a": 0.0,
        "plies": 20,
        "adjudicated": true,
        "player_a_color": "white",
        "player_a_timeouts": 0,
        "player_b_timeouts": 0,
        "player_a_moves": 10,
        "player_b_moves": 10,
        "player_a_crashes": 0,
        "player_b_crashes": 0,
        "response_times_ms": [
          196.1287919999961,
          196.04745800000956,
          196.0606670000118,
          196.30675000000508,
          196.37983300000883,
          196.3567089999998,
          196.21195900000998,
          196.1877499999929,
          196.4267089999936,
          196.1935830000101,
          196.1474590000023,
          196.07799999999997,
          196.13175000000638,
          196.12916700000937,
          196.491917000003,
          196.08204200000046,
          196.08087499999272,
          196.19799999999543,
          196.26708299999507,
          196.08199999998988
        ],
        "error": ""
      },
      {
        "opening_name": "queens_pawn",
        "opening_fen": "rnbqkbnr/ppp1pppp/8/3p4/3P4/8/PPP1PPPP/RNBQKBNR w KQkq - 0 2",
        "result": "win",
        "score_a": 1.0,
        "plies": 20,
        "adjudicated": true,
        "player_a_color": "black",
        "player_a_timeouts": 0,
        "player_b_timeouts": 0,
        "player_a_moves": 10,
        "player_b_moves": 10,
        "player_a_crashes": 0,
        "player_b_crashes": 0,
        "response_times_ms": [
          196.19804099998817,
          196.1697500000099,
          196.21908300000257,
          196.39324999999985,
          196.51620799999137,
          196.35541699999237,
          196.4929999999896,
          196.166790999996,
          196.52641599999754,
          196.06212500001163,
          196.06749999999806,
          196.23054099999138,
          196.45533399999238,
          196.06362500000785,
          196.28204100000346,
          196.2975,
          196.23270900000023,
          196.03637499999138,
          196.7117089999988,
          196.1061669999964
        ],
        "error": ""
      },
      {
        "opening_name": "ruy_lopez",
        "opening_fen": "r1bqkbnr/pppp1ppp/2n5/1B2p3/4P3/5N2/PPPP1PPP/RNBQK2R b KQkq - 3 3",
        "result": "draw",
        "score_a": 0.5,
        "plies": 15,
        "adjudicated": false,
        "player_a_color": "white",
        "player_a_timeouts": 0,
        "player_b_timeouts": 0,
        "player_a_moves": 7,
        "player_b_moves": 8,
        "player_a_crashes": 0,
        "player_b_crashes": 0,
        "response_times_ms": [
          196.27358400001071,
          196.11054099999592,
          196.08787500000346,
          196.05483299999094,
          196.34641700000088,
          196.62824999998918,
          196.03908299998807,
          196.22387500000116,
          196.1304590000026,
          196.35583299999837,
          196.37350000000708,
          196.30370800000208,
          196.1564589999938,
          196.11066699999924,
          196.13433300000338
        ],
        "error": ""
      },
      {
        "opening_name": "ruy_lopez",
        "opening_fen": "r1bqkbnr/pppp1ppp/2n5/1B2p3/4P3/5N2/PPPP1PPP/RNBQK2R b KQkq - 3 3",
        "result": "draw",
        "score_a": 0.5,
        "plies": 15,
        "adjudicated": false,
        "player_a_color": "black",
        "player_a_timeouts": 0,
        "player_b_timeouts": 0,
        "player_a_moves": 8,
        "player_b_moves": 7,
        "player_a_crashes": 0,
        "player_b_crashes": 0,
        "response_times_ms": [
          196.19783299999938,
          196.7591249999998,
          196.0451249999977,
          196.22670900000116,
          196.47466700000393,
          196.419542000001,
          196.13933299999076,
          196.0805840000006,
          196.2127919999972,
          196.10087499999906,
          196.27624999999682,
          196.0699580000096,
          196.27920799999288,
          196.125207999998,
          196.48079099999904
        ],
        "error": ""
      },
      {
        "opening_name": "italian_game",
        "opening_fen": "r1bqk1nr/pppp1ppp/2n5/2b1p3/2B1P3/5N2/PPPP1PPP/RNBQK2R w KQkq - 4 4",
        "result": "loss",
        "score_a": 0.0,
        "plies": 10,
        "adjudicated": false,
        "player_a_color": "white",
        "player_a_timeouts": 0,
        "player_b_timeouts": 0,
        "player_a_moves": 5,
        "player_b_moves": 5,
        "player_a_crashes": 0,
        "player_b_crashes": 0,
        "response_times_ms": [
          196.25583399999869,
          196.06404200000327,
          196.5914999999967,
          196.20033300000728,
          196.25499999999363,
          196.29479200000333,
          196.15616600000862,
          196.06137499999932,
          196.1931670000041,
          26.825291999998058
        ],
        "error": ""
      },
      {
        "opening_name": "italian_game",
        "opening_fen": "r1bqk1nr/pppp1ppp/2n5/2b1p3/2B1P3/5N2/PPPP1PPP/RNBQK2R w KQkq - 4 4",
        "result": "win",
        "score_a": 1.0,
        "plies": 10,
        "adjudicated": false,
        "player_a_color": "black",
        "player_a_timeouts": 0,
        "player_b_timeouts": 0,
        "player_a_moves": 5,
        "player_b_moves": 5,
        "player_a_crashes": 0,
        "player_b_crashes": 0,