{
  "feedback_source": "self_play",
  "summary": {
    "games": 16,
    "wins_a": 2,
    "losses_a": 3,
    "draws": 11,
    "score_a": 7.5,
    "mean_score_a": 0.46875,
    "game_scores_a": [
      0.5,
      0.5,
      0.0,
      0.5,
      0.5,
      0.5,
      0.0,
      1.0,
      1.0,
      0.0,
      0.5,
      0.5,
      0.5,
      0.5,
      0.5,
      0.5
    ],
    "player_a_moves": 118,
    "player_b_moves": 118,
    "player_a_timeouts": 0,
    "player_b_timeouts": 0,
    "player_a_crashes": 0,
    "player_b_crashes": 0,
    "results": [
      {
        "opening_name": "startpos",
        "opening_fen": "rnbqkbnr/pppppppp/8/8/8/8/PPPPPPPP/RNBQKBNR w KQkq - 0 1",
        "result": "draw",
        "score_a": 0.5,
        "plies": 13,
        "adjudicated": false,
        "player_a_color": "white",
        "player_a_timeouts": 0,
        "player_b_timeouts": 0,
        "player_a_moves": 7,
        "player_b_moves": 6,
        "player_a_crashes": 0,
        "player_b_crashes": 0,
        "response_times_ms": [
          196.19420800000853,
          196.39750000000333,
          196.26112499999238,
          196.16262499999948,
          196.9796669999937,
          196.26016700000548,
          196.33162499999912,
          196.21587499999293,
          196.33395800001097,
          196.20675000000176,
          196.11554200000114,
          196.07316600000502,
          196.0533749999911
        ],
        "error": ""
      },
      {
        "opening_name": "startpos",
        "opening_fen": "rnbqkbnr/pppppppp/8/8/8/8/PPPPPPPP/RNBQKBNR w KQkq - 0 1",
        "result": "draw",
        "score_a": 0.5,
        "plies": 13,
        "adjudicated": false,
        "player_a_color": "black",
        "player_a_timeouts": 0,
        "player_b_timeouts": 0,
        "player_a_moves": 6,
        "player_b_moves": 7,
        "player_a_crashes": 0,
        "player_b_crashes": 0,
        "response_times_ms": [
          196.29929200000618,
          196.2839580000093,
          196.1550420000009,
          196.23254100000054,
          196.19787499999575,
          196.09491599999274,
          196.47420799999793,
          196.19591600000774,
          196.34775000000104,
          196.33462499999155,
          196.5938749999907,
          196.1488329999952,
          196.65579200000138
        ],
        "error": ""
      },
      {
        "opening_name": "queens_pawn",
        "opening_fen": "rnbqkbnr/ppp1pppp/8/3p4/3P4/8/PPP1PPPP/RNBQKBNR w KQkq - 0 2",
        "result": "loss",
        "score_a": 0.0,
        "plies": 20,
        "adjudicated": true,
        "player_a_color": "white",
        "player_a_timeouts": 0,
        "player_b_timeouts": 0,
        "player_a_moves": 10,
        "player_b_moves": 10,
        "player_a_crashes": 0,
        "player_b_crashes": 0,
        "response_times_ms": [
          196.23449999998854,
          196.1117919999964,
          196.57833299999083,
          196.1430000000064,
          196.5920840000024,
          196.45458300000485,
          196.19475000000364,
          196.40975000000083,
          196.28725000001168,
          196.219708000001,
          196.09425000000158,
          196.20845800000097,
          196.2115830000073,
          196.08108300000993,
          196.53095799999676,
          196.0877080000074,
          196.2269579999969,
          196.23312500000623,
          196.41849999999295,
          196.15691700001037
        ],
        "error": ""
      },
      {
        "opening_name": "queens_pawn",
        "opening_fen": "rnbqkbnr/ppp1pppp/8/3p4/3P4/8/PPP1PPPP/RNBQKBNR w KQkq - 0 2",
        "result": "draw",
        "score_a": 0.5,
        "plies": 20,
        "adjudicated": true,
        "player_a_color": "black",
        "player_a_timeouts": 0,
        "player_b_timeouts": 0,
        "player_a_moves": 10,
        "player_b_moves": 10,
        "player_a_crashes": 0,
        "player_b_crashes": 0,
        "response_times_ms": [
          196.5787079999899,
          196.17424999999855,
          196.12770899999532,
          196.07579200000202,
          196.17974999999888,
          196.4199579999928,
          196.24724999999899,
          196.11745899999278,
          196.25416600000278,
          196.21629200000257,
          196.4923329999948,
          196.3196249999868,
          196.09645799999953,
          196.14525000000071,
          196.44275000000277,
          196.05841700000326,
          196.0607500000009,
          196.19550000000174,
          196.43641700000103,
          196.08066699998972
        ],
        "error": ""
      },
      {
        "opening_name": "ruy_lopez",
        "opening_fen": "r1bqkbnr/pppp1ppp/2n5/1B2p3/4P3/5N2/PPPP1PPP/RNBQK2R b KQkq - 3 3",
        "result": "draw",
        "score_a": 0.5,
        "plies": 15,
        "adjudicated": false,
        "player_a_color": "white",
        "player_a_timeouts": 0,
        "player_b_timeouts": 0,
        "player_a_moves": 7,
        "player_b_moves": 8,
        "player_a_crashes": 0,
        "player_b_crashes": 0,
        "response_times_ms": [
          196.07012499999144,
          196.43770899999424,
          196.1291249999988,
          196.29958299999828,
          196.17658299999619,
          196.09291700000142,
          196.25487499999394,
          196.10649999999907,
          196.04424999999992,
          196.24945799999693,
          196.13337500000227,
          196.10429200000112,
          196.08820800000615,
          196.3606660000039,
          196.4652920000134
        ],
        "error": ""
      },
      {
        "opening_name": "ruy_lopez",
        "opening_fen": "r1bqkbnr/pppp1ppp/2n5/1B2p3/4P3/5N2/PPPP1PPP/RNBQK2R b KQkq - 3 3",
        "result": "draw",
        "score_a": 0.5,
        "plies": 15,
        "adjudicated": false,
        "player_a_color": "black",
        "player_a_timeouts": 0,
        "player_b_timeouts": 0,
        "player_a_moves": 8,
        "player_b_moves": 7,
        "player_a_crashes": 0,
        "player_b_crashes": 0,
        "response_times_ms": [
          196.103291,
          196.6900000000038,
          196.24337499999456,
          196.25358299998652,
          196.2420419999944,
          196.0875000000044,
          196.24079100000813,
          196.25012499999173,
          196.06416700000295,
          196.0475420000023,
          196.16883399999097,
          196.1142920000043,
          196.191958,
          196.2178750000021,
          196.3180000000051
        ],
        "error": ""
      },
      {
        "opening_name": "italian_game",
        "opening_fen": "r1bqk1nr/pppp1ppp/2n5/2b1p3/2B1P3/5N2/PPPP1PPP/RNBQK2R w KQkq - 4 4",
        "result": "loss",
        "score_a": 0.0,
        "plies": 10,
        "adjudicated": false,
        "player_a_color": "white",
        "player_a_timeouts": 0,
        "player_b_timeouts": 0,
        "player_a_moves": 5,
        "player_b_moves": 5,
        "player_a_crashes": 0,
        "player_b_crashes": 0,
        "response_times_ms": [
          196.35183299999426,
          196.58820899999796,
          196.3180829999942,
          196.124791999992,
          196.1495830000075,
          196.14012499999944,
          196.13020799999958,
          196.23950000000434,
          196.4047919999956,
          27.030666000001702
        ],
        "error": ""
      },
      {
        "opening_name": "italian_game",
        "opening_fen": "r1bqk1nr/pppp1ppp/2n5/2b1p3/2B1P3/5N2/PPPP1PPP/RNBQK2R w KQkq - 4 4",
        "result": "win",
        "score_a": 1.0,
        "plies": 10,
        "adjudicated": false,
        "player_a_color": "black",
        "player_a_timeouts": 0,
        "player_b_timeouts": 0,
        "player_a_moves": 5,
        "player_b_moves": 5,
        "player_a_crashes": 0,
        "player_b_crashes": 0,