{
  "feedback_source": "self_play",
  "summary": {
    "games": 16,
    "wins_a": 1,
    "losses_a": 2,
    "draws": 13,
    "score_a": 7.5,
    "mean_score_a": 0.46875,
    "game_scores_a": [
      0.5,
      0.5,
      0.0,
      1.0,
      0.5,
      0.5,
      0.5,
      0.5,
      0.5,
      0.0,
      0.5,
      0.5,
      0.5,
      0.5,
      0.5,
      0.5
    ],
    "player_a_moves": 121,
    "player_b_moves": 121,
    "player_a_timeouts": 0,
    "player_b_timeouts": 0,
    "player_a_crashes": 0,
    "player_b_crashes": 0,
    "results": [
      {
        "opening_name": "startpos",
        "opening_fen": "rnbqkbnr/pppppppp/8/8/8/8/PPPPPPPP/RNBQKBNR w KQkq - 0 1",
        "result": "draw",
        "score_a": 0.5,
        "plies": 13,
        "adjudicated": false,
        "player_a_color": "white",
        "player_a_timeouts": 0,
        "player_b_timeouts": 0,
        "player_a_moves": 7,
        "player_b_moves": 6,
        "player_a_crashes": 0,
        "player_b_crashes": 0,
        "response_times_ms": [
          196.24879099998793,
          196.45316700000137,
          196.19250000000932,
          196.43212499998697,
          196.39154200000064,
          196.23320799999533,
          196.33991700000308,
          196.19449999999006,
          196.18425000000173,
          196.30533299999797,
          196.33266700000718,
          196.1185830000005,
          196.150375000002
        ],
        "error": ""
      },
      {
        "opening_name": "startpos",
        "opening_fen": "rnbqkbnr/pppppppp/8/8/8/8/PPPPPPPP/RNBQKBNR w KQkq - 0 1",
        "result": "draw",
        "score_a": 0.5,
        "plies": 13,
        "adjudicated": false,
        "player_a_color": "black",
        "player_a_timeouts": 0,
        "player_b_timeouts": 0,
        "player_a_moves": 6,
        "player_b_moves": 7,
        "player_a_crashes": 0,
        "player_b_crashes": 0,
        "response_times_ms": [
          196.17479199999366,
          196.0845830000011,
          196.05687499999647,
          196.24945799999693,
          196.5052500000013,
          196.38670900000932,
          196.08095899999967,
          196.23762499999486,
          196.12833300000432,
          196.50145800000018,
          196.51754200000937,
          196.13412500000038,
          196.1024579999986
        ],
        "error": ""
      },
      {
        "opening_name": "queens_pawn",
        "opening_fen": "rnbqkbnr/ppp1pppp/8/3p4/3P4/8/PPP1PPPP/RNBQKBNR w KQkq - 0 2",
        "result": "loss",
        "score_a": 0.0,
        "plies": 20,
        "adjudicated": true,
        "player_a_color": "white",
        "player_a_timeouts": 0,
        "player_b_timeouts": 0,
        "player_a_moves": 10,
        "player_b_moves": 10,
        "player_a_crashes": 0,
        "player_b_crashes": 0,
        "response_times_ms": [
          196.32400000000416,
          196.08625000000757,
          196.28162499999746,
          196.5179590000048,
          196.45341700000074,
          196.30904200000998,
          196.4737910000025,
          196.26754200000107,
          196.2454170000001,
          196.04791700000135,
          196.18074999999635,
          196.24170900000593,
          196.03454100000306,
          196.06483300000832,
          196.31633399998805,
          196.155583999996,
          196.33887500000924,
          196.18641699999273,
          196.14762499999472,
          196.06458300000895
        ],
        "error": ""
      },
      {
        "opening_name": "queens_pawn",
        "opening_fen": "rnbqkbnr/ppp1pppp/8/3p4/3P4/8/PPP1PPPP/RNBQKBNR w KQkq - 0 2",
        "result": "win",
        "score_a": 1.0,
        "plies": 20,
        "adjudicated": true,
        "player_a_color": "black",
        "player_a_timeouts": 0,
        "player_b_timeouts": 0,
        "player_a_moves": 10,
        "player_b_moves": 10,
        "player_a_crashes": 0,
        "player_b_crashes": 0,
        "response_times_ms": [
          196.6638749999987,
          196.76200000000676,
          196.1244579999999,
          196.45437500000185,
          196.21379199999467,
          196.13579199999265,
          196.37745900000425,
          196.1038750000057,
          196.14429099999597,
          196.31141700000398,
          196.25591599999836,
          196.03720899999644,
          196.04541600000402,
          196.16991699999176,
          196.66233299999192,
          196.5316659999985,
          196.14341700000182,
          196.08845800000552,
          196.17241699999965,
          196.0799169999916
        ],
        "error": ""
      },
      {
        "opening_name": "ruy_lopez",
        "opening_fen": "r1bqkbnr/pppp1ppp/2n5/1B2p3/4P3/5N2/PPPP1PPP/RNBQK2R b KQkq - 3 3",
        "result": "draw",
        "score_a": 0.5,
        "plies": 17,
        "adjudicated": false,
        "player_a_color": "white",
        "player_a_timeouts": 0,
        "player_b_timeouts": 0,
        "player_a_moves": 8,
        "player_b_moves": 9,
        "player_a_crashes": 0,
        "player_b_crashes": 0,
        "response_times_ms": [
          196.15541699999994,
          196.22166599999957,
          196.43899999999803,
          196.18699999999478,
          196.1040829999945,
          196.12554100000068,
          196.1666250000036,
          196.22779100001253,
          196.2244580000032,
          196.60154100000682,
          196.11695800000462,
          196.19387500000585,
          196.152957999999,
          196.2360410000059,
          196.41241700000478,
          196.05529199999694,
          196.20904100000303
        ],
        "error": ""
      },
      {
        "opening_name": "ruy_lopez",
        "opening_fen": "r1bqkbnr/pppp1ppp/2n5/1B2p3/4P3/5N2/PPPP1PPP/RNBQK2R b KQkq - 3 3",
        "result": "draw",
        "score_a": 0.5,
        "plies": 17,
        "adjudicated": false,
        "player_a_color": "black",
        "player_a_timeouts": 0,
        "player_b_timeouts": 0,
        "player_a_moves": 9,
        "player_b_moves": 8,
        "player_a_crashes": 0,
        "player_b_crashes": 0,
        "response_times_ms": [
          196.42783300000133,
          196.12645799999484,
          196.26595900000154,
          196.32674999999722,
          196.08083300001056,
          196.5529160000017,
          196.34816599999283,
          196.1688749999979,
          196.25345900000468,
          196.1591670000047,
          196.21924999999862,
          196.04870899999582,
          196.22733299999595,
          196.03750000000275,
          196.24316699999156,
          196.10141699999417,
          196.05220799999756
        ],
        "error": ""
      },
      {
        "opening_name": "italian_game",
        "opening_fen": "r1bqk1nr/pppp1ppp/2n5/2b1p3/2B1P3/5N2/PPPP1PPP/RNBQK2R w KQkq - 4 4",
        "result": "draw",
        "score_a": 0.5,
        "plies": 11,
        "adjudicated": false,
        "player_a_color": "white",
        "player_a_timeouts": 0,
        "player_b_timeouts": 0,
        "player_a_moves": 6,
        "player_b_moves": 5,
        "player_a_crashes": 0,
        "player_b_crashes": 0,
        "response_times_ms": [
          196.0837909999924,
          196.26312500000154,
          196.3123750000051,
          196.0323329999909,
          196.36808299999586,
          196.2303330000026,
          196.06862499999522,
          196.2957920000008,
          196.1561659999944,
          196.2023749999986,
          196.50220899998772
        ],
        "error": ""
      },
      {
        "opening_name": "italian_game",
        "opening_fen": "r1bqk1nr/pppp1ppp/2n5/2b1p3/2B1P3/5N2/PPPP1PPP/RNBQK2R w KQkq - 4 4",
        "result": "draw",
        "score_a": 0.5,
        "plies": 11,
        "adjudicated": false,
        "player_a_color": "black",
        "player_a_timeouts": 0,
        "player_b_timeouts": 0,
        "player_a_moves": 5,
        "player_b_moves": 6,
        "player_a_crashes": 0,
        "player_b_crashes": 0,