{
  "feedback_source": "self_play",
  "summary": {
    "games": 16,
    "wins_a": 1,
    "losses_a": 1,
    "draws": 14,
    "score_a": 8.0,
    "mean_score_a": 0.5,
    "game_scores_a": [
      0.5,
      0.5,
      0.0,
      1.0,
      0.5,
      0.5,
      0.5,
      0.5,
      0.5,
      0.5,
      0.5,
      0.5,
      0.5,
      0.5,
      0.5,
      0.5
    ],
    "player_a_moves": 111,
    "player_b_moves": 111,
    "player_a_timeouts": 0,
    "player_b_timeouts": 0,
    "player_a_crashes": 0,
    "player_b_crashes": 0,
    "results": [
      {
        "opening_name": "startpos",
        "opening_fen": "rnbqkbnr/pppppppp/8/8/8/8/PPPPPPPP/RNBQKBNR w KQkq - 0 1",
        "result": "draw",
        "score_a": 0.5,
        "plies": 13,
        "adjudicated": false,
        "player_a_color": "white",
        "player_a_timeouts": 0,
        "player_b_timeouts": 0,
        "player_a_moves": 7,
        "player_b_moves": 6,
        "player_a_crashes": 0,
        "player_b_crashes": 0,
        "response_times_ms": [
          196.3878749999992,
          196.16291599999158,
          196.59383399999797,
          196.14929099998335,
          196.5871669999899,
          196.29183399999306,
          196.1624170000107,
          196.56937499999572,
          200.4389169999854,
          196.30462499998202,
          196.06350000000816,
          196.4120410000021,
          196.57183300000725
        ],
        "error": ""
      },
      {
        "opening_name": "startpos",
        "opening_fen": "rnbqkbnr/pppppppp/8/8/8/8/PPPPPPPP/RNBQKBNR w KQkq - 0 1",
        "result": "draw",
        "score_a": 0.5,
        "plies": 13,
        "adjudicated": false,
        "player_a_color": "black",
        "player_a_timeouts": 0,
        "player_b_timeouts": 0,
        "player_a_moves": 6,
        "player_b_moves": 7,
        "player_a_crashes": 0,
        "player_b_crashes": 0,
        "response_times_ms": [
          196.18233299999588,
          196.58716700001833,
          196.49091700000554,
          196.03500000002327,
          196.22966599999359,
          196.08624999997915,
          196.41824999999358,
          196.4661250000006,
          196.3572079999949,
          196.35145800000942,
          196.4747090000003,
          196.11050000000319,
          196.41350000000557
        ],
        "error": ""
      },
      {
        "opening_name": "queens_pawn",
        "opening_fen": "rnbqkbnr/ppp1pppp/8/3p4/3P4/8/PPP1PPPP/RNBQKBNR w KQkq - 0 2",
        "result": "loss",
        "score_a": 0.0,
        "plies": 20,
        "adjudicated": true,
        "player_a_color": "white",
        "player_a_timeouts": 0,
        "player_b_timeouts": 0,
        "player_a_moves": 10,
        "player_b_moves": 10,
        "player_a_crashes": 0,
        "player_b_crashes": 0,
        "response_times_ms": [
          196.27925000000346,
          196.56454100001497,
          196.22608400001695,
          196.1606670000151,
          196.24450000000593,
          196.12854100000732,
          196.34979200000657,
          196.16637500001843,
          196.37433300002272,
          196.1362920000056,
          196.11966700000494,
          196.23312499999201,
          196.21420799998646,
          196.07695799999192,
          196.16062500000453,
          196.0394999999835,
          196.31125000000793,
          196.04899999998793,
          196.4685420000194,
          196.164667000005
        ],
        "error": ""
      },
      {
        "opening_name": "queens_pawn",
        "opening_fen": "rnbqkbnr/ppp1pppp/8/3p4/3P4/8/PPP1PPPP/RNBQKBNR w KQkq - 0 2",
        "result": "win",
        "score_a": 1.0,
        "plies": 20,
        "adjudicated": true,
        "player_a_color": "black",
        "player_a_timeouts": 0,
        "player_b_timeouts": 0,
        "player_a_moves": 10,
        "player_b_moves": 10,
        "player_a_crashes": 0,
        "player_b_crashes": 0,
        "response_times_ms": [
          196.2361660000056,
          196.1462499999982,
          196.17754200001514,
          196.1454170000252,
          196.48833400000854,
          196.19316600000047,
          196.29791700000965,
          196.11204199998156,
          196.10133399999086,
          196.39324999999985,
          196.084916999979,
          196.0941250000019,
          196.23941699998682,
          196.15958299999647,
          196.11774999998488,
          196.12504099998773,
          196.1212909999972,
          196.1827499999913,
          196.74991700000533,
          196.15766600000484
        ],
        "error": ""
      },
      {
        "opening_name": "ruy_lopez",
        "opening_fen": "r1bqkbnr/pppp1ppp/2n5/1B2p3/4P3/5N2/PPPP1PPP/RNBQK2R b KQkq - 3 3",
        "result": "draw",
        "score_a": 0.5,
        "plies": 11,
        "adjudicated": false,
        "player_a_color": "white",
        "player_a_timeouts": 0,
        "player_b_timeouts": 0,
        "player_a_moves": 5,
        "player_b_moves": 6,
        "player_a_crashes": 0,
        "player_b_crashes": 0,
        "response_times_ms": [
          196.42258300001458,
          196.0737500000107,
          196.12458299999957,
          196.16370800000027,
          196.22820800000795,
          196.20937500002356,
          196.46054200001117,
          196.25224999998636,
          196.48870800000395,
          196.069499999993,
          196.4477080000222
        ],
        "error": ""
      },
      {
        "opening_name": "ruy_lopez",
        "opening_fen": "r1bqkbnr/pppp1ppp/2n5/1B2p3/4P3/5N2/PPPP1PPP/RNBQK2R b KQkq - 3 3",
        "result": "draw",
        "score_a": 0.5,
        "plies": 11,
        "adjudicated": false,
        "player_a_color": "black",
        "player_a_timeouts": 0,
        "player_b_timeouts": 0,
        "player_a_moves": 6,
        "player_b_moves": 5,
        "player_a_crashes": 0,
        "player_b_crashes": 0,
        "response_times_ms": [
          196.134083000004,
          196.28258299999857,
          196.3910419999877,
          196.1720420000006,
          196.57145799999398,
          196.09341700001437,
          196.50320799999577,
          196.16704200001323,
          196.18829099999857,
          196.14399999997545,
          196.4847920000068
        ],
        "error": ""
      },
      {
        "opening_name": "italian_game",
        "opening_fen": "r1bqk1nr/pppp1ppp/2n5/2b1p3/2B1P3/5N2/PPPP1PPP/RNBQK2R w KQkq - 4 4",
        "result": "draw",
        "score_a": 0.5,
        "plies": 11,
        "adjudicated": false,
        "player_a_color": "white",
        "player_a_timeouts": 0,
        "player_b_timeouts": 0,
        "player_a_moves": 6,
        "player_b_moves": 5,
        "player_a_crashes": 0,
        "player_b_crashes": 0,
        "response_times_ms": [
          196.2530000000129,
          196.38091699999904,
          196.0368340000116,
          196.67254199998752,
          196.42408400000022,
          196.30383299997334,
          196.28262500000915,
          196.63975000000278,
          196.14500000000135,
          196.38079100002415,
          196.7318339999906
        ],
        "error": ""
      },
      {
        "opening_name": "italian_game",
        "opening_fen": "r1bqk1nr/pppp1ppp/2n5/2b1p3/2B1P3/5N2/PPPP1PPP/RNBQK2R w KQkq - 4 4",
        "result": "draw",
        "score_a": 0.5,
        "plies": 11,
        "adjudicated": false,
        "player_a_color": "black",
        "player_a_timeouts": 0,
        "player_b_timeouts": 0,
        "player_a_moves": 5,
        "player_b_moves": 6,
        "player_a_crashes": 0,
        "player_b_crashes": 0,
        "response_times_ms": [
          196.04895800000577,
          196.64562500000216,
          196.65945799999918,
          196.3130000000035,
          196.29887499999654,
          196.48570900000095,
          196.18504100000678,
          196.49479200000997,
          196.04637500000877,
          196.18066699999304,
          196.6533749999826
        ],