{
  "feedback_source": "self_play",
  "summary": {
    "games": 16,
    "wins_a": 1,
    "losses_a": 1,
    "draws": 14,
    "score_a": 8.0,
    "mean_score_a": 0.5,
    "game_scores_a": [
      0.5,
      0.5,
      0.5,
      0.5,
      1.0,
      0.0,
      0.5,
      0.5,
      0.5,
      0.5,
      0.5,
      0.5,
      0.5,
      0.5,
      0.5,
      0.5
    ],
    "player_a_moves": 134,
    "player_b_moves": 133,
    "player_a_timeouts": 0,
    "player_b_timeouts": 0,
    "player_a_crashes": 0,
    "player_b_crashes": 0,
    "results": [
      {
        "opening_name": "startpos",
        "opening_fen": "rnbqkbnr/pppppppp/8/8/8/8/PPPPPPPP/RNBQKBNR w KQkq - 0 1",
        "result": "draw",
        "score_a": 0.5,
        "plies": 13,
        "adjudicated": false,
        "player_a_color": "white",
        "player_a_timeouts": 0,
        "player_b_timeouts": 0,
        "player_a_moves": 7,
        "player_b_moves": 6,
        "player_a_crashes": 0,
        "player_b_crashes": 0,
        "response_times_ms": [
          196.353542,
          197.13195899999997,
          196.08804199999997,
          196.52625000000012,
          196.81499999999997,
          196.5993749999999,
          196.08154199999996,
          196.21162499999988,
          203.08199999999977,
          196.6737919999999,
          196.433125,
          196.04041599999977,
          196.524959
        ],
        "error": ""
      },
      {
        "opening_name": "startpos",
        "opening_fen": "rnbqkbnr/pppppppp/8/8/8/8/PPPPPPPP/RNBQKBNR w KQkq - 0 1",
        "result": "draw",
        "score_a": 0.5,
        "plies": 13,
        "adjudicated": false,
        "player_a_color": "black",
        "player_a_timeouts": 0,
        "player_b_timeouts": 0,
        "player_a_moves": 6,
        "player_b_moves": 7,
        "player_a_crashes": 0,
        "player_b_crashes": 0,
        "response_times_ms": [
          196.1004169999998,
          196.39795800000036,
          196.28274999999996,
          196.67387500000012,
          196.07645900000037,
          196.236125,
          196.58966700000047,
          196.7549170000007,
          196.739,
          196.14720899999938,
          196.5468750000001,
          196.1863749999999,
          196.51204100000007
        ],
        "error": ""
      },
      {
        "opening_name": "queens_pawn",
        "opening_fen": "rnbqkbnr/ppp1pppp/8/3p4/3P4/8/PPP1PPPP/RNBQKBNR w KQkq - 0 2",
        "result": "draw",
        "score_a": 0.5,
        "plies": 20,
        "adjudicated": true,
        "player_a_color": "white",
        "player_a_timeouts": 0,
        "player_b_timeouts": 0,
        "player_a_moves": 10,
        "player_b_moves": 10,
        "player_a_crashes": 0,
        "player_b_crashes": 0,
        "response_times_ms": [
          196.4182499999998,
          196.09866699999935,
          196.12420899999972,
          196.72658300000023,
          196.28537499999953,
          196.28541700000034,
          196.29141600000023,
          196.8919590000002,
          196.1104579999997,
          196.1394160000003,
          196.83150000000006,
          196.3403750000001,
          196.2155000000001,
          196.3308330000002,
          196.21141700000067,
          196.63725000000022,
          196.14449999999906,
          196.47866600000086,
          196.5153749999988,
          196.31212499999862
        ],
        "error": ""
      },
      {
        "opening_name": "queens_pawn",
        "opening_fen": "rnbqkbnr/ppp1pppp/8/3p4/3P4/8/PPP1PPPP/RNBQKBNR w KQkq - 0 2",
        "result": "draw",
        "score_a": 0.5,
        "plies": 20,
        "adjudicated": true,
        "player_a_color": "black",
        "player_a_timeouts": 0,
        "player_b_timeouts": 0,
        "player_a_moves": 10,
        "player_b_moves": 10,
        "player_a_crashes": 0,
        "player_b_crashes": 0,
        "response_times_ms": [
          196.3130409999998,
          196.20558399999942,
          196.15704200000118,
          196.78025000000156,
          196.51404200000044,
          196.68141700000064,
          196.22862499999982,
          196.4112500000006,
          197.74525000000054,
          196.3994590000002,
          196.25125000000133,
          196.04279200000008,
          196.5337500000004,
          196.13258400000078,
          196.3785840000014,
          196.20766699999947,
          196.76166700000053,
          196.17883299999937,
          196.16629199999915,
          196.2809589999992
        ],
        "error": ""
      },
      {
        "opening_name": "ruy_lopez",
        "opening_fen": "r1bqkbnr/pppp1ppp/2n5/1B2p3/4P3/5N2/PPPP1PPP/RNBQK2R b KQkq - 3 3",
        "result": "win",
        "score_a": 1.0,
        "plies": 20,
        "adjudicated": true,
        "player_a_color": "white",
        "player_a_timeouts": 0,
        "player_b_timeouts": 0,
        "player_a_moves": 10,
        "player_b_moves": 10,
        "player_a_crashes": 0,
        "player_b_crashes": 0,
        "response_times_ms": [
          196.31720900000005,
          196.67737500000015,
          196.22037499999934,
          196.19812499999867,
          196.14841599999977,
          196.66345799999974,
          196.3493749999987,
          196.08275000000043,
          196.4344579999988,
          196.3177500000004,
          196.17975000000064,
          196.28758300000015,
          196.47462500000046,
          196.06633300000098,
          196.5380419999967,
          196.35199999999742,
          196.512417000001,
          196.44312500000183,
          196.52145799999943,
          196.21454199999988
        ],
        "error": ""
      },
      {
        "opening_name": "ruy_lopez",
        "opening_fen": "r1bqkbnr/pppp1ppp/2n5/1B2p3/4P3/5N2/PPPP1PPP/RNBQK2R b KQkq - 3 3",
        "result": "loss",
        "score_a": 0.0,
        "plies": 20,
        "adjudicated": true,
        "player_a_color": "black",
        "player_a_timeouts": 0,
        "player_b_timeouts": 0,
        "player_a_moves": 10,
        "player_b_moves": 10,
        "player_a_crashes": 0,
        "player_b_crashes": 0,
        "response_times_ms": [
          196.47945799999889,
          196.91287499999888,
          196.11624999999933,
          196.9480410000024,
          196.21762499999917,
          196.16879099999807,
          196.68199999999914,
          196.719667,
          196.26454200000154,
          196.7937080000013,
          196.45050000000097,
          196.78904099999883,
          196.29879200000033,
          196.40754199999932,
          196.5387089999986,
          196.6081250000009,
          196.06375000000043,
          196.26429200000217,
          196.17191700000092,
          196.14712499999953
        ],
        "error": ""
      },
      {
        "opening_name": "italian_game",
        "opening_fen": "r1bqk1nr/pppp1ppp/2n5/2b1p3/2B1P3/5N2/PPPP1PPP/RNBQK2R w KQkq - 4 4",
        "result": "draw",
        "score_a": 0.5,
        "plies": 11,
        "adjudicated": false,
        "player_a_color": "white",
        "player_a_timeouts": 0,
        "player_b_timeouts": 0,
        "player_a_moves": 6,
        "player_b_moves": 5,
        "player_a_crashes": 0,
        "player_b_crashes": 0,
        "response_times_ms": [
          196.87891700000293,
          196.9734580000022,
          196.03716599999998,
          196.30458299999987,
          196.50216699999845,
          196.40770799999885,
          196.33633300000142,
          196.60275000000027,
          196.4242089999999,
          196.73079200000032,
          196.3367500000004
        ],
        "error": ""
      },
      {
        "opening_name": "italian_game",
        "opening_fen": "r1bqk1nr/pppp1ppp/2n5/2b1p3/2B1P3/5N2/PPPP1PPP/RNBQK2R w KQkq - 4 4",
        "result": "draw",
        "score_a": 0.5,
        "plies": 11,
        "adjudicated": false,
        "player_a_color": "black",
        "player_a_timeouts": 0,
        "player_b_timeouts": 0,