{
  "feedback_source": "self_play",
  "summary": {
    "games": 16,
    "wins_a": 1,
    "losses_a": 1,
    "draws": 14,
    "score_a": 8.0,
    "mean_score_a": 0.5,
    "game_scores_a": [
      0.5,
      0.5,
      0.0,
      1.0,
      0.5,
      0.5,
      0.5,
      0.5,
      0.5,
      0.5,
      0.5,
      0.5,
      0.5,
      0.5,
      0.5,
      0.5
    ],
    "player_a_moves": 120,
    "player_b_moves": 120,
    "player_a_timeouts": 0,
    "player_b_timeouts": 0,
    "player_a_crashes": 0,
    "player_b_crashes": 0,
    "results": [
      {
        "opening_name": "startpos",
        "opening_fen": "rnbqkbnr/pppppppp/8/8/8/8/PPPPPPPP/RNBQKBNR w KQkq - 0 1",
        "result": "draw",
        "score_a": 0.5,
        "plies": 13,
        "adjudicated": false,
        "player_a_color": "white",
        "player_a_timeouts": 0,
        "player_b_timeouts": 0,
        "player_a_moves": 7,
        "player_b_moves": 6,
        "player_a_crashes": 0,
        "player_b_crashes": 0,
        "response_times_ms": [
          196.31629100000225,
          196.392459000009,
          196.10962499999118,
          196.50162499999624,
          196.4584590000129,
          196.12908300000242,
          196.6600000000085,
          196.53954100000703,
          196.34025000000577,
          196.40366599999481,
          196.25895800000137,
          196.52020900001332,
          196.04170799999565
        ],
        "error": ""
      },
      {
        "opening_name": "startpos",
        "opening_fen": "rnbqkbnr/pppppppp/8/8/8/8/PPPPPPPP/RNBQKBNR w KQkq - 0 1",
        "result": "draw",
        "score_a": 0.5,
        "plies": 13,
        "adjudicated": false,
        "player_a_color": "black",
        "player_a_timeouts": 0,
        "player_b_timeouts": 0,
        "player_a_moves": 6,
        "player_b_moves": 7,
        "player_a_crashes": 0,
        "player_b_crashes": 0,
        "response_times_ms": [
          196.42349999999453,
          196.3911670000016,
          196.1264999999912,
          196.36712499999476,
          196.3823749999989,
          196.03441600000338,
          196.6205419999909,
          196.06120799998905,
          196.2332500000059,
          196.5402499999982,
          196.32379200000116,
          196.60979199998962,
          196.4434579999903
        ],
        "error": ""
      },
      {
        "opening_name": "queens_pawn",
        "opening_fen": "rnbqkbnr/ppp1pppp/8/3p4/3P4/8/PPP1PPPP/RNBQKBNR w KQkq - 0 2",
        "result": "loss",
        "score_a": 0.0,
        "plies": 20,
        "adjudicated": true,
        "player_a_color": "white",
        "player_a_timeouts": 0,
        "player_b_timeouts": 0,
        "player_a_moves": 10,
        "player_b_moves": 10,
        "player_a_crashes": 0,
        "player_b_crashes": 0,
        "response_times_ms": [
          196.17870799999082,
          196.45329200000106,
          196.35283299999173,
          196.11633399999562,
          196.1660839999979,
          196.06087500000058,
          196.22737499999232,
          196.15462499999126,
          196.26691599999901,
          196.08554199999162,
          196.2005419999997,
          196.06987500000628,
          196.05375000000436,
          196.10391599999843,
          196.08145800000898,
          196.17404200000976,
          196.09591700000806,
          196.16895800000123,
          196.3054160000013,
          196.06795800000043
        ],
        "error": ""
      },
      {
        "opening_name": "queens_pawn",
        "opening_fen": "rnbqkbnr/ppp1pppp/8/3p4/3P4/8/PPP1PPPP/RNBQKBNR w KQkq - 0 2",
        "result": "win",
        "score_a": 1.0,
        "plies": 20,
        "adjudicated": true,
        "player_a_color": "black",
        "player_a_timeouts": 0,
        "player_b_timeouts": 0,
        "player_a_moves": 10,
        "player_b_moves": 10,
        "player_a_crashes": 0,
        "player_b_crashes": 0,
        "response_times_ms": [
          196.103082999997,
          196.24187499999834,
          196.44579200000578,
          196.35262499998873,
          196.35224999998968,
          196.1556669999993,
          196.55404200000248,
          196.09979199999827,
          196.03241600000842,
          196.08733399999778,
          196.13308299999233,
          196.0672499999987,
          196.20233399999165,
          196.04887499998824,
          196.24087499998666,
          196.11745799998914,
          196.22975000000054,
          196.0265000000021,
          196.41612499999894,
          196.19841600000143
        ],
        "error": ""
      },
      {
        "opening_name": "ruy_lopez",
        "opening_fen": "r1bqkbnr/pppp1ppp/2n5/1B2p3/4P3/5N2/PPPP1PPP/RNBQK2R b KQkq - 3 3",
        "result": "draw",
        "score_a": 0.5,
        "plies": 20,
        "adjudicated": true,
        "player_a_color": "white",
        "player_a_timeouts": 0,
        "player_b_timeouts": 0,
        "player_a_moves": 10,
        "player_b_moves": 10,
        "player_a_crashes": 0,
        "player_b_crashes": 0,
        "response_times_ms": [
          196.05704199999252,
          196.1214590000111,
          196.52675000000386,
          196.5615000000014,
          196.21075000000587,
          196.56425000000866,
          196.08320799999035,
          196.1715000000055,
          196.63641600000403,
          196.56575000000487,
          196.04054199999155,
          196.03416699999343,
          196.30395800000144,
          196.25537499999268,
          196.08870800000489,
          196.22441699999627,
          196.3546249999979,
          196.13279200000022,
          196.3758750000011,
          196.43316699999502
        ],
        "error": ""
      },
      {
        "opening_name": "ruy_lopez",
        "opening_fen": "r1bqkbnr/pppp1ppp/2n5/1B2p3/4P3/5N2/PPPP1PPP/RNBQK2R b KQkq - 3 3",
        "result": "draw",
        "score_a": 0.5,
        "plies": 20,
        "adjudicated": true,
        "player_a_color": "black",
        "player_a_timeouts": 0,
        "player_b_timeouts": 0,
        "player_a_moves": 10,
        "player_b_moves": 10,
        "player_a_crashes": 0,
        "player_b_crashes": 0,
        "response_times_ms": [
          196.39808300000539,
          196.04162499999234,
          196.41604200000984,
          196.12474999999563,
          196.21308399999293,
          196.49079199999164,
          196.04070799999818,
          196.45316599999774,
          196.1464580000012,
          196.56562500000518,
          196.18062499999667,
          196.4638329999957,
          196.09795800000995,
          196.2748329999897,
          196.09608300000048,
          196.43604200000198,
          196.2248340000059,
          196.05029199999535,
          196.47224999999935,
          196.39824999998723
        ],
        "error": ""
      },
      {
        "opening_name": "italian_game",
        "opening_fen": "r1bqk1nr/pppp1ppp/2n5/2b1p3/2B1P3/5N2/PPPP1PPP/RNBQK2R w KQkq - 4 4",
        "result": "draw",
        "score_a": 0.5,
        "plies": 11,
        "adjudicated": false,
        "player_a_color": "white",
        "player_a_timeouts": 0,
        "player_b_timeouts": 0,
        "player_a_moves": 6,
        "player_b_moves": 5,
        "player_a_crashes": 0,
        "player_b_crashes": 0,
        "response_times_ms": [
          196.16133299999206,
          196.13337500000227,
          196.1933750000071,
          196.18108400000267,
          196.11412499999403,
          196.1872910000011,
          196.4953749999978,
          196.0493750000012,
          196.27016699999444,
          196.43962499999645,
          196.09075000001042
        ],
        "error": ""
      },
      {
        "opening_name": "italian_game",
        "opening_fen": "r1bqk1nr/pppp1ppp/2n5/2b1p3/2B1P3/5N2/PPPP1PPP/RNBQK2R w KQkq - 4 4",
        "result": "draw",
        "score_a": 0.5,
        "plies": 11,
        "adjudicated": false,
        "player_a_color": "black",