{
  "feedback_source": "self_play",
  "summary": {
    "games": 16,
    "wins_a": 2,
    "losses_a": 3,
    "draws": 11,
    "score_a": 7.5,
    "mean_score_a": 0.46875,
    "game_scores_a": [
      0.5,
      0.5,
      0.0,
      1.0,
      0.5,
      0.5,
      0.5,
      0.5,
      1.0,
      0.0,
      0.5,
      0.5,
      0.5,
      0.0,
      0.5,
      0.5
    ],
    "player_a_moves": 126,
    "player_b_moves": 125,
    "player_a_timeouts": 0,
    "player_b_timeouts": 0,
    "player_a_crashes": 0,
    "player_b_crashes": 0,
    "results": [
      {
        "opening_name": "startpos",
        "opening_fen": "rnbqkbnr/pppppppp/8/8/8/8/PPPPPPPP/RNBQKBNR w KQkq - 0 1",
        "result": "draw",
        "score_a": 0.5,
        "plies": 13,
        "adjudicated": false,
        "player_a_color": "white",
        "player_a_timeouts": 0,
        "player_b_timeouts": 0,
        "player_a_moves": 7,
        "player_b_moves": 6,
        "player_a_crashes": 0,
        "player_b_crashes": 0,
        "response_times_ms": [
          196.10429100000005,
          196.13954199999995,
          196.18295800000007,
          196.21900000000002,
          196.6847090000001,
          196.35641699999985,
          196.59366699999993,
          196.13241599999998,
          196.3532499999998,
          196.31637499999988,
          196.10895900000003,
          196.16279099999988,
          196.23983299999992
        ],
        "error": ""
      },
      {
        "opening_name": "startpos",
        "opening_fen": "rnbqkbnr/pppppppp/8/8/8/8/PPPPPPPP/RNBQKBNR w KQkq - 0 1",
        "result": "draw",
        "score_a": 0.5,
        "plies": 13,
        "adjudicated": false,
        "player_a_color": "black",
        "player_a_timeouts": 0,
        "player_b_timeouts": 0,
        "player_a_moves": 6,
        "player_b_moves": 7,
        "player_a_crashes": 0,
        "player_b_crashes": 0,
        "response_times_ms": [
          196.0612500000001,
          196.10591700000012,
          196.29170799999994,
          196.32058299999989,
          196.3977080000001,
          196.0678339999995,
          196.10366700000003,
          196.27516700000047,
          196.22091699999976,
          196.14699999999985,
          196.30266699999942,
          196.16100000000003,
          196.07550000000006
        ],
        "error": ""
      },
      {
        "opening_name": "queens_pawn",
        "opening_fen": "rnbqkbnr/ppp1pppp/8/3p4/3P4/8/PPP1PPPP/RNBQKBNR w KQkq - 0 2",
        "result": "loss",
        "score_a": 0.0,
        "plies": 20,
        "adjudicated": true,
        "player_a_color": "white",
        "player_a_timeouts": 0,
        "player_b_timeouts": 0,
        "player_a_moves": 10,
        "player_b_moves": 10,
        "player_a_crashes": 0,
        "player_b_crashes": 0,
        "response_times_ms": [
          196.52258299999926,
          196.1559579999994,
          196.11350000000004,
          196.30316699999995,
          196.3902080000004,
          196.5158330000003,
          196.06912500000018,
          196.1949589999996,
          196.38304099999982,
          196.1022090000002,
          196.17491700000045,
          196.1814999999998,
          196.17516600000062,
          196.07987499999967,
          196.1302499999995,
          196.36641600000004,
          196.2041670000012,
          196.2238749999994,
          196.15983300000119,
          196.22900000000067
        ],
        "error": ""
      },
      {
        "opening_name": "queens_pawn",
        "opening_fen": "rnbqkbnr/ppp1pppp/8/3p4/3P4/8/PPP1PPPP/RNBQKBNR w KQkq - 0 2",
        "result": "win",
        "score_a": 1.0,
        "plies": 20,
        "adjudicated": true,
        "player_a_color": "black",
        "player_a_timeouts": 0,
        "player_b_timeouts": 0,
        "player_a_moves": 10,
        "player_b_moves": 10,
        "player_a_crashes": 0,
        "player_b_crashes": 0,
        "response_times_ms": [
          196.100916999999,
          199.96858300000042,
          196.27541699999895,
          196.20183300000173,
          196.2232919999991,
          196.17037500000123,
          196.16879199999994,
          196.25479099999944,
          196.27524999999935,
          196.5463749999987,
          196.17237499999973,
          196.12562500000053,
          196.07766699999905,
          196.2095419999983,
          196.19183300000032,
          196.14979199999993,
          196.13404200000062,
          196.09224999999952,
          196.0379589999999,
          196.1476659999999
        ],
        "error": ""
      },
      {
        "opening_name": "ruy_lopez",
        "opening_fen": "r1bqkbnr/pppp1ppp/2n5/1B2p3/4P3/5N2/PPPP1PPP/RNBQK2R b KQkq - 3 3",
        "result": "draw",
        "score_a": 0.5,
        "plies": 17,
        "adjudicated": false,
        "player_a_color": "white",
        "player_a_timeouts": 0,
        "player_b_timeouts": 0,
        "player_a_moves": 8,
        "player_b_moves": 9,
        "player_a_crashes": 0,
        "player_b_crashes": 0,
        "response_times_ms": [
          196.12608399999942,
          196.3147499999991,
          196.1857499999997,
          196.29237499999874,
          196.43037500000025,
          196.21404199999938,
          196.40166599999986,
          196.26000000000056,
          196.45608399999935,
          196.10962500000005,
          196.63691700000106,
          196.09320799999887,
          196.34158300000058,
          196.202207999999,
          196.08016700000164,
          196.1582919999998,
          196.0423339999977
        ],
        "error": ""
      },
      {
        "opening_name": "ruy_lopez",
        "opening_fen": "r1bqkbnr/pppp1ppp/2n5/1B2p3/4P3/5N2/PPPP1PPP/RNBQK2R b KQkq - 3 3",
        "result": "draw",
        "score_a": 0.5,
        "plies": 17,
        "adjudicated": false,
        "player_a_color": "black",
        "player_a_timeouts": 0,
        "player_b_timeouts": 0,
        "player_a_moves": 9,
        "player_b_moves": 8,
        "player_a_crashes": 0,
        "player_b_crashes": 0,
        "response_times_ms": [
          196.23791700000126,
          196.8063330000014,
          196.05624999999804,
          196.18525000000275,
          196.11708300000075,
          200.05904200000302,
          196.0797499999991,
          196.0928339999981,
          196.08266699999888,
          196.38199999999983,
          196.15708299999923,
          196.145542,
          196.55254099999908,
          196.10516600000238,
          196.2585840000024,
          196.04520800000103,
          196.2615829999983
        ],
        "error": ""
      },
      {
        "opening_name": "italian_game",
        "opening_fen": "r1bqk1nr/pppp1ppp/2n5/2b1p3/2B1P3/5N2/PPPP1PPP/RNBQK2R w KQkq - 4 4",
        "result": "draw",
        "score_a": 0.5,
        "plies": 11,
        "adjudicated": false,
        "player_a_color": "white",
        "player_a_timeouts": 0,
        "player_b_timeouts": 0,
        "player_a_moves": 6,
        "player_b_moves": 5,
        "player_a_crashes": 0,
        "player_b_crashes": 0,
        "response_times_ms": [
          196.26133299999893,
          196.56745799999698,
          196.25020900000223,
          196.26983400000242,
          196.22324999999918,
          196.17937500000338,
          196.1470409999997,
          196.1035829999993,
          196.37820800000227,
          196.13620899999873,
          196.24775000000128
        ],
        "error": ""
      },
      {
        "opening_name": "italian_game",
        "opening_fen": "r1bqk1nr/pppp1ppp/2n5/2b1p3/2B1P3/5N2/PPPP1PPP/RNBQK2R w KQkq - 4 4",
        "result": "draw",
        "score_a": 0.5,
        "plies": 11,
        "adjudicated": false,
        "player_a_color": "black",
        "player_a_timeouts": 0,
        "player_b_timeouts": 0,
        "player_a_moves": 5,
        "player_b_moves": 6,
        "player_a_crashes": 0,
        "player_b_crashes": 0,