{
  "feedback_source": "self_play",
  "summary": {
    "games": 16,
    "wins_a": 2,
    "losses_a": 2,
    "draws": 12,
    "score_a": 8.0,
    "mean_score_a": 0.5,
    "game_scores_a": [
      0.5,
      0.5,
      0.0,
      1.0,
      0.5,
      0.5,
      0.5,
      0.5,
      1.0,
      0.0,
      0.5,
      0.5,
      0.5,
      0.5,
      0.5,
      0.5
    ],
    "player_a_moves": 123,
    "player_b_moves": 123,
    "player_a_timeouts": 0,
    "player_b_timeouts": 0,
    "player_a_crashes": 0,
    "player_b_crashes": 0,
    "results": [
      {
        "opening_name": "startpos",
        "opening_fen": "rnbqkbnr/pppppppp/8/8/8/8/PPPPPPPP/RNBQKBNR w KQkq - 0 1",
        "result": "draw",
        "score_a": 0.5,
        "plies": 13,
        "adjudicated": false,
        "player_a_color": "white",
        "player_a_timeouts": 0,
        "player_b_timeouts": 0,
        "player_a_moves": 7,
        "player_b_moves": 6,
        "player_a_crashes": 0,
        "player_b_crashes": 0,
        "response_times_ms": [
          196.44887500000002,
          196.44287499999996,
          196.11237500000001,
          196.07624999999996,
          196.52654199999998,
          196.03824999999998,
          196.715792,
          196.349334,
          196.23683299999993,
          196.34791599999969,
          196.469875,
          196.0291249999999,
          196.53816599999985
        ],
        "error": ""
      },
      {
        "opening_name": "startpos",
        "opening_fen": "rnbqkbnr/pppppppp/8/8/8/8/PPPPPPPP/RNBQKBNR w KQkq - 0 1",
        "result": "draw",
        "score_a": 0.5,
        "plies": 13,
        "adjudicated": false,
        "player_a_color": "black",
        "player_a_timeouts": 0,
        "player_b_timeouts": 0,
        "player_a_moves": 6,
        "player_b_moves": 7,
        "player_a_crashes": 0,
        "player_b_crashes": 0,
        "response_times_ms": [
          196.05800000000028,
          196.05445800000032,
          196.27020800000005,
          196.31429099999974,
          196.2792499999999,
          196.63466699999964,
          196.32154099999966,
          196.45949999999957,
          196.4294579999999,
          196.0459160000001,
          197.4835420000005,
          196.469875,
          196.13320900000008
        ],
        "error": ""
      },
      {
        "opening_name": "queens_pawn",
        "opening_fen": "rnbqkbnr/ppp1pppp/8/3p4/3P4/8/PPP1PPPP/RNBQKBNR w KQkq - 0 2",
        "result": "loss",
        "score_a": 0.0,
        "plies": 20,
        "adjudicated": true,
        "player_a_color": "white",
        "player_a_timeouts": 0,
        "player_b_timeouts": 0,
        "player_a_moves": 10,
        "player_b_moves": 10,
        "player_a_crashes": 0,
        "player_b_crashes": 0,
        "response_times_ms": [
          196.3166249999997,
          196.18087500000047,
          196.1249159999996,
          196.3300419999996,
          197.24187499999957,
          196.10712500000017,
          196.22800000000052,
          196.15212500000024,
          196.11195899999956,
          196.12874999999974,
          196.12433299999933,
          196.19204199999984,
          196.13070800000008,
          196.17595899999964,
          198.26250000000022,
          196.32012499999973,
          197.5111250000001,
          196.36029199999962,
          199.7202910000002,
          196.28145799999965
        ],
        "error": ""
      },
      {
        "opening_name": "queens_pawn",
        "opening_fen": "rnbqkbnr/ppp1pppp/8/3p4/3P4/8/PPP1PPPP/RNBQKBNR w KQkq - 0 2",
        "result": "win",
        "score_a": 1.0,
        "plies": 20,
        "adjudicated": true,
        "player_a_color": "black",
        "player_a_timeouts": 0,
        "player_b_timeouts": 0,
        "player_a_moves": 10,
        "player_b_moves": 10,
        "player_a_crashes": 0,
        "player_b_crashes": 0,
        "response_times_ms": [
          196.8002500000008,
          196.77212500000076,
          196.58170800000008,
          196.16129099999924,
          196.1278750000002,
          196.10383300000046,
          196.38825000000003,
          196.38983299999956,
          196.3671250000001,
          196.19795799999906,
          196.10816600000015,
          196.07516599999997,
          196.0978750000013,
          196.26845800000046,
          196.16025000000013,
          196.16416699999917,
          196.07674999999958,
          196.0320419999988,
          196.13983300000015,
          196.0978339999997
        ],
        "error": ""
      },
      {
        "opening_name": "ruy_lopez",
        "opening_fen": "r1bqkbnr/pppp1ppp/2n5/1B2p3/4P3/5N2/PPPP1PPP/RNBQK2R b KQkq - 3 3",
        "result": "draw",
        "score_a": 0.5,
        "plies": 17,
        "adjudicated": false,
        "player_a_color": "white",
        "player_a_timeouts": 0,
        "player_b_timeouts": 0,
        "player_a_moves": 8,
        "player_b_moves": 9,
        "player_a_crashes": 0,
        "player_b_crashes": 0,
        "response_times_ms": [
          196.30262499999952,
          196.221125000001,
          196.09116699999873,
          196.2104999999994,
          196.28145799999965,
          199.25666600000014,
          196.5998330000005,
          196.24920800000112,
          196.25320899999997,
          196.0914579999997,
          196.8443749999995,
          196.07624999999905,
          196.7064580000013,
          196.03962500000094,
          196.08474999999714,
          196.13574999999983,
          196.09375000000284
        ],
        "error": ""
      },
      {
        "opening_name": "ruy_lopez",
        "opening_fen": "r1bqkbnr/pppp1ppp/2n5/1B2p3/4P3/5N2/PPPP1PPP/RNBQK2R b KQkq - 3 3",
        "result": "draw",
        "score_a": 0.5,
        "plies": 17,
        "adjudicated": false,
        "player_a_color": "black",
        "player_a_timeouts": 0,
        "player_b_timeouts": 0,
        "player_a_moves": 9,
        "player_b_moves": 8,
        "player_a_crashes": 0,
        "player_b_crashes": 0,
        "response_times_ms": [
          196.5708329999991,
          196.23991699999976,
          196.61500000000132,
          196.14933300000104,
          196.44212499999725,
          196.6029589999998,
          196.4977920000024,
          196.17933399999998,
          196.7300000000023,
          196.0259579999999,
          196.23874999999913,
          196.09074999999976,
          196.33679200000032,
          196.061499999999,
          196.32266599999681,
          196.38558300000142,
          196.45133399999892
        ],
        "error": ""
      },
      {
        "opening_name": "italian_game",
        "opening_fen": "r1bqk1nr/pppp1ppp/2n5/2b1p3/2B1P3/5N2/PPPP1PPP/RNBQK2R w KQkq - 4 4",
        "result": "draw",
        "score_a": 0.5,
        "plies": 11,
        "adjudicated": false,
        "player_a_color": "white",
        "player_a_timeouts": 0,
        "player_b_timeouts": 0,
        "player_a_moves": 6,
        "player_b_moves": 5,
        "player_a_crashes": 0,
        "player_b_crashes": 0,
        "response_times_ms": [
          196.04433299999968,
          196.14433299999945,
          196.24958300000017,
          196.3965409999986,
          196.560250000001,
          196.36400000000265,
          196.332917000003,
          196.5147920000021,
          196.3610839999994,
          196.38395799999842,
          196.08266699999888
        ],
        "error": ""
      },
      {
        "opening_name": "italian_game",
        "opening_fen": "r1bqk1nr/pppp1ppp/2n5/2b1p3/2B1P3/5N2/PPPP1PPP/RNBQK2R w KQkq - 4 4",
        "result": "draw",
        "score_a": 0.5,
        "plies": 11,
        "adjudicated": false,
        "player_a_color": "black",
        "player_a_timeouts": 0,
        "player_b_timeouts": 0,
        "player_a_moves": 5,
        "player_b_moves": 6,
        "player_a_crashes": 0,
        "player_b_crashes": 0,