{
  "feedback_source": "self_play",
  "summary": {
    "games": 16,
    "wins_a": 2,
    "losses_a": 4,
    "draws": 10,
    "score_a": 7.0,
    "mean_score_a": 0.4375,
    "game_scores_a": [
      0.5,
      0.5,
      0.0,
      1.0,
      0.5,
      0.0,
      0.5,
      0.5,
      1.0,
      0.0,
      0.5,
      0.5,
      0.5,
      0.0,
      0.5,
      0.5
    ],
    "player_a_moves": 128,
    "player_b_moves": 128,
    "player_a_timeouts": 0,
    "player_b_timeouts": 0,
    "player_a_crashes": 0,
    "player_b_crashes": 0,
    "results": [
      {
        "opening_name": "startpos",
        "opening_fen": "rnbqkbnr/pppppppp/8/8/8/8/PPPPPPPP/RNBQKBNR w KQkq - 0 1",
        "result": "draw",
        "score_a": 0.5,
        "plies": 13,
        "adjudicated": false,
        "player_a_color": "white",
        "player_a_timeouts": 0,
        "player_b_timeouts": 0,
        "player_a_moves": 7,
        "player_b_moves": 6,
        "player_a_crashes": 0,
        "player_b_crashes": 0,
        "response_times_ms": [
          196.12291699999673,
          196.02374999999483,
          196.17437499999824,
          196.13737499999218,
          196.11062500000287,
          196.13966699999708,
          196.1153750000051,
          196.2761669999935,
          196.64945899999964,
          196.28120900000567,
          196.44245899999646,
          196.40241599999797,
          196.03133400001127
        ],
        "error": ""
      },
      {
        "opening_name": "startpos",
        "opening_fen": "rnbqkbnr/pppppppp/8/8/8/8/PPPPPPPP/RNBQKBNR w KQkq - 0 1",
        "result": "draw",
        "score_a": 0.5,
        "plies": 13,
        "adjudicated": false,
        "player_a_color": "black",
        "player_a_timeouts": 0,
        "player_b_timeouts": 0,
        "player_a_moves": 6,
        "player_b_moves": 7,
        "player_a_crashes": 0,
        "player_b_crashes": 0,
        "response_times_ms": [
          196.15316700000562,
          196.47695899999462,
          196.16945799999996,
          196.4774170000112,
          196.42295799999943,
          196.10912500000666,
          196.14458300000592,
          196.52729199999897,
          196.13275000000385,
          196.4367500000037,
          196.4707919999995,
          196.25791699999695,
          196.4976670000027
        ],
        "error": ""
      },
      {
        "opening_name": "queens_pawn",
        "opening_fen": "rnbqkbnr/ppp1pppp/8/3p4/3P4/8/PPP1PPPP/RNBQKBNR w KQkq - 0 2",
        "result": "loss",
        "score_a": 0.0,
        "plies": 20,
        "adjudicated": true,
        "player_a_color": "white",
        "player_a_timeouts": 0,
        "player_b_timeouts": 0,
        "player_a_moves": 10,
        "player_b_moves": 10,
        "player_a_crashes": 0,
        "player_b_crashes": 0,
        "response_times_ms": [
          196.23595900000623,
          196.2226250000043,
          196.11083300000587,
          196.352332999993,
          196.37558299999114,
          196.2432079999985,
          196.08104200000298,
          196.29733300000396,
          196.3215410000032,
          196.11770800000272,
          196.27141600000186,
          196.02741600000684,
          196.34916700000815,
          196.2763749999965,
          196.19062499999984,
          196.2246660000062,
          196.31133299999703,
          196.24941600000056,
          196.3104169999923,
          196.19975000000522
        ],
        "error": ""
      },
      {
        "opening_name": "queens_pawn",
        "opening_fen": "rnbqkbnr/ppp1pppp/8/3p4/3P4/8/PPP1PPPP/RNBQKBNR w KQkq - 0 2",
        "result": "win",
        "score_a": 1.0,
        "plies": 20,
        "adjudicated": true,
        "player_a_color": "black",
        "player_a_timeouts": 0,
        "player_b_timeouts": 0,
        "player_a_moves": 10,
        "player_b_moves": 10,
        "player_a_crashes": 0,
        "player_b_crashes": 0,
        "response_times_ms": [
          196.57962499999826,
          196.66091599999902,
          196.15808300000026,
          196.47054200000014,
          196.07316699999444,
          196.2466660000075,
          196.25854200000958,
          196.08941699999605,
          196.3296659999969,
          196.48091600001294,
          196.47700000000157,
          196.08825000000252,
          196.13933299999076,
          196.16754199999775,
          196.25941600000374,
          196.18266599999856,
          196.2533339999908,
          196.1750410000036,
          196.0575829999982,
          196.25845900000627
        ],
        "error": ""
      },
      {
        "opening_name": "ruy_lopez",
        "opening_fen": "r1bqkbnr/pppp1ppp/2n5/1B2p3/4P3/5N2/PPPP1PPP/RNBQK2R b KQkq - 3 3",
        "result": "draw",
        "score_a": 0.5,
        "plies": 17,
        "adjudicated": false,
        "player_a_color": "white",
        "player_a_timeouts": 0,
        "player_b_timeouts": 0,
        "player_a_moves": 8,
        "player_b_moves": 9,
        "player_a_crashes": 0,
        "player_b_crashes": 0,
        "response_times_ms": [
          196.31354199999862,
          196.17258300000628,
          196.18725000000836,
          196.50162499999624,
          196.14520899999377,
          196.4058749999964,
          196.48941699999511,
          196.2317500000097,
          196.24124999999992,
          196.0778750000003,
          196.36212499999317,
          196.14574999999945,
          196.26604100000122,
          196.1759590000014,
          196.2165409999983,
          196.3402909999985,
          196.25866699999506
        ],
        "error": ""
      },
      {
        "opening_name": "ruy_lopez",
        "opening_fen": "r1bqkbnr/pppp1ppp/2n5/1B2p3/4P3/5N2/PPPP1PPP/RNBQK2R b KQkq - 3 3",
        "result": "loss",
        "score_a": 0.0,
        "plies": 20,
        "adjudicated": true,
        "player_a_color": "black",
        "player_a_timeouts": 0,
        "player_b_timeouts": 0,
        "player_a_moves": 10,
        "player_b_moves": 10,
        "player_a_crashes": 0,
        "player_b_crashes": 0,
        "response_times_ms": [
          196.3094589999912,
          196.350166000002,
          196.24975000000688,
          196.0499999999996,
          196.0485000000034,
          196.1666250000036,
          196.05029199999535,
          196.49504200000933,
          196.38004099999762,
          196.1372499999925,
          196.19116699999495,
          196.10508300000618,
          196.0924999999918,
          196.16262499999948,
          196.14874999999188,
          196.26495900000407,
          196.31558300000052,
          196.22225000000526,
          196.16570799999522,
          196.19529199999874
        ],
        "error": ""
      },
      {
        "opening_name": "italian_game",
        "opening_fen": "r1bqk1nr/pppp1ppp/2n5/2b1p3/2B1P3/5N2/PPPP1PPP/RNBQK2R w KQkq - 4 4",
        "result": "draw",
        "score_a": 0.5,
        "plies": 11,
        "adjudicated": false,
        "player_a_color": "white",
        "player_a_timeouts": 0,
        "player_b_timeouts": 0,
        "player_a_moves": 6,
        "player_b_moves": 5,
        "player_a_crashes": 0,
        "player_b_crashes": 0,
        "response_times_ms": [
          196.4091250000024,
          196.31116700000462,
          196.32629200000906,
          196.51045900000952,
          196.12516599998742,
          196.48766699999953,
          196.41829200000416,
          196.2471249999993,
          196.08541700000615,
          196.57929099999194,
          196.5389589999944
        ],
        "error": ""
      },
      {
        "opening_name": "italian_game",
        "opening_fen": "r1bqk1nr/pppp1ppp/2n5/2b1p3/2B1P3/5N2/PPPP1PPP/RNBQK2R w KQkq - 4 4",
        "result": "draw",
        "score_a": 0.5,
        "plies": 11,
        "adjudicated": false,
        "player_a_color": "black",
        "player_a_timeouts": 0,
        "player_b_timeouts": 0,
        "player_a_moves": 5,