{
  "feedback_source": "self_play",
  "summary": {
    "games": 16,
    "wins_a": 1,
    "losses_a": 2,
    "draws": 13,
    "score_a": 7.5,
    "mean_score_a": 0.46875,
    "game_scores_a": [
      0.5,
      0.5,
      0.5,
      0.5,
      1.0,
      0.0,
      0.5,
      0.5,
      0.5,
      0.5,
      0.5,
      0.5,
      0.5,
      0.0,
      0.5,
      0.5
    ],
    "player_a_moves": 140,
    "player_b_moves": 139,
    "player_a_timeouts": 0,
    "player_b_timeouts": 0,
    "player_a_crashes": 0,
    "player_b_crashes": 0,
    "results": [
      {
        "opening_name": "startpos",
        "opening_fen": "rnbqkbnr/pppppppp/8/8/8/8/PPPPPPPP/RNBQKBNR w KQkq - 0 1",
        "result": "draw",
        "score_a": 0.5,
        "plies": 13,
        "adjudicated": false,
        "player_a_color": "white",
        "player_a_timeouts": 0,
        "player_b_timeouts": 0,
        "player_a_moves": 7,
        "player_b_moves": 6,
        "player_a_crashes": 0,
        "player_b_crashes": 0,
        "response_times_ms": [
          196.8983749999893,
          196.29545899999812,
          196.16520799999648,
          196.31937500000163,
          196.91383299999643,
          196.55233299999963,
          196.37687499999856,
          196.21270799999024,
          196.79575000000682,
          196.62141700001712,
          196.29620799997838,
          196.812666999989,
          196.2997919999907
        ],
        "error": ""
      },
      {
        "opening_name": "startpos",
        "opening_fen": "rnbqkbnr/pppppppp/8/8/8/8/PPPPPPPP/RNBQKBNR w KQkq - 0 1",
        "result": "draw",
        "score_a": 0.5,
        "plies": 13,
        "adjudicated": false,
        "player_a_color": "black",
        "player_a_timeouts": 0,
        "player_b_timeouts": 0,
        "player_a_moves": 6,
        "player_b_moves": 7,
        "player_a_crashes": 0,
        "player_b_crashes": 0,
        "response_times_ms": [
          196.09895799999322,
          196.4856250000082,
          196.89299999998866,
          196.61229199999752,
          196.68575000000033,
          196.6996669999901,
          196.29804199999512,
          196.8020840000122,
          196.06383299998242,
          196.24404099999992,
          196.47783299998878,
          196.1533749999944,
          196.80720899998505
        ],
        "error": ""
      },
      {
        "opening_name": "queens_pawn",
        "opening_fen": "rnbqkbnr/ppp1pppp/8/3p4/3P4/8/PPP1PPPP/RNBQKBNR w KQkq - 0 2",
        "result": "draw",
        "score_a": 0.5,
        "plies": 15,
        "adjudicated": false,
        "player_a_color": "white",
        "player_a_timeouts": 0,
        "player_b_timeouts": 0,
        "player_a_moves": 8,
        "player_b_moves": 7,
        "player_a_crashes": 0,
        "player_b_crashes": 0,
        "response_times_ms": [
          196.13587499998175,
          196.49770899999908,
          196.20929199999182,
          196.87774999999874,
          196.3205829999879,
          196.71999999999912,
          196.09045799998626,
          196.39337499998533,
          196.50808399995867,
          196.20195800001738,
          196.7439580000132,
          196.49091700000554,
          196.2160420000032,
          196.5597500000058,
          196.54204199997594
        ],
        "error": ""
      },
      {
        "opening_name": "queens_pawn",
        "opening_fen": "rnbqkbnr/ppp1pppp/8/3p4/3P4/8/PPP1PPPP/RNBQKBNR w KQkq - 0 2",
        "result": "draw",
        "score_a": 0.5,
        "plies": 20,
        "adjudicated": true,
        "player_a_color": "black",
        "player_a_timeouts": 0,
        "player_b_timeouts": 0,
        "player_a_moves": 10,
        "player_b_moves": 10,
        "player_a_crashes": 0,
        "player_b_crashes": 0,
        "response_times_ms": [
          196.1412499999824,
          196.53325000001587,
          196.17199999999002,
          196.55354200000374,
          196.25270800003136,
          196.4724999999703,
          196.53133399998524,
          196.65079099996774,
          196.13004199999295,
          196.19179099998973,
          196.44804200004273,
          196.4815829999793,
          196.61858300003132,
          196.14262499999313,
          196.26070800001116,
          196.41374999997652,
          196.15179099997704,
          196.56349999996792,
          197.19429200000604,
          198.59091600000056
        ],
        "error": ""
      },
      {
        "opening_name": "ruy_lopez",
        "opening_fen": "r1bqkbnr/pppp1ppp/2n5/1B2p3/4P3/5N2/PPPP1PPP/RNBQK2R b KQkq - 3 3",
        "result": "win",
        "score_a": 1.0,
        "plies": 20,
        "adjudicated": true,
        "player_a_color": "white",
        "player_a_timeouts": 0,
        "player_b_timeouts": 0,
        "player_a_moves": 10,
        "player_b_moves": 10,
        "player_a_crashes": 0,
        "player_b_crashes": 0,
        "response_times_ms": [
          196.86029199999666,
          196.48524999996653,
          196.70508299998346,
          196.38220799998862,
          196.3358749999884,
          196.36566700000913,
          196.14583299994592,
          196.52887499995586,
          196.2021249999566,
          196.79058299999497,
          196.37691700000914,
          196.361042000035,
          196.45708299998432,
          196.55666699998164,
          196.37670899999193,
          196.69845799995755,
          196.47162500001514,
          196.30487500000982,
          196.15824999999631,
          196.10183300000017
        ],
        "error": ""
      },
      {
        "opening_name": "ruy_lopez",
        "opening_fen": "r1bqkbnr/pppp1ppp/2n5/1B2p3/4P3/5N2/PPPP1PPP/RNBQK2R b KQkq - 3 3",
        "result": "loss",
        "score_a": 0.0,
        "plies": 20,
        "adjudicated": true,
        "player_a_color": "black",
        "player_a_timeouts": 0,
        "player_b_timeouts": 0,
        "player_a_moves": 10,
        "player_b_moves": 10,
        "player_a_crashes": 0,
        "player_b_crashes": 0,
        "response_times_ms": [
          196.21641699995962,
          196.3667499999815,
          196.33679100002155,
          196.09937499996022,
          196.66974999995546,
          197.071875000006,
          196.7522080000208,
          196.56995799999777,
          196.1645419999627,
          196.1076669999784,
          196.0476670000162,
          196.11374999999498,
          196.1718339999834,
          196.0304160000419,
          196.41550000000052,
          196.52212500000132,
          196.10683299998755,
          196.0933329999648,
          196.40654099998756,
          196.06354199999032
        ],
        "error": ""
      },
      {
        "opening_name": "italian_game",
        "opening_fen": "r1bqk1nr/pppp1ppp/2n5/2b1p3/2B1P3/5N2/PPPP1PPP/RNBQK2R w KQkq - 4 4",
        "result": "draw",
        "score_a": 0.5,
        "plies": 11,
        "adjudicated": false,
        "player_a_color": "white",
        "player_a_timeouts": 0,
        "player_b_timeouts": 0,
        "player_a_moves": 6,
        "player_b_moves": 5,
        "player_a_crashes": 0,
        "player_b_crashes": 0,
        "response_times_ms": [
          196.64404200000263,
          196.7034159999912,
          196.1986659999866,
          196.9434589999537,
          196.02408400004379,
          196.03775000001633,
          196.10108300003048,
          196.20487499997807,
          197.1055409999849,
          196.30266699999765,
          196.60916700001962
        ],
        "error": ""
      },
      {
        "opening_name": "italian_game",
        "opening_fen": "r1bqk1nr/pppp1ppp/2n5/2b1p3/2B1P3/5N2/PPPP1PPP/RNBQK2R w KQkq - 4 4",
        "result": "draw",
        "score_a": 0.5,
        "plies": 17,
        "adjudicated": false,
        "player_a_color": "black",
        "player_a_timeouts": 0,
        "player_b_timeouts": 0,
        "player_a_moves": 8,
        "player_b_moves": 9,
        "player_a_crashes": 0,