{
  "feedback_source": "self_play",
  "summary": {
    "games": 16,
    "wins_a": 0,
    "losses_a": 2,
    "draws": 14,
    "score_a": 7.0,
    "mean_score_a": 0.4375,
    "game_scores_a": [
      0.5,
      0.5,
      0.5,
      0.5,
      0.5,
      0.0,
      0.5,
      0.5,
      0.5,
      0.5,
      0.5,
      0.5,
      0.5,
      0.0,
      0.5,
      0.5
    ],
    "player_a_moves": 123,
    "player_b_moves": 124,
    "player_a_timeouts": 0,
    "player_b_timeouts": 0,
    "player_a_crashes": 0,
    "player_b_crashes": 0,
    "results": [
      {
        "opening_name": "startpos",
        "opening_fen": "rnbqkbnr/pppppppp/8/8/8/8/PPPPPPPP/RNBQKBNR w KQkq - 0 1",
        "result": "draw",
        "score_a": 0.5,
        "plies": 13,
        "adjudicated": false,
        "player_a_color": "white",
        "player_a_timeouts": 0,
        "player_b_timeouts": 0,
        "player_a_moves": 7,
        "player_b_moves": 6,
        "player_a_crashes": 0,
        "player_b_crashes": 0,
        "response_times_ms": [
          196.31654199997683,
          196.48749999998927,
          196.7045839999173,
          196.30912499997066,
          196.3538329999892,
          196.1430000000064,
          197.11549999999534,
          196.89066699993418,
          196.86995899996873,
          196.08725000000504,
          196.26183399998354,
          196.10662499997034,
          196.34050000001935
        ],
        "error": ""
      },
      {
        "opening_name": "startpos",
        "opening_fen": "rnbqkbnr/pppppppp/8/8/8/8/PPPPPPPP/RNBQKBNR w KQkq - 0 1",
        "result": "draw",
        "score_a": 0.5,
        "plies": 13,
        "adjudicated": false,
        "player_a_color": "black",
        "player_a_timeouts": 0,
        "player_b_timeouts": 0,
        "player_a_moves": 6,
        "player_b_moves": 7,
        "player_a_crashes": 0,
        "player_b_crashes": 0,
        "response_times_ms": [
          196.3678339999433,
          196.53758300000845,
          196.44791700000042,
          196.10458400006792,
          196.18720799996936,
          196.1321249999628,
          196.37125000008382,
          196.44000000005235,
          196.80204199994478,
          196.0500409999213,
          196.6381250000495,
          199.70695799997884,
          196.86562499998672
        ],
        "error": ""
      },
      {
        "opening_name": "queens_pawn",
        "opening_fen": "rnbqkbnr/ppp1pppp/8/3p4/3P4/8/PPP1PPPP/RNBQKBNR w KQkq - 0 2",
        "result": "draw",
        "score_a": 0.5,
        "plies": 12,
        "adjudicated": false,
        "player_a_color": "white",
        "player_a_timeouts": 0,
        "player_b_timeouts": 0,
        "player_a_moves": 6,
        "player_b_moves": 6,
        "player_a_crashes": 0,
        "player_b_crashes": 0,
        "response_times_ms": [
          196.94583299997248,
          196.13045799997053,
          196.71662500002185,
          196.43983399998888,
          196.28741700000774,
          196.9400840000617,
          196.62495800002944,
          196.2624999999889,
          196.59054199996717,
          196.30387499989865,
          196.6850420000128,
          196.50337500002024
        ],
        "error": ""
      },
      {
        "opening_name": "queens_pawn",
        "opening_fen": "rnbqkbnr/ppp1pppp/8/3p4/3P4/8/PPP1PPPP/RNBQKBNR w KQkq - 0 2",
        "result": "draw",
        "score_a": 0.5,
        "plies": 12,
        "adjudicated": false,
        "player_a_color": "black",
        "player_a_timeouts": 0,
        "player_b_timeouts": 0,
        "player_a_moves": 6,
        "player_b_moves": 6,
        "player_a_crashes": 0,
        "player_b_crashes": 0,
        "response_times_ms": [
          196.14995899996757,
          196.35349999998652,
          196.4677920000213,
          197.19583299990973,
          196.25333300007242,
          196.1732500000153,
          196.06324999995195,
          196.7917499999885,
          197.16249999999036,
          196.69187499994223,
          196.85633300002792,
          196.2071670000114
        ],
        "error": ""
      },
      {
        "opening_name": "ruy_lopez",
        "opening_fen": "r1bqkbnr/pppp1ppp/2n5/1B2p3/4P3/5N2/PPPP1PPP/RNBQK2R b KQkq - 3 3",
        "result": "draw",
        "score_a": 0.5,
        "plies": 17,
        "adjudicated": false,
        "player_a_color": "white",
        "player_a_timeouts": 0,
        "player_b_timeouts": 0,
        "player_a_moves": 8,
        "player_b_moves": 9,
        "player_a_crashes": 0,
        "player_b_crashes": 0,
        "response_times_ms": [
          196.24270799999977,
          197.0492910000985,
          196.13887500008786,
          196.3595830000031,
          196.2714579999556,
          196.1340409999366,
          196.14100000001145,
          196.482332999949,
          196.09474999992926,
          196.3743329999943,
          196.48870899993653,
          196.34066599996913,
          196.10333299999638,
          196.16229099995053,
          196.2230000000318,
          196.71120900000005,
          196.67316699997173
        ],
        "error": ""
      },
      {
        "opening_name": "ruy_lopez",
        "opening_fen": "r1bqkbnr/pppp1ppp/2n5/1B2p3/4P3/5N2/PPPP1PPP/RNBQK2R b KQkq - 3 3",
        "result": "loss",
        "score_a": 0.0,
        "plies": 20,
        "adjudicated": true,
        "player_a_color": "black",
        "player_a_timeouts": 0,
        "player_b_timeouts": 0,
        "player_a_moves": 10,
        "player_b_moves": 10,
        "player_a_crashes": 0,
        "player_b_crashes": 0,
        "response_times_ms": [
          197.07045799998468,
          196.38670799997726,
          196.15154099994925,
          196.24462500007667,
          196.1394999999584,
          196.4117500000384,
          196.11087500004487,
          196.1992089999285,
          196.39058300003853,
          196.44666599992888,
          196.13537499992617,
          196.56687499991676,
          196.44187500000498,
          196.08687499999178,
          196.84479199997895,
          196.130667000034,
          196.26725000000533,
          196.14595799998824,
          196.46033300000454,
          196.29604099998232
        ],
        "error": ""
      },
      {
        "opening_name": "italian_game",
        "opening_fen": "r1bqk1nr/pppp1ppp/2n5/2b1p3/2B1P3/5N2/PPPP1PPP/RNBQK2R w KQkq - 4 4",
        "result": "draw",
        "score_a": 0.5,
        "plies": 11,
        "adjudicated": false,
        "player_a_color": "white",
        "player_a_timeouts": 0,
        "player_b_timeouts": 0,
        "player_a_moves": 6,
        "player_b_moves": 5,
        "player_a_crashes": 0,
        "player_b_crashes": 0,
        "response_times_ms": [
          196.0642920000737,
          196.2224999999762,
          196.66020900001513,
          197.29679199997463,
          196.11095799996292,
          196.6224579999789,
          196.05191699997704,
          196.4178749999519,
          196.17658399999982,
          196.03558399990106,
          197.1977909998941
        ],
        "error": ""
      },
      {
        "opening_name": "italian_game",
        "opening_fen": "r1bqk1nr/pppp1ppp/2n5/2b1p3/2B1P3/5N2/PPPP1PPP/RNBQK2R w KQkq - 4 4",
        "result": "draw",
        "score_a": 0.5,
        "plies": 11,
        "adjudicated": false,
        "player_a_color": "black",
        "player_a_timeouts": 0,
        "player_b_timeouts": 0,
        "player_a_moves": 5,
        "player_b_moves": 6,
        "player_a_crashes": 0,
        "player_b_crashes": 0,
        "response_times_ms": [
          196.51987500003543,
          196.9734580000022,
          196.48200000006,
          196.33812500001113,
          196.746333999954,
          196.4618749999545,
          196.52704200007065,
          196.3300419999996,
          196.5600409999979,
          197.33445800000027,
          196.3087500000711
        ],