{
  "feedback_source": "self_play",
  "summary": {
    "games": 16,
    "wins_a": 2,
    "losses_a": 1,
    "draws": 13,
    "score_a": 8.5,
    "mean_score_a": 0.53125,
    "game_scores_a": [
      0.5,
      0.5,
      0.5,
      0.5,
      1.0,
      1.0,
      0.0,
      0.5,
      0.5,
      0.5,
      0.5,
      0.5,
      0.5,
      0.5,
      0.5,
      0.5
    ],
    "player_a_moves": 142,
    "player_b_moves": 143,
    "player_a_timeouts": 0,
    "player_b_timeouts": 0,
    "player_a_crashes": 0,
    "player_b_crashes": 0,
    "results": [
      {
        "opening_name": "startpos",
        "opening_fen": "rnbqkbnr/pppppppp/8/8/8/8/PPPPPPPP/RNBQKBNR w KQkq - 0 1",
        "result": "draw",
        "score_a": 0.5,
        "plies": 13,
        "adjudicated": false,
        "player_a_color": "white",
        "player_a_timeouts": 0,
        "player_b_timeouts": 0,
        "player_a_moves": 7,
        "player_b_moves": 6,
        "player_a_crashes": 0,
        "player_b_crashes": 0,
        "response_times_ms": [
          196.544916,
          196.040792,
          196.56766599999997,
          196.84891700000006,
          196.90325000000007,
          196.4513750000001,
          196.4304589999999,
          197.90658400000007,
          196.58395800000017,
          196.19433399999986,
          196.38037499999993,
          196.1102079999999,
          196.932334
        ],
        "error": ""
      },
      {
        "opening_name": "startpos",
        "opening_fen": "rnbqkbnr/pppppppp/8/8/8/8/PPPPPPPP/RNBQKBNR w KQkq - 0 1",
        "result": "draw",
        "score_a": 0.5,
        "plies": 13,
        "adjudicated": false,
        "player_a_color": "black",
        "player_a_timeouts": 0,
        "player_b_timeouts": 0,
        "player_a_moves": 6,
        "player_b_moves": 7,
        "player_a_crashes": 0,
        "player_b_crashes": 0,
        "response_times_ms": [
          196.048625,
          196.78091699999987,
          196.39429200000035,
          196.96074999999968,
          196.34070800000015,
          196.1295409999999,
          196.3087080000001,
          196.82904199999916,
          196.20558300000025,
          196.33120799999926,
          196.83483400000057,
          196.79479200000037,
          196.3016660000001
        ],
        "error": ""
      },
      {
        "opening_name": "queens_pawn",
        "opening_fen": "rnbqkbnr/ppp1pppp/8/3p4/3P4/8/PPP1PPPP/RNBQKBNR w KQkq - 0 2",
        "result": "draw",
        "score_a": 0.5,
        "plies": 20,
        "adjudicated": true,
        "player_a_color": "white",
        "player_a_timeouts": 0,
        "player_b_timeouts": 0,
        "player_a_moves": 10,
        "player_b_moves": 10,
        "player_a_crashes": 0,
        "player_b_crashes": 0,
        "response_times_ms": [
          196.34854099999987,
          196.34024999999954,
          196.0657920000006,
          196.05566600000034,
          196.53512500000048,
          196.52320800000035,
          196.1266659999996,
          196.19045800000023,
          196.7648750000004,
          196.33662499999983,
          196.61245799999972,
          196.50191699999996,
          196.4879159999997,
          196.1787080000006,
          196.24116600000008,
          196.64258400000102,
          196.06662500000027,
          196.45637499999856,
          196.0543339999994,
          196.2466249999988
        ],
        "error": ""
      },
      {
        "opening_name": "queens_pawn",
        "opening_fen": "rnbqkbnr/ppp1pppp/8/3p4/3P4/8/PPP1PPPP/RNBQKBNR w KQkq - 0 2",
        "result": "draw",
        "score_a": 0.5,
        "plies": 20,
        "adjudicated": true,
        "player_a_color": "black",
        "player_a_timeouts": 0,
        "player_b_timeouts": 0,
        "player_a_moves": 10,
        "player_b_moves": 10,
        "player_a_crashes": 0,
        "player_b_crashes": 0,
        "response_times_ms": [
          196.56558299999995,
          196.17695800000058,
          196.28320800000054,
          196.68825000000112,
          196.08174999999937,
          196.24083300000095,
          196.59712500000026,
          196.7157499999992,
          196.38433299999923,
          196.53554199999945,
          196.22125000000068,
          196.33491699999973,
          196.40583300000003,
          196.1932080000004,
          196.11725000000035,
          196.3771249999997,
          196.6188750000004,
          196.2937500000006,
          196.20654100000047,
          196.12162499999997
        ],
        "error": ""
      },
      {
        "opening_name": "ruy_lopez",
        "opening_fen": "r1bqkbnr/pppp1ppp/2n5/1B2p3/4P3/5N2/PPPP1PPP/RNBQK2R b KQkq - 3 3",
        "result": "win",
        "score_a": 1.0,
        "plies": 20,
        "adjudicated": true,
        "player_a_color": "white",
        "player_a_timeouts": 0,
        "player_b_timeouts": 0,
        "player_a_moves": 10,
        "player_b_moves": 10,
        "player_a_crashes": 0,
        "player_b_crashes": 0,
        "response_times_ms": [
          196.15566700000107,
          196.13895800000057,
          196.12933300000003,
          196.58387499999998,
          196.4074999999994,
          196.1930830000007,
          196.6074580000008,
          196.1491670000015,
          196.23658300000102,
          198.34562499999998,
          196.20445800000041,
          196.78925000000015,
          196.0929579999995,
          196.02650000000034,
          196.08895900000078,
          196.37975000000196,
          196.3917500000001,
          196.44645899999702,
          199.71720799999915,
          196.03950000000125
        ],
        "error": ""
      },
      {
        "opening_name": "ruy_lopez",
        "opening_fen": "r1bqkbnr/pppp1ppp/2n5/1B2p3/4P3/5N2/PPPP1PPP/RNBQK2R b KQkq - 3 3",
        "result": "win",
        "score_a": 1.0,
        "plies": 20,
        "adjudicated": true,
        "player_a_color": "black",
        "player_a_timeouts": 0,
        "player_b_timeouts": 0,
        "player_a_moves": 10,
        "player_b_moves": 10,
        "player_a_crashes": 0,
        "player_b_crashes": 0,
        "response_times_ms": [
          196.15887500000184,
          196.18754200000055,
          196.083208000001,
          196.06429199999909,
          196.47362499999943,
          196.41545900000068,
          196.66845800000132,
          196.14941700000088,
          196.16654199999672,
          196.12199999999902,
          196.28320800000054,
          196.33970900000008,
          196.28833299999826,
          196.1379170000015,
          196.1283750000007,
          196.264333000002,
          196.1092920000027,
          196.6426659999989,
          196.372874999998,
          196.39000000000095
        ],
        "error": ""
      },
      {
        "opening_name": "italian_game",
        "opening_fen": "r1bqk1nr/pppp1ppp/2n5/2b1p3/2B1P3/5N2/PPPP1PPP/RNBQK2R w KQkq - 4 4",
        "result": "loss",
        "score_a": 0.0,
        "plies": 20,
        "adjudicated": true,
        "player_a_color": "white",
        "player_a_timeouts": 0,
        "player_b_timeouts": 0,
        "player_a_moves": 10,
        "player_b_moves": 10,
        "player_a_crashes": 0,
        "player_b_crashes": 0,
        "response_times_ms": [
          196.79554200000027,
          196.06154199999892,
          196.2173749999998,
          196.94175000000058,
          196.5057080000001,
          198.33249999999936,
          196.2130000000002,
          196.59241700000152,
          196.60770800000194,
          196.3259999999991,
          196.13270800000038,
          196.15770899999774,
          196.1665410000002,
          196.3125419999976,
          198.32404200000298,
          196.23941699999747,
          196.44733299999828,
          196.19591700000072,
          196.37004100000155,
          196.39470899999978
        ],
        "error": ""
      },
      {
        "opening_name": "italian_game",