{
  "feedback_source": "self_play",
  "summary": {
    "games": 16,
    "wins_a": 2,
    "losses_a": 2,
    "draws": 12,
    "score_a": 8.0,
    "mean_score_a": 0.5,
    "game_scores_a": [
      0.5,
      0.5,
      0.0,
      1.0,
      0.5,
      0.5,
      0.5,
      0.5,
      1.0,
      0.0,
      0.5,
      0.5,
      0.5,
      0.5,
      0.5,
      0.5
    ],
    "player_a_moves": 120,
    "player_b_moves": 120,
    "player_a_timeouts": 0,
    "player_b_timeouts": 0,
    "player_a_crashes": 0,
    "player_b_crashes": 0,
    "results": [
      {
        "opening_name": "startpos",
        "opening_fen": "rnbqkbnr/pppppppp/8/8/8/8/PPPPPPPP/RNBQKBNR w KQkq - 0 1",
        "result": "draw",
        "score_a": 0.5,
        "plies": 13,
        "adjudicated": false,
        "player_a_color": "white",
        "player_a_timeouts": 0,
        "player_b_timeouts": 0,
        "player_a_moves": 7,
        "player_b_moves": 6,
        "player_a_crashes": 0,
        "player_b_crashes": 0,
        "response_times_ms": [
          196.1504580000053,
          196.1120830000027,
          196.28525000000252,
          196.07183399999428,
          196.72858399999882,
          196.095083000003,
          196.46987500000535,
          196.10375000000602,
          196.58316599999637,
          196.094666999997,
          196.13287500000354,
          196.21362500001283,
          196.33949999999345
        ],
        "error": ""
      },
      {
        "opening_name": "startpos",
        "opening_fen": "rnbqkbnr/pppppppp/8/8/8/8/PPPPPPPP/RNBQKBNR w KQkq - 0 1",
        "result": "draw",
        "score_a": 0.5,
        "plies": 13,
        "adjudicated": false,
        "player_a_color": "black",
        "player_a_timeouts": 0,
        "player_b_timeouts": 0,
        "player_a_moves": 6,
        "player_b_moves": 7,
        "player_a_crashes": 0,
        "player_b_crashes": 0,
        "response_times_ms": [
          196.21604099999956,
          196.42824999999675,
          196.1549590000118,
          196.45633300000043,
          196.63425000000245,
          196.0337920000086,
          196.40641700000572,
          196.19387500000585,
          196.33045799999138,
          196.3756669999981,
          196.1553330000072,
          196.1732080000047,
          196.18670799999904
        ],
        "error": ""
      },
      {
        "opening_name": "queens_pawn",
        "opening_fen": "rnbqkbnr/ppp1pppp/8/3p4/3P4/8/PPP1PPPP/RNBQKBNR w KQkq - 0 2",
        "result": "loss",
        "score_a": 0.0,
        "plies": 20,
        "adjudicated": true,
        "player_a_color": "white",
        "player_a_timeouts": 0,
        "player_b_timeouts": 0,
        "player_a_moves": 10,
        "player_b_moves": 10,
        "player_a_crashes": 0,
        "player_b_crashes": 0,
        "response_times_ms": [
          196.31741700000305,
          196.57308399999351,
          196.6340830000064,
          196.17754199998672,
          196.47058299999287,
          196.02933299999847,
          196.03629099999864,
          196.0323330000051,
          196.40941699999814,
          196.22191700000258,
          196.261082999996,
          196.18912499998942,
          196.36595800000123,
          196.07308399999113,
          196.14912499999093,
          196.1720420000006,
          196.0713750000025,
          196.19833299999812,
          196.21962499999768,
          196.40995900000746
        ],
        "error": ""
      },
      {
        "opening_name": "queens_pawn",
        "opening_fen": "rnbqkbnr/ppp1pppp/8/3p4/3P4/8/PPP1PPPP/RNBQKBNR w KQkq - 0 2",
        "result": "win",
        "score_a": 1.0,
        "plies": 20,
        "adjudicated": true,
        "player_a_color": "black",
        "player_a_timeouts": 0,
        "player_b_timeouts": 0,
        "player_a_moves": 10,
        "player_b_moves": 10,
        "player_a_crashes": 0,
        "player_b_crashes": 0,
        "response_times_ms": [
          196.52829199999644,
          196.53241700000024,
          196.0446659999917,
          196.61083399999768,
          196.10575000000097,
          196.25645799999347,
          196.1291249999988,
          196.17016699999112,
          196.03408400000433,
          196.03645899999833,
          196.07433400000218,
          196.14983299999267,
          196.13812499999028,
          196.47329100000377,
          196.58133299999747,
          196.1995410000128,
          196.35791700000027,
          196.12195899999563,
          196.08237500000314,
          196.27404199999887
        ],
        "error": ""
      },
      {
        "opening_name": "ruy_lopez",
        "opening_fen": "r1bqkbnr/pppp1ppp/2n5/1B2p3/4P3/5N2/PPPP1PPP/RNBQK2R b KQkq - 3 3",
        "result": "draw",
        "score_a": 0.5,
        "plies": 17,
        "adjudicated": false,
        "player_a_color": "white",
        "player_a_timeouts": 0,
        "player_b_timeouts": 0,
        "player_a_moves": 8,
        "player_b_moves": 9,
        "player_a_crashes": 0,
        "player_b_crashes": 0,
        "response_times_ms": [
          196.3513750000061,
          196.29558300000838,
          196.580792000006,
          196.23699999999644,
          196.1767089999995,
          196.22454199999595,
          196.2209170000051,
          196.125416000001,
          196.2211249999939,
          196.33741699999518,
          196.19983399999796,
          196.08995900000536,
          196.3766249999992,
          196.24470799999472,
          196.09491699999637,
          196.02991700000416,
          196.3034580000027
        ],
        "error": ""
      },
      {
        "opening_name": "ruy_lopez",
        "opening_fen": "r1bqkbnr/pppp1ppp/2n5/1B2p3/4P3/5N2/PPPP1PPP/RNBQK2R b KQkq - 3 3",
        "result": "draw",
        "score_a": 0.5,
        "plies": 15,
        "adjudicated": false,
        "player_a_color": "black",
        "player_a_timeouts": 0,
        "player_b_timeouts": 0,
        "player_a_moves": 8,
        "player_b_moves": 7,
        "player_a_crashes": 0,
        "player_b_crashes": 0,
        "response_times_ms": [
          196.05487500000152,
          196.09745900000064,
          196.59270799999717,
          196.40995800000383,
          196.26379199999633,
          196.40833300000793,
          196.68324999999243,
          196.14370799999392,
          196.6157919999887,
          196.3174159999994,
          196.2425410000037,
          196.4487919999982,
          196.09483399999306,
          196.13024999999595,
          196.19975000000522
        ],
        "error": ""
      },
      {
        "opening_name": "italian_game",
        "opening_fen": "r1bqk1nr/pppp1ppp/2n5/2b1p3/2B1P3/5N2/PPPP1PPP/RNBQK2R w KQkq - 4 4",
        "result": "draw",
        "score_a": 0.5,
        "plies": 11,
        "adjudicated": false,
        "player_a_color": "white",
        "player_a_timeouts": 0,
        "player_b_timeouts": 0,
        "player_a_moves": 6,
        "player_b_moves": 5,
        "player_a_crashes": 0,
        "player_b_crashes": 0,
        "response_times_ms": [
          196.33379200000434,
          196.09124999999494,
          196.1879579999959,
          196.2185420000111,
          196.17316699999776,
          196.3878749999992,
          196.24583299999188,
          196.0539170000004,
          196.55145800000184,
          196.11320799999987,
          196.20633299999213
        ],
        "error": ""
      },
      {
        "opening_name": "italian_game",
        "opening_fen": "r1bqk1nr/pppp1ppp/2n5/2b1p3/2B1P3/5N2/PPPP1PPP/RNBQK2R w KQkq - 4 4",
        "result": "draw",
        "score_a": 0.5,
        "plies": 11,
        "adjudicated": false,
        "player_a_color": "black",
        "player_a_timeouts": 0,
        "player_b_timeouts": 0,
        "player_a_moves": 5,
        "player_b_moves": 6,
        "player_a_crashes": 0,
        "player_b_crashes": 0,