{
  "feedback_source": "self_play",
  "summary": {
    "games": 16,
    "wins_a": 2,
    "losses_a": 2,
    "draws": 12,
    "score_a": 8.0,
    "mean_score_a": 0.5,
    "game_scores_a": [
      0.5,
      0.5,
      0.0,
      1.0,
      0.5,
      0.5,
      0.5,
      0.5,
      1.0,
      0.0,
      0.5,
      0.5,
      0.5,
      0.5,
      0.5,
      0.5
    ],
    "player_a_moves": 121,
    "player_b_moves": 121,
    "player_a_timeouts": 0,
    "player_b_timeouts": 0,
    "player_a_crashes": 0,
    "player_b_crashes": 0,
    "results": [
      {
        "opening_name": "startpos",
        "opening_fen": "rnbqkbnr/pppppppp/8/8/8/8/PPPPPPPP/RNBQKBNR w KQkq - 0 1",
        "result": "draw",
        "score_a": 0.5,
        "plies": 13,
        "adjudicated": false,
        "player_a_color": "white",
        "player_a_timeouts": 0,
        "player_b_timeouts": 0,
        "player_a_moves": 7,
        "player_b_moves": 6,
        "player_a_crashes": 0,
        "player_b_crashes": 0,
        "response_times_ms": [
          196.16633300000004,
          196.37183400000004,
          196.37950000000004,
          196.14724999999999,
          196.72887500000002,
          196.14537499999994,
          196.65750000000014,
          196.08229200000005,
          196.31675000000004,
          196.27099999999987,
          196.34933399999977,
          196.4451669999998,
          196.12912499999968
        ],
        "error": ""
      },
      {
        "opening_name": "startpos",
        "opening_fen": "rnbqkbnr/pppppppp/8/8/8/8/PPPPPPPP/RNBQKBNR w KQkq - 0 1",
        "result": "draw",
        "score_a": 0.5,
        "plies": 13,
        "adjudicated": false,
        "player_a_color": "black",
        "player_a_timeouts": 0,
        "player_b_timeouts": 0,
        "player_a_moves": 6,
        "player_b_moves": 7,
        "player_a_crashes": 0,
        "player_b_crashes": 0,
        "response_times_ms": [
          196.2398750000003,
          196.17870800000014,
          196.09266600000018,
          196.07558300000028,
          196.28125000000017,
          196.23599999999985,
          196.3723329999998,
          196.57779200000024,
          196.30795900000032,
          196.0585830000001,
          196.16324999999966,
          196.15229200000073,
          196.16420899999997
        ],
        "error": ""
      },
      {
        "opening_name": "queens_pawn",
        "opening_fen": "rnbqkbnr/ppp1pppp/8/3p4/3P4/8/PPP1PPPP/RNBQKBNR w KQkq - 0 2",
        "result": "loss",
        "score_a": 0.0,
        "plies": 20,
        "adjudicated": true,
        "player_a_color": "white",
        "player_a_timeouts": 0,
        "player_b_timeouts": 0,
        "player_a_moves": 10,
        "player_b_moves": 10,
        "player_a_crashes": 0,
        "player_b_crashes": 0,
        "response_times_ms": [
          196.43975000000057,
          196.24645800000008,
          196.60004200000003,
          196.12087500000007,
          196.30791700000037,
          196.7757920000004,
          196.1905830000008,
          196.24583299999986,
          196.5868749999995,
          196.08312500000036,
          196.27349999999933,
          196.1349170000002,
          196.3949170000001,
          196.0568339999993,
          196.09574999999955,
          196.35512500000019,
          196.29600000000025,
          196.03258300000093,
          196.55874999999946,
          196.0795829999995
        ],
        "error": ""
      },
      {
        "opening_name": "queens_pawn",
        "opening_fen": "rnbqkbnr/ppp1pppp/8/3p4/3P4/8/PPP1PPPP/RNBQKBNR w KQkq - 0 2",
        "result": "win",
        "score_a": 1.0,
        "plies": 20,
        "adjudicated": true,
        "player_a_color": "black",
        "player_a_timeouts": 0,
        "player_b_timeouts": 0,
        "player_a_moves": 10,
        "player_b_moves": 10,
        "player_a_crashes": 0,
        "player_b_crashes": 0,
        "response_times_ms": [
          196.36970800000063,
          196.46620900000045,
          196.03420899999867,
          196.7188750000002,
          196.23195799999849,
          196.22587499999966,
          196.15166700000054,
          196.15870800000044,
          196.03887500000104,
          196.04945800000095,
          196.30654200000032,
          196.23925000000142,
          196.59166699999986,
          196.0620829999993,
          196.2449169999996,
          196.12933300000003,
          196.55379099999948,
          196.20137499999936,
          196.0513749999997,
          196.1974160000004
        ],
        "error": ""
      },
      {
        "opening_name": "ruy_lopez",
        "opening_fen": "r1bqkbnr/pppp1ppp/2n5/1B2p3/4P3/5N2/PPPP1PPP/RNBQK2R b KQkq - 3 3",
        "result": "draw",
        "score_a": 0.5,
        "plies": 17,
        "adjudicated": false,
        "player_a_color": "white",
        "player_a_timeouts": 0,
        "player_b_timeouts": 0,
        "player_a_moves": 8,
        "player_b_moves": 9,
        "player_a_crashes": 0,
        "player_b_crashes": 0,
        "response_times_ms": [
          196.355582999999,
          196.46558300000015,
          196.25133300000107,
          196.53370799999868,
          196.35879100000153,
          196.21995800000036,
          196.55583299999967,
          196.13870799999944,
          196.21458299999972,
          196.1918340000004,
          196.1025000000003,
          196.03945799999957,
          196.16029099999997,
          196.10491600000125,
          196.05766599999976,
          196.3437920000004,
          196.08591700000133
        ],
        "error": ""
      },
      {
        "opening_name": "ruy_lopez",
        "opening_fen": "r1bqkbnr/pppp1ppp/2n5/1B2p3/4P3/5N2/PPPP1PPP/RNBQK2R b KQkq - 3 3",
        "result": "draw",
        "score_a": 0.5,
        "plies": 17,
        "adjudicated": false,
        "player_a_color": "black",
        "player_a_timeouts": 0,
        "player_b_timeouts": 0,
        "player_a_moves": 9,
        "player_b_moves": 8,
        "player_a_crashes": 0,
        "player_b_crashes": 0,
        "response_times_ms": [
          196.1145420000001,
          196.52974999999984,
          196.12791700000187,
          196.23954199999716,
          196.06212500000098,
          196.033749999998,
          196.32920800000164,
          196.190541,
          196.19279100000142,
          196.1293330000018,
          196.55358300000003,
          196.32708399999999,
          196.33183300000212,
          196.14800000000088,
          196.06633299999743,
          196.10941699999884,
          196.34299999999882
        ],
        "error": ""
      },
      {
        "opening_name": "italian_game",
        "opening_fen": "r1bqk1nr/pppp1ppp/2n5/2b1p3/2B1P3/5N2/PPPP1PPP/RNBQK2R w KQkq - 4 4",
        "result": "draw",
        "score_a": 0.5,
        "plies": 11,
        "adjudicated": false,
        "player_a_color": "white",
        "player_a_timeouts": 0,
        "player_b_timeouts": 0,
        "player_a_moves": 6,
        "player_b_moves": 5,
        "player_a_crashes": 0,
        "player_b_crashes": 0,
        "response_times_ms": [
          196.09329200000047,
          196.45654199999996,
          196.0303329999995,
          196.55954099999917,
          196.27637500000006,
          196.08433299999817,
          196.1517079999986,
          196.66337499999997,
          196.1458339999993,
          196.1567500000001,
          196.25074999999725
        ],
        "error": ""
      },
      {
        "opening_name": "italian_game",
        "opening_fen": "r1bqk1nr/pppp1ppp/2n5/2b1p3/2B1P3/5N2/PPPP1PPP/RNBQK2R w KQkq - 4 4",
        "result": "draw",
        "score_a": 0.5,
        "plies": 11,
        "adjudicated": false,
        "player_a_color": "black",
        "player_a_timeouts": 0,
        "player_b_timeouts": 0,
        "player_a_moves": 5,
        "player_b_moves": 6,
        "player_a_crashes": 0,
        "player_b_crashes": 0,