{
  "feedback_source": "self_play",
  "summary": {
    "games": 16,
    "wins_a": 1,
    "losses_a": 1,
    "draws": 14,
    "score_a": 8.0,
    "mean_score_a": 0.5,
    "game_scores_a": [
      0.5,
      0.5,
      0.0,
      1.0,
      0.5,
      0.5,
      0.5,
      0.5,
      0.5,
      0.5,
      0.5,
      0.5,
      0.5,
      0.5,
      0.5,
      0.5
    ],
    "player_a_moves": 108,
    "player_b_moves": 108,
    "player_a_timeouts": 0,
    "player_b_timeouts": 0,
    "player_a_crashes": 0,
    "player_b_crashes": 0,
    "results": [
      {
        "opening_name": "startpos",
        "opening_fen": "rnbqkbnr/pppppppp/8/8/8/8/PPPPPPPP/RNBQKBNR w KQkq - 0 1",
        "result": "draw",
        "score_a": 0.5,
        "plies": 13,
        "adjudicated": false,
        "player_a_color": "white",
        "player_a_timeouts": 0,
        "player_b_timeouts": 0,
        "player_a_moves": 7,
        "player_b_moves": 6,
        "player_a_crashes": 0,
        "player_b_crashes": 0,
        "response_times_ms": [
          196.37862500000003,
          196.085542,
          196.09695799999994,
          196.10837499999988,
          196.12537500000005,
          196.1999160000001,
          196.0774999999999,
          196.34825,
          196.0988749999999,
          196.29312499999995,
          196.4548330000002,
          196.44929200000004,
          196.18437500000007
        ],
        "error": ""
      },
      {
        "opening_name": "startpos",
        "opening_fen": "rnbqkbnr/pppppppp/8/8/8/8/PPPPPPPP/RNBQKBNR w KQkq - 0 1",
        "result": "draw",
        "score_a": 0.5,
        "plies": 13,
        "adjudicated": false,
        "player_a_color": "black",
        "player_a_timeouts": 0,
        "player_b_timeouts": 0,
        "player_a_moves": 6,
        "player_b_moves": 7,
        "player_a_crashes": 0,
        "player_b_crashes": 0,
        "response_times_ms": [
          196.42008300000003,
          196.2146250000001,
          196.0715000000004,
          196.10100000000008,
          196.3048340000002,
          196.0333329999999,
          196.1523750000005,
          196.2661249999993,
          196.7278340000007,
          196.1335000000002,
          196.6677910000003,
          196.5417090000008,
          196.38829199999998
        ],
        "error": ""
      },
      {
        "opening_name": "queens_pawn",
        "opening_fen": "rnbqkbnr/ppp1pppp/8/3p4/3P4/8/PPP1PPPP/RNBQKBNR w KQkq - 0 2",
        "result": "loss",
        "score_a": 0.0,
        "plies": 20,
        "adjudicated": true,
        "player_a_color": "white",
        "player_a_timeouts": 0,
        "player_b_timeouts": 0,
        "player_a_moves": 10,
        "player_b_moves": 10,
        "player_a_crashes": 0,
        "player_b_crashes": 0,
        "response_times_ms": [
          196.53029199999938,
          196.41991700000005,
          196.35550000000012,
          196.09020800000022,
          196.21875000000077,
          196.02270899999928,
          196.48850000000007,
          196.12658399999992,
          196.08250000000015,
          196.17066699999964,
          196.39400000000063,
          196.2390419999993,
          196.15591699999956,
          196.19508299999922,
          196.2688330000013,
          196.295417,
          196.20120899999984,
          196.4747090000003,
          196.08775000000023,
          196.119083000001
        ],
        "error": ""
      },
      {
        "opening_name": "queens_pawn",
        "opening_fen": "rnbqkbnr/ppp1pppp/8/3p4/3P4/8/PPP1PPPP/RNBQKBNR w KQkq - 0 2",
        "result": "win",
        "score_a": 1.0,
        "plies": 20,
        "adjudicated": true,
        "player_a_color": "black",
        "player_a_timeouts": 0,
        "player_b_timeouts": 0,
        "player_a_moves": 10,
        "player_b_moves": 10,
        "player_a_crashes": 0,
        "player_b_crashes": 0,
        "response_times_ms": [
          196.36445800000146,
          196.62675000000007,
          196.14887500000043,
          196.33691599999992,
          196.137083,
          196.67816699999997,
          196.33641699999947,
          196.24954200000033,
          196.03212499999856,
          196.27141700000016,
          196.05195799999996,
          196.18333399999875,
          196.22337499999887,
          196.0939159999988,
          196.221125000001,
          196.08370899999983,
          196.08033299999937,
          196.52062499999977,
          196.3222920000014,
          196.07979199999903
        ],
        "error": ""
      },
      {
        "opening_name": "ruy_lopez",
        "opening_fen": "r1bqkbnr/pppp1ppp/2n5/1B2p3/4P3/5N2/PPPP1PPP/RNBQK2R b KQkq - 3 3",
        "result": "draw",
        "score_a": 0.5,
        "plies": 11,
        "adjudicated": false,
        "player_a_color": "white",
        "player_a_timeouts": 0,
        "player_b_timeouts": 0,
        "player_a_moves": 5,
        "player_b_moves": 6,
        "player_a_crashes": 0,
        "player_b_crashes": 0,
        "response_times_ms": [
          196.4310840000003,
          196.3211659999988,
          196.22850000000014,
          196.1143750000005,
          196.30829199999943,
          196.10241700000051,
          196.0344169999999,
          196.2494579999987,
          196.48712499999908,
          196.4238339999991,
          196.1266669999997
        ],
        "error": ""
      },
      {
        "opening_name": "ruy_lopez",
        "opening_fen": "r1bqkbnr/pppp1ppp/2n5/1B2p3/4P3/5N2/PPPP1PPP/RNBQK2R b KQkq - 3 3",
        "result": "draw",
        "score_a": 0.5,
        "plies": 11,
        "adjudicated": false,
        "player_a_color": "black",
        "player_a_timeouts": 0,
        "player_b_timeouts": 0,
        "player_a_moves": 6,
        "player_b_moves": 5,
        "player_a_crashes": 0,
        "player_b_crashes": 0,
        "response_times_ms": [
          196.11741699999996,
          196.27916600000006,
          196.33074999999957,
          196.1383750000003,
          196.19691600000166,
          196.31591699999973,
          196.19974999999812,
          196.10529200000215,
          196.39825000000144,
          196.32404100000045,
          196.13741700000276
        ],
        "error": ""
      },
      {
        "opening_name": "italian_game",
        "opening_fen": "r1bqk1nr/pppp1ppp/2n5/2b1p3/2B1P3/5N2/PPPP1PPP/RNBQK2R w KQkq - 4 4",
        "result": "draw",
        "score_a": 0.5,
        "plies": 11,
        "adjudicated": false,
        "player_a_color": "white",
        "player_a_timeouts": 0,
        "player_b_timeouts": 0,
        "player_a_moves": 6,
        "player_b_moves": 5,
        "player_a_crashes": 0,
        "player_b_crashes": 0,
        "response_times_ms": [
          196.19529199999874,
          196.567083999998,
          196.2061249999998,
          196.87470900000292,
          196.1642089999991,
          196.11754199999964,
          196.11433300000058,
          196.27170800000115,
          196.10037500000033,
          196.30633300000255,
          196.19204099999976
        ],
        "error": ""
      },
      {
        "opening_name": "italian_game",
        "opening_fen": "r1bqk1nr/pppp1ppp/2n5/2b1p3/2B1P3/5N2/PPPP1PPP/RNBQK2R w KQkq - 4 4",
        "result": "draw",
        "score_a": 0.5,
        "plies": 11,
        "adjudicated": false,
        "player_a_color": "black",
        "player_a_timeouts": 0,
        "player_b_timeouts": 0,
        "player_a_moves": 5,
        "player_b_moves": 6,
        "player_a_crashes": 0,
        "player_b_crashes": 0,
        "response_times_ms": [
          196.1737499999998,
          196.1059160000005,
          196.0632920000016,
          196.27966700000243,
          196.2145409999998,
          196.22583399999982,
          196.28908299999992,
          196.6614170000014,
          196.03825000000086,
          196.72395799999975,
          196.07300000000194
        ],