{
  "feedback_source": "self_play",
  "summary": {
    "games": 16,
    "wins_a": 2,
    "losses_a": 2,
    "draws": 12,
    "score_a": 8.0,
    "mean_score_a": 0.5,
    "game_scores_a": [
      0.5,
      0.5,
      0.0,
      1.0,
      0.5,
      0.5,
      0.5,
      0.5,
      1.0,
      0.0,
      0.5,
      0.5,
      0.5,
      0.5,
      0.5,
      0.5
    ],
    "player_a_moves": 121,
    "player_b_moves": 121,
    "player_a_timeouts": 0,
    "player_b_timeouts": 0,
    "player_a_crashes": 0,
    "player_b_crashes": 0,
    "results": [
      {
        "opening_name": "startpos",
        "opening_fen": "rnbqkbnr/pppppppp/8/8/8/8/PPPPPPPP/RNBQKBNR w KQkq - 0 1",
        "result": "draw",
        "score_a": 0.5,
        "plies": 13,
        "adjudicated": false,
        "player_a_color": "white",
        "player_a_timeouts": 0,
        "player_b_timeouts": 0,
        "player_a_moves": 7,
        "player_b_moves": 6,
        "player_a_crashes": 0,
        "player_b_crashes": 0,
        "response_times_ms": [
          196.09295800000837,
          196.3642919999984,
          196.3317499999846,
          196.30158300000744,
          196.63487500000087,
          196.40333300000634,
          196.11574999998993,
          196.08650000000694,
          196.1247920000062,
          196.25750000000153,
          197.95858400001975,
          196.20391600000175,
          196.1478750000083
        ],
        "error": ""
      },
      {
        "opening_name": "startpos",
        "opening_fen": "rnbqkbnr/pppppppp/8/8/8/8/PPPPPPPP/RNBQKBNR w KQkq - 0 1",
        "result": "draw",
        "score_a": 0.5,
        "plies": 13,
        "adjudicated": false,
        "player_a_color": "black",
        "player_a_timeouts": 0,
        "player_b_timeouts": 0,
        "player_a_moves": 6,
        "player_b_moves": 7,
        "player_a_crashes": 0,
        "player_b_crashes": 0,
        "response_times_ms": [
          196.22279199998616,
          196.2453749999895,
          196.47849999998357,
          196.5302920000056,
          196.57512500000962,
          196.39925000001313,
          196.25475000000847,
          196.20116699999812,
          196.29208399999243,
          196.21175000000335,
          196.28983300000868,
          196.09533300001658,
          196.17212500000392
        ],
        "error": ""
      },
      {
        "opening_name": "queens_pawn",
        "opening_fen": "rnbqkbnr/ppp1pppp/8/3p4/3P4/8/PPP1PPPP/RNBQKBNR w KQkq - 0 2",
        "result": "loss",
        "score_a": 0.0,
        "plies": 20,
        "adjudicated": true,
        "player_a_color": "white",
        "player_a_timeouts": 0,
        "player_b_timeouts": 0,
        "player_a_moves": 10,
        "player_b_moves": 10,
        "player_a_crashes": 0,
        "player_b_crashes": 0,
        "response_times_ms": [
          196.08800000000315,
          196.41512499998726,
          196.20450000002165,
          196.18654200002084,
          196.4577919999897,
          196.52187500000196,
          196.21808299999088,
          196.1647920000189,
          196.08958300000268,
          196.20308300000033,
          196.7135419999977,
          196.46495800000707,
          196.2328330000105,
          196.10695899999087,
          196.0331659999781,
          196.0815410000123,
          196.0648750000189,
          196.08645899998578,
          196.04787499997656,
          196.1067910000054
        ],
        "error": ""
      },
      {
        "opening_name": "queens_pawn",
        "opening_fen": "rnbqkbnr/ppp1pppp/8/3p4/3P4/8/PPP1PPPP/RNBQKBNR w KQkq - 0 2",
        "result": "win",
        "score_a": 1.0,
        "plies": 20,
        "adjudicated": true,
        "player_a_color": "black",
        "player_a_timeouts": 0,
        "player_b_timeouts": 0,
        "player_a_moves": 10,
        "player_b_moves": 10,
        "player_a_crashes": 0,
        "player_b_crashes": 0,
        "response_times_ms": [
          196.52187500000196,
          196.0744170000055,
          196.05508300000452,
          196.06575000000248,
          196.06833400001733,
          196.0417499999778,
          196.27883399999746,
          196.05720799998494,
          196.31804099998362,
          196.08875000000126,
          196.13220900001238,
          196.2275420000026,
          196.06070899999395,
          196.03574999999296,
          196.25033299999473,
          196.12441600000352,
          196.32554200001096,
          196.05308300000956,
          196.20366600000239,
          196.14541599997892
        ],
        "error": ""
      },
      {
        "opening_name": "ruy_lopez",
        "opening_fen": "r1bqkbnr/pppp1ppp/2n5/1B2p3/4P3/5N2/PPPP1PPP/RNBQK2R b KQkq - 3 3",
        "result": "draw",
        "score_a": 0.5,
        "plies": 17,
        "adjudicated": false,
        "player_a_color": "white",
        "player_a_timeouts": 0,
        "player_b_timeouts": 0,
        "player_a_moves": 8,
        "player_b_moves": 9,
        "player_a_crashes": 0,
        "player_b_crashes": 0,
        "response_times_ms": [
          196.46970799999508,
          196.03679200000101,
          196.18116699999177,
          196.3394160000007,
          196.19116699999495,
          196.05533299997546,
          196.17866600000866,
          196.25454199999126,
          196.59275000000775,
          196.24154199999566,
          196.32258300001126,
          196.33808300000055,
          196.67470899997852,
          196.42766600000527,
          196.1381250000045,
          196.25600000000532,
          196.44937499998605
        ],
        "error": ""
      },
      {
        "opening_name": "ruy_lopez",
        "opening_fen": "r1bqkbnr/pppp1ppp/2n5/1B2p3/4P3/5N2/PPPP1PPP/RNBQK2R b KQkq - 3 3",
        "result": "draw",
        "score_a": 0.5,
        "plies": 17,
        "adjudicated": false,
        "player_a_color": "black",
        "player_a_timeouts": 0,
        "player_b_timeouts": 0,
        "player_a_moves": 9,
        "player_b_moves": 8,
        "player_a_crashes": 0,
        "player_b_crashes": 0,
        "response_times_ms": [
          196.48679200000174,
          196.03608300002406,
          196.316166999992,
          196.45850000000564,
          196.6325839999854,
          196.17249999998876,
          196.06429199998843,
          196.07374999998228,
          196.31775000001994,
          196.18270799998072,
          196.36020900000517,
          196.3943749999828,
          196.22883299999216,
          196.37245900000266,
          196.1816669999905,
          196.22995800000353,
          196.13058400000227
        ],
        "error": ""
      },
      {
        "opening_name": "italian_game",
        "opening_fen": "r1bqk1nr/pppp1ppp/2n5/2b1p3/2B1P3/5N2/PPPP1PPP/RNBQK2R w KQkq - 4 4",
        "result": "draw",
        "score_a": 0.5,
        "plies": 11,
        "adjudicated": false,
        "player_a_color": "white",
        "player_a_timeouts": 0,
        "player_b_timeouts": 0,
        "player_a_moves": 6,
        "player_b_moves": 5,
        "player_a_crashes": 0,
        "player_b_crashes": 0,
        "response_times_ms": [
          196.5872920000038,
          196.25725000000216,
          196.28491700001405,
          196.2158340000144,
          196.49091699997712,
          196.52412499999627,
          196.37995899998373,
          196.5053750000152,
          196.33349999998018,
          196.24525000000403,
          196.35058400001526
        ],
        "error": ""
      },
      {
        "opening_name": "italian_game",
        "opening_fen": "r1bqk1nr/pppp1ppp/2n5/2b1p3/2B1P3/5N2/PPPP1PPP/RNBQK2R w KQkq - 4 4",
        "result": "draw",
        "score_a": 0.5,
        "plies": 11,
        "adjudicated": false,
        "player_a_color": "black",
        "player_a_timeouts": 0,
        "player_b_timeouts": 0,
        "player_a_moves": 5,
        "player_b_moves": 6,
        "player_a_crashes": 0,
        "player_b_crashes": 0,