{
  "feedback_source": "self_play",
  "summary": {
    "games": 16,
    "wins_a": 2,
    "losses_a": 2,
    "draws": 12,
    "score_a": 8.0,
    "mean_score_a": 0.5,
    "game_scores_a": [
      0.5,
      0.5,
      0.0,
      1.0,
      0.5,
      0.5,
      0.5,
      0.5,
      1.0,
      0.0,
      0.5,
      0.5,
      0.5,
      0.5,
      0.5,
      0.5
    ],
    "player_a_moves": 121,
    "player_b_moves": 121,
    "player_a_timeouts": 0,
    "player_b_timeouts": 0,
    "player_a_crashes": 0,
    "player_b_crashes": 0,
    "results": [
      {
        "opening_name": "startpos",
        "opening_fen": "rnbqkbnr/pppppppp/8/8/8/8/PPPPPPPP/RNBQKBNR w KQkq - 0 1",
        "result": "draw",
        "score_a": 0.5,
        "plies": 13,
        "adjudicated": false,
        "player_a_color": "white",
        "player_a_timeouts": 0,
        "player_b_timeouts": 0,
        "player_a_moves": 7,
        "player_b_moves": 6,
        "player_a_crashes": 0,
        "player_b_crashes": 0,
        "response_times_ms": [
          196.17533299999934,
          196.20537499999102,
          196.27824999999177,
          196.2501669999881,
          196.56166699999744,
          196.5776250000033,
          196.4490000000012,
          196.64550000000247,
          196.31254200000114,
          196.40962500000114,
          196.6037500000084,
          196.56170900000802,
          196.83066599999677
        ],
        "error": ""
      },
      {
        "opening_name": "startpos",
        "opening_fen": "rnbqkbnr/pppppppp/8/8/8/8/PPPPPPPP/RNBQKBNR w KQkq - 0 1",
        "result": "draw",
        "score_a": 0.5,
        "plies": 13,
        "adjudicated": false,
        "player_a_color": "black",
        "player_a_timeouts": 0,
        "player_b_timeouts": 0,
        "player_a_moves": 6,
        "player_b_moves": 7,
        "player_a_crashes": 0,
        "player_b_crashes": 0,
        "response_times_ms": [
          196.08333300000425,
          196.28187500001104,
          196.21420800000067,
          196.30408300000113,
          196.2909169999989,
          196.16216700001132,
          196.25720900000942,
          196.21670800000857,
          196.39970800000128,
          196.3322919999939,
          196.19558300000506,
          196.43662499998982,
          196.33583300000623
        ],
        "error": ""
      },
      {
        "opening_name": "queens_pawn",
        "opening_fen": "rnbqkbnr/ppp1pppp/8/3p4/3P4/8/PPP1PPPP/RNBQKBNR w KQkq - 0 2",
        "result": "loss",
        "score_a": 0.0,
        "plies": 20,
        "adjudicated": true,
        "player_a_color": "white",
        "player_a_timeouts": 0,
        "player_b_timeouts": 0,
        "player_a_moves": 10,
        "player_b_moves": 10,
        "player_a_crashes": 0,
        "player_b_crashes": 0,
        "response_times_ms": [
          196.14908299999456,
          196.3693750000033,
          196.26158300000895,
          196.57654099999888,
          196.10775000001013,
          196.32799999999406,
          196.3210419999939,
          196.3101659999893,
          196.3295000000045,
          196.20462500000713,
          196.4570420000058,
          196.07100000000344,
          196.11358299999893,
          196.03545799999722,
          196.39433400000428,
          206.47916599999405,
          196.68649999999843,
          196.24045800000545,
          196.2087499999967,
          196.37091699999587
        ],
        "error": ""
      },
      {
        "opening_name": "queens_pawn",
        "opening_fen": "rnbqkbnr/ppp1pppp/8/3p4/3P4/8/PPP1PPPP/RNBQKBNR w KQkq - 0 2",
        "result": "win",
        "score_a": 1.0,
        "plies": 20,
        "adjudicated": true,
        "player_a_color": "black",
        "player_a_timeouts": 0,
        "player_b_timeouts": 0,
        "player_a_moves": 10,
        "player_b_moves": 10,
        "player_a_crashes": 0,
        "player_b_crashes": 0,
        "response_times_ms": [
          196.25225000000057,
          196.34083399999724,
          196.42187499999864,
          196.4825000000019,
          196.52487499999438,
          196.3587500000017,
          196.13866599999596,
          196.40775000000588,
          196.2106250000062,
          196.03399999999738,
          196.5807919999918,
          196.0784170000096,
          196.31991699999674,
          196.06362499999364,
          196.0646670000017,
          196.12654099999816,
          196.04150000000686,
          196.15983299999584,
          196.06600000000185,
          196.14412500000356
        ],
        "error": ""
      },
      {
        "opening_name": "ruy_lopez",
        "opening_fen": "r1bqkbnr/pppp1ppp/2n5/1B2p3/4P3/5N2/PPPP1PPP/RNBQK2R b KQkq - 3 3",
        "result": "draw",
        "score_a": 0.5,
        "plies": 17,
        "adjudicated": false,
        "player_a_color": "white",
        "player_a_timeouts": 0,
        "player_b_timeouts": 0,
        "player_a_moves": 8,
        "player_b_moves": 9,
        "player_a_crashes": 0,
        "player_b_crashes": 0,
        "response_times_ms": [
          196.20533299999465,
          196.54374999998936,
          196.50587499999972,
          196.07750000000124,
          196.1535829999974,
          196.60270899998977,
          196.23770799999818,
          196.2065000000024,
          196.17166700000155,
          196.08041600000092,
          196.07512500000723,
          196.48866599999337,
          196.3622909999998,
          196.34262499999977,
          196.0482090000113,
          196.4881250000019,
          196.37312500000803
        ],
        "error": ""
      },
      {
        "opening_name": "ruy_lopez",
        "opening_fen": "r1bqkbnr/pppp1ppp/2n5/1B2p3/4P3/5N2/PPPP1PPP/RNBQK2R b KQkq - 3 3",
        "result": "draw",
        "score_a": 0.5,
        "plies": 17,
        "adjudicated": false,
        "player_a_color": "black",
        "player_a_timeouts": 0,
        "player_b_timeouts": 0,
        "player_a_moves": 9,
        "player_b_moves": 8,
        "player_a_crashes": 0,
        "player_b_crashes": 0,
        "response_times_ms": [
          196.02641599999515,
          196.03999999999644,
          196.26983300000234,
          196.17533299999934,
          196.16762500000107,
          196.41070899999136,
          196.0949999999997,
          196.21175000000335,
          196.16970900000297,
          196.27729100000124,
          196.44887500000152,
          196.02233299998773,
          196.17087499999286,
          196.10566699999765,
          196.13174999999217,
          196.4388340000056,
          196.07304199999476
        ],
        "error": ""
      },
      {
        "opening_name": "italian_game",
        "opening_fen": "r1bqk1nr/pppp1ppp/2n5/2b1p3/2B1P3/5N2/PPPP1PPP/RNBQK2R w KQkq - 4 4",
        "result": "draw",
        "score_a": 0.5,
        "plies": 11,
        "adjudicated": false,
        "player_a_color": "white",
        "player_a_timeouts": 0,
        "player_b_timeouts": 0,
        "player_a_moves": 6,
        "player_b_moves": 5,
        "player_a_crashes": 0,
        "player_b_crashes": 0,
        "response_times_ms": [
          196.29874999999686,
          196.29862499999717,
          196.1128749999972,
          196.17966700000977,
          196.25483299999757,
          196.7406250000039,
          196.22770800000922,
          196.11650000000225,
          196.1267500000048,
          196.19441600001153,
          196.08979100000568
        ],
        "error": ""
      },
      {
        "opening_name": "italian_game",
        "opening_fen": "r1bqk1nr/pppp1ppp/2n5/2b1p3/2B1P3/5N2/PPPP1PPP/RNBQK2R w KQkq - 4 4",
        "result": "draw",
        "score_a": 0.5,
        "plies": 11,
        "adjudicated": false,
        "player_a_color": "black",
        "player_a_timeouts": 0,
        "player_b_timeouts": 0,
        "player_a_moves": 5,
        "player_b_moves": 6,
        "player_a_crashes": 0,
        "player_b_crashes": 0,