{
  "feedback_source": "self_play",
  "summary": {
    "games": 16,
    "wins_a": 1,
    "losses_a": 1,
    "draws": 14,
    "score_a": 8.0,
    "mean_score_a": 0.5,
    "game_scores_a": [
      0.5,
      0.5,
      0.0,
      1.0,
      0.5,
      0.5,
      0.5,
      0.5,
      0.5,
      0.5,
      0.5,
      0.5,
      0.5,
      0.5,
      0.5,
      0.5
    ],
    "player_a_moves": 121,
    "player_b_moves": 121,
    "player_a_timeouts": 0,
    "player_b_timeouts": 0,
    "player_a_crashes": 0,
    "player_b_crashes": 0,
    "results": [
      {
        "opening_name": "startpos",
        "opening_fen": "rnbqkbnr/pppppppp/8/8/8/8/PPPPPPPP/RNBQKBNR w KQkq - 0 1",
        "result": "draw",
        "score_a": 0.5,
        "plies": 13,
        "adjudicated": false,
        "player_a_color": "white",
        "player_a_timeouts": 0,
        "player_b_timeouts": 0,
        "player_a_moves": 7,
        "player_b_moves": 6,
        "player_a_crashes": 0,
        "player_b_crashes": 0,
        "response_times_ms": [
          196.107708,
          196.43404100000006,
          196.48283300000003,
          196.37366600000007,
          196.29437499999992,
          196.09466600000002,
          196.12887500000008,
          196.180083,
          196.09699999999998,
          196.16512500000027,
          196.12874999999974,
          196.54729199999997,
          196.12537499999982
        ],
        "error": ""
      },
      {
        "opening_name": "startpos",
        "opening_fen": "rnbqkbnr/pppppppp/8/8/8/8/PPPPPPPP/RNBQKBNR w KQkq - 0 1",
        "result": "draw",
        "score_a": 0.5,
        "plies": 13,
        "adjudicated": false,
        "player_a_color": "black",
        "player_a_timeouts": 0,
        "player_b_timeouts": 0,
        "player_a_moves": 6,
        "player_b_moves": 7,
        "player_a_crashes": 0,
        "player_b_crashes": 0,
        "response_times_ms": [
          196.13537500000032,
          196.4297909999999,
          196.25700000000012,
          196.53962499999977,
          196.2082920000001,
          196.39787500000017,
          196.1073339999997,
          196.20737500000018,
          196.16191700000041,
          196.10433300000008,
          196.09649999999945,
          196.51245900000004,
          196.07920900000053
        ],
        "error": ""
      },
      {
        "opening_name": "queens_pawn",
        "opening_fen": "rnbqkbnr/ppp1pppp/8/3p4/3P4/8/PPP1PPPP/RNBQKBNR w KQkq - 0 2",
        "result": "loss",
        "score_a": 0.0,
        "plies": 20,
        "adjudicated": true,
        "player_a_color": "white",
        "player_a_timeouts": 0,
        "player_b_timeouts": 0,
        "player_a_moves": 10,
        "player_b_moves": 10,
        "player_a_crashes": 0,
        "player_b_crashes": 0,
        "response_times_ms": [
          196.15166699999963,
          196.18770899999927,
          196.54491699999977,
          196.38204100000056,
          196.11283299999994,
          196.19858300000016,
          196.31487499999966,
          196.2526250000005,
          196.2537090000005,
          196.1383330000004,
          196.22079100000002,
          196.26075000000043,
          196.28570800000045,
          196.4404169999998,
          196.56462499999884,
          196.02837499999913,
          196.57466700000015,
          196.03141700000037,
          196.39354099999906,
          196.03416699999877
        ],
        "error": ""
      },
      {
        "opening_name": "queens_pawn",
        "opening_fen": "rnbqkbnr/ppp1pppp/8/3p4/3P4/8/PPP1PPPP/RNBQKBNR w KQkq - 0 2",
        "result": "win",
        "score_a": 1.0,
        "plies": 20,
        "adjudicated": true,
        "player_a_color": "black",
        "player_a_timeouts": 0,
        "player_b_timeouts": 0,
        "player_a_moves": 10,
        "player_b_moves": 10,
        "player_a_crashes": 0,
        "player_b_crashes": 0,
        "response_times_ms": [
          196.63804099999993,
          196.3884999999994,
          196.42812500000062,
          196.33087499999925,
          196.099834,
          196.18416700000017,
          196.09250000000065,
          196.19683300000014,
          196.51354099999986,
          196.49174999999985,
          196.55254099999908,
          196.23508299999946,
          196.31958300000107,
          196.37362499999966,
          196.17920800000022,
          196.25212499999913,
          196.34074999999916,
          196.19050000000016,
          196.13462500000088,
          196.3304170000004
        ],
        "error": ""
      },
      {
        "opening_name": "ruy_lopez",
        "opening_fen": "r1bqkbnr/pppp1ppp/2n5/1B2p3/4P3/5N2/PPPP1PPP/RNBQK2R b KQkq - 3 3",
        "result": "draw",
        "score_a": 0.5,
        "plies": 17,
        "adjudicated": false,
        "player_a_color": "white",
        "player_a_timeouts": 0,
        "player_b_timeouts": 0,
        "player_a_moves": 8,
        "player_b_moves": 9,
        "player_a_crashes": 0,
        "player_b_crashes": 0,
        "response_times_ms": [
          196.26841600000057,
          196.17237499999973,
          196.50608399999925,
          196.19908299999977,
          196.0958330000011,
          196.3528340000007,
          196.17041699999936,
          196.35687499999932,
          196.18599999999907,
          196.24916700000128,
          196.09370800000113,
          196.15749999999997,
          196.1648339999993,
          196.0468750000004,
          196.3742919999998,
          196.22416700000045,
          196.38470800000007
        ],
        "error": ""
      },
      {
        "opening_name": "ruy_lopez",
        "opening_fen": "r1bqkbnr/pppp1ppp/2n5/1B2p3/4P3/5N2/PPPP1PPP/RNBQK2R b KQkq - 3 3",
        "result": "draw",
        "score_a": 0.5,
        "plies": 17,
        "adjudicated": false,
        "player_a_color": "black",
        "player_a_timeouts": 0,
        "player_b_timeouts": 0,
        "player_a_moves": 9,
        "player_b_moves": 8,
        "player_a_crashes": 0,
        "player_b_crashes": 0,
        "response_times_ms": [
          196.13100000000117,
          196.10037500000033,
          196.4282500000003,
          196.36674999999926,
          196.25866599999853,
          196.5694159999991,
          196.5608329999995,
          196.1255830000006,
          196.06066700000113,
          196.01958400000186,
          196.2310419999973,
          196.10933300000255,
          196.52095899999722,
          196.50266700000074,
          196.22987500000022,
          196.25345800000105,
          196.22545799999713
        ],
        "error": ""
      },
      {
        "opening_name": "italian_game",
        "opening_fen": "r1bqk1nr/pppp1ppp/2n5/2b1p3/2B1P3/5N2/PPPP1PPP/RNBQK2R w KQkq - 4 4",
        "result": "draw",
        "score_a": 0.5,
        "plies": 11,
        "adjudicated": false,
        "player_a_color": "white",
        "player_a_timeouts": 0,
        "player_b_timeouts": 0,
        "player_a_moves": 6,
        "player_b_moves": 5,
        "player_a_crashes": 0,
        "player_b_crashes": 0,
        "response_times_ms": [
          196.28379199999912,
          196.64466700000105,
          196.24520900000064,
          196.11691700000122,
          196.40458399999972,
          196.1772080000017,
          196.17258299999918,
          196.22929200000172,
          196.69212499999844,
          196.39495799999906,
          196.94187500000027
        ],
        "error": ""
      },
      {
        "opening_name": "italian_game",
        "opening_fen": "r1bqk1nr/pppp1ppp/2n5/2b1p3/2B1P3/5N2/PPPP1PPP/RNBQK2R w KQkq - 4 4",
        "result": "draw",
        "score_a": 0.5,
        "plies": 11,
        "adjudicated": false,
        "player_a_color": "black",
        "player_a_timeouts": 0,
        "player_b_timeouts": 0,
        "player_a_moves": 5,
        "player_b_moves": 6,
        "player_a_crashes": 0,
        "player_b_crashes": 0,