{
  "feedback_source": "self_play",
  "summary": {
    "games": 16,
    "wins_a": 1,
    "losses_a": 1,
    "draws": 14,
    "score_a": 8.0,
    "mean_score_a": 0.5,
    "game_scores_a": [
      0.5,
      0.5,
      0.5,
      0.5,
      0.5,
      0.5,
      0.5,
      0.5,
      0.5,
      0.5,
      0.5,
      0.5,
      1.0,
      0.0,
      0.5,
      0.5
    ],
    "player_a_moves": 141,
    "player_b_moves": 141,
    "player_a_timeouts": 0,
    "player_b_timeouts": 0,
    "player_a_crashes": 0,
    "player_b_crashes": 0,
    "results": [
      {
        "opening_name": "startpos",
        "opening_fen": "rnbqkbnr/pppppppp/8/8/8/8/PPPPPPPP/RNBQKBNR w KQkq - 0 1",
        "result": "draw",
        "score_a": 0.5,
        "plies": 13,
        "adjudicated": false,
        "player_a_color": "white",
        "player_a_timeouts": 0,
        "player_b_timeouts": 0,
        "player_a_moves": 7,
        "player_b_moves": 6,
        "player_a_crashes": 0,
        "player_b_crashes": 0,
        "response_times_ms": [
          196.69454199998881,
          196.27341700001466,
          197.19537500000683,
          196.90037499998425,
          197.23466599998574,
          196.389417000006,
          197.03512500001352,
          196.64758299998653,
          196.09408299999131,
          196.93995899999095,
          196.3440420000211,
          196.6023330000155,
          197.40520799999217
        ],
        "error": ""
      },
      {
        "opening_name": "startpos",
        "opening_fen": "rnbqkbnr/pppppppp/8/8/8/8/PPPPPPPP/RNBQKBNR w KQkq - 0 1",
        "result": "draw",
        "score_a": 0.5,
        "plies": 13,
        "adjudicated": false,
        "player_a_color": "black",
        "player_a_timeouts": 0,
        "player_b_timeouts": 0,
        "player_a_moves": 6,
        "player_b_moves": 7,
        "player_a_crashes": 0,
        "player_b_crashes": 0,
        "response_times_ms": [
          196.872916999979,
          196.79533400000082,
          197.4920000000111,
          196.76287499999034,
          197.40491600001064,
          196.12275000000068,
          197.04075000001353,
          196.59145899998975,
          196.07866699999477,
          196.1570000000279,
          196.80895800001963,
          197.0980409999754,
          196.6941249999934
        ],
        "error": ""
      },
      {
        "opening_name": "queens_pawn",
        "opening_fen": "rnbqkbnr/ppp1pppp/8/3p4/3P4/8/PPP1PPPP/RNBQKBNR w KQkq - 0 2",
        "result": "draw",
        "score_a": 0.5,
        "plies": 17,
        "adjudicated": false,
        "player_a_color": "white",
        "player_a_timeouts": 0,
        "player_b_timeouts": 0,
        "player_a_moves": 9,
        "player_b_moves": 8,
        "player_a_crashes": 0,
        "player_b_crashes": 0,
        "response_times_ms": [
          196.20625000001723,
          196.0413750000214,
          196.75570799998354,
          196.3507500000219,
          196.771291999994,
          196.32866699998885,
          196.1346669999955,
          196.57062499999256,
          197.0420839999747,
          196.14000000001397,
          196.70762499998773,
          196.09887500001832,
          196.18341700004294,
          196.8548330000317,
          196.82129200003828,
          196.21779099998093,
          196.58245800002305
        ],
        "error": ""
      },
      {
        "opening_name": "queens_pawn",
        "opening_fen": "rnbqkbnr/ppp1pppp/8/3p4/3P4/8/PPP1PPPP/RNBQKBNR w KQkq - 0 2",
        "result": "draw",
        "score_a": 0.5,
        "plies": 17,
        "adjudicated": false,
        "player_a_color": "black",
        "player_a_timeouts": 0,
        "player_b_timeouts": 0,
        "player_a_moves": 8,
        "player_b_moves": 9,
        "player_a_crashes": 0,
        "player_b_crashes": 0,
        "response_times_ms": [
          196.26412500002743,
          197.0528330000434,
          196.13375000000133,
          196.3994579999735,
          197.02479199997924,
          196.4592080000216,
          196.38249999997015,
          196.3781670000344,
          197.12787500003515,
          196.33250000003954,
          196.41533300000447,
          196.583124999961,
          196.3425000000143,
          197.01708299999154,
          196.13037499999564,
          196.5799999999831,
          196.17458400000487
        ],
        "error": ""
      },
      {
        "opening_name": "ruy_lopez",
        "opening_fen": "r1bqkbnr/pppp1ppp/2n5/1B2p3/4P3/5N2/PPPP1PPP/RNBQK2R b KQkq - 3 3",
        "result": "draw",
        "score_a": 0.5,
        "plies": 17,
        "adjudicated": false,
        "player_a_color": "white",
        "player_a_timeouts": 0,
        "player_b_timeouts": 0,
        "player_a_moves": 8,
        "player_b_moves": 9,
        "player_a_crashes": 0,
        "player_b_crashes": 0,
        "response_times_ms": [
          196.06591699999854,
          196.1139580000122,
          196.14216600001555,
          196.19445900002574,
          196.75208299997848,
          196.2826669999913,
          196.5594590000137,
          196.30470800001376,
          196.87725,
          196.33070800000496,
          196.63916700000073,
          196.2136249999844,
          196.1356250000108,
          196.96370899998783,
          196.8498339999769,
          196.96491700000252,
          196.06654199998275
        ],
        "error": ""
      },
      {
        "opening_name": "ruy_lopez",
        "opening_fen": "r1bqkbnr/pppp1ppp/2n5/1B2p3/4P3/5N2/PPPP1PPP/RNBQK2R b KQkq - 3 3",
        "result": "draw",
        "score_a": 0.5,
        "plies": 17,
        "adjudicated": false,
        "player_a_color": "black",
        "player_a_timeouts": 0,
        "player_b_timeouts": 0,
        "player_a_moves": 9,
        "player_b_moves": 8,
        "player_a_crashes": 0,
        "player_b_crashes": 0,
        "response_times_ms": [
          196.7339579999816,
          196.3085410000076,
          197.11399999999912,
          196.30029199998944,
          196.66845899996588,
          196.37133300000187,
          196.7553329999987,
          196.54229200000373,
          197.03120799999851,
          196.14887500000577,
          196.38629199999968,
          196.067792000008,
          196.16579199998796,
          196.73695800003088,
          196.6933329999847,
          196.53333299999076,
          196.456583999975
        ],
        "error": ""
      },
      {
        "opening_name": "italian_game",
        "opening_fen": "r1bqk1nr/pppp1ppp/2n5/2b1p3/2B1P3/5N2/PPPP1PPP/RNBQK2R w KQkq - 4 4",
        "result": "draw",
        "score_a": 0.5,
        "plies": 20,
        "adjudicated": true,
        "player_a_color": "white",
        "player_a_timeouts": 0,
        "player_b_timeouts": 0,
        "player_a_moves": 10,
        "player_b_moves": 10,
        "player_a_crashes": 0,
        "player_b_crashes": 0,
        "response_times_ms": [
          196.19445799997948,
          196.76683299996967,
          197.207542000001,
          196.24399999997877,
          196.2823329999992,
          196.10041699996827,
          201.05587500000865,
          196.3691670000003,
          196.30895900002088,
          197.11233399999628,
          197.26033399996368,
          196.43262499999992,
          196.40916699995614,
          196.36820800002397,
          196.95095800000217,
          196.33616700002676,
          196.39900000004218,
          196.50150000001076,
          196.34116700001414,
          196.18091600000298
        ],
        "error": ""
      },
      {
        "opening_name": "italian_game",
        "opening_fen": "r1bqk1nr/pppp1ppp/2n5/2b1p3/2B1P3/5N2/PPPP1PPP/RNBQK2R w KQkq - 4 4",
        "result": "draw",
        "score_a": 0.5,
        "plies": 20,
        "adjudicated": true,
        "player_a_color": "black",
        "player_a_timeouts": 0,
        "player_b_timeouts": 0,
        "player_a_moves": 10,
        "player_b_moves": 10,