{
  "feedback_source": "self_play",
  "summary": {
    "games": 16,
    "wins_a": 1,
    "losses_a": 1,
    "draws": 14,
    "score_a": 8.0,
    "mean_score_a": 0.5,
    "game_scores_a": [
      0.5,
      0.5,
      0.0,
      1.0,
      0.5,
      0.5,
      0.5,
      0.5,
      0.5,
      0.5,
      0.5,
      0.5,
      0.5,
      0.5,
      0.5,
      0.5
    ],
    "player_a_moves": 126,
    "player_b_moves": 126,
    "player_a_timeouts": 0,
    "player_b_timeouts": 0,
    "player_a_crashes": 0,
    "player_b_crashes": 0,
    "results": [
      {
        "opening_name": "startpos",
        "opening_fen": "rnbqkbnr/pppppppp/8/8/8/8/PPPPPPPP/RNBQKBNR w KQkq - 0 1",
        "result": "draw",
        "score_a": 0.5,
        "plies": 13,
        "adjudicated": false,
        "player_a_color": "white",
        "player_a_timeouts": 0,
        "player_b_timeouts": 0,
        "player_a_moves": 7,
        "player_b_moves": 6,
        "player_a_crashes": 0,
        "player_b_crashes": 0,
        "response_times_ms": [
          196.37083299998892,
          196.13341700001286,
          196.12141700000052,
          196.25812499999995,
          196.07741699999792,
          196.1348749999985,
          196.23091700000828,
          196.11237499999845,
          196.4921249999918,
          196.07120800000644,
          196.24287499999582,
          196.5753329999984,
          196.13087499999438
        ],
        "error": ""
      },
      {
        "opening_name": "startpos",
        "opening_fen": "rnbqkbnr/pppppppp/8/8/8/8/PPPPPPPP/RNBQKBNR w KQkq - 0 1",
        "result": "draw",
        "score_a": 0.5,
        "plies": 13,
        "adjudicated": false,
        "player_a_color": "black",
        "player_a_timeouts": 0,
        "player_b_timeouts": 0,
        "player_a_moves": 6,
        "player_b_moves": 7,
        "player_a_crashes": 0,
        "player_b_crashes": 0,
        "response_times_ms": [
          196.1314999999928,
          196.4401250000094,
          196.1479579999974,
          196.09983300000522,
          196.25312499999836,
          196.46629199999666,
          196.45620900000438,
          196.22029200000668,
          196.17837499998814,
          196.1689999999976,
          196.30391599999086,
          196.29874999999686,
          196.42120800000384
        ],
        "error": ""
      },
      {
        "opening_name": "queens_pawn",
        "opening_fen": "rnbqkbnr/ppp1pppp/8/3p4/3P4/8/PPP1PPPP/RNBQKBNR w KQkq - 0 2",
        "result": "loss",
        "score_a": 0.0,
        "plies": 20,
        "adjudicated": true,
        "player_a_color": "white",
        "player_a_timeouts": 0,
        "player_b_timeouts": 0,
        "player_a_moves": 10,
        "player_b_moves": 10,
        "player_a_crashes": 0,
        "player_b_crashes": 0,
        "response_times_ms": [
          196.34362500001146,
          196.36529100000644,
          196.49816699998723,
          196.0267909999942,
          196.17195799999365,
          196.1704999999938,
          196.27108299999918,
          196.0425420000007,
          196.18337500000393,
          196.09962500000222,
          196.58020900000395,
          196.2242920000108,
          196.15799999999695,
          196.12391700000842,
          196.60562500000367,
          196.39808300000539,
          196.72633300000086,
          196.15799999999695,
          196.20545899999797,
          196.0795829999995
        ],
        "error": ""
      },
      {
        "opening_name": "queens_pawn",
        "opening_fen": "rnbqkbnr/ppp1pppp/8/3p4/3P4/8/PPP1PPPP/RNBQKBNR w KQkq - 0 2",
        "result": "win",
        "score_a": 1.0,
        "plies": 20,
        "adjudicated": true,
        "player_a_color": "black",
        "player_a_timeouts": 0,
        "player_b_timeouts": 0,
        "player_a_moves": 10,
        "player_b_moves": 10,
        "player_a_crashes": 0,
        "player_b_crashes": 0,
        "response_times_ms": [
          196.11662500000193,
          196.06912500000817,
          196.4293749999939,
          196.13529099999027,
          196.08041700000456,
          196.70074999999088,
          196.14337500000545,
          196.04837500000372,
          196.22712499999295,
          196.2922080000027,
          196.0434169999985,
          196.22333300000605,
          196.27279200000203,
          196.04404200001113,
          196.7163329999977,
          196.02587499998947,
          196.3284999999928,
          196.2063750000027,
          196.30379199999481,
          196.17574999999476
        ],
        "error": ""
      },
      {
        "opening_name": "ruy_lopez",
        "opening_fen": "r1bqkbnr/pppp1ppp/2n5/1B2p3/4P3/5N2/PPPP1PPP/RNBQK2R b KQkq - 3 3",
        "result": "draw",
        "score_a": 0.5,
        "plies": 20,
        "adjudicated": true,
        "player_a_color": "white",
        "player_a_timeouts": 0,
        "player_b_timeouts": 0,
        "player_a_moves": 10,
        "player_b_moves": 10,
        "player_a_crashes": 0,
        "player_b_crashes": 0,
        "response_times_ms": [
          196.04379199999755,
          196.06829200000675,
          196.53750000000514,
          196.15816600000358,
          196.17016700000534,
          196.38512500000616,
          196.17541699999208,
          196.42924999999423,
          196.19058300000347,
          196.09895899999685,
          196.0829580000052,
          196.45308299999442,
          196.1683330000028,
          196.1667080000069,
          196.6573750000009,
          196.12562499999342,
          196.3314159999925,
          196.06433299999537,
          196.1620839999938,
          196.16466600000138
        ],
        "error": ""
      },
      {
        "opening_name": "ruy_lopez",
        "opening_fen": "r1bqkbnr/pppp1ppp/2n5/1B2p3/4P3/5N2/PPPP1PPP/RNBQK2R b KQkq - 3 3",
        "result": "draw",
        "score_a": 0.5,
        "plies": 20,
        "adjudicated": true,
        "player_a_color": "black",
        "player_a_timeouts": 0,
        "player_b_timeouts": 0,
        "player_a_moves": 10,
        "player_b_moves": 10,
        "player_a_crashes": 0,
        "player_b_crashes": 0,
        "response_times_ms": [
          196.29970799999796,
          196.18520800000283,
          196.3328329999996,
          196.02425000000778,
          196.1047500000035,
          196.50870899999973,
          196.24433299999566,
          196.16404100000295,
          196.45891700000107,
          196.41829199998995,
          196.20695899999419,
          196.2299169999966,
          196.2095420000054,
          196.1313749999931,
          196.57516600000235,
          196.30329199999608,
          196.21554199999025,
          196.06924999999364,
          196.6704170000071,
          196.05291700000294
        ],
        "error": ""
      },
      {
        "opening_name": "italian_game",
        "opening_fen": "r1bqk1nr/pppp1ppp/2n5/2b1p3/2B1P3/5N2/PPPP1PPP/RNBQK2R w KQkq - 4 4",
        "result": "draw",
        "score_a": 0.5,
        "plies": 11,
        "adjudicated": false,
        "player_a_color": "white",
        "player_a_timeouts": 0,
        "player_b_timeouts": 0,
        "player_a_moves": 6,
        "player_b_moves": 5,
        "player_a_crashes": 0,
        "player_b_crashes": 0,
        "response_times_ms": [
          196.31512499999815,
          196.19887499999322,
          196.04412500000024,
          196.2167920000013,
          196.21208399999546,
          196.1430829999955,
          196.2280410000119,
          196.58570800000064,
          196.0684590000028,
          196.15104199999678,
          196.62708300000986
        ],
        "error": ""
      },
      {
        "opening_name": "italian_game",
        "opening_fen": "r1bqk1nr/pppp1ppp/2n5/2b1p3/2B1P3/5N2/PPPP1PPP/RNBQK2R w KQkq - 4 4",
        "result": "draw",
        "score_a": 0.5,
        "plies": 11,
        "adjudicated": false,
        "player_a_color": "black",