{
  "feedback_source": "self_play",
  "summary": {
    "games": 16,
    "wins_a": 4,
    "losses_a": 4,
    "draws": 8,
    "score_a": 8.0,
    "mean_score_a": 0.5,
    "game_scores_a": [
      0.5,
      0.5,
      0.0,
      1.0,
      0.5,
      0.5,
      0.0,
      1.0,
      1.0,
      0.0,
      0.5,
      0.5,
      1.0,
      0.0,
      0.5,
      0.5
    ],
    "player_a_moves": 127,
    "player_b_moves": 128,
    "player_a_timeouts": 0,
    "player_b_timeouts": 0,
    "player_a_crashes": 0,
    "player_b_crashes": 0,
    "results": [
      {
        "opening_name": "startpos",
        "opening_fen": "rnbqkbnr/pppppppp/8/8/8/8/PPPPPPPP/RNBQKBNR w KQkq - 0 1",
        "result": "draw",
        "score_a": 0.5,
        "plies": 13,
        "adjudicated": false,
        "player_a_color": "white",
        "player_a_timeouts": 0,
        "player_b_timeouts": 0,
        "player_a_moves": 7,
        "player_b_moves": 6,
        "player_a_crashes": 0,
        "player_b_crashes": 0,
        "response_times_ms": [
          196.03408299999998,
          196.099833,
          196.197666,
          196.04104099999998,
          196.14399999999986,
          196.37512499999988,
          196.20541700000004,
          196.20841700000003,
          196.52433299999993,
          196.24495899999994,
          196.56075000000018,
          196.41379199999997,
          196.3979170000001
        ],
        "error": ""
      },
      {
        "opening_name": "startpos",
        "opening_fen": "rnbqkbnr/pppppppp/8/8/8/8/PPPPPPPP/RNBQKBNR w KQkq - 0 1",
        "result": "draw",
        "score_a": 0.5,
        "plies": 13,
        "adjudicated": false,
        "player_a_color": "black",
        "player_a_timeouts": 0,
        "player_b_timeouts": 0,
        "player_a_moves": 6,
        "player_b_moves": 7,
        "player_a_crashes": 0,
        "player_b_crashes": 0,
        "response_times_ms": [
          196.3169170000003,
          196.40033300000016,
          196.22579099999982,
          196.0866250000004,
          196.3382499999997,
          196.07512499999967,
          196.17583299999984,
          196.49424999999977,
          196.28337500000015,
          196.57854199999923,
          196.28908299999992,
          196.8874170000001,
          196.4536250000002
        ],
        "error": ""
      },
      {
        "opening_name": "queens_pawn",
        "opening_fen": "rnbqkbnr/ppp1pppp/8/3p4/3P4/8/PPP1PPPP/RNBQKBNR w KQkq - 0 2",
        "result": "loss",
        "score_a": 0.0,
        "plies": 20,
        "adjudicated": true,
        "player_a_color": "white",
        "player_a_timeouts": 0,
        "player_b_timeouts": 0,
        "player_a_moves": 10,
        "player_b_moves": 10,
        "player_a_crashes": 0,
        "player_b_crashes": 0,
        "response_times_ms": [
          196.0806660000003,
          196.68670899999972,
          196.2567919999998,
          196.23845899999992,
          196.17383299999958,
          196.76791599999976,
          200.72991600000023,
          196.47166699999997,
          196.21637500000054,
          196.19945800000062,
          196.59012500000017,
          196.1693750000002,
          196.07362499999948,
          196.25408300000035,
          196.03908300000052,
          196.05549999999994,
          196.97270800000055,
          196.26079200000035,
          196.0766249999999,
          196.17241699999965
        ],
        "error": ""
      },
      {
        "opening_name": "queens_pawn",
        "opening_fen": "rnbqkbnr/ppp1pppp/8/3p4/3P4/8/PPP1PPPP/RNBQKBNR w KQkq - 0 2",
        "result": "win",
        "score_a": 1.0,
        "plies": 20,
        "adjudicated": true,
        "player_a_color": "black",
        "player_a_timeouts": 0,
        "player_b_timeouts": 0,
        "player_a_moves": 10,
        "player_b_moves": 10,
        "player_a_crashes": 0,
        "player_b_crashes": 0,
        "response_times_ms": [
          196.23712499999968,
          196.44837499999923,
          196.52274999999975,
          196.0373749999995,
          196.28162500000101,
          196.15287499999923,
          196.17270800000063,
          196.19612500000017,
          196.24204199999974,
          196.16929200000044,
          196.27245799999926,
          196.03608300000099,
          196.24487499999964,
          196.20300000000057,
          196.45816599999932,
          196.03379199999972,
          196.05470800000012,
          196.15316700000028,
          196.16804200000004,
          196.20158400000065
        ],
        "error": ""
      },
      {
        "opening_name": "ruy_lopez",
        "opening_fen": "r1bqkbnr/pppp1ppp/2n5/1B2p3/4P3/5N2/PPPP1PPP/RNBQK2R b KQkq - 3 3",
        "result": "draw",
        "score_a": 0.5,
        "plies": 15,
        "adjudicated": false,
        "player_a_color": "white",
        "player_a_timeouts": 0,
        "player_b_timeouts": 0,
        "player_a_moves": 7,
        "player_b_moves": 8,
        "player_a_crashes": 0,
        "player_b_crashes": 0,
        "response_times_ms": [
          196.16495799999888,
          196.49466599999954,
          196.38970899999998,
          196.08870899999965,
          196.07308299999994,
          196.68095799999998,
          196.7064589999996,
          196.48424999999924,
          196.30787500000048,
          196.09262500000034,
          196.35883299999966,
          196.26262500000104,
          196.1890420000003,
          196.13250000000093,
          196.27020799999784
        ],
        "error": ""
      },
      {
        "opening_name": "ruy_lopez",
        "opening_fen": "r1bqkbnr/pppp1ppp/2n5/1B2p3/4P3/5N2/PPPP1PPP/RNBQK2R b KQkq - 3 3",
        "result": "draw",
        "score_a": 0.5,
        "plies": 17,
        "adjudicated": false,
        "player_a_color": "black",
        "player_a_timeouts": 0,
        "player_b_timeouts": 0,
        "player_a_moves": 9,
        "player_b_moves": 8,
        "player_a_crashes": 0,
        "player_b_crashes": 0,
        "response_times_ms": [
          196.54908300000073,
          196.19091599999905,
          196.32483299999848,
          196.1876250000003,
          196.40324999999947,
          196.58212499999905,
          196.18404199999873,
          196.08933299999975,
          196.31524999999783,
          196.15804200000042,
          196.12620799999902,
          196.3927080000012,
          196.4453749999997,
          196.13949999999747,
          196.1776670000006,
          196.26541700000288,
          196.32358399999816
        ],
        "error": ""
      },
      {
        "opening_name": "italian_game",
        "opening_fen": "r1bqk1nr/pppp1ppp/2n5/2b1p3/2B1P3/5N2/PPPP1PPP/RNBQK2R w KQkq - 4 4",
        "result": "loss",
        "score_a": 0.0,
        "plies": 10,
        "adjudicated": false,
        "player_a_color": "white",
        "player_a_timeouts": 0,
        "player_b_timeouts": 0,
        "player_a_moves": 5,
        "player_b_moves": 5,
        "player_a_crashes": 0,
        "player_b_crashes": 0,
        "response_times_ms": [
          196.14358400000143,
          196.53804100000016,
          196.13270800000038,
          196.20716700000074,
          196.2193749999983,
          196.58712500000064,
          196.29833299999788,
          196.20495799999915,
          196.50441699999988,
          27.118749999999636
        ],
        "error": ""
      },
      {
        "opening_name": "italian_game",
        "opening_fen": "r1bqk1nr/pppp1ppp/2n5/2b1p3/2B1P3/5N2/PPPP1PPP/RNBQK2R w KQkq - 4 4",
        "result": "win",
        "score_a": 1.0,
        "plies": 10,
        "adjudicated": false,
        "player_a_color": "black",
        "player_a_timeouts": 0,
        "player_b_timeouts": 0,
        "player_a_moves": 5,
        "player_b_moves": 5,
        "player_a_crashes": 0,
        "player_b_crashes": 0,