{
  "feedback_source": "self_play",
  "summary": {
    "games": 16,
    "wins_a": 3,
    "losses_a": 3,
    "draws": 10,
    "score_a": 8.0,
    "mean_score_a": 0.5,
    "game_scores_a": [
      0.5,
      0.5,
      0.0,
      1.0,
      0.5,
      0.5,
      0.0,
      1.0,
      1.0,
      0.0,
      0.5,
      0.5,
      0.5,
      0.5,
      0.5,
      0.5
    ],
    "player_a_moves": 118,
    "player_b_moves": 118,
    "player_a_timeouts": 0,
    "player_b_timeouts": 0,
    "player_a_crashes": 0,
    "player_b_crashes": 0,
    "results": [
      {
        "opening_name": "startpos",
        "opening_fen": "rnbqkbnr/pppppppp/8/8/8/8/PPPPPPPP/RNBQKBNR w KQkq - 0 1",
        "result": "draw",
        "score_a": 0.5,
        "plies": 13,
        "adjudicated": false,
        "player_a_color": "white",
        "player_a_timeouts": 0,
        "player_b_timeouts": 0,
        "player_a_moves": 7,
        "player_b_moves": 6,
        "player_a_crashes": 0,
        "player_b_crashes": 0,
        "response_times_ms": [
          196.16779200001133,
          196.39366699999528,
          196.23162500002422,
          196.12837499997227,
          196.53499999998303,
          196.29254199998059,
          196.65374999999585,
          196.26570899998796,
          196.39366699999528,
          196.3701250000156,
          196.08495800000014,
          196.19487500000332,
          196.16037500000516
        ],
        "error": ""
      },
      {
        "opening_name": "startpos",
        "opening_fen": "rnbqkbnr/pppppppp/8/8/8/8/PPPPPPPP/RNBQKBNR w KQkq - 0 1",
        "result": "draw",
        "score_a": 0.5,
        "plies": 13,
        "adjudicated": false,
        "player_a_color": "black",
        "player_a_timeouts": 0,
        "player_b_timeouts": 0,
        "player_a_moves": 6,
        "player_b_moves": 7,
        "player_a_crashes": 0,
        "player_b_crashes": 0,
        "response_times_ms": [
          196.21879199999626,
          196.05454100002362,
          196.06970899999965,
          196.0943330000191,
          196.56037499999002,
          196.29583299999354,
          196.24824999999646,
          196.4316669999846,
          196.09991600000853,
          196.03945899999076,
          196.48341699999605,
          196.1007079999888,
          196.38591699998642
        ],
        "error": ""
      },
      {
        "opening_name": "queens_pawn",
        "opening_fen": "rnbqkbnr/ppp1pppp/8/3p4/3P4/8/PPP1PPPP/RNBQKBNR w KQkq - 0 2",
        "result": "loss",
        "score_a": 0.0,
        "plies": 20,
        "adjudicated": true,
        "player_a_color": "white",
        "player_a_timeouts": 0,
        "player_b_timeouts": 0,
        "player_a_moves": 10,
        "player_b_moves": 10,
        "player_a_crashes": 0,
        "player_b_crashes": 0,
        "response_times_ms": [
          196.16645900001117,
          196.29237499998453,
          196.06787500001133,
          196.20279099999038,
          196.05437499998857,
          196.2924590000057,
          196.34958399998936,
          196.14654100001871,
          196.13412499998617,
          196.23366700000133,
          196.40250000000492,
          196.12191699999926,
          196.37408400001277,
          196.04479200000924,
          196.10854100000097,
          196.09833399999843,
          196.15929199997595,
          196.1748329999864,
          196.22658299999785,
          196.0556249999854
        ],
        "error": ""
      },
      {
        "opening_name": "queens_pawn",
        "opening_fen": "rnbqkbnr/ppp1pppp/8/3p4/3P4/8/PPP1PPPP/RNBQKBNR w KQkq - 0 2",
        "result": "win",
        "score_a": 1.0,
        "plies": 20,
        "adjudicated": true,
        "player_a_color": "black",
        "player_a_timeouts": 0,
        "player_b_timeouts": 0,
        "player_a_moves": 10,
        "player_b_moves": 10,
        "player_a_crashes": 0,
        "player_b_crashes": 0,
        "response_times_ms": [
          196.1992079999959,
          196.3431249999985,
          196.62045799998396,
          196.05624999999804,
          196.14791600000103,
          196.02974999997969,
          196.19270800001232,
          196.27608299998656,
          196.37808299998483,
          196.05616700002315,
          196.3802919999864,
          196.2029169999937,
          196.30075000000602,
          196.18174999999383,
          196.12083300000904,
          196.54320800000846,
          196.054791000023,
          196.05608399999142,
          196.04074999998033,
          196.0770000000025
        ],
        "error": ""
      },
      {
        "opening_name": "ruy_lopez",
        "opening_fen": "r1bqkbnr/pppp1ppp/2n5/1B2p3/4P3/5N2/PPPP1PPP/RNBQK2R b KQkq - 3 3",
        "result": "draw",
        "score_a": 0.5,
        "plies": 15,
        "adjudicated": false,
        "player_a_color": "white",
        "player_a_timeouts": 0,
        "player_b_timeouts": 0,
        "player_a_moves": 7,
        "player_b_moves": 8,
        "player_a_crashes": 0,
        "player_b_crashes": 0,
        "response_times_ms": [
          196.24266700000703,
          196.24195800000166,
          196.54495899999347,
          196.23454200001333,
          196.13491699999486,
          196.58116600001563,
          196.14879200000246,
          196.09245899999905,
          196.40191700000287,
          196.07087500000375,
          196.30666600002655,
          196.26158300002317,
          196.1179580000021,
          196.27170900000124,
          196.22733299999595
        ],
        "error": ""
      },
      {
        "opening_name": "ruy_lopez",
        "opening_fen": "r1bqkbnr/pppp1ppp/2n5/1B2p3/4P3/5N2/PPPP1PPP/RNBQK2R b KQkq - 3 3",
        "result": "draw",
        "score_a": 0.5,
        "plies": 15,
        "adjudicated": false,
        "player_a_color": "black",
        "player_a_timeouts": 0,
        "player_b_timeouts": 0,
        "player_a_moves": 8,
        "player_b_moves": 7,
        "player_a_crashes": 0,
        "player_b_crashes": 0,
        "response_times_ms": [
          197.4795419999964,
          196.30866700001093,
          196.52158300002043,
          196.1911250000128,
          196.25279100000625,
          196.226208000013,
          196.10162500001138,
          196.42004199999974,
          196.44754099999773,
          196.15366599998652,
          196.12645800000905,
          196.19729200002212,
          196.11312500001077,
          196.60766600000557,
          196.42508299997985
        ],
        "error": ""
      },
      {
        "opening_name": "italian_game",
        "opening_fen": "r1bqk1nr/pppp1ppp/2n5/2b1p3/2B1P3/5N2/PPPP1PPP/RNBQK2R w KQkq - 4 4",
        "result": "loss",
        "score_a": 0.0,
        "plies": 10,
        "adjudicated": false,
        "player_a_color": "white",
        "player_a_timeouts": 0,
        "player_b_timeouts": 0,
        "player_a_moves": 5,
        "player_b_moves": 5,
        "player_a_crashes": 0,
        "player_b_crashes": 0,
        "response_times_ms": [
          196.04895799997735,
          196.08725000000504,
          196.15716699999552,
          196.1148339999852,
          196.6220840000119,
          196.05170899998825,
          196.22699999999327,
          196.25908399999048,
          196.4400420000061,
          26.610708000021077
        ],
        "error": ""
      },
      {
        "opening_name": "italian_game",
        "opening_fen": "r1bqk1nr/pppp1ppp/2n5/2b1p3/2B1P3/5N2/PPPP1PPP/RNBQK2R w KQkq - 4 4",
        "result": "win",
        "score_a": 1.0,
        "plies": 10,
        "adjudicated": false,
        "player_a_color": "black",
        "player_a_timeouts": 0,
        "player_b_timeouts": 0,
        "player_a_moves": 5,
        "player_b_moves": 5,
        "player_a_crashes": 0,
        "player_b_crashes": 0,