{
  "feedback_source": "self_play",
  "summary": {
    "games": 16,
    "wins_a": 2,
    "losses_a": 2,
    "draws": 12,
    "score_a": 8.0,
    "mean_score_a": 0.5,
    "game_scores_a": [
      0.5,
      0.5,
      0.0,
      1.0,
      0.5,
      0.5,
      0.5,
      0.5,
      1.0,
      0.0,
      0.5,
      0.5,
      0.5,
      0.5,
      0.5,
      0.5
    ],
    "player_a_moves": 121,
    "player_b_moves": 121,
    "player_a_timeouts": 0,
    "player_b_timeouts": 0,
    "player_a_crashes": 0,
    "player_b_crashes": 0,
    "results": [
      {
        "opening_name": "startpos",
        "opening_fen": "rnbqkbnr/pppppppp/8/8/8/8/PPPPPPPP/RNBQKBNR w KQkq - 0 1",
        "result": "draw",
        "score_a": 0.5,
        "plies": 13,
        "adjudicated": false,
        "player_a_color": "white",
        "player_a_timeouts": 0,
        "player_b_timeouts": 0,
        "player_a_moves": 7,
        "player_b_moves": 6,
        "player_a_crashes": 0,
        "player_b_crashes": 0,
        "response_times_ms": [
          196.09350000000347,
          196.2219579999953,
          196.12908300000242,
          196.43283300000292,
          196.1942499999907,
          196.10141599999054,
          196.2314169999928,
          196.16962499999602,
          196.17270800000597,
          196.31816600001173,
          196.17691599999887,
          196.28204100000346,
          196.09729100000095
        ],
        "error": ""
      },
      {
        "opening_name": "startpos",
        "opening_fen": "rnbqkbnr/pppppppp/8/8/8/8/PPPPPPPP/RNBQKBNR w KQkq - 0 1",
        "result": "draw",
        "score_a": 0.5,
        "plies": 13,
        "adjudicated": false,
        "player_a_color": "black",
        "player_a_timeouts": 0,
        "player_b_timeouts": 0,
        "player_a_moves": 6,
        "player_b_moves": 7,
        "player_a_crashes": 0,
        "player_b_crashes": 0,
        "response_times_ms": [
          196.21116600001187,
          196.24641599999393,
          196.27283300000897,
          196.04295900001034,
          196.12266700001157,
          196.1589590000017,
          196.31862500000352,
          196.03654200000165,
          196.15258299999994,
          196.05254200000388,
          196.686083000003,
          196.36895800000786,
          196.10266700000523
        ],
        "error": ""
      },
      {
        "opening_name": "queens_pawn",
        "opening_fen": "rnbqkbnr/ppp1pppp/8/3p4/3P4/8/PPP1PPPP/RNBQKBNR w KQkq - 0 2",
        "result": "loss",
        "score_a": 0.0,
        "plies": 20,
        "adjudicated": true,
        "player_a_color": "white",
        "player_a_timeouts": 0,
        "player_b_timeouts": 0,
        "player_a_moves": 10,
        "player_b_moves": 10,
        "player_a_crashes": 0,
        "player_b_crashes": 0,
        "response_times_ms": [
          196.27383400001008,
          196.27866600001198,
          196.52916699999423,
          196.09358400001042,
          196.24362499999393,
          196.1488329999952,
          196.21283399999356,
          196.13625000000923,
          196.091832999997,
          196.45533300000295,
          196.42250000001127,
          196.07629200000076,
          196.13766700000212,
          196.04279100001065,
          196.07270800000265,
          196.07229199999665,
          196.29462499999306,
          196.19304200000443,
          196.1106659999956,
          196.35329199999774
        ],
        "error": ""
      },
      {
        "opening_name": "queens_pawn",
        "opening_fen": "rnbqkbnr/ppp1pppp/8/3p4/3P4/8/PPP1PPPP/RNBQKBNR w KQkq - 0 2",
        "result": "win",
        "score_a": 1.0,
        "plies": 20,
        "adjudicated": true,
        "player_a_color": "black",
        "player_a_timeouts": 0,
        "player_b_timeouts": 0,
        "player_a_moves": 10,
        "player_b_moves": 10,
        "player_a_crashes": 0,
        "player_b_crashes": 0,
        "response_times_ms": [
          196.17208299999334,
          196.17525000001024,
          196.18129100000203,
          196.51025000000288,
          196.51458300000968,
          196.32087499999784,
          196.56474999999318,
          196.16504199998985,
          196.28429200000141,
          196.0677919999938,
          196.64812499999584,
          196.1577500000118,
          196.1073330000005,
          196.14658300000087,
          196.1070420000084,
          196.48895900000696,
          196.34204199999772,
          196.17329100000802,
          196.10837499999434,
          196.130416999992
        ],
        "error": ""
      },
      {
        "opening_name": "ruy_lopez",
        "opening_fen": "r1bqkbnr/pppp1ppp/2n5/1B2p3/4P3/5N2/PPPP1PPP/RNBQK2R b KQkq - 3 3",
        "result": "draw",
        "score_a": 0.5,
        "plies": 17,
        "adjudicated": false,
        "player_a_color": "white",
        "player_a_timeouts": 0,
        "player_b_timeouts": 0,
        "player_a_moves": 8,
        "player_b_moves": 9,
        "player_a_crashes": 0,
        "player_b_crashes": 0,
        "response_times_ms": [
          196.48158399999716,
          196.12754099999563,
          196.17695800000945,
          196.1956669999978,
          196.37916700000346,
          196.55158300000153,
          196.1134999999956,
          196.025082999995,
          196.18366699999967,
          196.12141599999688,
          196.1277080000059,
          196.0490419999985,
          196.15304200000594,
          196.43491600000118,
          196.0622499999971,
          196.23450000000275,
          196.23741700000608
        ],
        "error": ""
      },
      {
        "opening_name": "ruy_lopez",
        "opening_fen": "r1bqkbnr/pppp1ppp/2n5/1B2p3/4P3/5N2/PPPP1PPP/RNBQK2R b KQkq - 3 3",
        "result": "draw",
        "score_a": 0.5,
        "plies": 17,
        "adjudicated": false,
        "player_a_color": "black",
        "player_a_timeouts": 0,
        "player_b_timeouts": 0,
        "player_a_moves": 9,
        "player_b_moves": 8,
        "player_a_crashes": 0,
        "player_b_crashes": 0,
        "response_times_ms": [
          196.17675000000645,
          196.37600000000077,
          196.511208000004,
          196.1931670000041,
          196.08054200000424,
          196.06970899999965,
          196.2505830000083,
          196.05708299999947,
          196.5145409999991,
          196.10525000000223,
          196.20229099999165,
          196.07495799999697,
          196.05558299998904,
          196.0848340000041,
          196.35670800001037,
          196.14929100001177,
          196.26945800000328
        ],
        "error": ""
      },
      {
        "opening_name": "italian_game",
        "opening_fen": "r1bqk1nr/pppp1ppp/2n5/2b1p3/2B1P3/5N2/PPPP1PPP/RNBQK2R w KQkq - 4 4",
        "result": "draw",
        "score_a": 0.5,
        "plies": 11,
        "adjudicated": false,
        "player_a_color": "white",
        "player_a_timeouts": 0,
        "player_b_timeouts": 0,
        "player_a_moves": 6,
        "player_b_moves": 5,
        "player_a_crashes": 0,
        "player_b_crashes": 0,
        "response_times_ms": [
          196.15733399999158,
          196.05754200000547,
          196.07020799999475,
          196.40791700000193,
          196.20079199999907,
          196.51420799999642,
          196.18929199999968,
          196.56474999999318,
          196.03683299999375,
          196.38891700000727,
          196.51916700000527
        ],
        "error": ""
      },
      {
        "opening_name": "italian_game",
        "opening_fen": "r1bqk1nr/pppp1ppp/2n5/2b1p3/2B1P3/5N2/PPPP1PPP/RNBQK2R w KQkq - 4 4",
        "result": "draw",
        "score_a": 0.5,
        "plies": 11,
        "adjudicated": false,
        "player_a_color": "black",
        "player_a_timeouts": 0,
        "player_b_timeouts": 0,
        "player_a_moves": 5,
        "player_b_moves": 6,
        "player_a_crashes": 0,
        "player_b_crashes": 0,