{
  "feedback_source": "self_play",
  "summary": {
    "games": 16,
    "wins_a": 3,
    "losses_a": 3,
    "draws": 10,
    "score_a": 8.0,
    "mean_score_a": 0.5,
    "game_scores_a": [
      0.5,
      0.5,
      0.0,
      1.0,
      0.5,
      0.5,
      0.0,
      1.0,
      1.0,
      0.0,
      0.5,
      0.5,
      0.5,
      0.5,
      0.5,
      0.5
    ],
    "player_a_moves": 121,
    "player_b_moves": 122,
    "player_a_timeouts": 0,
    "player_b_timeouts": 0,
    "player_a_crashes": 0,
    "player_b_crashes": 0,
    "results": [
      {
        "opening_name": "startpos",
        "opening_fen": "rnbqkbnr/pppppppp/8/8/8/8/PPPPPPPP/RNBQKBNR w KQkq - 0 1",
        "result": "draw",
        "score_a": 0.5,
        "plies": 13,
        "adjudicated": false,
        "player_a_color": "white",
        "player_a_timeouts": 0,
        "player_b_timeouts": 0,
        "player_a_moves": 7,
        "player_b_moves": 6,
        "player_a_crashes": 0,
        "player_b_crashes": 0,
        "response_times_ms": [
          196.032417,
          196.37916699999997,
          196.045625,
          196.22074999999995,
          196.27004199999988,
          196.03533299999998,
          196.33195800000004,
          196.32108299999996,
          196.30337499999985,
          196.1213329999998,
          196.41304100000002,
          196.3902919999998,
          196.0440000000001
        ],
        "error": ""
      },
      {
        "opening_name": "startpos",
        "opening_fen": "rnbqkbnr/pppppppp/8/8/8/8/PPPPPPPP/RNBQKBNR w KQkq - 0 1",
        "result": "draw",
        "score_a": 0.5,
        "plies": 13,
        "adjudicated": false,
        "player_a_color": "black",
        "player_a_timeouts": 0,
        "player_b_timeouts": 0,
        "player_a_moves": 6,
        "player_b_moves": 7,
        "player_a_crashes": 0,
        "player_b_crashes": 0,
        "response_times_ms": [
          196.09366699999998,
          196.274834,
          196.04966700000003,
          196.15204099999994,
          196.1890829999997,
          196.31016700000004,
          196.07637500000007,
          196.07716700000032,
          196.57587499999974,
          196.36558400000047,
          196.3886660000007,
          196.2633330000001,
          196.45745800000026
        ],
        "error": ""
      },
      {
        "opening_name": "queens_pawn",
        "opening_fen": "rnbqkbnr/ppp1pppp/8/3p4/3P4/8/PPP1PPPP/RNBQKBNR w KQkq - 0 2",
        "result": "loss",
        "score_a": 0.0,
        "plies": 20,
        "adjudicated": true,
        "player_a_color": "white",
        "player_a_timeouts": 0,
        "player_b_timeouts": 0,
        "player_a_moves": 10,
        "player_b_moves": 10,
        "player_a_crashes": 0,
        "player_b_crashes": 0,
        "response_times_ms": [
          196.685875,
          196.32333399999968,
          196.15154199999995,
          196.26624999999987,
          196.06283400000012,
          196.6373749999999,
          196.05216599999943,
          196.3167920000002,
          196.31454100000045,
          196.1110829999999,
          196.23704199999992,
          196.07495899999972,
          196.19204199999984,
          196.09212500000072,
          196.26575000000025,
          196.2406250000015,
          196.25425000000087,
          196.59416599999878,
          196.5562080000005,
          196.0527919999997
        ],
        "error": ""
      },
      {
        "opening_name": "queens_pawn",
        "opening_fen": "rnbqkbnr/ppp1pppp/8/3p4/3P4/8/PPP1PPPP/RNBQKBNR w KQkq - 0 2",
        "result": "win",
        "score_a": 1.0,
        "plies": 20,
        "adjudicated": true,
        "player_a_color": "black",
        "player_a_timeouts": 0,
        "player_b_timeouts": 0,
        "player_a_moves": 10,
        "player_b_moves": 10,
        "player_a_crashes": 0,
        "player_b_crashes": 0,
        "response_times_ms": [
          196.23387500000078,
          196.47504200000122,
          196.2016670000004,
          196.07987500000058,
          196.60475000000054,
          196.05074999999948,
          196.28795800000097,
          196.14154100000115,
          196.46433299999978,
          196.57562500000125,
          196.49754199999947,
          196.08845800000017,
          196.3266249999993,
          196.23066700000004,
          196.15137499999946,
          196.5242499999995,
          196.6631250000006,
          196.03450000000146,
          196.11987500000083,
          196.10795799999892
        ],
        "error": ""
      },
      {
        "opening_name": "ruy_lopez",
        "opening_fen": "r1bqkbnr/pppp1ppp/2n5/1B2p3/4P3/5N2/PPPP1PPP/RNBQK2R b KQkq - 3 3",
        "result": "draw",
        "score_a": 0.5,
        "plies": 15,
        "adjudicated": false,
        "player_a_color": "white",
        "player_a_timeouts": 0,
        "player_b_timeouts": 0,
        "player_a_moves": 7,
        "player_b_moves": 8,
        "player_a_crashes": 0,
        "player_b_crashes": 0,
        "response_times_ms": [
          196.08374999999967,
          196.61933299999924,
          196.18116700000064,
          196.3507910000004,
          196.4549170000005,
          196.10704199999952,
          196.50191700000084,
          196.26479099999904,
          196.55799999999957,
          196.4279589999993,
          196.0953330000006,
          196.23066599999993,
          196.07216700000052,
          196.404832999999,
          196.1932080000004
        ],
        "error": ""
      },
      {
        "opening_name": "ruy_lopez",
        "opening_fen": "r1bqkbnr/pppp1ppp/2n5/1B2p3/4P3/5N2/PPPP1PPP/RNBQK2R b KQkq - 3 3",
        "result": "draw",
        "score_a": 0.5,
        "plies": 15,
        "adjudicated": false,
        "player_a_color": "black",
        "player_a_timeouts": 0,
        "player_b_timeouts": 0,
        "player_a_moves": 8,
        "player_b_moves": 7,
        "player_a_crashes": 0,
        "player_b_crashes": 0,
        "response_times_ms": [
          196.3318749999985,
          196.55370799999972,
          196.1536670000008,
          196.04787500000143,
          196.38916699999953,
          196.1277499999987,
          196.61312499999894,
          196.42887500000228,
          196.22845800000022,
          196.242625,
          196.13758299999873,
          196.18595800000094,
          196.03324999999927,
          196.09224999999952,
          196.23991599999968
        ],
        "error": ""
      },
      {
        "opening_name": "italian_game",
        "opening_fen": "r1bqk1nr/pppp1ppp/2n5/2b1p3/2B1P3/5N2/PPPP1PPP/RNBQK2R w KQkq - 4 4",
        "result": "loss",
        "score_a": 0.0,
        "plies": 10,
        "adjudicated": false,
        "player_a_color": "white",
        "player_a_timeouts": 0,
        "player_b_timeouts": 0,
        "player_a_moves": 5,
        "player_b_moves": 5,
        "player_a_crashes": 0,
        "player_b_crashes": 0,
        "response_times_ms": [
          196.03450000000322,
          196.30104100000167,
          196.07158300000194,
          196.11062499999932,
          196.59050000000278,
          196.5142499999999,
          196.03758299999896,
          196.05554199999986,
          196.4077919999987,
          26.785166999999888
        ],
        "error": ""
      },
      {
        "opening_name": "italian_game",
        "opening_fen": "r1bqk1nr/pppp1ppp/2n5/2b1p3/2B1P3/5N2/PPPP1PPP/RNBQK2R w KQkq - 4 4",
        "result": "win",
        "score_a": 1.0,
        "plies": 10,
        "adjudicated": false,
        "player_a_color": "black",
        "player_a_timeouts": 0,
        "player_b_timeouts": 0,
        "player_a_moves": 5,
        "player_b_moves": 5,
        "player_a_crashes": 0,
        "player_b_crashes": 0,