{
  "feedback_source": "self_play",
  "summary": {
    "games": 16,
    "wins_a": 2,
    "losses_a": 2,
    "draws": 12,
    "score_a": 8.0,
    "mean_score_a": 0.5,
    "game_scores_a": [
      0.5,
      0.5,
      0.0,
      1.0,
      0.5,
      0.5,
      0.5,
      0.5,
      1.0,
      0.0,
      0.5,
      0.5,
      0.5,
      0.5,
      0.5,
      0.5
    ],
    "player_a_moves": 121,
    "player_b_moves": 121,
    "player_a_timeouts": 0,
    "player_b_timeouts": 0,
    "player_a_crashes": 0,
    "player_b_crashes": 0,
    "results": [
      {
        "opening_name": "startpos",
        "opening_fen": "rnbqkbnr/pppppppp/8/8/8/8/PPPPPPPP/RNBQKBNR w KQkq - 0 1",
        "result": "draw",
        "score_a": 0.5,
        "plies": 13,
        "adjudicated": false,
        "player_a_color": "white",
        "player_a_timeouts": 0,
        "player_b_timeouts": 0,
        "player_a_moves": 7,
        "player_b_moves": 6,
        "player_a_crashes": 0,
        "player_b_crashes": 0,
        "response_times_ms": [
          196.18529100000615,
          196.17641700000377,
          196.0877079999932,
          196.0499170000105,
          196.48808300001974,
          196.2060840000106,
          196.3448749999941,
          196.2135420000095,
          196.26633300001117,
          196.21349999999893,
          196.16220899999348,
          196.0567079999862,
          196.05145899998888
        ],
        "error": ""
      },
      {
        "opening_name": "startpos",
        "opening_fen": "rnbqkbnr/pppppppp/8/8/8/8/PPPPPPPP/RNBQKBNR w KQkq - 0 1",
        "result": "draw",
        "score_a": 0.5,
        "plies": 13,
        "adjudicated": false,
        "player_a_color": "black",
        "player_a_timeouts": 0,
        "player_b_timeouts": 0,
        "player_a_moves": 6,
        "player_b_moves": 7,
        "player_a_crashes": 0,
        "player_b_crashes": 0,
        "response_times_ms": [
          196.54745900001558,
          196.32308300001,
          196.63270800000987,
          196.10758299998565,
          196.1045420000005,
          196.32075000001237,
          196.0659160000091,
          196.0387500000138,
          196.1045420000005,
          196.07245800000328,
          196.28674999998452,
          196.60500000000525,
          196.19599999998627
        ],
        "error": ""
      },
      {
        "opening_name": "queens_pawn",
        "opening_fen": "rnbqkbnr/ppp1pppp/8/3p4/3P4/8/PPP1PPPP/RNBQKBNR w KQkq - 0 2",
        "result": "loss",
        "score_a": 0.0,
        "plies": 20,
        "adjudicated": true,
        "player_a_color": "white",
        "player_a_timeouts": 0,
        "player_b_timeouts": 0,
        "player_a_moves": 10,
        "player_b_moves": 10,
        "player_a_crashes": 0,
        "player_b_crashes": 0,
        "response_times_ms": [
          196.5946249999888,
          196.2578330000042,
          196.59924999999134,
          196.61179100000936,
          196.0418749999917,
          196.06491700000106,
          196.4697089999845,
          196.35149999999157,
          196.2577500000009,
          196.3717499999973,
          196.06087500000058,
          196.4550830000178,
          196.16133299999206,
          196.11470799998187,
          196.16045799998005,
          196.43295899999202,
          196.1025839999877,
          196.05533300000388,
          196.20091699999875,
          196.45466599999395
        ],
        "error": ""
      },
      {
        "opening_name": "queens_pawn",
        "opening_fen": "rnbqkbnr/ppp1pppp/8/3p4/3P4/8/PPP1PPPP/RNBQKBNR w KQkq - 0 2",
        "result": "win",
        "score_a": 1.0,
        "plies": 20,
        "adjudicated": true,
        "player_a_color": "black",
        "player_a_timeouts": 0,
        "player_b_timeouts": 0,
        "player_a_moves": 10,
        "player_b_moves": 10,
        "player_a_crashes": 0,
        "player_b_crashes": 0,
        "response_times_ms": [
          196.72366699998634,
          196.32729200000654,
          196.5089589999991,
          196.35825000000295,
          196.1047500000177,
          196.05799999999363,
          196.13183399999912,
          196.55099999999948,
          196.11233300000208,
          196.05658300000073,
          196.04116600001475,
          196.06612499998732,
          196.21433399998978,
          196.16479100000106,
          196.15054199999804,
          196.0789589999763,
          196.13404200001128,
          196.24116599999297,
          196.1780829999782,
          196.09241699998847
        ],
        "error": ""
      },
      {
        "opening_name": "ruy_lopez",
        "opening_fen": "r1bqkbnr/pppp1ppp/2n5/1B2p3/4P3/5N2/PPPP1PPP/RNBQK2R b KQkq - 3 3",
        "result": "draw",
        "score_a": 0.5,
        "plies": 17,
        "adjudicated": false,
        "player_a_color": "white",
        "player_a_timeouts": 0,
        "player_b_timeouts": 0,
        "player_a_moves": 8,
        "player_b_moves": 9,
        "player_a_crashes": 0,
        "player_b_crashes": 0,
        "response_times_ms": [
          196.54891599998336,
          196.26433300001622,
          196.23312499999201,
          196.49583400001802,
          196.40362499998787,
          196.5767499999913,
          196.09708300001216,
          196.0797080000134,
          196.57495799998514,
          196.20537500000523,
          196.1903330000041,
          196.23470800001996,
          196.5548750000039,
          196.3228749999928,
          196.25358400000437,
          196.08566700000551,
          196.21312499998567
        ],
        "error": ""
      },
      {
        "opening_name": "ruy_lopez",
        "opening_fen": "r1bqkbnr/pppp1ppp/2n5/1B2p3/4P3/5N2/PPPP1PPP/RNBQK2R b KQkq - 3 3",
        "result": "draw",
        "score_a": 0.5,
        "plies": 17,
        "adjudicated": false,
        "player_a_color": "black",
        "player_a_timeouts": 0,
        "player_b_timeouts": 0,
        "player_a_moves": 9,
        "player_b_moves": 8,
        "player_a_crashes": 0,
        "player_b_crashes": 0,
        "response_times_ms": [
          196.2978329999885,
          196.45004099999142,
          196.30099999997697,
          196.12024999997857,
          196.294249999994,
          196.59470800002055,
          196.11791600001993,
          196.1040829999945,
          196.28291699999068,
          196.59350000000586,
          196.5529160000017,
          196.18424999998751,
          196.4882079999768,
          196.34041700001603,
          196.3349170000015,
          196.20954100000176,
          196.52529200001823
        ],
        "error": ""
      },
      {
        "opening_name": "italian_game",
        "opening_fen": "r1bqk1nr/pppp1ppp/2n5/2b1p3/2B1P3/5N2/PPPP1PPP/RNBQK2R w KQkq - 4 4",
        "result": "draw",
        "score_a": 0.5,
        "plies": 11,
        "adjudicated": false,
        "player_a_color": "white",
        "player_a_timeouts": 0,
        "player_b_timeouts": 0,
        "player_a_moves": 6,
        "player_b_moves": 5,
        "player_a_crashes": 0,
        "player_b_crashes": 0,
        "response_times_ms": [
          196.53641700000435,
          196.4027500000043,
          196.29695900002275,
          196.20266700002276,
          196.03600000002075,
          196.3211249999972,
          196.4125000000081,
          196.64866700000516,
          196.4955830000008,
          196.60541700000067,
          196.37208299999998
        ],
        "error": ""
      },
      {
        "opening_name": "italian_game",
        "opening_fen": "r1bqk1nr/pppp1ppp/2n5/2b1p3/2B1P3/5N2/PPPP1PPP/RNBQK2R w KQkq - 4 4",
        "result": "draw",
        "score_a": 0.5,
        "plies": 11,
        "adjudicated": false,
        "player_a_color": "black",
        "player_a_timeouts": 0,
        "player_b_timeouts": 0,
        "player_a_moves": 5,
        "player_b_moves": 6,
        "player_a_crashes": 0,
        "player_b_crashes": 0,