{
  "feedback_source": "self_play",
  "summary": {
    "games": 16,
    "wins_a": 2,
    "losses_a": 2,
    "draws": 12,
    "score_a": 8.0,
    "mean_score_a": 0.5,
    "game_scores_a": [
      0.5,
      0.5,
      0.0,
      1.0,
      0.5,
      0.5,
      0.5,
      0.5,
      1.0,
      0.0,
      0.5,
      0.5,
      0.5,
      0.5,
      0.5,
      0.5
    ],
    "player_a_moves": 121,
    "player_b_moves": 121,
    "player_a_timeouts": 0,
    "player_b_timeouts": 0,
    "player_a_crashes": 0,
    "player_b_crashes": 0,
    "results": [
      {
        "opening_name": "startpos",
        "opening_fen": "rnbqkbnr/pppppppp/8/8/8/8/PPPPPPPP/RNBQKBNR w KQkq - 0 1",
        "result": "draw",
        "score_a": 0.5,
        "plies": 13,
        "adjudicated": false,
        "player_a_color": "white",
        "player_a_timeouts": 0,
        "player_b_timeouts": 0,
        "player_a_moves": 7,
        "player_b_moves": 6,
        "player_a_crashes": 0,
        "player_b_crashes": 0,
        "response_times_ms": [
          196.02462500000001,
          196.249,
          196.25420800000003,
          196.28487500000003,
          196.25691699999993,
          196.2242500000002,
          196.47704100000007,
          196.24970800000008,
          196.86725000000015,
          196.06299999999965,
          196.41699999999983,
          196.1083750000001,
          196.53862500000008
        ],
        "error": ""
      },
      {
        "opening_name": "startpos",
        "opening_fen": "rnbqkbnr/pppppppp/8/8/8/8/PPPPPPPP/RNBQKBNR w KQkq - 0 1",
        "result": "draw",
        "score_a": 0.5,
        "plies": 13,
        "adjudicated": false,
        "player_a_color": "black",
        "player_a_timeouts": 0,
        "player_b_timeouts": 0,
        "player_a_moves": 6,
        "player_b_moves": 7,
        "player_a_crashes": 0,
        "player_b_crashes": 0,
        "response_times_ms": [
          196.13079200000038,
          196.344458,
          196.26570799999988,
          196.40375,
          196.1772500000003,
          196.2806669999999,
          196.0623749999999,
          196.539542,
          196.53504099999975,
          196.46433399999984,
          196.10979100000048,
          196.17141700000042,
          196.77450000000007
        ],
        "error": ""
      },
      {
        "opening_name": "queens_pawn",
        "opening_fen": "rnbqkbnr/ppp1pppp/8/3p4/3P4/8/PPP1PPPP/RNBQKBNR w KQkq - 0 2",
        "result": "loss",
        "score_a": 0.0,
        "plies": 20,
        "adjudicated": true,
        "player_a_color": "white",
        "player_a_timeouts": 0,
        "player_b_timeouts": 0,
        "player_a_moves": 10,
        "player_b_moves": 10,
        "player_a_crashes": 0,
        "player_b_crashes": 0,
        "response_times_ms": [
          196.17499999999933,
          196.32808300000005,
          196.3426669999997,
          196.2134579999999,
          196.2022499999998,
          196.06583399999965,
          196.66054200000005,
          196.03045800000007,
          196.35304200000013,
          196.12429200000037,
          196.46195799999956,
          196.03549999999981,
          196.04866699999945,
          196.1357500000007,
          196.0682079999998,
          196.0267919999996,
          196.25170800000012,
          196.16575000000046,
          196.2809159999992,
          196.0526250000001
        ],
        "error": ""
      },
      {
        "opening_name": "queens_pawn",
        "opening_fen": "rnbqkbnr/ppp1pppp/8/3p4/3P4/8/PPP1PPPP/RNBQKBNR w KQkq - 0 2",
        "result": "win",
        "score_a": 1.0,
        "plies": 20,
        "adjudicated": true,
        "player_a_color": "black",
        "player_a_timeouts": 0,
        "player_b_timeouts": 0,
        "player_a_moves": 10,
        "player_b_moves": 10,
        "player_a_crashes": 0,
        "player_b_crashes": 0,
        "response_times_ms": [
          196.37158399999953,
          196.2314169999999,
          196.45616600000082,
          196.12220900000034,
          196.21358399999878,
          196.5307910000007,
          196.30474999999947,
          196.26575000000025,
          196.342833000001,
          196.1559160000004,
          196.10041700000025,
          196.51325000000065,
          196.17662499999966,
          196.14854199999954,
          196.19145800000126,
          196.29866700000065,
          196.17908300000053,
          196.1838750000009,
          196.2530420000004,
          196.1934999999997
        ],
        "error": ""
      },
      {
        "opening_name": "ruy_lopez",
        "opening_fen": "r1bqkbnr/pppp1ppp/2n5/1B2p3/4P3/5N2/PPPP1PPP/RNBQK2R b KQkq - 3 3",
        "result": "draw",
        "score_a": 0.5,
        "plies": 17,
        "adjudicated": false,
        "player_a_color": "white",
        "player_a_timeouts": 0,
        "player_b_timeouts": 0,
        "player_a_moves": 8,
        "player_b_moves": 9,
        "player_a_crashes": 0,
        "player_b_crashes": 0,
        "response_times_ms": [
          196.24329100000006,
          196.03920900000026,
          196.48433399999908,
          196.3554159999994,
          196.34758399999976,
          196.04320799999897,
          196.21029199999995,
          196.23083299999956,
          196.51774999999992,
          196.0412500000004,
          196.36829100000062,
          197.37558399999955,
          196.2519579999995,
          196.535291,
          196.44187499999964,
          196.39091599999858,
          196.24145899999945
        ],
        "error": ""
      },
      {
        "opening_name": "ruy_lopez",
        "opening_fen": "r1bqkbnr/pppp1ppp/2n5/1B2p3/4P3/5N2/PPPP1PPP/RNBQK2R b KQkq - 3 3",
        "result": "draw",
        "score_a": 0.5,
        "plies": 17,
        "adjudicated": false,
        "player_a_color": "black",
        "player_a_timeouts": 0,
        "player_b_timeouts": 0,
        "player_a_moves": 9,
        "player_b_moves": 8,
        "player_a_crashes": 0,
        "player_b_crashes": 0,
        "response_times_ms": [
          196.42720899999944,
          196.38145800000117,
          196.2605840000009,
          196.05412499999986,
          196.1868750000022,
          196.09037499999715,
          196.65937499999941,
          196.2475409999982,
          196.04570899999985,
          196.24679200000017,
          196.20091599999867,
          196.31825000000092,
          196.50929199999823,
          196.02895799999942,
          196.12912500000235,
          196.2849999999996,
          196.22533299999745
        ],
        "error": ""
      },
      {
        "opening_name": "italian_game",
        "opening_fen": "r1bqk1nr/pppp1ppp/2n5/2b1p3/2B1P3/5N2/PPPP1PPP/RNBQK2R w KQkq - 4 4",
        "result": "draw",
        "score_a": 0.5,
        "plies": 11,
        "adjudicated": false,
        "player_a_color": "white",
        "player_a_timeouts": 0,
        "player_b_timeouts": 0,
        "player_a_moves": 6,
        "player_b_moves": 5,
        "player_a_crashes": 0,
        "player_b_crashes": 0,
        "response_times_ms": [
          196.1086250000008,
          196.39604199999994,
          196.09366699999953,
          196.68387499999795,
          196.18158300000132,
          196.3788330000007,
          196.1737079999999,
          196.35429100000223,
          196.30304100000018,
          196.13983400000023,
          196.49241600000167
        ],
        "error": ""
      },
      {
        "opening_name": "italian_game",
        "opening_fen": "r1bqk1nr/pppp1ppp/2n5/2b1p3/2B1P3/5N2/PPPP1PPP/RNBQK2R w KQkq - 4 4",
        "result": "draw",
        "score_a": 0.5,
        "plies": 11,
        "adjudicated": false,
        "player_a_color": "black",
        "player_a_timeouts": 0,
        "player_b_timeouts": 0,
        "player_a_moves": 5,
        "player_b_moves": 6,
        "player_a_crashes": 0,
        "player_b_crashes": 0,