{
  "feedback_source": "self_play",
  "summary": {
    "games": 16,
    "wins_a": 1,
    "losses_a": 1,
    "draws": 14,
    "score_a": 8.0,
    "mean_score_a": 0.5,
    "game_scores_a": [
      0.5,
      0.5,
      0.5,
      0.5,
      1.0,
      0.0,
      0.5,
      0.5,
      0.5,
      0.5,
      0.5,
      0.5,
      0.5,
      0.5,
      0.5,
      0.5
    ],
    "player_a_moves": 133,
    "player_b_moves": 134,
    "player_a_timeouts": 0,
    "player_b_timeouts": 0,
    "player_a_crashes": 0,
    "player_b_crashes": 0,
    "results": [
      {
        "opening_name": "startpos",
        "opening_fen": "rnbqkbnr/pppppppp/8/8/8/8/PPPPPPPP/RNBQKBNR w KQkq - 0 1",
        "result": "draw",
        "score_a": 0.5,
        "plies": 13,
        "adjudicated": false,
        "player_a_color": "white",
        "player_a_timeouts": 0,
        "player_b_timeouts": 0,
        "player_a_moves": 7,
        "player_b_moves": 6,
        "player_a_crashes": 0,
        "player_b_crashes": 0,
        "response_times_ms": [
          196.59241600000004,
          196.45300000000003,
          196.06491699999995,
          196.43900000000014,
          196.69216699999993,
          196.67762500000018,
          196.42095800000004,
          196.37862499999991,
          196.05829200000002,
          196.30654099999978,
          196.3726659999998,
          196.51420900000005,
          196.0597919999998
        ],
        "error": ""
      },
      {
        "opening_name": "startpos",
        "opening_fen": "rnbqkbnr/pppppppp/8/8/8/8/PPPPPPPP/RNBQKBNR w KQkq - 0 1",
        "result": "draw",
        "score_a": 0.5,
        "plies": 13,
        "adjudicated": false,
        "player_a_color": "black",
        "player_a_timeouts": 0,
        "player_b_timeouts": 0,
        "player_a_moves": 6,
        "player_b_moves": 7,
        "player_a_crashes": 0,
        "player_b_crashes": 0,
        "response_times_ms": [
          196.62162499999968,
          196.5927919999997,
          196.62449999999998,
          196.45529100000036,
          196.3193750000003,
          196.04320799999985,
          196.915084,
          196.06566599999996,
          196.67983299999923,
          196.80666599999964,
          196.86687499999954,
          196.3465409999996,
          196.41262500000067
        ],
        "error": ""
      },
      {
        "opening_name": "queens_pawn",
        "opening_fen": "rnbqkbnr/ppp1pppp/8/3p4/3P4/8/PPP1PPPP/RNBQKBNR w KQkq - 0 2",
        "result": "draw",
        "score_a": 0.5,
        "plies": 20,
        "adjudicated": true,
        "player_a_color": "white",
        "player_a_timeouts": 0,
        "player_b_timeouts": 0,
        "player_a_moves": 10,
        "player_b_moves": 10,
        "player_a_crashes": 0,
        "player_b_crashes": 0,
        "response_times_ms": [
          196.252125,
          196.07099999999988,
          196.13837499999943,
          196.19441700000007,
          196.26408299999997,
          196.2002500000004,
          196.13262500000062,
          196.04237500000022,
          196.574,
          196.45400000000012,
          196.96133299999997,
          196.3460829999999,
          196.37541600000043,
          196.16229200000035,
          196.60645899999986,
          196.22187500000086,
          196.64275000000055,
          196.4013749999989,
          196.03879199999952,
          196.41116700000083
        ],
        "error": ""
      },
      {
        "opening_name": "queens_pawn",
        "opening_fen": "rnbqkbnr/ppp1pppp/8/3p4/3P4/8/PPP1PPPP/RNBQKBNR w KQkq - 0 2",
        "result": "draw",
        "score_a": 0.5,
        "plies": 19,
        "adjudicated": false,
        "player_a_color": "black",
        "player_a_timeouts": 0,
        "player_b_timeouts": 0,
        "player_a_moves": 9,
        "player_b_moves": 10,
        "player_a_crashes": 0,
        "player_b_crashes": 0,
        "response_times_ms": [
          196.23275000000007,
          196.01670800000016,
          196.5242499999995,
          196.35479099999918,
          197.08087499999925,
          196.61129200000005,
          196.44725000000028,
          196.22479199999887,
          196.5002079999998,
          196.73220799999848,
          196.05562499999962,
          196.25062499999933,
          196.58216700000077,
          196.4717080000007,
          196.52779199999947,
          196.35804099999987,
          196.44045899999975,
          196.37916599999983,
          196.2290830000004
        ],
        "error": ""
      },
      {
        "opening_name": "ruy_lopez",
        "opening_fen": "r1bqkbnr/pppp1ppp/2n5/1B2p3/4P3/5N2/PPPP1PPP/RNBQK2R b KQkq - 3 3",
        "result": "win",
        "score_a": 1.0,
        "plies": 20,
        "adjudicated": true,
        "player_a_color": "white",
        "player_a_timeouts": 0,
        "player_b_timeouts": 0,
        "player_a_moves": 10,
        "player_b_moves": 10,
        "player_a_crashes": 0,
        "player_b_crashes": 0,
        "response_times_ms": [
          196.0502920000007,
          196.52908299999973,
          196.05112500000033,
          196.42583299999927,
          196.07795800000005,
          196.40908299999893,
          196.118083,
          196.68124999999924,
          196.34504100000072,
          196.20479099999955,
          196.2508749999987,
          196.06504200000074,
          196.1230409999999,
          196.4031249999998,
          196.11216600000068,
          196.11395799999798,
          196.1613340000028,
          196.0731659999979,
          196.2015000000008,
          196.44420799999907
        ],
        "error": ""
      },
      {
        "opening_name": "ruy_lopez",
        "opening_fen": "r1bqkbnr/pppp1ppp/2n5/1B2p3/4P3/5N2/PPPP1PPP/RNBQK2R b KQkq - 3 3",
        "result": "loss",
        "score_a": 0.0,
        "plies": 20,
        "adjudicated": true,
        "player_a_color": "black",
        "player_a_timeouts": 0,
        "player_b_timeouts": 0,
        "player_a_moves": 10,
        "player_b_moves": 10,
        "player_a_crashes": 0,
        "player_b_crashes": 0,
        "response_times_ms": [
          196.32033299999918,
          196.86445900000038,
          196.465749999998,
          196.28770799999984,
          196.55666599999932,
          196.26654200000004,
          196.37666699999912,
          196.3436250000008,
          196.05754199999836,
          196.2491660000012,
          196.53170800000197,
          232.86412500000253,
          196.04541700000055,
          196.22400000000084,
          196.23445899999936,
          196.3149169999987,
          196.1157920000005,
          196.14220800000126,
          196.9651660000018,
          196.51233300000115
        ],
        "error": ""
      },
      {
        "opening_name": "italian_game",
        "opening_fen": "r1bqk1nr/pppp1ppp/2n5/2b1p3/2B1P3/5N2/PPPP1PPP/RNBQK2R w KQkq - 4 4",
        "result": "draw",
        "score_a": 0.5,
        "plies": 11,
        "adjudicated": false,
        "player_a_color": "white",
        "player_a_timeouts": 0,
        "player_b_timeouts": 0,
        "player_a_moves": 6,
        "player_b_moves": 5,
        "player_a_crashes": 0,
        "player_b_crashes": 0,
        "response_times_ms": [
          196.1062499999997,
          196.32283400000006,
          196.1588749999983,
          196.50645800000177,
          196.14383399999724,
          196.49116700000135,
          196.68820900000128,
          196.55220799999995,
          196.52570899999944,
          196.68591699999993,
          196.5384169999993
        ],
        "error": ""
      },
      {
        "opening_name": "italian_game",
        "opening_fen": "r1bqk1nr/pppp1ppp/2n5/2b1p3/2B1P3/5N2/PPPP1PPP/RNBQK2R w KQkq - 4 4",
        "result": "draw",
        "score_a": 0.5,
        "plies": 11,
        "adjudicated": false,
        "player_a_color": "black",
        "player_a_timeouts": 0,
        "player_b_timeouts": 0,