{
  "feedback_source": "self_play",
  "summary": {
    "games": 16,
    "wins_a": 2,
    "losses_a": 1,
    "draws": 13,
    "score_a": 8.5,
    "mean_score_a": 0.53125,
    "game_scores_a": [
      0.5,
      0.5,
      0.5,
      1.0,
      0.5,
      0.5,
      0.5,
      0.5,
      1.0,
      0.0,
      0.5,
      0.5,
      0.5,
      0.5,
      0.5,
      0.5
    ],
    "player_a_moves": 116,
    "player_b_moves": 116,
    "player_a_timeouts": 0,
    "player_b_timeouts": 0,
    "player_a_crashes": 0,
    "player_b_crashes": 0,
    "results": [
      {
        "opening_name": "startpos",
        "opening_fen": "rnbqkbnr/pppppppp/8/8/8/8/PPPPPPPP/RNBQKBNR w KQkq - 0 1",
        "result": "draw",
        "score_a": 0.5,
        "plies": 13,
        "adjudicated": false,
        "player_a_color": "white",
        "player_a_timeouts": 0,
        "player_b_timeouts": 0,
        "player_a_moves": 7,
        "player_b_moves": 6,
        "player_a_crashes": 0,
        "player_b_crashes": 0,
        "response_times_ms": [
          196.28195899997536,
          196.11637500000256,
          196.12429099998963,
          196.28095799998846,
          196.17574999998055,
          196.48541700001942,
          196.14425000000324,
          196.35675000000674,
          196.39212499998848,
          196.3010000000054,
          196.4228749999961,
          196.52249999998617,
          196.51004100001046
        ],
        "error": ""
      },
      {
        "opening_name": "startpos",
        "opening_fen": "rnbqkbnr/pppppppp/8/8/8/8/PPPPPPPP/RNBQKBNR w KQkq - 0 1",
        "result": "draw",
        "score_a": 0.5,
        "plies": 13,
        "adjudicated": false,
        "player_a_color": "black",
        "player_a_timeouts": 0,
        "player_b_timeouts": 0,
        "player_a_moves": 6,
        "player_b_moves": 7,
        "player_a_crashes": 0,
        "player_b_crashes": 0,
        "response_times_ms": [
          196.16912499998307,
          196.51237499999752,
          196.197374999997,
          196.11083400002371,
          196.20204200001012,
          196.2082080000016,
          196.3912500000049,
          196.07512499999302,
          196.2437920000184,
          196.20091699999875,
          196.37158300000124,
          196.10608299998944,
          196.68920800000933
        ],
        "error": ""
      },
      {
        "opening_name": "queens_pawn",
        "opening_fen": "rnbqkbnr/ppp1pppp/8/3p4/3P4/8/PPP1PPPP/RNBQKBNR w KQkq - 0 2",
        "result": "draw",
        "score_a": 0.5,
        "plies": 18,
        "adjudicated": false,
        "player_a_color": "white",
        "player_a_timeouts": 0,
        "player_b_timeouts": 0,
        "player_a_moves": 9,
        "player_b_moves": 9,
        "player_a_crashes": 0,
        "player_b_crashes": 0,
        "response_times_ms": [
          196.27695799999856,
          196.46229200000676,
          196.22149999997873,
          196.28541700001279,
          196.02616599999578,
          196.12591700001758,
          196.76975000001562,
          196.35941600000706,
          196.49837500000444,
          196.12291700002515,
          196.06916699999033,
          196.18108400001688,
          196.15108300001793,
          196.32729200000654,
          196.08766700000047,
          196.31820799997968,
          196.15379199998983,
          196.37195799998608
        ],
        "error": ""
      },
      {
        "opening_name": "queens_pawn",
        "opening_fen": "rnbqkbnr/ppp1pppp/8/3p4/3P4/8/PPP1PPPP/RNBQKBNR w KQkq - 0 2",
        "result": "win",
        "score_a": 1.0,
        "plies": 20,
        "adjudicated": true,
        "player_a_color": "black",
        "player_a_timeouts": 0,
        "player_b_timeouts": 0,
        "player_a_moves": 10,
        "player_b_moves": 10,
        "player_a_crashes": 0,
        "player_b_crashes": 0,
        "response_times_ms": [
          196.24329199999124,
          204.28666699999098,
          196.1257499999931,
          196.44658400000026,
          196.6130840000062,
          196.32083300001568,
          196.23266700000386,
          196.14379199998666,
          196.6649579999853,
          196.20737500000018,
          196.0762079999938,
          196.26212500000406,
          196.25429100000247,
          196.03891700000986,
          196.1928329999978,
          196.18379199999936,
          196.17825000000266,
          196.8183339999996,
          196.14900000001967,
          196.2090830000136
        ],
        "error": ""
      },
      {
        "opening_name": "ruy_lopez",
        "opening_fen": "r1bqkbnr/pppp1ppp/2n5/1B2p3/4P3/5N2/PPPP1PPP/RNBQK2R b KQkq - 3 3",
        "result": "draw",
        "score_a": 0.5,
        "plies": 12,
        "adjudicated": false,
        "player_a_color": "white",
        "player_a_timeouts": 0,
        "player_b_timeouts": 0,
        "player_a_moves": 6,
        "player_b_moves": 6,
        "player_a_crashes": 0,
        "player_b_crashes": 0,
        "response_times_ms": [
          196.12029200001757,
          196.450958000014,
          196.40258399999766,
          196.1851670000101,
          196.14245799999708,
          196.20700000001534,
          196.3569999999777,
          196.22887500000274,
          196.492333000009,
          196.37258399998814,
          196.09766700000364,
          196.15808399998969
        ],
        "error": ""
      },
      {
        "opening_name": "ruy_lopez",
        "opening_fen": "r1bqkbnr/pppp1ppp/2n5/1B2p3/4P3/5N2/PPPP1PPP/RNBQK2R b KQkq - 3 3",
        "result": "draw",
        "score_a": 0.5,
        "plies": 12,
        "adjudicated": false,
        "player_a_color": "black",
        "player_a_timeouts": 0,
        "player_b_timeouts": 0,
        "player_a_moves": 6,
        "player_b_moves": 6,
        "player_a_crashes": 0,
        "player_b_crashes": 0,
        "response_times_ms": [
          196.1385840000105,
          196.4654580000058,
          196.44358400000783,
          196.12816599999405,
          196.42149999998537,
          196.13116700000433,
          196.391124999991,
          196.60033399998156,
          196.02858300001458,
          196.13129100000037,
          196.02758299998868,
          196.3910419999877
        ],
        "error": ""
      },
      {
        "opening_name": "italian_game",
        "opening_fen": "r1bqk1nr/pppp1ppp/2n5/2b1p3/2B1P3/5N2/PPPP1PPP/RNBQK2R w KQkq - 4 4",
        "result": "draw",
        "score_a": 0.5,
        "plies": 11,
        "adjudicated": false,
        "player_a_color": "white",
        "player_a_timeouts": 0,
        "player_b_timeouts": 0,
        "player_a_moves": 6,
        "player_b_moves": 5,
        "player_a_crashes": 0,
        "player_b_crashes": 0,
        "response_times_ms": [
          196.23429099999612,
          196.11954199999104,
          196.21912499999894,
          196.47820800000204,
          196.40495800001645,
          196.1667079999927,
          196.38008299997978,
          196.18250000002035,
          196.20437500000776,
          196.2632919999976,
          196.2460419999843
        ],
        "error": ""
      },
      {
        "opening_name": "italian_game",
        "opening_fen": "r1bqk1nr/pppp1ppp/2n5/2b1p3/2B1P3/5N2/PPPP1PPP/RNBQK2R w KQkq - 4 4",
        "result": "draw",
        "score_a": 0.5,
        "plies": 11,
        "adjudicated": false,
        "player_a_color": "black",
        "player_a_timeouts": 0,
        "player_b_timeouts": 0,
        "player_a_moves": 5,
        "player_b_moves": 6,
        "player_a_crashes": 0,
        "player_b_crashes": 0,
        "response_times_ms": [
          196.54158299999835,
          196.51049999998804,
          196.38037499998973,
          196.2578750000148,
          196.0990000000038,
          196.23404199998618,
          198.9325410000049,
          196.43174999998791,
          196.1686669999949,
          196.40220900001282,
          196.21370900000557
        ],